BJJLIZOP_CDS_0001	PV730300.1	100.000	524	524	146712	0.0	1019
BJJLIZOP_CDS_0001	PV191315.1	100.000	524	524	151674	0.0	1019
BJJLIZOP_CDS_0001	OZ035771.1	100.000	524	524	144811	0.0	1019
BJJLIZOP_CDS_0001	OR544956.1	100.000	524	524	130723	0.0	1019
BJJLIZOP_CDS_0001	OR067838.1	100.000	524	524	149856	0.0	1019
BJJLIZOP_CDS_0001	OR062524.1	100.000	524	524	150431	0.0	1019
BJJLIZOP_CDS_0001	OP595145.1	100.000	524	524	151363	0.0	1019
BJJLIZOP_CDS_0001	OP172791.1	100.000	524	524	151113	0.0	1019
BJJLIZOP_CDS_0001	OM362897.1	100.000	524	524	152401	0.0	1019
BJJLIZOP_CDS_0001	OL739525.1	100.000	524	524	151825	0.0	1019
BJJLIZOP_CDS_0001	OL505078.1	100.000	524	524	151425	0.0	1019
BJJLIZOP_CDS_0001	MZ726793.1	100.000	524	524	151660	0.0	1019
BJJLIZOP_CDS_0001	MT496970.1	100.000	524	524	151202	0.0	1019
BJJLIZOP_CDS_0001	MN850618.1	100.000	524	524	150473	0.0	1019
BJJLIZOP_CDS_0001	MH160766.1	100.000	524	524	149803	0.0	1019
BJJLIZOP_CDS_0001	LR746137.1	100.000	524	524	152148	0.0	1019
BJJLIZOP_CDS_0001	JX561091.1	100.000	524	524	147737	0.0	1019
BJJLIZOP_CDS_0001	OR786310.1	100.000	524	524	149880	0.0	1018
BJJLIZOP_CDS_0001	OM386659.1	100.000	524	524	149194	0.0	1018
BJJLIZOP_CDS_0001	OZ035743.1	99.618	524	524	142881	0.0	1016
BJJLIZOP_CDS_0001	MK373788.1	99.809	524	524	151194	0.0	1016
BJJLIZOP_CDS_0001	LR597654.1	99.618	524	524	150152	0.0	1016
BJJLIZOP_CDS_0001	KX552041.2	99.618	524	524	149813	0.0	1016
BJJLIZOP_CDS_0001	OM386656.1	99.427	524	524	149073	0.0	1015
BJJLIZOP_CDS_0001	MT944117.1	100.000	458	524	152343	0.0	878
BJJLIZOP_CDS_0001	MT944117.1	100.000	65	524	152343	3.00e-35	139
BJJLIZOP_CDS_0001	OL631481.1	99.761	419	524	149818	0.0	797
BJJLIZOP_CDS_0001	OL631481.1	100.000	105	524	149818	3.85e-63	222
BJJLIZOP_CDS_0001	PP129558.1	95.356	323	524	149967	0.0	608
BJJLIZOP_CDS_0001	PP129558.1	99.625	267	524	149967	9.67e-166	518
BJJLIZOP_CDS_0001	OQ031492.1	100.000	283	524	149246	0.0	561
BJJLIZOP_CDS_0001	OQ031492.1	100.000	242	524	149246	3.81e-147	465
BJJLIZOP_CDS_0001	KX664695.3	100.000	283	524	149268	1.87e-180	561
BJJLIZOP_CDS_0001	KX664695.3	99.587	242	524	149268	1.71e-146	463
BJJLIZOP_CDS_0001	MN850648.1	100.000	283	524	149335	1.87e-180	561
BJJLIZOP_CDS_0001	MN850648.1	100.000	242	524	149335	3.08e-147	465
BJJLIZOP_CDS_0001	OP172792.1	100.000	283	524	151993	1.89e-180	561
BJJLIZOP_CDS_0001	OP172792.1	99.587	242	524	151993	1.87e-146	463
BJJLIZOP_CDS_0001	OZ035728.1	100.000	283	524	149471	1.97e-180	561
BJJLIZOP_CDS_0001	OZ035728.1	100.000	242	524	149471	3.23e-147	465
BJJLIZOP_CDS_0001	PQ433349.1	100.000	283	524	151245	2.32e-180	560
BJJLIZOP_CDS_0001	PQ433349.1	100.000	242	524	151245	3.88e-147	465
BJJLIZOP_CDS_0001	OR437326.1	99.647	283	524	148445	2.57e-180	560
BJJLIZOP_CDS_0001	OR437326.1	99.587	242	524	148445	2.24e-146	463
BJJLIZOP_CDS_0001	OM386667.1	100.000	283	524	156300	2.70e-180	560
BJJLIZOP_CDS_0001	OM386667.1	100.000	242	524	156300	4.80e-147	465
BJJLIZOP_CDS_0001	MH252123.1	99.647	283	524	150925	4.82e-180	560
BJJLIZOP_CDS_0001	MH252123.1	100.000	242	524	150925	3.70e-147	465
BJJLIZOP_CDS_0001	PQ826431.1	99.293	283	524	151106	9.37e-180	559
BJJLIZOP_CDS_0001	PQ826431.1	100.000	242	524	151106	3.43e-147	465
BJJLIZOP_CDS_0001	OR352955.1	99.293	283	524	152808	1.20e-179	558
BJJLIZOP_CDS_0001	OR352955.1	100.000	242	524	152808	4.00e-147	465
BJJLIZOP_CDS_0001	MH051333.1	99.293	283	524	151671	1.53e-179	558
BJJLIZOP_CDS_0001	MH051333.1	100.000	242	524	151671	3.88e-147	465
BJJLIZOP_CDS_0001	OR062529.1	99.293	283	524	151980	1.70e-179	558
BJJLIZOP_CDS_0001	OR062529.1	99.587	242	524	151980	2.03e-146	463
BJJLIZOP_CDS_0001	OR062526.1	99.293	283	524	151980	1.70e-179	558
BJJLIZOP_CDS_0001	OR062526.1	99.587	242	524	151980	2.03e-146	463
BJJLIZOP_CDS_0001	MW175890.1	98.940	283	524	150892	3.83e-179	557
BJJLIZOP_CDS_0001	MW175890.1	100.000	242	524	150892	4.44e-147	465
BJJLIZOP_CDS_0001	MN850565.1	95.876	291	524	150947	3.88e-176	548
BJJLIZOP_CDS_0001	MN850565.1	99.569	232	524	150947	1.04e-142	452
BJJLIZOP_CDS_0001	MN850598.1	95.876	291	524	144998	4.11e-176	548
BJJLIZOP_CDS_0001	MN850598.1	99.569	232	524	144998	9.69e-143	452
BJJLIZOP_CDS_0001	MN850571.1	95.533	291	524	151514	6.05e-176	548
BJJLIZOP_CDS_0001	MN850571.1	99.138	232	524	151514	5.22e-142	450
BJJLIZOP_CDS_0001	OR352956.1	95.533	291	524	149254	2.12e-175	546
BJJLIZOP_CDS_0001	OR352956.1	99.138	232	524	149254	5.48e-142	450
BJJLIZOP_CDS_0002	OL631481.1	98.413	63	63	149818	6.41e-27	99.0
BJJLIZOP_CDS_0002	OP172792.1	100.000	63	63	151993	1.18e-26	98.2
BJJLIZOP_CDS_0002	KX664695.3	96.825	63	63	149268	1.96e-26	97.4
BJJLIZOP_CDS_0002	OM386667.1	96.825	63	63	156300	1.96e-26	97.4
BJJLIZOP_CDS_0002	OR352955.1	96.825	63	63	152808	2.14e-26	97.4
BJJLIZOP_CDS_0002	OL505078.1	93.651	63	63	151425	6.75e-26	95.9
BJJLIZOP_CDS_0002	PV191315.1	98.413	63	63	151674	6.95e-26	95.9
BJJLIZOP_CDS_0002	OM386656.1	98.413	63	63	149073	7.97e-26	95.5
BJJLIZOP_CDS_0002	OP172791.1	95.238	63	63	151113	8.70e-26	95.5
BJJLIZOP_CDS_0002	OR062524.1	98.413	63	63	150431	8.87e-26	95.5
BJJLIZOP_CDS_0002	MZ726793.1	98.413	63	63	151660	8.87e-26	95.5
BJJLIZOP_CDS_0002	OR062529.1	98.413	63	63	151980	8.87e-26	95.5
BJJLIZOP_CDS_0002	OR062526.1	98.413	63	63	151980	8.87e-26	95.5
BJJLIZOP_CDS_0002	MT944117.1	98.413	63	63	152343	9.22e-26	95.5
BJJLIZOP_CDS_0002	OR544956.1	100.000	63	63	130723	9.58e-26	95.5
BJJLIZOP_CDS_0002	OZ035743.1	100.000	63	63	142881	9.58e-26	95.5
BJJLIZOP_CDS_0002	PV730300.1	100.000	63	63	146712	9.58e-26	95.5
BJJLIZOP_CDS_0002	KX552041.2	100.000	63	63	149813	9.58e-26	95.5
BJJLIZOP_CDS_0002	OR786310.1	100.000	63	63	149880	9.58e-26	95.5
BJJLIZOP_CDS_0002	LR597654.1	100.000	63	63	150152	9.58e-26	95.5
BJJLIZOP_CDS_0002	MN850618.1	100.000	63	63	150473	9.58e-26	95.5
BJJLIZOP_CDS_0002	MW175890.1	100.000	63	63	150892	9.58e-26	95.5
BJJLIZOP_CDS_0002	MH252123.1	100.000	63	63	150925	9.58e-26	95.5
BJJLIZOP_CDS_0002	MN850565.1	100.000	63	63	150947	9.58e-26	95.5
BJJLIZOP_CDS_0002	MK373788.1	100.000	63	63	151194	9.58e-26	95.5
BJJLIZOP_CDS_0002	PQ433349.1	100.000	63	63	151245	9.58e-26	95.5
BJJLIZOP_CDS_0002	MH051333.1	100.000	63	63	151671	9.58e-26	95.5
BJJLIZOP_CDS_0002	OR352956.1	95.238	63	63	149254	2.15e-25	94.4
BJJLIZOP_CDS_0002	OR067838.1	98.413	63	63	149856	2.61e-25	94.4
BJJLIZOP_CDS_0002	MN850571.1	98.413	63	63	151514	3.20e-25	94.0
BJJLIZOP_CDS_0002	OQ031492.1	95.238	63	63	149246	1.88e-24	91.7
BJJLIZOP_CDS_0002	PP129558.1	95.238	63	63	149967	3.65e-24	90.9
BJJLIZOP_CDS_0002	MT496970.1	95.238	63	63	151202	3.73e-24	90.9
BJJLIZOP_CDS_0002	OL739525.1	95.238	63	63	151825	4.23e-24	90.9
BJJLIZOP_CDS_0002	OZ035771.1	95.238	63	63	144811	4.27e-24	90.9
BJJLIZOP_CDS_0002	OM386659.1	95.238	63	63	149194	4.27e-24	90.9
BJJLIZOP_CDS_0002	OP595145.1	95.238	63	63	151363	4.27e-24	90.9
BJJLIZOP_CDS_0002	MN850648.1	95.238	63	63	149335	4.57e-24	90.5
BJJLIZOP_CDS_0002	JX561091.1	95.238	63	63	147737	4.62e-24	90.5
BJJLIZOP_CDS_0002	OM362897.1	95.238	63	63	152401	4.62e-24	90.5
BJJLIZOP_CDS_0002	MH160766.1	95.238	63	63	149803	4.80e-24	90.5
BJJLIZOP_CDS_0002	OZ035728.1	93.651	63	63	149471	1.36e-23	89.4
BJJLIZOP_CDS_0002	OR437326.1	95.238	63	63	148445	1.72e-23	89.0
BJJLIZOP_CDS_0002	PQ826431.1	95.238	63	63	151106	1.72e-23	89.0
BJJLIZOP_CDS_0002	LR746137.1	95.238	63	63	152148	1.72e-23	89.0
BJJLIZOP_CDS_0002	MN850598.1	82.812	64	63	144998	2.79e-22	85.5
BJJLIZOP_CDS_0003	OP172792.1	100.000	55	55	151993	1.90e-32	114
BJJLIZOP_CDS_0003	OR062529.1	100.000	55	55	151980	1.90e-32	114
BJJLIZOP_CDS_0003	OR062526.1	100.000	55	55	151980	1.90e-32	114
BJJLIZOP_CDS_0003	OP595145.1	100.000	55	55	151363	1.90e-32	114
BJJLIZOP_CDS_0003	MT496970.1	100.000	55	55	151202	1.90e-32	114
BJJLIZOP_CDS_0003	MN850618.1	100.000	55	55	150473	1.90e-32	114
BJJLIZOP_CDS_0003	OR062524.1	100.000	55	55	150431	1.90e-32	114
BJJLIZOP_CDS_0003	PP129558.1	100.000	55	55	149967	1.90e-32	114
BJJLIZOP_CDS_0003	OR067838.1	100.000	55	55	149856	1.90e-32	114
BJJLIZOP_CDS_0003	OL631481.1	100.000	55	55	149818	1.90e-32	114
BJJLIZOP_CDS_0003	MH160766.1	100.000	55	55	149803	1.90e-32	114
BJJLIZOP_CDS_0003	OZ035728.1	100.000	55	55	149471	1.90e-32	114
BJJLIZOP_CDS_0003	MN850648.1	100.000	55	55	149335	1.90e-32	114
BJJLIZOP_CDS_0003	OQ031492.1	100.000	55	55	149246	1.90e-32	114
BJJLIZOP_CDS_0003	OM386659.1	100.000	55	55	149194	1.90e-32	114
BJJLIZOP_CDS_0003	OM386656.1	100.000	55	55	149073	1.90e-32	114
BJJLIZOP_CDS_0003	OR437326.1	100.000	55	55	148445	1.90e-32	114
BJJLIZOP_CDS_0003	JX561091.1	100.000	55	55	147737	1.90e-32	114
BJJLIZOP_CDS_0003	MN850598.1	100.000	55	55	144998	1.90e-32	114
BJJLIZOP_CDS_0003	OZ035771.1	100.000	55	55	144811	1.90e-32	114
BJJLIZOP_CDS_0003	OR544956.1	100.000	55	55	130723	1.90e-32	114
BJJLIZOP_CDS_0003	OM386667.1	98.182	55	55	156300	2.75e-32	113
BJJLIZOP_CDS_0003	OR352955.1	98.182	55	55	152808	2.75e-32	113
BJJLIZOP_CDS_0003	MT944117.1	98.182	55	55	152343	2.75e-32	113
BJJLIZOP_CDS_0003	LR746137.1	98.182	55	55	152148	2.75e-32	113
BJJLIZOP_CDS_0003	OL739525.1	98.182	55	55	151825	2.75e-32	113
BJJLIZOP_CDS_0003	OL505078.1	98.182	55	55	151425	2.75e-32	113
BJJLIZOP_CDS_0003	OP172791.1	98.182	55	55	151113	2.75e-32	113
BJJLIZOP_CDS_0003	PQ826431.1	98.182	55	55	151106	2.75e-32	113
BJJLIZOP_CDS_0003	OR786310.1	98.182	55	55	149880	2.75e-32	113
BJJLIZOP_CDS_0003	KX664695.3	98.182	55	55	149268	2.75e-32	113
BJJLIZOP_CDS_0003	MN850565.1	98.182	55	55	150947	5.70e-32	112
BJJLIZOP_CDS_0003	PV730300.1	98.182	55	55	146712	5.82e-32	112
BJJLIZOP_CDS_0003	OR352956.1	98.182	55	55	149254	7.42e-32	112
BJJLIZOP_CDS_0003	MN850571.1	96.364	55	55	151514	8.58e-32	112
BJJLIZOP_CDS_0003	MZ726793.1	96.364	55	55	151660	9.46e-32	112
BJJLIZOP_CDS_0003	OZ035743.1	98.182	55	55	142881	1.17e-31	111
BJJLIZOP_CDS_0003	KX552041.2	98.182	55	55	149813	1.17e-31	111
BJJLIZOP_CDS_0003	LR597654.1	98.182	55	55	150152	1.17e-31	111
BJJLIZOP_CDS_0003	PQ433349.1	98.182	55	55	151245	1.17e-31	111
BJJLIZOP_CDS_0003	MH051333.1	98.182	55	55	151671	1.17e-31	111
BJJLIZOP_CDS_0003	PV191315.1	98.182	55	55	151674	1.17e-31	111
BJJLIZOP_CDS_0003	MK373788.1	98.182	55	55	151194	1.70e-31	111
BJJLIZOP_CDS_0003	MW175890.1	96.364	55	55	150892	2.31e-31	110
BJJLIZOP_CDS_0003	MH252123.1	96.364	55	55	150925	2.36e-30	108
BJJLIZOP_CDS_0003	OM362897.1	100.000	40	55	152401	6.13e-23	84.7
BJJLIZOP_CDS_0003	OM362897.1	100.000	16	55	152401	6.13e-23	35.4
BJJLIZOP_CDS_0004	OZ035771.1	100.000	72	72	144811	1.29e-41	141
BJJLIZOP_CDS_0004	MN850598.1	100.000	72	72	144998	1.29e-41	141
BJJLIZOP_CDS_0004	PV730300.1	100.000	72	72	146712	1.29e-41	141
BJJLIZOP_CDS_0004	JX561091.1	100.000	72	72	147737	1.29e-41	141
BJJLIZOP_CDS_0004	OR437326.1	100.000	72	72	148445	1.29e-41	141
BJJLIZOP_CDS_0004	OM386656.1	100.000	72	72	149073	1.29e-41	141
BJJLIZOP_CDS_0004	OQ031492.1	100.000	72	72	149246	1.29e-41	141
BJJLIZOP_CDS_0004	MN850648.1	100.000	72	72	149335	1.29e-41	141
BJJLIZOP_CDS_0004	OZ035728.1	100.000	72	72	149471	1.29e-41	141
BJJLIZOP_CDS_0004	MH160766.1	100.000	72	72	149803	1.29e-41	141
BJJLIZOP_CDS_0004	OL631481.1	100.000	72	72	149818	1.29e-41	141
BJJLIZOP_CDS_0004	OR067838.1	100.000	72	72	149856	1.29e-41	141
BJJLIZOP_CDS_0004	OR786310.1	100.000	72	72	149880	1.29e-41	141
BJJLIZOP_CDS_0004	PP129558.1	100.000	72	72	149967	1.29e-41	141
BJJLIZOP_CDS_0004	OR062524.1	100.000	72	72	150431	1.29e-41	141
BJJLIZOP_CDS_0004	MW175890.1	100.000	72	72	150892	1.29e-41	141
BJJLIZOP_CDS_0004	MN850565.1	100.000	72	72	150947	1.29e-41	141
BJJLIZOP_CDS_0004	OP172791.1	100.000	72	72	151113	1.29e-41	141
BJJLIZOP_CDS_0004	MT496970.1	100.000	72	72	151202	1.29e-41	141
BJJLIZOP_CDS_0004	OL505078.1	100.000	72	72	151425	1.29e-41	141
BJJLIZOP_CDS_0004	MZ726793.1	100.000	72	72	151660	1.29e-41	141
BJJLIZOP_CDS_0004	OL739525.1	100.000	72	72	151825	1.29e-41	141
BJJLIZOP_CDS_0004	OR062529.1	100.000	72	72	151980	1.29e-41	141
BJJLIZOP_CDS_0004	OR062526.1	100.000	72	72	151980	1.29e-41	141
BJJLIZOP_CDS_0004	OP172792.1	100.000	72	72	151993	1.29e-41	141
BJJLIZOP_CDS_0004	LR746137.1	100.000	72	72	152148	1.29e-41	141
BJJLIZOP_CDS_0004	MT944117.1	100.000	72	72	152343	1.29e-41	141
BJJLIZOP_CDS_0004	OM362897.1	100.000	72	72	152401	1.29e-41	141
BJJLIZOP_CDS_0004	MN850618.1	98.611	72	72	150473	1.78e-41	140
BJJLIZOP_CDS_0004	OP595145.1	98.611	72	72	151363	1.78e-41	140
BJJLIZOP_CDS_0004	PV191315.1	98.611	72	72	151674	1.78e-41	140
BJJLIZOP_CDS_0004	OR544956.1	97.222	72	72	130723	2.62e-41	140
BJJLIZOP_CDS_0004	OM386659.1	98.611	72	72	149194	3.15e-41	140
BJJLIZOP_CDS_0004	KX552041.2	98.611	72	72	149813	3.50e-41	139
BJJLIZOP_CDS_0004	LR597654.1	98.611	72	72	150152	3.50e-41	139
BJJLIZOP_CDS_0004	MH252123.1	98.611	72	72	150925	3.50e-41	139
BJJLIZOP_CDS_0004	PQ826431.1	98.611	72	72	151106	3.50e-41	139
BJJLIZOP_CDS_0004	PQ433349.1	98.611	72	72	151245	3.50e-41	139
BJJLIZOP_CDS_0004	MH051333.1	98.611	72	72	151671	3.50e-41	139
BJJLIZOP_CDS_0004	OR352956.1	95.833	72	72	149254	1.72e-40	137
BJJLIZOP_CDS_0004	KX664695.3	95.833	72	72	149268	1.72e-40	137
BJJLIZOP_CDS_0004	MK373788.1	95.833	72	72	151194	1.72e-40	137
BJJLIZOP_CDS_0004	OM386667.1	95.833	72	72	156300	1.72e-40	137
BJJLIZOP_CDS_0004	MN850571.1	97.222	72	72	151514	2.77e-40	137
BJJLIZOP_CDS_0004	OZ035743.1	97.222	72	72	142881	3.18e-40	137
BJJLIZOP_CDS_0004	OR352955.1	93.056	72	72	152808	5.58e-39	133
BJJLIZOP_CDS_0005	JX561091.1	100.000	197	197	147737	6.33e-134	411
BJJLIZOP_CDS_0005	MN850648.1	100.000	197	197	149335	6.33e-134	411
BJJLIZOP_CDS_0005	OP172792.1	100.000	197	197	151993	6.33e-134	411
BJJLIZOP_CDS_0005	OM362897.1	100.000	197	197	152401	6.33e-134	411
BJJLIZOP_CDS_0005	OZ035771.1	99.492	197	197	144811	8.30e-134	411
BJJLIZOP_CDS_0005	MN850598.1	99.492	197	197	144998	8.30e-134	411
BJJLIZOP_CDS_0005	OR437326.1	99.492	197	197	148445	8.30e-134	411
BJJLIZOP_CDS_0005	OM386656.1	99.492	197	197	149073	8.30e-134	411
BJJLIZOP_CDS_0005	OM386659.1	99.492	197	197	149194	8.30e-134	411
BJJLIZOP_CDS_0005	OZ035728.1	99.492	197	197	149471	8.30e-134	411
BJJLIZOP_CDS_0005	MH160766.1	99.492	197	197	149803	8.30e-134	411
BJJLIZOP_CDS_0005	OR062524.1	99.492	197	197	150431	8.30e-134	411
BJJLIZOP_CDS_0005	MN850618.1	99.492	197	197	150473	8.30e-134	411
BJJLIZOP_CDS_0005	PQ826431.1	99.492	197	197	151106	8.30e-134	411
BJJLIZOP_CDS_0005	OP172791.1	99.492	197	197	151113	8.30e-134	411
BJJLIZOP_CDS_0005	MT496970.1	99.492	197	197	151202	8.30e-134	411
BJJLIZOP_CDS_0005	OL505078.1	99.492	197	197	151425	8.30e-134	411
BJJLIZOP_CDS_0005	MZ726793.1	99.492	197	197	151660	8.30e-134	411
BJJLIZOP_CDS_0005	PV191315.1	99.492	197	197	151674	8.30e-134	411
BJJLIZOP_CDS_0005	OR062529.1	99.492	197	197	151980	8.30e-134	411
BJJLIZOP_CDS_0005	OR062526.1	99.492	197	197	151980	8.30e-134	411
BJJLIZOP_CDS_0005	MT944117.1	99.492	197	197	152343	8.30e-134	411
BJJLIZOP_CDS_0005	OL631481.1	98.985	197	197	149818	1.11e-133	410
BJJLIZOP_CDS_0005	OQ031492.1	98.985	197	197	149246	3.12e-133	409
BJJLIZOP_CDS_0005	OR786310.1	98.985	197	197	149880	3.12e-133	409
BJJLIZOP_CDS_0005	OL739525.1	98.985	197	197	151825	3.13e-133	409
BJJLIZOP_CDS_0005	PV730300.1	98.477	197	197	146712	1.04e-132	408
BJJLIZOP_CDS_0005	PP129558.1	97.970	197	197	149967	1.57e-132	407
BJJLIZOP_CDS_0005	OP595145.1	98.477	197	197	151363	2.73e-132	407
BJJLIZOP_CDS_0005	OZ035743.1	97.970	197	197	142881	3.48e-132	406
BJJLIZOP_CDS_0005	KX552041.2	97.970	197	197	149813	3.48e-132	406
BJJLIZOP_CDS_0005	OR067838.1	97.970	197	197	149856	3.48e-132	406
BJJLIZOP_CDS_0005	MH252123.1	97.970	197	197	150925	3.48e-132	406
BJJLIZOP_CDS_0005	PQ433349.1	97.970	197	197	151245	3.48e-132	406
BJJLIZOP_CDS_0005	MH051333.1	97.970	197	197	151671	3.48e-132	406
BJJLIZOP_CDS_0005	LR597654.1	97.462	197	197	150152	5.53e-132	406
BJJLIZOP_CDS_0005	MN850565.1	97.462	197	197	150947	5.53e-132	406
BJJLIZOP_CDS_0005	MN850571.1	97.462	197	197	151514	2.10e-131	404
BJJLIZOP_CDS_0005	MW175890.1	96.954	197	197	150892	3.87e-131	403
BJJLIZOP_CDS_0005	LR746137.1	97.462	197	197	152148	4.88e-131	403
BJJLIZOP_CDS_0005	KX664695.3	95.939	197	197	149268	4.88e-130	400
BJJLIZOP_CDS_0005	OM386667.1	95.939	197	197	156300	4.88e-130	400
BJJLIZOP_CDS_0005	OR352955.1	95.960	198	197	152808	1.84e-128	396
BJJLIZOP_CDS_0005	MK373788.1	95.455	198	197	151194	6.47e-128	394
BJJLIZOP_CDS_0005	OR352956.1	95.455	198	197	149254	7.13e-128	394
BJJLIZOP_CDS_0005	OR544956.1	96.610	118	197	130723	5.41e-92	241
BJJLIZOP_CDS_0005	OR544956.1	98.148	54	197	130723	5.41e-92	112
BJJLIZOP_CDS_0006	OR067838.1	99.231	130	130	149856	1.49e-74	238
BJJLIZOP_CDS_0006	PQ433349.1	99.231	130	130	151245	1.49e-74	238
BJJLIZOP_CDS_0006	OR544956.1	100.000	130	130	130723	1.57e-74	238
BJJLIZOP_CDS_0006	OZ035743.1	100.000	130	130	142881	1.57e-74	238
BJJLIZOP_CDS_0006	MN850598.1	100.000	130	130	144998	1.57e-74	238
BJJLIZOP_CDS_0006	PV730300.1	100.000	130	130	146712	1.57e-74	238
BJJLIZOP_CDS_0006	JX561091.1	100.000	130	130	147737	1.57e-74	238
BJJLIZOP_CDS_0006	OM386656.1	100.000	130	130	149073	1.57e-74	238
BJJLIZOP_CDS_0006	OM386659.1	100.000	130	130	149194	1.57e-74	238
BJJLIZOP_CDS_0006	OQ031492.1	100.000	130	130	149246	1.57e-74	238
BJJLIZOP_CDS_0006	OR352956.1	100.000	130	130	149254	1.57e-74	238
BJJLIZOP_CDS_0006	MN850648.1	100.000	130	130	149335	1.57e-74	238
BJJLIZOP_CDS_0006	OZ035728.1	100.000	130	130	149471	1.57e-74	238
BJJLIZOP_CDS_0006	MH160766.1	100.000	130	130	149803	1.57e-74	238
BJJLIZOP_CDS_0006	KX552041.2	100.000	130	130	149813	1.57e-74	238
BJJLIZOP_CDS_0006	OL631481.1	100.000	130	130	149818	1.57e-74	238
BJJLIZOP_CDS_0006	OR786310.1	100.000	130	130	149880	1.57e-74	238
BJJLIZOP_CDS_0006	PP129558.1	100.000	130	130	149967	1.57e-74	238
BJJLIZOP_CDS_0006	LR597654.1	100.000	130	130	150152	1.57e-74	238
BJJLIZOP_CDS_0006	OR062524.1	100.000	130	130	150431	1.57e-74	238
BJJLIZOP_CDS_0006	MN850618.1	100.000	130	130	150473	1.57e-74	238
BJJLIZOP_CDS_0006	OP172791.1	100.000	130	130	151113	1.57e-74	238
BJJLIZOP_CDS_0006	MK373788.1	100.000	130	130	151194	1.57e-74	238
BJJLIZOP_CDS_0006	MT496970.1	100.000	130	130	151202	1.57e-74	238
BJJLIZOP_CDS_0006	OP595145.1	100.000	130	130	151363	1.57e-74	238
BJJLIZOP_CDS_0006	OL505078.1	100.000	130	130	151425	1.57e-74	238
BJJLIZOP_CDS_0006	MN850571.1	100.000	130	130	151514	1.57e-74	238
BJJLIZOP_CDS_0006	MZ726793.1	100.000	130	130	151660	1.57e-74	238
BJJLIZOP_CDS_0006	MH051333.1	100.000	130	130	151671	1.57e-74	238
BJJLIZOP_CDS_0006	PV191315.1	100.000	130	130	151674	1.57e-74	238
BJJLIZOP_CDS_0006	OL739525.1	100.000	130	130	151825	1.57e-74	238
BJJLIZOP_CDS_0006	OR062529.1	100.000	130	130	151980	1.57e-74	238
BJJLIZOP_CDS_0006	OR062526.1	100.000	130	130	151980	1.57e-74	238
BJJLIZOP_CDS_0006	OP172792.1	100.000	130	130	151993	1.57e-74	238
BJJLIZOP_CDS_0006	LR746137.1	100.000	130	130	152148	1.57e-74	238
BJJLIZOP_CDS_0006	MT944117.1	100.000	130	130	152343	1.57e-74	238
BJJLIZOP_CDS_0006	OM362897.1	100.000	130	130	152401	1.57e-74	238
BJJLIZOP_CDS_0006	OR352955.1	100.000	130	130	152808	1.57e-74	238
BJJLIZOP_CDS_0006	PQ826431.1	99.231	130	130	151106	1.91e-74	238
BJJLIZOP_CDS_0006	MW175890.1	98.462	130	130	150892	5.71e-74	236
BJJLIZOP_CDS_0006	MN850565.1	99.231	130	130	150947	6.35e-74	236
BJJLIZOP_CDS_0006	OZ035771.1	98.462	130	130	144811	9.01e-74	236
BJJLIZOP_CDS_0006	OR437326.1	98.462	130	130	148445	9.01e-74	236
BJJLIZOP_CDS_0006	KX664695.3	97.692	130	130	149268	9.18e-74	236
BJJLIZOP_CDS_0006	OM386667.1	97.692	130	130	156300	9.18e-74	236
BJJLIZOP_CDS_0006	MH252123.1	99.231	130	130	150925	1.97e-73	235
BJJLIZOP_CDS_0007	OZ035743.1	100.000	295	295	142881	4.17e-162	497
BJJLIZOP_CDS_0007	MN850598.1	100.000	295	295	144998	4.17e-162	497
BJJLIZOP_CDS_0007	OM386656.1	100.000	295	295	149073	4.17e-162	497
BJJLIZOP_CDS_0007	OQ031492.1	100.000	295	295	149246	4.17e-162	497
BJJLIZOP_CDS_0007	OR352956.1	100.000	295	295	149254	4.17e-162	497
BJJLIZOP_CDS_0007	MN850648.1	100.000	295	295	149335	4.17e-162	497
BJJLIZOP_CDS_0007	MH160766.1	100.000	295	295	149803	4.17e-162	497
BJJLIZOP_CDS_0007	KX552041.2	100.000	295	295	149813	4.17e-162	497
BJJLIZOP_CDS_0007	OL631481.1	100.000	295	295	149818	4.17e-162	497
BJJLIZOP_CDS_0007	OR786310.1	100.000	295	295	149880	4.17e-162	497
BJJLIZOP_CDS_0007	PP129558.1	100.000	295	295	149967	4.17e-162	497
BJJLIZOP_CDS_0007	LR597654.1	100.000	295	295	150152	4.17e-162	497
BJJLIZOP_CDS_0007	OR062524.1	100.000	295	295	150431	4.17e-162	497
BJJLIZOP_CDS_0007	MN850618.1	100.000	295	295	150473	4.17e-162	497
BJJLIZOP_CDS_0007	PQ826431.1	100.000	295	295	151106	4.17e-162	497
BJJLIZOP_CDS_0007	OP172791.1	100.000	295	295	151113	4.17e-162	497
BJJLIZOP_CDS_0007	MK373788.1	100.000	295	295	151194	4.17e-162	497
BJJLIZOP_CDS_0007	OP595145.1	100.000	295	295	151363	4.17e-162	497
BJJLIZOP_CDS_0007	OL505078.1	100.000	295	295	151425	4.17e-162	497
BJJLIZOP_CDS_0007	MZ726793.1	100.000	295	295	151660	4.17e-162	497
BJJLIZOP_CDS_0007	MH051333.1	100.000	295	295	151671	4.17e-162	497
BJJLIZOP_CDS_0007	PV191315.1	100.000	295	295	151674	4.17e-162	497
BJJLIZOP_CDS_0007	OL739525.1	100.000	295	295	151825	4.17e-162	497
BJJLIZOP_CDS_0007	OR062529.1	100.000	295	295	151980	4.17e-162	497
BJJLIZOP_CDS_0007	OR062526.1	100.000	295	295	151980	4.17e-162	497
BJJLIZOP_CDS_0007	MT944117.1	100.000	295	295	152343	4.17e-162	497
BJJLIZOP_CDS_0007	OM362897.1	100.000	295	295	152401	4.17e-162	497
BJJLIZOP_CDS_0007	JX561091.1	99.661	295	295	147737	5.97e-162	497
BJJLIZOP_CDS_0007	OM386659.1	99.661	295	295	149194	5.97e-162	497
BJJLIZOP_CDS_0007	LR746137.1	99.661	295	295	152148	5.97e-162	497
BJJLIZOP_CDS_0007	OZ035771.1	99.661	295	295	144811	6.63e-162	496
BJJLIZOP_CDS_0007	OR067838.1	99.661	295	295	149856	6.64e-162	496
BJJLIZOP_CDS_0007	OR544956.1	99.661	295	295	130723	1.29e-161	496
BJJLIZOP_CDS_0007	KX664695.3	99.661	295	295	149268	1.29e-161	496
BJJLIZOP_CDS_0007	MH252123.1	99.661	295	295	150925	1.29e-161	496
BJJLIZOP_CDS_0007	OR352955.1	99.661	295	295	152808	1.29e-161	496
BJJLIZOP_CDS_0007	OM386667.1	99.661	295	295	156300	1.29e-161	496
BJJLIZOP_CDS_0007	MW175890.1	99.322	295	295	150892	1.98e-161	495
BJJLIZOP_CDS_0007	OR437326.1	99.661	295	295	148445	2.29e-161	495
BJJLIZOP_CDS_0007	MT496970.1	99.661	295	295	151202	2.29e-161	495
BJJLIZOP_CDS_0007	OZ035728.1	98.983	295	295	149471	6.01e-161	494
BJJLIZOP_CDS_0007	OP172792.1	99.322	295	295	151993	7.88e-161	493
BJJLIZOP_CDS_0007	PQ433349.1	93.898	295	295	151245	1.71e-160	493
BJJLIZOP_CDS_0007	MN850571.1	98.644	295	295	151514	1.76e-160	493
BJJLIZOP_CDS_0007	MN850565.1	93.559	295	295	150947	3.46e-160	492
BJJLIZOP_CDS_0007	PV730300.1	99.322	295	295	146712	2.74e-159	489
BJJLIZOP_CDS_0008	PV191315.1	100.000	737	737	151674	0.0	1459
BJJLIZOP_CDS_0008	OM362897.1	100.000	737	737	152401	0.0	1459
BJJLIZOP_CDS_0008	MZ726793.1	100.000	737	737	151660	0.0	1459
BJJLIZOP_CDS_0008	OR062529.1	99.864	737	737	151980	0.0	1458
BJJLIZOP_CDS_0008	OR062526.1	99.864	737	737	151980	0.0	1458
BJJLIZOP_CDS_0008	OR062524.1	99.864	737	737	150431	0.0	1458
BJJLIZOP_CDS_0008	LR746137.1	99.864	737	737	152148	0.0	1458
BJJLIZOP_CDS_0008	JX561091.1	99.864	737	737	147737	0.0	1458
BJJLIZOP_CDS_0008	OM386659.1	99.593	737	737	149194	0.0	1455
BJJLIZOP_CDS_0008	KX552041.2	99.729	737	737	149813	0.0	1455
BJJLIZOP_CDS_0008	OP172791.1	99.457	737	737	151113	0.0	1453
BJJLIZOP_CDS_0008	MW175890.1	99.593	737	737	150892	0.0	1453
BJJLIZOP_CDS_0008	MT944117.1	99.322	737	737	152343	0.0	1453
BJJLIZOP_CDS_0008	OM386656.1	99.457	737	737	149073	0.0	1452
BJJLIZOP_CDS_0008	MH051333.1	99.457	737	737	151671	0.0	1452
BJJLIZOP_CDS_0008	LR597654.1	99.457	737	737	150152	0.0	1451
BJJLIZOP_CDS_0008	MK373788.1	99.457	737	737	151194	0.0	1450
BJJLIZOP_CDS_0008	MN850598.1	99.186	737	737	144998	0.0	1448
BJJLIZOP_CDS_0008	OR067838.1	99.050	737	737	149856	0.0	1448
BJJLIZOP_CDS_0008	OL505078.1	99.682	628	737	151425	0.0	1276
BJJLIZOP_CDS_0008	OL505078.1	96.842	95	737	151425	2.01e-48	183
BJJLIZOP_CDS_0008	MH252123.1	83.469	738	737	150925	0.0	1210
BJJLIZOP_CDS_0008	MH160766.1	99.345	458	737	149803	0.0	920
BJJLIZOP_CDS_0008	MH160766.1	99.688	321	737	149803	0.0	620
BJJLIZOP_CDS_0008	OZ035743.1	99.309	434	737	142881	0.0	837
BJJLIZOP_CDS_0008	PP129558.1	97.907	430	737	149967	0.0	816
BJJLIZOP_CDS_0008	OZ035728.1	97.674	430	737	149471	0.0	814
BJJLIZOP_CDS_0008	MN850618.1	97.674	430	737	150473	0.0	814
BJJLIZOP_CDS_0008	OR352955.1	96.977	430	737	152808	0.0	813
BJJLIZOP_CDS_0008	PQ826431.1	96.977	430	737	151106	0.0	813
BJJLIZOP_CDS_0008	PQ433349.1	97.442	430	737	151245	0.0	812
BJJLIZOP_CDS_0008	OM386667.1	97.209	430	737	156300	0.0	812
BJJLIZOP_CDS_0008	KX664695.3	97.209	430	737	149268	0.0	812
BJJLIZOP_CDS_0008	OP595145.1	97.209	430	737	151363	0.0	811
BJJLIZOP_CDS_0008	MT496970.1	96.977	430	737	151202	0.0	811
BJJLIZOP_CDS_0008	OL631481.1	96.512	430	737	149818	0.0	810
BJJLIZOP_CDS_0008	OR352956.1	97.209	430	737	149254	0.0	810
BJJLIZOP_CDS_0008	OQ031492.1	96.512	430	737	149246	0.0	809
BJJLIZOP_CDS_0008	OL739525.1	96.279	430	737	151825	0.0	808
BJJLIZOP_CDS_0008	PV730300.1	96.512	430	737	146712	0.0	806
BJJLIZOP_CDS_0008	OR786310.1	96.047	430	737	149880	0.0	806
BJJLIZOP_CDS_0008	MN850571.1	96.512	430	737	151514	0.0	805
BJJLIZOP_CDS_0008	OP172792.1	96.047	430	737	151993	0.0	803
BJJLIZOP_CDS_0008	OZ035771.1	95.814	430	737	144811	0.0	801
BJJLIZOP_CDS_0008	MN850565.1	95.814	430	737	150947	0.0	801
BJJLIZOP_CDS_0008	MN850648.1	95.972	422	737	149335	0.0	791
BJJLIZOP_CDS_0008	OR544956.1	99.475	381	737	130723	0.0	735
BJJLIZOP_CDS_0008	OR437326.1	96.443	253	737	148445	0.0	494
BJJLIZOP_CDS_0008	OR437326.1	99.435	177	737	148445	0.0	324
BJJLIZOP_CDS_0009	OM362897.1	100.000	42	42	152401	4.38e-23	86.7
BJJLIZOP_CDS_0009	LR746137.1	100.000	42	42	152148	4.38e-23	86.7
BJJLIZOP_CDS_0009	MZ726793.1	100.000	42	42	151660	4.38e-23	86.7
BJJLIZOP_CDS_0009	MT496970.1	100.000	42	42	151202	4.38e-23	86.7
BJJLIZOP_CDS_0009	OM386659.1	100.000	42	42	149194	4.38e-23	86.7
BJJLIZOP_CDS_0009	JX561091.1	100.000	42	42	147737	4.38e-23	86.7
BJJLIZOP_CDS_0009	MN850598.1	100.000	42	42	144998	4.38e-23	86.7
BJJLIZOP_CDS_0009	OR437326.1	97.619	42	42	148445	5.42e-23	86.3
BJJLIZOP_CDS_0009	OR544956.1	97.619	42	42	130723	1.42e-22	85.1
BJJLIZOP_CDS_0009	OM386667.1	95.238	42	42	156300	7.60e-22	83.2
BJJLIZOP_CDS_0009	OL739525.1	95.238	42	42	151825	7.60e-22	83.2
BJJLIZOP_CDS_0009	MN850571.1	95.238	42	42	151514	7.60e-22	83.2
BJJLIZOP_CDS_0009	PQ826431.1	95.238	42	42	151106	7.60e-22	83.2
BJJLIZOP_CDS_0009	OR786310.1	95.238	42	42	149880	7.60e-22	83.2
BJJLIZOP_CDS_0009	KX664695.3	95.238	42	42	149268	7.60e-22	83.2
BJJLIZOP_CDS_0009	OQ031492.1	95.238	42	42	149246	7.60e-22	83.2
BJJLIZOP_CDS_0009	OR352955.1	100.000	40	42	152808	8.88e-22	82.8
BJJLIZOP_CDS_0009	OR062529.1	100.000	40	42	151980	8.88e-22	82.8
BJJLIZOP_CDS_0009	OR062526.1	100.000	40	42	151980	8.88e-22	82.8
BJJLIZOP_CDS_0009	PV191315.1	100.000	40	42	151674	8.88e-22	82.8
BJJLIZOP_CDS_0009	MN850618.1	100.000	40	42	150473	8.88e-22	82.8
BJJLIZOP_CDS_0009	OR062524.1	100.000	40	42	150431	8.88e-22	82.8
BJJLIZOP_CDS_0009	LR597654.1	100.000	40	42	150152	8.88e-22	82.8
BJJLIZOP_CDS_0009	PP129558.1	100.000	40	42	149967	8.88e-22	82.8
BJJLIZOP_CDS_0009	OM386656.1	100.000	40	42	149073	8.88e-22	82.8
BJJLIZOP_CDS_0009	MK373788.1	92.857	42	42	151194	1.84e-21	82.0
BJJLIZOP_CDS_0009	MH160766.1	95.238	42	42	149803	2.01e-21	82.0
BJJLIZOP_CDS_0009	OP172792.1	92.857	42	42	151993	2.59e-21	81.6
BJJLIZOP_CDS_0009	MH051333.1	92.857	42	42	151671	2.59e-21	81.6
BJJLIZOP_CDS_0009	OP595145.1	92.857	42	42	151363	2.59e-21	81.6
BJJLIZOP_CDS_0009	OP172791.1	92.857	42	42	151113	2.59e-21	81.6
BJJLIZOP_CDS_0009	KX552041.2	92.857	42	42	149813	2.59e-21	81.6
BJJLIZOP_CDS_0009	OZ035728.1	92.857	42	42	149471	2.59e-21	81.6
BJJLIZOP_CDS_0009	MN850648.1	92.857	42	42	149335	2.59e-21	81.6
BJJLIZOP_CDS_0009	PV730300.1	92.857	42	42	146712	2.59e-21	81.6
BJJLIZOP_CDS_0009	OZ035743.1	92.857	42	42	142881	2.59e-21	81.6
BJJLIZOP_CDS_0009	OR067838.1	92.857	42	42	149856	5.34e-21	80.9
BJJLIZOP_CDS_0009	PQ433349.1	90.476	42	42	151245	9.21e-21	80.1
BJJLIZOP_CDS_0009	MW175890.1	97.500	40	42	150892	1.20e-20	79.7
BJJLIZOP_CDS_0009	OZ035771.1	90.476	42	42	144811	1.35e-20	79.7
BJJLIZOP_CDS_0009	OL631481.1	95.000	40	42	149818	1.48e-20	79.3
BJJLIZOP_CDS_0009	MN850565.1	90.476	42	42	150947	5.32e-20	77.8
BJJLIZOP_CDS_0009	OR352956.1	90.476	42	42	149254	6.73e-20	77.8
BJJLIZOP_CDS_0009	MH252123.1	92.500	40	42	150925	1.05e-19	77.0
BJJLIZOP_CDS_0009	MT944117.1	88.095	42	42	152343	1.44e-19	76.6
BJJLIZOP_CDS_0009	OL505078.1	72.727	33	42	151425	1.28e-12	50.4
BJJLIZOP_CDS_0009	OL505078.1	94.118	17	42	151425	1.28e-12	34.7
BJJLIZOP_CDS_0010	JX561091.1	100.000	98	104	147737	2.36e-62	202
BJJLIZOP_CDS_0010	KX664695.3	100.000	98	104	149268	2.36e-62	202
BJJLIZOP_CDS_0010	PP129558.1	100.000	98	104	149967	2.36e-62	202
BJJLIZOP_CDS_0010	LR597654.1	100.000	98	104	150152	2.36e-62	202
BJJLIZOP_CDS_0010	OR062524.1	100.000	98	104	150431	2.36e-62	202
BJJLIZOP_CDS_0010	MW175890.1	100.000	98	104	150892	2.36e-62	202
BJJLIZOP_CDS_0010	MK373788.1	100.000	98	104	151194	2.36e-62	202
BJJLIZOP_CDS_0010	PQ433349.1	100.000	98	104	151245	2.36e-62	202
BJJLIZOP_CDS_0010	MZ726793.1	100.000	98	104	151660	2.36e-62	202
BJJLIZOP_CDS_0010	MH051333.1	100.000	98	104	151671	2.36e-62	202
BJJLIZOP_CDS_0010	PV191315.1	100.000	98	104	151674	2.36e-62	202
BJJLIZOP_CDS_0010	OR062529.1	100.000	98	104	151980	2.36e-62	202
BJJLIZOP_CDS_0010	OR062526.1	100.000	98	104	151980	2.36e-62	202
BJJLIZOP_CDS_0010	LR746137.1	100.000	98	104	152148	2.36e-62	202
BJJLIZOP_CDS_0010	OM362897.1	100.000	98	104	152401	2.36e-62	202
BJJLIZOP_CDS_0010	OR352955.1	100.000	98	104	152808	2.36e-62	202
BJJLIZOP_CDS_0010	OM386667.1	100.000	98	104	156300	2.36e-62	202
BJJLIZOP_CDS_0010	MN850598.1	100.000	98	104	144998	2.41e-62	202
BJJLIZOP_CDS_0010	MN850571.1	100.000	98	104	151514	2.43e-62	202
BJJLIZOP_CDS_0010	OR544956.1	100.000	98	104	130723	2.53e-62	202
BJJLIZOP_CDS_0010	OZ035743.1	100.000	98	104	142881	2.58e-62	202
BJJLIZOP_CDS_0010	OR352956.1	100.000	98	104	149254	2.58e-62	202
BJJLIZOP_CDS_0010	OZ035728.1	100.000	98	104	149471	2.58e-62	202
BJJLIZOP_CDS_0010	OR786310.1	100.000	98	104	149880	2.58e-62	202
BJJLIZOP_CDS_0010	OP172791.1	100.000	98	104	151113	2.58e-62	202
BJJLIZOP_CDS_0010	OP595145.1	100.000	98	104	151363	2.58e-62	202
BJJLIZOP_CDS_0010	OL739525.1	100.000	98	104	151825	2.58e-62	202
BJJLIZOP_CDS_0010	OM386656.1	100.000	98	104	149073	2.61e-62	201
BJJLIZOP_CDS_0010	MN850565.1	100.000	98	104	150947	2.76e-62	201
BJJLIZOP_CDS_0010	MN850648.1	100.000	98	104	149335	2.79e-62	201
BJJLIZOP_CDS_0010	OL631481.1	100.000	98	104	149818	2.79e-62	201
BJJLIZOP_CDS_0010	MT496970.1	100.000	98	104	151202	2.79e-62	201
BJJLIZOP_CDS_0010	MT944117.1	100.000	98	104	152343	2.79e-62	201
BJJLIZOP_CDS_0010	OM386659.1	100.000	98	104	149194	2.82e-62	201
BJJLIZOP_CDS_0010	KX552041.2	100.000	98	104	149813	2.82e-62	201
BJJLIZOP_CDS_0010	MH160766.1	100.000	98	104	149803	2.84e-62	201
BJJLIZOP_CDS_0010	OP172792.1	98.980	98	104	151993	1.04e-61	200
BJJLIZOP_CDS_0010	PV730300.1	98.980	98	104	146712	1.05e-61	200
BJJLIZOP_CDS_0010	MN850618.1	98.980	98	104	150473	1.07e-61	200
BJJLIZOP_CDS_0010	OR437326.1	98.980	98	104	148445	1.08e-61	200
BJJLIZOP_CDS_0010	OQ031492.1	98.980	98	104	149246	1.79e-61	199
BJJLIZOP_CDS_0010	OR067838.1	97.959	98	104	149856	3.00e-61	199
BJJLIZOP_CDS_0010	PQ826431.1	98.980	98	104	151106	3.18e-61	198
BJJLIZOP_CDS_0010	OL505078.1	100.000	98	104	151425	4.01e-61	198
BJJLIZOP_CDS_0010	MH252123.1	97.959	98	104	150925	7.18e-61	197
BJJLIZOP_CDS_0010	OZ035771.1	97.959	98	104	144811	2.37e-60	196
BJJLIZOP_CDS_0011	MZ726793.1	98.368	674	674	151660	0.0	1264
BJJLIZOP_CDS_0011	LR746137.1	99.407	674	674	152148	0.0	1263
BJJLIZOP_CDS_0011	LR746137.1	43.860	57	674	152148	1.07e-06	50.1
BJJLIZOP_CDS_0011	JX561091.1	99.258	674	674	147737	0.0	1263
BJJLIZOP_CDS_0011	PQ433349.1	99.110	674	674	151245	0.0	1262
BJJLIZOP_CDS_0011	OP595145.1	99.110	674	674	151363	0.0	1262
BJJLIZOP_CDS_0011	LR597654.1	99.258	674	674	150152	0.0	1261
BJJLIZOP_CDS_0011	OR437326.1	98.516	674	674	148445	0.0	1261
BJJLIZOP_CDS_0011	OR062529.1	99.258	674	674	151980	0.0	1261
BJJLIZOP_CDS_0011	OR062526.1	99.258	674	674	151980	0.0	1261
BJJLIZOP_CDS_0011	OR062524.1	99.258	674	674	150431	0.0	1261
BJJLIZOP_CDS_0011	OR352955.1	99.258	674	674	152808	0.0	1261
BJJLIZOP_CDS_0011	OR352955.1	35.714	98	674	152808	4.38e-07	51.2
BJJLIZOP_CDS_0011	MH160766.1	99.258	674	674	149803	0.0	1261
BJJLIZOP_CDS_0011	OZ035728.1	99.110	674	674	149471	0.0	1260
BJJLIZOP_CDS_0011	OM386659.1	99.110	674	674	149194	0.0	1260
BJJLIZOP_CDS_0011	MT496970.1	99.110	674	674	151202	0.0	1260
BJJLIZOP_CDS_0011	MH252123.1	98.961	674	674	150925	0.0	1260
BJJLIZOP_CDS_0011	MH252123.1	43.023	86	674	150925	2.33e-10	62.0
BJJLIZOP_CDS_0011	MW175890.1	99.110	674	674	150892	0.0	1259
BJJLIZOP_CDS_0011	MW175890.1	43.860	57	674	150892	1.07e-06	50.1
BJJLIZOP_CDS_0011	MT944117.1	99.110	674	674	152343	0.0	1259
BJJLIZOP_CDS_0011	OZ035743.1	98.961	674	674	142881	0.0	1259
BJJLIZOP_CDS_0011	OR352956.1	98.961	674	674	149254	0.0	1259
BJJLIZOP_CDS_0011	MK373788.1	98.961	674	674	151194	0.0	1259
BJJLIZOP_CDS_0011	KX664695.3	98.961	674	674	149268	0.0	1259
BJJLIZOP_CDS_0011	PV191315.1	99.110	674	674	151674	0.0	1258
BJJLIZOP_CDS_0011	PV191315.1	30.702	114	674	151674	2.25e-06	48.9
BJJLIZOP_CDS_0011	OR786310.1	98.813	674	674	149880	0.0	1257
BJJLIZOP_CDS_0011	OL739525.1	98.813	674	674	151825	0.0	1257
BJJLIZOP_CDS_0011	OL739525.1	45.614	57	674	151825	2.99e-07	52.0
BJJLIZOP_CDS_0011	OM386656.1	98.961	674	674	149073	0.0	1256
BJJLIZOP_CDS_0011	OM386667.1	98.813	674	674	156300	0.0	1256
BJJLIZOP_CDS_0011	OL505078.1	98.665	674	674	151425	0.0	1255
BJJLIZOP_CDS_0011	OP172791.1	98.665	674	674	151113	0.0	1254
BJJLIZOP_CDS_0011	KX552041.2	98.516	674	674	149813	0.0	1254
BJJLIZOP_CDS_0011	MH051333.1	98.368	674	674	151671	0.0	1253
BJJLIZOP_CDS_0011	MH051333.1	30.702	114	674	151671	2.00e-06	49.3
BJJLIZOP_CDS_0011	OZ035771.1	98.368	674	674	144811	0.0	1252
BJJLIZOP_CDS_0011	OZ035771.1	34.483	87	674	144811	4.73e-06	47.8
BJJLIZOP_CDS_0011	PP129558.1	98.368	674	674	149967	0.0	1251
BJJLIZOP_CDS_0011	OR067838.1	98.368	674	674	149856	0.0	1251
BJJLIZOP_CDS_0011	OR067838.1	43.860	57	674	149856	6.42e-06	47.4
BJJLIZOP_CDS_0011	OP172792.1	98.813	674	674	151993	0.0	1238
BJJLIZOP_CDS_0011	PV730300.1	98.665	674	674	146712	0.0	1238
BJJLIZOP_CDS_0011	PQ826431.1	98.665	674	674	151106	0.0	1238
BJJLIZOP_CDS_0011	OQ031492.1	98.665	674	674	149246	0.0	1236
BJJLIZOP_CDS_0011	MN850618.1	93.620	674	674	150473	0.0	1188
BJJLIZOP_CDS_0011	MN850598.1	93.620	674	674	144998	0.0	1188
BJJLIZOP_CDS_0011	MN850565.1	93.769	674	674	150947	0.0	1186
BJJLIZOP_CDS_0011	MN850565.1	47.368	57	674	150947	1.84e-08	55.8
BJJLIZOP_CDS_0011	OL631481.1	93.620	674	674	149818	0.0	1184
BJJLIZOP_CDS_0011	MN850648.1	93.472	674	674	149335	0.0	1182
BJJLIZOP_CDS_0011	MN850571.1	93.620	674	674	151514	0.0	1180
BJJLIZOP_CDS_0011	OM362897.1	96.763	556	674	152401	0.0	994
BJJLIZOP_CDS_0011	OM362897.1	100.000	132	674	152401	5.69e-78	270
BJJLIZOP_CDS_0011	OM362897.1	31.402	328	674	152401	5.73e-21	96.3
BJJLIZOP_CDS_0011	OM362897.1	87.097	31	674	152401	3.87e-09	58.2
BJJLIZOP_CDS_0011	OM362897.1	47.368	57	674	152401	1.87e-06	49.3
BJJLIZOP_CDS_0011	OR544956.1	99.057	318	674	130723	0.0	637
BJJLIZOP_CDS_0011	OR544956.1	99.474	190	674	130723	2.39e-113	374
BJJLIZOP_CDS_0012	PV191315.1	99.902	1017	1017	151674	0.0	1979
BJJLIZOP_CDS_0012	PV191315.1	41.892	74	1017	151674	1.05e-08	57.4
BJJLIZOP_CDS_0012	OP172792.1	99.902	1017	1017	151993	0.0	1979
BJJLIZOP_CDS_0012	MZ726793.1	99.803	1017	1017	151660	0.0	1978
BJJLIZOP_CDS_0012	OL739525.1	99.705	1017	1017	151825	0.0	1977
BJJLIZOP_CDS_0012	OL739525.1	43.243	74	1017	151825	1.43e-09	60.1
BJJLIZOP_CDS_0012	OP172791.1	99.607	1017	1017	151113	0.0	1977
BJJLIZOP_CDS_0012	OQ031492.1	99.803	1017	1017	149246	0.0	1976
BJJLIZOP_CDS_0012	MH252123.1	99.607	1017	1017	150925	0.0	1976
BJJLIZOP_CDS_0012	MH252123.1	43.243	74	1017	150925	2.39e-09	59.7
BJJLIZOP_CDS_0012	PP129558.1	99.705	1017	1017	149967	0.0	1976
BJJLIZOP_CDS_0012	OR786310.1	99.705	1017	1017	149880	0.0	1976
BJJLIZOP_CDS_0012	OR352956.1	99.607	1017	1017	149254	0.0	1976
BJJLIZOP_CDS_0012	OM386656.1	99.607	1017	1017	149073	0.0	1976
BJJLIZOP_CDS_0012	OM386659.1	99.705	1017	1017	149194	0.0	1975
BJJLIZOP_CDS_0012	MT496970.1	99.705	1017	1017	151202	0.0	1975
BJJLIZOP_CDS_0012	OZ035743.1	99.607	1017	1017	142881	0.0	1974
BJJLIZOP_CDS_0012	MN850565.1	99.607	1017	1017	150947	0.0	1974
BJJLIZOP_CDS_0012	MN850565.1	44.595	74	1017	150947	3.66e-11	65.5
BJJLIZOP_CDS_0012	OR352955.1	99.705	1017	1017	152808	0.0	1974
BJJLIZOP_CDS_0012	OR062529.1	99.705	1017	1017	151980	0.0	1974
BJJLIZOP_CDS_0012	OR062526.1	99.705	1017	1017	151980	0.0	1974
BJJLIZOP_CDS_0012	OR062524.1	99.705	1017	1017	150431	0.0	1974
BJJLIZOP_CDS_0012	OP595145.1	99.705	1017	1017	151363	0.0	1974
BJJLIZOP_CDS_0012	OP595145.1	43.056	72	1017	151363	7.84e-09	57.8
BJJLIZOP_CDS_0012	OM362897.1	99.705	1017	1017	152401	0.0	1974
BJJLIZOP_CDS_0012	MW175890.1	99.705	1017	1017	150892	0.0	1974
BJJLIZOP_CDS_0012	MW175890.1	44.444	72	1017	150892	2.00e-09	59.7
BJJLIZOP_CDS_0012	MN850571.1	99.705	1017	1017	151514	0.0	1974
BJJLIZOP_CDS_0012	MK373788.1	99.705	1017	1017	151194	0.0	1974
BJJLIZOP_CDS_0012	MH051333.1	99.705	1017	1017	151671	0.0	1974
BJJLIZOP_CDS_0012	LR597654.1	99.705	1017	1017	150152	0.0	1974
BJJLIZOP_CDS_0012	JX561091.1	99.705	1017	1017	147737	0.0	1974
BJJLIZOP_CDS_0012	MT944117.1	99.607	1017	1017	152343	0.0	1973
BJJLIZOP_CDS_0012	MH160766.1	99.607	1017	1017	149803	0.0	1973
BJJLIZOP_CDS_0012	PV730300.1	99.607	1017	1017	146712	0.0	1973
BJJLIZOP_CDS_0012	PQ826431.1	99.607	1017	1017	151106	0.0	1973
BJJLIZOP_CDS_0012	OL505078.1	99.607	1017	1017	151425	0.0	1973
BJJLIZOP_CDS_0012	OL631481.1	99.410	1017	1017	149818	0.0	1972
BJJLIZOP_CDS_0012	OL631481.1	38.667	75	1017	149818	4.85e-07	52.0
BJJLIZOP_CDS_0012	OZ035771.1	99.410	1017	1017	144811	0.0	1972
BJJLIZOP_CDS_0012	MN850618.1	99.607	1017	1017	150473	0.0	1972
BJJLIZOP_CDS_0012	MN850598.1	99.607	1017	1017	144998	0.0	1972
BJJLIZOP_CDS_0012	MN850648.1	99.508	1017	1017	149335	0.0	1971
BJJLIZOP_CDS_0012	MN850648.1	43.038	79	1017	149335	7.05e-10	61.2
BJJLIZOP_CDS_0012	KX552041.2	99.607	1017	1017	149813	0.0	1971
BJJLIZOP_CDS_0012	PQ433349.1	99.607	1017	1017	151245	0.0	1969
BJJLIZOP_CDS_0012	PQ433349.1	43.243	74	1017	151245	4.04e-10	62.0
BJJLIZOP_CDS_0012	OZ035728.1	99.607	1017	1017	149471	0.0	1969
BJJLIZOP_CDS_0012	OM386667.1	99.312	1017	1017	156300	0.0	1969
BJJLIZOP_CDS_0012	LR746137.1	99.607	1017	1017	152148	0.0	1969
BJJLIZOP_CDS_0012	KX664695.3	99.312	1017	1017	149268	0.0	1969
BJJLIZOP_CDS_0012	OR437326.1	99.607	1017	1017	148445	0.0	1953
BJJLIZOP_CDS_0012	OR437326.1	44.304	79	1017	148445	1.03e-10	63.9
BJJLIZOP_CDS_0012	OR067838.1	98.701	924	1017	149856	0.0	1761
BJJLIZOP_CDS_0012	OR067838.1	99.029	103	1017	149856	5.39e-56	211
BJJLIZOP_CDS_0012	OR067838.1	44.595	74	1017	149856	1.44e-09	60.1
BJJLIZOP_CDS_0012	OR544956.1	100.000	501	1017	130723	0.0	1005
BJJLIZOP_CDS_0012	OR544956.1	98.819	254	1017	130723	2.64e-140	464
BJJLIZOP_CDS_0012	OR544956.1	98.824	170	1017	130723	1.56e-99	343
BJJLIZOP_CDS_0013	OZ035743.1	100.000	111	111	142881	2.45e-58	191
BJJLIZOP_CDS_0013	OZ035771.1	100.000	111	111	144811	2.45e-58	191
BJJLIZOP_CDS_0013	MN850598.1	100.000	111	111	144998	2.45e-58	191
BJJLIZOP_CDS_0013	PV730300.1	100.000	111	111	146712	2.45e-58	191
BJJLIZOP_CDS_0013	JX561091.1	100.000	111	111	147737	2.45e-58	191
BJJLIZOP_CDS_0013	OR437326.1	100.000	111	111	148445	2.45e-58	191
BJJLIZOP_CDS_0013	OM386656.1	100.000	111	111	149073	2.45e-58	191
BJJLIZOP_CDS_0013	OM386659.1	100.000	111	111	149194	2.45e-58	191
BJJLIZOP_CDS_0013	OQ031492.1	100.000	111	111	149246	2.45e-58	191
BJJLIZOP_CDS_0013	OR352956.1	100.000	111	111	149254	2.45e-58	191
BJJLIZOP_CDS_0013	KX664695.3	100.000	111	111	149268	2.45e-58	191
BJJLIZOP_CDS_0013	MN850648.1	100.000	111	111	149335	2.45e-58	191
BJJLIZOP_CDS_0013	OZ035728.1	100.000	111	111	149471	2.45e-58	191
BJJLIZOP_CDS_0013	MH160766.1	100.000	111	111	149803	2.45e-58	191
BJJLIZOP_CDS_0013	KX552041.2	100.000	111	111	149813	2.45e-58	191
BJJLIZOP_CDS_0013	OL631481.1	100.000	111	111	149818	2.45e-58	191
BJJLIZOP_CDS_0013	OR786310.1	100.000	111	111	149880	2.45e-58	191
BJJLIZOP_CDS_0013	PP129558.1	100.000	111	111	149967	2.45e-58	191
BJJLIZOP_CDS_0013	LR597654.1	100.000	111	111	150152	2.45e-58	191
BJJLIZOP_CDS_0013	OR062524.1	100.000	111	111	150431	2.45e-58	191
BJJLIZOP_CDS_0013	MN850618.1	100.000	111	111	150473	2.45e-58	191
BJJLIZOP_CDS_0013	MW175890.1	100.000	111	111	150892	2.45e-58	191
BJJLIZOP_CDS_0013	MH252123.1	100.000	111	111	150925	2.45e-58	191
BJJLIZOP_CDS_0013	MN850565.1	100.000	111	111	150947	2.45e-58	191
BJJLIZOP_CDS_0013	PQ826431.1	100.000	111	111	151106	2.45e-58	191
BJJLIZOP_CDS_0013	OP172791.1	100.000	111	111	151113	2.45e-58	191
BJJLIZOP_CDS_0013	MK373788.1	100.000	111	111	151194	2.45e-58	191
BJJLIZOP_CDS_0013	MT496970.1	100.000	111	111	151202	2.45e-58	191
BJJLIZOP_CDS_0013	PQ433349.1	100.000	111	111	151245	2.45e-58	191
BJJLIZOP_CDS_0013	OP595145.1	100.000	111	111	151363	2.45e-58	191
BJJLIZOP_CDS_0013	OL505078.1	100.000	111	111	151425	2.45e-58	191
BJJLIZOP_CDS_0013	MN850571.1	100.000	111	111	151514	2.45e-58	191
BJJLIZOP_CDS_0013	MZ726793.1	100.000	111	111	151660	2.45e-58	191
BJJLIZOP_CDS_0013	MH051333.1	100.000	111	111	151671	2.45e-58	191
BJJLIZOP_CDS_0013	PV191315.1	100.000	111	111	151674	2.45e-58	191
BJJLIZOP_CDS_0013	OL739525.1	100.000	111	111	151825	2.45e-58	191
BJJLIZOP_CDS_0013	OR062529.1	100.000	111	111	151980	2.45e-58	191
BJJLIZOP_CDS_0013	OR062526.1	100.000	111	111	151980	2.45e-58	191
BJJLIZOP_CDS_0013	OP172792.1	100.000	111	111	151993	2.45e-58	191
BJJLIZOP_CDS_0013	LR746137.1	100.000	111	111	152148	2.45e-58	191
BJJLIZOP_CDS_0013	MT944117.1	100.000	111	111	152343	2.45e-58	191
BJJLIZOP_CDS_0013	OM362897.1	100.000	111	111	152401	2.45e-58	191
BJJLIZOP_CDS_0013	OR352955.1	100.000	111	111	152808	2.45e-58	191
BJJLIZOP_CDS_0013	OM386667.1	100.000	111	111	156300	2.45e-58	191
BJJLIZOP_CDS_0013	OR067838.1	99.099	111	111	149856	1.47e-57	188
BJJLIZOP_CDS_0013	OR544956.1	100.000	106	111	130723	7.22e-55	181
BJJLIZOP_CDS_0014	OZ035743.1	100.000	181	181	142881	2.37e-118	366
BJJLIZOP_CDS_0014	OM386659.1	100.000	181	181	149194	2.37e-118	366
BJJLIZOP_CDS_0014	MW175890.1	100.000	181	181	150892	2.37e-118	366
BJJLIZOP_CDS_0014	MT496970.1	100.000	181	181	151202	2.37e-118	366
BJJLIZOP_CDS_0014	MZ726793.1	100.000	181	181	151660	2.37e-118	366
BJJLIZOP_CDS_0014	OP172792.1	100.000	181	181	151993	2.37e-118	366
BJJLIZOP_CDS_0014	OM362897.1	99.448	181	181	152401	8.91e-118	364
BJJLIZOP_CDS_0014	PV191315.1	99.448	181	181	151674	1.01e-117	364
BJJLIZOP_CDS_0014	OR062524.1	99.448	181	181	150431	1.31e-117	364
BJJLIZOP_CDS_0014	OR062529.1	99.448	181	181	151980	1.31e-117	364
BJJLIZOP_CDS_0014	OR062526.1	99.448	181	181	151980	1.31e-117	364
BJJLIZOP_CDS_0014	MH252123.1	98.895	181	181	150925	2.82e-117	363
BJJLIZOP_CDS_0014	MT944117.1	98.895	181	181	152343	3.49e-117	363
BJJLIZOP_CDS_0014	PV730300.1	98.343	181	181	146712	8.17e-117	362
BJJLIZOP_CDS_0014	JX561091.1	98.343	181	181	147737	8.17e-117	362
BJJLIZOP_CDS_0014	OQ031492.1	98.343	181	181	149246	8.17e-117	362
BJJLIZOP_CDS_0014	OZ035728.1	98.343	181	181	149471	8.17e-117	362
BJJLIZOP_CDS_0014	KX552041.2	98.343	181	181	149813	8.17e-117	362
BJJLIZOP_CDS_0014	OR786310.1	98.343	181	181	149880	8.17e-117	362
BJJLIZOP_CDS_0014	PQ826431.1	98.343	181	181	151106	8.17e-117	362
BJJLIZOP_CDS_0014	OP172791.1	98.343	181	181	151113	8.17e-117	362
BJJLIZOP_CDS_0014	OP595145.1	98.343	181	181	151363	8.17e-117	362
BJJLIZOP_CDS_0014	OL505078.1	98.343	181	181	151425	8.17e-117	362
BJJLIZOP_CDS_0014	MH051333.1	98.343	181	181	151671	8.17e-117	362
BJJLIZOP_CDS_0014	OL739525.1	98.343	181	181	151825	8.17e-117	362
BJJLIZOP_CDS_0014	OR437326.1	98.343	181	181	148445	8.58e-117	362
BJJLIZOP_CDS_0014	PP129558.1	98.343	181	181	149967	8.74e-117	362
BJJLIZOP_CDS_0014	PQ433349.1	97.790	181	181	151245	1.55e-116	361
BJJLIZOP_CDS_0014	OM386656.1	97.790	181	181	149073	3.14e-116	360
BJJLIZOP_CDS_0014	KX664695.3	97.790	181	181	149268	3.14e-116	360
BJJLIZOP_CDS_0014	MH160766.1	97.790	181	181	149803	3.14e-116	360
BJJLIZOP_CDS_0014	LR597654.1	97.790	181	181	150152	3.14e-116	360
BJJLIZOP_CDS_0014	MK373788.1	97.790	181	181	151194	3.14e-116	360
BJJLIZOP_CDS_0014	OM386667.1	97.790	181	181	156300	3.14e-116	360
BJJLIZOP_CDS_0014	OZ035771.1	97.790	181	181	144811	3.70e-116	360
BJJLIZOP_CDS_0014	OR352955.1	97.790	181	181	152808	1.37e-115	358
BJJLIZOP_CDS_0014	OR352956.1	97.238	181	181	149254	1.41e-115	358
BJJLIZOP_CDS_0014	OR067838.1	97.238	181	181	149856	1.41e-115	358
BJJLIZOP_CDS_0014	LR746137.1	97.790	181	181	152148	1.94e-115	358
BJJLIZOP_CDS_0015	OR062529.1	100.000	353	353	151980	0.0	637
BJJLIZOP_CDS_0015	OR062526.1	100.000	353	353	151980	0.0	637
BJJLIZOP_CDS_0015	OR062524.1	100.000	353	353	150431	0.0	637
BJJLIZOP_CDS_0015	OP172792.1	100.000	353	353	151993	0.0	637
BJJLIZOP_CDS_0015	OM386659.1	100.000	353	353	149194	0.0	637
BJJLIZOP_CDS_0015	OM362897.1	100.000	353	353	152401	0.0	637
BJJLIZOP_CDS_0015	MZ726793.1	100.000	353	353	151660	0.0	637
BJJLIZOP_CDS_0015	MT944117.1	100.000	353	353	152343	0.0	637
BJJLIZOP_CDS_0015	MT496970.1	100.000	353	353	151202	0.0	637
BJJLIZOP_CDS_0015	OL739525.1	99.150	353	353	151825	0.0	635
BJJLIZOP_CDS_0015	PV191315.1	99.433	353	353	151674	0.0	635
BJJLIZOP_CDS_0015	MW175890.1	99.433	353	353	150892	0.0	635
BJJLIZOP_CDS_0015	OM386667.1	98.300	353	353	156300	0.0	634
BJJLIZOP_CDS_0015	KX664695.3	98.300	353	353	149268	0.0	634
BJJLIZOP_CDS_0015	OZ035771.1	98.867	353	353	144811	0.0	634
BJJLIZOP_CDS_0015	OR786310.1	98.867	353	353	149880	0.0	634
BJJLIZOP_CDS_0015	OM386656.1	98.867	353	353	149073	0.0	634
BJJLIZOP_CDS_0015	MK373788.1	98.867	353	353	151194	0.0	634
BJJLIZOP_CDS_0015	MH160766.1	98.867	353	353	149803	0.0	634
BJJLIZOP_CDS_0015	LR746137.1	98.867	353	353	152148	0.0	634
BJJLIZOP_CDS_0015	LR597654.1	98.867	353	353	150152	0.0	634
BJJLIZOP_CDS_0015	KX552041.2	98.867	353	353	149813	0.0	634
BJJLIZOP_CDS_0015	PV730300.1	99.150	353	353	146712	0.0	634
BJJLIZOP_CDS_0015	OP172791.1	99.150	353	353	151113	0.0	634
BJJLIZOP_CDS_0015	PQ826431.1	98.584	353	353	151106	0.0	633
BJJLIZOP_CDS_0015	OZ035728.1	98.584	353	353	149471	0.0	633
BJJLIZOP_CDS_0015	OR352955.1	98.584	353	353	152808	0.0	633
BJJLIZOP_CDS_0015	JX561091.1	98.584	353	353	147737	0.0	633
BJJLIZOP_CDS_0015	OR437326.1	99.150	353	353	148445	0.0	633
BJJLIZOP_CDS_0015	MH051333.1	98.300	353	353	151671	0.0	633
BJJLIZOP_CDS_0015	OQ031492.1	98.300	353	353	149246	0.0	632
BJJLIZOP_CDS_0015	OL505078.1	98.584	353	353	151425	0.0	630
BJJLIZOP_CDS_0015	OZ035743.1	98.584	353	353	142881	0.0	629
BJJLIZOP_CDS_0015	OP595145.1	98.300	353	353	151363	0.0	629
BJJLIZOP_CDS_0015	OR067838.1	98.300	353	353	149856	0.0	627
BJJLIZOP_CDS_0015	MH252123.1	98.300	353	353	150925	0.0	627
BJJLIZOP_CDS_0015	PQ433349.1	97.167	353	353	151245	0.0	625
BJJLIZOP_CDS_0015	OR352956.1	97.167	353	353	149254	0.0	625
BJJLIZOP_CDS_0015	PP129558.1	97.167	353	353	149967	0.0	624
BJJLIZOP_CDS_0015	OL631481.1	97.835	231	353	149818	8.16e-151	468
BJJLIZOP_CDS_0015	MN850571.1	96.970	231	353	151514	8.13e-150	465
BJJLIZOP_CDS_0015	MN850598.1	96.537	231	353	144998	5.83e-149	462
BJJLIZOP_CDS_0015	MN850618.1	96.537	231	353	150473	5.83e-149	462
BJJLIZOP_CDS_0015	MN850565.1	96.104	231	353	150947	1.42e-148	461
BJJLIZOP_CDS_0015	MN850648.1	94.372	231	353	149335	1.03e-146	456
BJJLIZOP_CDS_0015	OR544956.1	99.180	122	353	130723	3.56e-76	253
BJJLIZOP_CDS_0016	OR544956.1	100.000	209	209	130723	2.19e-140	431
BJJLIZOP_CDS_0016	OZ035743.1	100.000	209	209	142881	2.19e-140	431
BJJLIZOP_CDS_0016	OZ035771.1	100.000	209	209	144811	2.19e-140	431
BJJLIZOP_CDS_0016	MN850598.1	100.000	209	209	144998	2.19e-140	431
BJJLIZOP_CDS_0016	PV730300.1	100.000	209	209	146712	2.19e-140	431
BJJLIZOP_CDS_0016	JX561091.1	100.000	209	209	147737	2.19e-140	431
BJJLIZOP_CDS_0016	OR437326.1	100.000	209	209	148445	2.19e-140	431
BJJLIZOP_CDS_0016	OM386656.1	100.000	209	209	149073	2.19e-140	431
BJJLIZOP_CDS_0016	OM386659.1	100.000	209	209	149194	2.19e-140	431
BJJLIZOP_CDS_0016	OQ031492.1	100.000	209	209	149246	2.19e-140	431
BJJLIZOP_CDS_0016	OR352956.1	100.000	209	209	149254	2.19e-140	431
BJJLIZOP_CDS_0016	MN850648.1	100.000	209	209	149335	2.19e-140	431
BJJLIZOP_CDS_0016	OZ035728.1	100.000	209	209	149471	2.19e-140	431
BJJLIZOP_CDS_0016	MH160766.1	100.000	209	209	149803	2.19e-140	431
BJJLIZOP_CDS_0016	KX552041.2	100.000	209	209	149813	2.19e-140	431
BJJLIZOP_CDS_0016	OL631481.1	100.000	209	209	149818	2.19e-140	431
BJJLIZOP_CDS_0016	OR786310.1	100.000	209	209	149880	2.19e-140	431
BJJLIZOP_CDS_0016	PP129558.1	100.000	209	209	149967	2.19e-140	431
BJJLIZOP_CDS_0016	LR597654.1	100.000	209	209	150152	2.19e-140	431
BJJLIZOP_CDS_0016	OR062524.1	100.000	209	209	150431	2.19e-140	431
BJJLIZOP_CDS_0016	MN850618.1	100.000	209	209	150473	2.19e-140	431
BJJLIZOP_CDS_0016	MW175890.1	100.000	209	209	150892	2.19e-140	431
BJJLIZOP_CDS_0016	MH252123.1	100.000	209	209	150925	2.19e-140	431
BJJLIZOP_CDS_0016	MN850565.1	100.000	209	209	150947	2.19e-140	431
BJJLIZOP_CDS_0016	PQ826431.1	100.000	209	209	151106	2.19e-140	431
BJJLIZOP_CDS_0016	OP172791.1	100.000	209	209	151113	2.19e-140	431
BJJLIZOP_CDS_0016	MK373788.1	100.000	209	209	151194	2.19e-140	431
BJJLIZOP_CDS_0016	MT496970.1	100.000	209	209	151202	2.19e-140	431
BJJLIZOP_CDS_0016	PQ433349.1	100.000	209	209	151245	2.19e-140	431
BJJLIZOP_CDS_0016	OP595145.1	100.000	209	209	151363	2.19e-140	431
BJJLIZOP_CDS_0016	MN850571.1	100.000	209	209	151514	2.19e-140	431
BJJLIZOP_CDS_0016	MZ726793.1	100.000	209	209	151660	2.19e-140	431
BJJLIZOP_CDS_0016	MH051333.1	100.000	209	209	151671	2.19e-140	431
BJJLIZOP_CDS_0016	PV191315.1	100.000	209	209	151674	2.19e-140	431
BJJLIZOP_CDS_0016	OL739525.1	100.000	209	209	151825	2.19e-140	431
BJJLIZOP_CDS_0016	OR062529.1	100.000	209	209	151980	2.19e-140	431
BJJLIZOP_CDS_0016	OR062526.1	100.000	209	209	151980	2.19e-140	431
BJJLIZOP_CDS_0016	OP172792.1	100.000	209	209	151993	2.19e-140	431
BJJLIZOP_CDS_0016	LR746137.1	100.000	209	209	152148	2.19e-140	431
BJJLIZOP_CDS_0016	MT944117.1	100.000	209	209	152343	2.19e-140	431
BJJLIZOP_CDS_0016	OM362897.1	100.000	209	209	152401	2.19e-140	431
BJJLIZOP_CDS_0016	OR352955.1	100.000	209	209	152808	2.19e-140	431
BJJLIZOP_CDS_0016	KX664695.3	99.522	209	209	149268	7.20e-140	429
BJJLIZOP_CDS_0016	OM386667.1	99.522	209	209	156300	7.20e-140	429
BJJLIZOP_CDS_0016	OR067838.1	99.522	209	209	149856	9.35e-139	426
BJJLIZOP_CDS_0016	OL505078.1	99.522	209	209	151425	9.35e-139	426
BJJLIZOP_CDS_0017	OR352956.1	100.000	495	495	149254	0.0	999
BJJLIZOP_CDS_0017	OP172792.1	100.000	495	495	151993	0.0	999
BJJLIZOP_CDS_0017	OM386659.1	100.000	495	495	149194	0.0	999
BJJLIZOP_CDS_0017	MZ726793.1	100.000	495	495	151660	0.0	999
BJJLIZOP_CDS_0017	MT496970.1	100.000	495	495	151202	0.0	999
BJJLIZOP_CDS_0017	PQ433349.1	99.798	495	495	151245	0.0	999
BJJLIZOP_CDS_0017	OR062529.1	99.798	495	495	151980	0.0	998
BJJLIZOP_CDS_0017	OR062526.1	99.798	495	495	151980	0.0	998
BJJLIZOP_CDS_0017	OR062524.1	99.798	495	495	150431	0.0	998
BJJLIZOP_CDS_0017	OM362897.1	99.798	495	495	152401	0.0	998
BJJLIZOP_CDS_0017	OM386667.1	99.596	495	495	156300	0.0	997
BJJLIZOP_CDS_0017	MH252123.1	99.596	495	495	150925	0.0	997
BJJLIZOP_CDS_0017	KX664695.3	99.596	495	495	149268	0.0	997
BJJLIZOP_CDS_0017	PV730300.1	99.394	495	495	146712	0.0	996
BJJLIZOP_CDS_0017	JX561091.1	99.798	495	495	147737	0.0	996
BJJLIZOP_CDS_0017	OZ035743.1	99.394	495	495	142881	0.0	996
BJJLIZOP_CDS_0017	MN850565.1	99.192	495	495	150947	0.0	995
BJJLIZOP_CDS_0017	PV191315.1	99.192	495	495	151674	0.0	994
BJJLIZOP_CDS_0017	PQ826431.1	99.192	495	495	151106	0.0	994
BJJLIZOP_CDS_0017	PP129558.1	99.192	495	495	149967	0.0	994
BJJLIZOP_CDS_0017	OZ035771.1	99.192	495	495	144811	0.0	994
BJJLIZOP_CDS_0017	OZ035728.1	99.192	495	495	149471	0.0	994
BJJLIZOP_CDS_0017	OR786310.1	99.192	495	495	149880	0.0	994
BJJLIZOP_CDS_0017	OR437326.1	99.192	495	495	148445	0.0	994
BJJLIZOP_CDS_0017	OR352955.1	99.192	495	495	152808	0.0	994
BJJLIZOP_CDS_0017	OQ031492.1	99.192	495	495	149246	0.0	994
BJJLIZOP_CDS_0017	OP172791.1	99.192	495	495	151113	0.0	994
BJJLIZOP_CDS_0017	OL739525.1	99.192	495	495	151825	0.0	994
BJJLIZOP_CDS_0017	OL505078.1	99.192	495	495	151425	0.0	994
BJJLIZOP_CDS_0017	MW175890.1	99.192	495	495	150892	0.0	994
BJJLIZOP_CDS_0017	MT944117.1	99.192	495	495	152343	0.0	994
BJJLIZOP_CDS_0017	MN850618.1	99.192	495	495	150473	0.0	994
BJJLIZOP_CDS_0017	MN850598.1	99.192	495	495	144998	0.0	994
BJJLIZOP_CDS_0017	MK373788.1	99.192	495	495	151194	0.0	994
BJJLIZOP_CDS_0017	MH160766.1	99.192	495	495	149803	0.0	994
BJJLIZOP_CDS_0017	MH051333.1	99.192	495	495	151671	0.0	994
BJJLIZOP_CDS_0017	LR746137.1	99.192	495	495	152148	0.0	994
BJJLIZOP_CDS_0017	LR597654.1	99.192	495	495	150152	0.0	994
BJJLIZOP_CDS_0017	OL631481.1	98.990	495	495	149818	0.0	994
BJJLIZOP_CDS_0017	OR067838.1	98.990	495	495	149856	0.0	993
BJJLIZOP_CDS_0017	MN850648.1	98.990	495	495	149335	0.0	993
BJJLIZOP_CDS_0017	OP595145.1	98.990	495	495	151363	0.0	993
BJJLIZOP_CDS_0017	OM386656.1	98.990	495	495	149073	0.0	993
BJJLIZOP_CDS_0017	KX552041.2	98.990	495	495	149813	0.0	991
BJJLIZOP_CDS_0017	MN850571.1	98.384	495	495	151514	0.0	989
BJJLIZOP_CDS_0017	OR544956.1	100.000	352	495	130723	0.0	717
BJJLIZOP_CDS_0017	OR544956.1	96.330	109	495	130723	0.0	211
BJJLIZOP_CDS_0018	JX561091.1	100.000	87	87	147737	7.01e-55	179
BJJLIZOP_CDS_0018	OP172791.1	100.000	87	87	151113	7.01e-55	179
BJJLIZOP_CDS_0018	MZ726793.1	100.000	87	87	151660	7.01e-55	179
BJJLIZOP_CDS_0018	OP172792.1	100.000	87	87	151993	7.01e-55	179
BJJLIZOP_CDS_0018	MT944117.1	100.000	87	87	152343	7.01e-55	179
BJJLIZOP_CDS_0018	OQ031492.1	98.851	87	87	149246	1.07e-54	179
BJJLIZOP_CDS_0018	KX664695.3	98.851	87	87	149268	3.03e-54	177
BJJLIZOP_CDS_0018	MN850571.1	98.851	87	87	151514	3.03e-54	177
BJJLIZOP_CDS_0018	OM386667.1	98.851	87	87	156300	3.03e-54	177
BJJLIZOP_CDS_0018	OZ035743.1	96.552	87	87	142881	2.97e-51	169
BJJLIZOP_CDS_0018	OM386656.1	96.552	87	87	149073	2.97e-51	169
BJJLIZOP_CDS_0018	OM386659.1	96.552	87	87	149194	2.97e-51	169
BJJLIZOP_CDS_0018	MH160766.1	96.552	87	87	149803	2.97e-51	169
BJJLIZOP_CDS_0018	KX552041.2	96.552	87	87	149813	2.97e-51	169
BJJLIZOP_CDS_0018	LR597654.1	96.552	87	87	150152	2.97e-51	169
BJJLIZOP_CDS_0018	MK373788.1	96.552	87	87	151194	2.97e-51	169
BJJLIZOP_CDS_0018	MT496970.1	96.552	87	87	151202	2.97e-51	169
BJJLIZOP_CDS_0018	OL505078.1	96.552	87	87	151425	2.97e-51	169
BJJLIZOP_CDS_0018	OR786310.1	93.671	79	87	149880	2.85e-46	155
BJJLIZOP_CDS_0018	PP129558.1	89.157	83	87	149967	3.59e-46	154
BJJLIZOP_CDS_0018	MN850598.1	93.671	79	87	144998	4.58e-46	154
BJJLIZOP_CDS_0018	PV730300.1	93.671	79	87	146712	4.58e-46	154
BJJLIZOP_CDS_0018	OR437326.1	93.671	79	87	148445	4.58e-46	154
BJJLIZOP_CDS_0018	OR352956.1	93.671	79	87	149254	4.58e-46	154
BJJLIZOP_CDS_0018	MN850648.1	93.671	79	87	149335	4.58e-46	154
BJJLIZOP_CDS_0018	MN850618.1	93.671	79	87	150473	4.58e-46	154
BJJLIZOP_CDS_0018	MW175890.1	93.671	79	87	150892	4.58e-46	154
BJJLIZOP_CDS_0018	MN850565.1	93.671	79	87	150947	4.58e-46	154
BJJLIZOP_CDS_0018	PQ826431.1	93.671	79	87	151106	4.58e-46	154
BJJLIZOP_CDS_0018	PQ433349.1	93.671	79	87	151245	4.58e-46	154
BJJLIZOP_CDS_0018	MH051333.1	93.671	79	87	151671	4.58e-46	154
BJJLIZOP_CDS_0018	PV191315.1	93.671	79	87	151674	4.58e-46	154
BJJLIZOP_CDS_0018	OL739525.1	93.671	79	87	151825	4.58e-46	154
BJJLIZOP_CDS_0018	OM362897.1	93.671	79	87	152401	4.58e-46	154
BJJLIZOP_CDS_0018	OR067838.1	92.405	79	87	149856	2.34e-45	152
BJJLIZOP_CDS_0018	OZ035728.1	89.873	79	87	149471	2.43e-44	149
BJJLIZOP_CDS_0018	OZ035771.1	88.608	79	87	144811	2.75e-44	149
BJJLIZOP_CDS_0018	OL631481.1	88.608	79	87	149818	2.75e-44	149
BJJLIZOP_CDS_0018	OR062524.1	88.608	79	87	150431	2.75e-44	149
BJJLIZOP_CDS_0018	MH252123.1	88.608	79	87	150925	2.75e-44	149
BJJLIZOP_CDS_0018	OP595145.1	88.608	79	87	151363	2.75e-44	149
BJJLIZOP_CDS_0018	OR062529.1	88.608	79	87	151980	2.75e-44	149
BJJLIZOP_CDS_0018	OR062526.1	88.608	79	87	151980	2.75e-44	149
BJJLIZOP_CDS_0018	LR746137.1	88.608	79	87	152148	2.75e-44	149
BJJLIZOP_CDS_0018	OR352955.1	87.342	79	87	152808	1.04e-43	147
BJJLIZOP_CDS_0018	OR544956.1	84.722	72	87	130723	4.92e-35	123
BJJLIZOP_CDS_0019	MT944117.1	99.674	921	921	152343	0.0	1807
BJJLIZOP_CDS_0019	OP172792.1	99.674	921	921	151993	0.0	1806
BJJLIZOP_CDS_0019	MZ726793.1	99.674	921	921	151660	0.0	1805
BJJLIZOP_CDS_0019	JX561091.1	99.349	921	921	147737	0.0	1800
BJJLIZOP_CDS_0019	OM386667.1	98.697	921	921	156300	0.0	1794
BJJLIZOP_CDS_0019	KX664695.3	98.697	921	921	149268	0.0	1794
BJJLIZOP_CDS_0019	MN850571.1	98.588	921	921	151514	0.0	1791
BJJLIZOP_CDS_0019	OQ031492.1	97.937	921	921	149246	0.0	1780
BJJLIZOP_CDS_0019	OR786310.1	79.208	101	921	149880	1.35e-38	154
BJJLIZOP_CDS_0019	OR786310.1	30.052	193	921	149880	1.78e-06	50.1
BJJLIZOP_CDS_0019	OP172791.1	59.119	159	921	151113	5.78e-38	152
BJJLIZOP_CDS_0019	OP172791.1	98.182	55	921	151113	8.16e-32	85.5
BJJLIZOP_CDS_0019	OP172791.1	82.927	41	921	151113	8.16e-32	69.7
BJJLIZOP_CDS_0019	OZ035728.1	66.400	125	921	149471	3.17e-37	150
BJJLIZOP_CDS_0019	OZ035728.1	31.250	192	921	149471	1.02e-07	53.9
BJJLIZOP_CDS_0019	PQ433349.1	66.667	99	921	151245	2.71e-26	114
BJJLIZOP_CDS_0019	OR062524.1	100.000	54	921	150431	4.96e-24	107
BJJLIZOP_CDS_0019	OR062529.1	100.000	54	921	151980	4.96e-24	107
BJJLIZOP_CDS_0019	OR062526.1	100.000	54	921	151980	4.96e-24	107
BJJLIZOP_CDS_0019	OR437326.1	100.000	54	921	148445	6.85e-24	107
BJJLIZOP_CDS_0019	OP595145.1	100.000	54	921	151363	8.46e-24	106
BJJLIZOP_CDS_0019	PV191315.1	100.000	54	921	151674	8.76e-24	106
BJJLIZOP_CDS_0019	MN850648.1	100.000	54	921	149335	1.05e-23	106
BJJLIZOP_CDS_0019	MN850598.1	62.766	94	921	144998	2.92e-23	105
BJJLIZOP_CDS_0019	OL631481.1	62.766	94	921	149818	2.92e-23	105
BJJLIZOP_CDS_0019	MN850618.1	62.766	94	921	150473	2.92e-23	105
BJJLIZOP_CDS_0019	OR067838.1	98.148	54	921	149856	3.61e-23	104
BJJLIZOP_CDS_0019	OM362897.1	98.148	54	921	152401	4.10e-23	104
BJJLIZOP_CDS_0019	MW175890.1	98.148	54	921	150892	4.42e-23	104
BJJLIZOP_CDS_0019	PQ826431.1	96.296	54	921	151106	5.70e-23	103
BJJLIZOP_CDS_0019	MH051333.1	98.148	54	921	151671	5.80e-23	103
BJJLIZOP_CDS_0019	MH252123.1	98.148	54	921	150925	5.85e-23	103
BJJLIZOP_CDS_0019	PV730300.1	98.148	54	921	146712	6.42e-23	103
BJJLIZOP_CDS_0019	OL739525.1	96.296	54	921	151825	1.73e-22	102
BJJLIZOP_CDS_0019	MN850565.1	96.296	54	921	150947	1.91e-22	102
BJJLIZOP_CDS_0019	LR746137.1	96.296	54	921	152148	2.80e-22	101
BJJLIZOP_CDS_0019	OR352955.1	96.296	54	921	152808	4.43e-22	100
BJJLIZOP_CDS_0019	OZ035771.1	94.444	54	921	144811	1.51e-21	99.4
BJJLIZOP_CDS_0019	PP129558.1	94.340	53	921	149967	2.67e-21	98.6
BJJLIZOP_CDS_0019	OR352956.1	88.095	42	921	149254	5.05e-14	74.7
BJJLIZOP_CDS_0020	OP172792.1	100.000	717	717	151993	0.0	1466
BJJLIZOP_CDS_0020	MZ726793.1	100.000	717	717	151660	0.0	1466
BJJLIZOP_CDS_0020	MT944117.1	100.000	717	717	152343	0.0	1466
BJJLIZOP_CDS_0020	OR062529.1	99.442	717	717	151980	0.0	1458
BJJLIZOP_CDS_0020	OR062526.1	99.442	717	717	151980	0.0	1458
BJJLIZOP_CDS_0020	OR062524.1	99.442	717	717	150431	0.0	1458
BJJLIZOP_CDS_0020	MH051333.1	99.303	717	717	151671	0.0	1458
BJJLIZOP_CDS_0020	OZ035771.1	99.303	717	717	144811	0.0	1458
BJJLIZOP_CDS_0020	PP129558.1	99.303	717	717	149967	0.0	1457
BJJLIZOP_CDS_0020	OQ031492.1	99.442	717	717	149246	0.0	1456
BJJLIZOP_CDS_0020	LR746137.1	99.163	717	717	152148	0.0	1454
BJJLIZOP_CDS_0020	PQ826431.1	99.163	717	717	151106	0.0	1454
BJJLIZOP_CDS_0020	OR437326.1	99.024	717	717	148445	0.0	1452
BJJLIZOP_CDS_0020	PV191315.1	98.884	717	717	151674	0.0	1452
BJJLIZOP_CDS_0020	OP595145.1	98.745	717	717	151363	0.0	1451
BJJLIZOP_CDS_0020	OR786310.1	98.884	717	717	149880	0.0	1450
BJJLIZOP_CDS_0020	OP172791.1	98.745	717	717	151113	0.0	1450
BJJLIZOP_CDS_0020	OM362897.1	98.605	717	717	152401	0.0	1449
BJJLIZOP_CDS_0020	MH252123.1	98.745	717	717	150925	0.0	1449
BJJLIZOP_CDS_0020	OL739525.1	98.745	717	717	151825	0.0	1448
BJJLIZOP_CDS_0020	OL631481.1	98.745	717	717	149818	0.0	1448
BJJLIZOP_CDS_0020	OZ035728.1	98.466	717	717	149471	0.0	1447
BJJLIZOP_CDS_0020	MN850618.1	98.745	717	717	150473	0.0	1447
BJJLIZOP_CDS_0020	MN850598.1	98.745	717	717	144998	0.0	1447
BJJLIZOP_CDS_0020	PQ433349.1	98.745	717	717	151245	0.0	1447
BJJLIZOP_CDS_0020	MN850565.1	98.745	717	717	150947	0.0	1447
BJJLIZOP_CDS_0020	JX561091.1	98.745	717	717	147737	0.0	1447
BJJLIZOP_CDS_0020	PV730300.1	98.466	717	717	146712	0.0	1446
BJJLIZOP_CDS_0020	MN850648.1	98.466	717	717	149335	0.0	1445
BJJLIZOP_CDS_0020	OR352955.1	98.466	717	717	152808	0.0	1444
BJJLIZOP_CDS_0020	OR067838.1	98.187	717	717	149856	0.0	1442
BJJLIZOP_CDS_0020	MW175890.1	98.047	717	717	150892	0.0	1441
BJJLIZOP_CDS_0020	OR352956.1	97.071	717	717	149254	0.0	1400
BJJLIZOP_CDS_0020	OM386667.1	96.234	717	717	156300	0.0	1393
BJJLIZOP_CDS_0020	KX664695.3	96.234	717	717	149268	0.0	1393
BJJLIZOP_CDS_0020	MN850571.1	96.095	717	717	151514	0.0	1392
BJJLIZOP_CDS_0020	MK373788.1	98.975	683	717	151194	0.0	1388
BJJLIZOP_CDS_0020	MH160766.1	98.975	683	717	149803	0.0	1388
BJJLIZOP_CDS_0020	LR597654.1	98.975	683	717	150152	0.0	1388
BJJLIZOP_CDS_0020	KX552041.2	98.975	683	717	149813	0.0	1388
BJJLIZOP_CDS_0020	OM386656.1	98.682	683	717	149073	0.0	1381
BJJLIZOP_CDS_0020	OM386659.1	96.486	683	717	149194	0.0	1330
BJJLIZOP_CDS_0020	MT496970.1	96.486	683	717	151202	0.0	1330
BJJLIZOP_CDS_0020	OL505078.1	96.340	683	717	151425	0.0	1330
BJJLIZOP_CDS_0020	OZ035743.1	96.340	683	717	142881	0.0	1329
BJJLIZOP_CDS_0020	OR544956.1	97.785	587	717	130723	0.0	1151
BJJLIZOP_CDS_0020	OR544956.1	94.783	115	717	130723	3.45e-63	228
BJJLIZOP_CDS_0021	MT944117.1	99.896	958	958	152343	0.0	1995
BJJLIZOP_CDS_0021	OQ031492.1	99.791	958	958	149246	0.0	1993
BJJLIZOP_CDS_0021	OP172792.1	99.791	958	958	151993	0.0	1993
BJJLIZOP_CDS_0021	MZ726793.1	99.791	958	958	151660	0.0	1993
BJJLIZOP_CDS_0021	JX561091.1	99.582	958	958	147737	0.0	1990
BJJLIZOP_CDS_0021	MN850648.1	99.478	958	958	149335	0.0	1989
BJJLIZOP_CDS_0021	OZ035771.1	99.478	958	958	144811	0.0	1988
BJJLIZOP_CDS_0021	OP595145.1	99.478	958	958	151363	0.0	1988
BJJLIZOP_CDS_0021	LR746137.1	99.478	958	958	152148	0.0	1988
BJJLIZOP_CDS_0021	OR437326.1	99.478	958	958	148445	0.0	1988
BJJLIZOP_CDS_0021	OM362897.1	99.478	958	958	152401	0.0	1988
BJJLIZOP_CDS_0021	PV730300.1	99.269	958	958	146712	0.0	1987
BJJLIZOP_CDS_0021	PQ826431.1	99.269	958	958	151106	0.0	1987
BJJLIZOP_CDS_0021	OL739525.1	99.269	958	958	151825	0.0	1987
BJJLIZOP_CDS_0021	OL505078.1	99.269	958	958	151425	0.0	1987
BJJLIZOP_CDS_0021	MN850618.1	99.374	958	958	150473	0.0	1987
BJJLIZOP_CDS_0021	MN850598.1	99.374	958	958	144998	0.0	1987
BJJLIZOP_CDS_0021	MH160766.1	99.269	958	958	149803	0.0	1987
BJJLIZOP_CDS_0021	LR597654.1	99.269	958	958	150152	0.0	1987
BJJLIZOP_CDS_0021	KX552041.2	99.269	958	958	149813	0.0	1987
BJJLIZOP_CDS_0021	OR352955.1	99.269	958	958	152808	0.0	1987
BJJLIZOP_CDS_0021	OM386656.1	99.269	958	958	149073	0.0	1987
BJJLIZOP_CDS_0021	MW175890.1	99.374	958	958	150892	0.0	1986
BJJLIZOP_CDS_0021	MN850565.1	99.165	958	958	150947	0.0	1986
BJJLIZOP_CDS_0021	PP129558.1	99.374	958	958	149967	0.0	1986
BJJLIZOP_CDS_0021	OR786310.1	99.165	958	958	149880	0.0	1986
BJJLIZOP_CDS_0021	PQ433349.1	99.165	958	958	151245	0.0	1986
BJJLIZOP_CDS_0021	OZ035728.1	99.165	958	958	149471	0.0	1986
BJJLIZOP_CDS_0021	OP172791.1	99.165	958	958	151113	0.0	1986
BJJLIZOP_CDS_0021	MK373788.1	99.165	958	958	151194	0.0	1986
BJJLIZOP_CDS_0021	MH051333.1	99.269	958	958	151671	0.0	1986
BJJLIZOP_CDS_0021	OL631481.1	99.269	958	958	149818	0.0	1985
BJJLIZOP_CDS_0021	OM386667.1	99.061	958	958	156300	0.0	1985
BJJLIZOP_CDS_0021	KX664695.3	99.061	958	958	149268	0.0	1985
BJJLIZOP_CDS_0021	MN850571.1	99.165	958	958	151514	0.0	1984
BJJLIZOP_CDS_0021	MH252123.1	99.061	958	958	150925	0.0	1983
BJJLIZOP_CDS_0021	OR062529.1	99.165	958	958	151980	0.0	1982
BJJLIZOP_CDS_0021	OR062526.1	99.165	958	958	151980	0.0	1982
BJJLIZOP_CDS_0021	OM386659.1	98.956	958	958	149194	0.0	1981
BJJLIZOP_CDS_0021	MT496970.1	98.956	958	958	151202	0.0	1981
BJJLIZOP_CDS_0021	OZ035743.1	98.852	958	958	142881	0.0	1980
BJJLIZOP_CDS_0021	PV191315.1	98.956	958	958	151674	0.0	1979
BJJLIZOP_CDS_0021	OR062524.1	99.061	958	958	150431	0.0	1979
BJJLIZOP_CDS_0021	OR352956.1	98.852	958	958	149254	0.0	1978
BJJLIZOP_CDS_0021	OR067838.1	98.931	655	958	149856	0.0	1346
BJJLIZOP_CDS_0021	OR067838.1	98.680	303	958	149856	0.0	635
BJJLIZOP_CDS_0021	OR544956.1	99.015	406	958	130723	0.0	835
BJJLIZOP_CDS_0021	OR544956.1	99.390	164	958	130723	0.0	348
BJJLIZOP_CDS_0021	OR544956.1	88.186	237	958	130723	2.45e-130	433
BJJLIZOP_CDS_0021	OR544956.1	98.171	164	958	130723	1.71e-97	336
BJJLIZOP_CDS_0022	JX561091.1	100.000	157	157	147737	2.35e-99	310
BJJLIZOP_CDS_0022	OR437326.1	100.000	157	157	148445	2.35e-99	310
BJJLIZOP_CDS_0022	OQ031492.1	100.000	157	157	149246	2.35e-99	310
BJJLIZOP_CDS_0022	OL631481.1	100.000	157	157	149818	2.35e-99	310
BJJLIZOP_CDS_0022	PP129558.1	100.000	157	157	149967	2.35e-99	310
BJJLIZOP_CDS_0022	OR062524.1	100.000	157	157	150431	2.35e-99	310
BJJLIZOP_CDS_0022	MH252123.1	100.000	157	157	150925	2.35e-99	310
BJJLIZOP_CDS_0022	PQ433349.1	100.000	157	157	151245	2.35e-99	310
BJJLIZOP_CDS_0022	OP595145.1	100.000	157	157	151363	2.35e-99	310
BJJLIZOP_CDS_0022	MN850571.1	100.000	157	157	151514	2.35e-99	310
BJJLIZOP_CDS_0022	MZ726793.1	100.000	157	157	151660	2.35e-99	310
BJJLIZOP_CDS_0022	MH051333.1	100.000	157	157	151671	2.35e-99	310
BJJLIZOP_CDS_0022	PV191315.1	100.000	157	157	151674	2.35e-99	310
BJJLIZOP_CDS_0022	MT944117.1	100.000	157	157	152343	2.35e-99	310
BJJLIZOP_CDS_0022	OZ035743.1	99.363	157	157	142881	4.24e-99	310
BJJLIZOP_CDS_0022	OM386656.1	99.363	157	157	149073	4.24e-99	310
BJJLIZOP_CDS_0022	OM386659.1	99.363	157	157	149194	4.24e-99	310
BJJLIZOP_CDS_0022	KX664695.3	99.363	157	157	149268	4.24e-99	310
BJJLIZOP_CDS_0022	MH160766.1	99.363	157	157	149803	4.24e-99	310
BJJLIZOP_CDS_0022	KX552041.2	99.363	157	157	149813	4.24e-99	310
BJJLIZOP_CDS_0022	LR597654.1	99.363	157	157	150152	4.24e-99	310
BJJLIZOP_CDS_0022	MT496970.1	99.363	157	157	151202	4.24e-99	310
BJJLIZOP_CDS_0022	OL505078.1	99.363	157	157	151425	4.24e-99	310
BJJLIZOP_CDS_0022	OR062529.1	99.363	157	157	151980	4.24e-99	310
BJJLIZOP_CDS_0022	OR062526.1	99.363	157	157	151980	4.24e-99	310
BJJLIZOP_CDS_0022	LR746137.1	99.363	157	157	152148	4.24e-99	310
BJJLIZOP_CDS_0022	OM386667.1	99.363	157	157	156300	4.24e-99	310
BJJLIZOP_CDS_0022	MN850648.1	99.363	157	157	149335	5.19e-99	309
BJJLIZOP_CDS_0022	OZ035728.1	99.363	157	157	149471	5.19e-99	309
BJJLIZOP_CDS_0022	OP172792.1	98.726	157	157	151993	5.56e-99	309
BJJLIZOP_CDS_0022	OZ035771.1	99.363	157	157	144811	8.11e-99	309
BJJLIZOP_CDS_0022	PV730300.1	99.363	157	157	146712	8.11e-99	309
BJJLIZOP_CDS_0022	MN850598.1	99.363	157	157	144998	1.11e-98	308
BJJLIZOP_CDS_0022	OR786310.1	99.363	157	157	149880	1.11e-98	308
BJJLIZOP_CDS_0022	MN850618.1	99.363	157	157	150473	1.11e-98	308
BJJLIZOP_CDS_0022	PQ826431.1	99.363	157	157	151106	1.11e-98	308
BJJLIZOP_CDS_0022	OP172791.1	99.363	157	157	151113	1.11e-98	308
BJJLIZOP_CDS_0022	OL739525.1	99.363	157	157	151825	1.11e-98	308
BJJLIZOP_CDS_0022	OM362897.1	99.363	157	157	152401	1.11e-98	308
BJJLIZOP_CDS_0022	OR352956.1	98.726	157	157	149254	1.18e-98	308
BJJLIZOP_CDS_0022	OR067838.1	98.726	157	157	149856	1.18e-98	308
BJJLIZOP_CDS_0022	MW175890.1	98.726	157	157	150892	1.18e-98	308
BJJLIZOP_CDS_0022	MN850565.1	98.726	157	157	150947	1.18e-98	308
BJJLIZOP_CDS_0022	OR352955.1	98.726	157	157	152808	1.60e-98	308
BJJLIZOP_CDS_0022	MK373788.1	98.726	157	157	151194	2.91e-98	307
BJJLIZOP_CDS_0022	OR544956.1	100.000	97	157	130723	9.15e-80	197
BJJLIZOP_CDS_0022	OR544956.1	100.000	59	157	130723	9.15e-80	114
BJJLIZOP_CDS_0023	JX561091.1	100.000	208	208	147737	1.04e-138	426
BJJLIZOP_CDS_0023	PP129558.1	100.000	208	208	149967	1.04e-138	426
BJJLIZOP_CDS_0023	OR062524.1	100.000	208	208	150431	1.04e-138	426
BJJLIZOP_CDS_0023	PQ433349.1	100.000	208	208	151245	1.04e-138	426
BJJLIZOP_CDS_0023	OP595145.1	100.000	208	208	151363	1.04e-138	426
BJJLIZOP_CDS_0023	MN850571.1	100.000	208	208	151514	1.04e-138	426
BJJLIZOP_CDS_0023	MH051333.1	100.000	208	208	151671	1.04e-138	426
BJJLIZOP_CDS_0023	MT944117.1	100.000	208	208	152343	1.04e-138	426
BJJLIZOP_CDS_0023	PV191315.1	99.519	208	208	151674	2.29e-138	425
BJJLIZOP_CDS_0023	OZ035743.1	99.519	208	208	142881	4.92e-138	424
BJJLIZOP_CDS_0023	OM386656.1	99.519	208	208	149073	4.92e-138	424
BJJLIZOP_CDS_0023	OM386659.1	99.519	208	208	149194	4.92e-138	424
BJJLIZOP_CDS_0023	MH160766.1	99.519	208	208	149803	4.92e-138	424
BJJLIZOP_CDS_0023	KX552041.2	99.519	208	208	149813	4.92e-138	424
BJJLIZOP_CDS_0023	LR597654.1	99.519	208	208	150152	4.92e-138	424
BJJLIZOP_CDS_0023	MK373788.1	99.519	208	208	151194	4.92e-138	424
BJJLIZOP_CDS_0023	MT496970.1	99.519	208	208	151202	4.92e-138	424
BJJLIZOP_CDS_0023	OL505078.1	99.519	208	208	151425	4.92e-138	424
BJJLIZOP_CDS_0023	OR352955.1	99.519	208	208	152808	4.92e-138	424
BJJLIZOP_CDS_0023	OL631481.1	99.519	208	208	149818	5.07e-138	424
BJJLIZOP_CDS_0023	OR544956.1	99.519	208	208	130723	5.37e-138	424
BJJLIZOP_CDS_0023	MN850598.1	99.519	208	208	144998	5.37e-138	424
BJJLIZOP_CDS_0023	OQ031492.1	99.519	208	208	149246	5.37e-138	424
BJJLIZOP_CDS_0023	MN850618.1	99.519	208	208	150473	5.37e-138	424
BJJLIZOP_CDS_0023	MZ726793.1	99.519	208	208	151660	5.37e-138	424
BJJLIZOP_CDS_0023	OZ035771.1	99.519	208	208	144811	5.53e-138	424
BJJLIZOP_CDS_0023	PV730300.1	99.519	208	208	146712	5.53e-138	424
BJJLIZOP_CDS_0023	OR437326.1	99.519	208	208	148445	5.53e-138	424
BJJLIZOP_CDS_0023	MN850648.1	99.519	208	208	149335	5.53e-138	424
BJJLIZOP_CDS_0023	OZ035728.1	99.519	208	208	149471	5.53e-138	424
BJJLIZOP_CDS_0023	OR786310.1	99.519	208	208	149880	5.53e-138	424
BJJLIZOP_CDS_0023	PQ826431.1	99.519	208	208	151106	5.53e-138	424
BJJLIZOP_CDS_0023	OP172791.1	99.519	208	208	151113	5.53e-138	424
BJJLIZOP_CDS_0023	OL739525.1	99.038	208	208	151825	6.65e-138	423
BJJLIZOP_CDS_0023	OM362897.1	99.038	208	208	152401	6.65e-138	423
BJJLIZOP_CDS_0023	MH252123.1	99.038	208	208	150925	8.38e-138	423
BJJLIZOP_CDS_0023	OR352956.1	99.519	208	208	149254	1.07e-137	423
BJJLIZOP_CDS_0023	KX664695.3	99.519	208	208	149268	1.07e-137	423
BJJLIZOP_CDS_0023	OR067838.1	99.519	208	208	149856	1.07e-137	423
BJJLIZOP_CDS_0023	MW175890.1	99.519	208	208	150892	1.07e-137	423
BJJLIZOP_CDS_0023	OR062529.1	99.519	208	208	151980	1.07e-137	423
BJJLIZOP_CDS_0023	OR062526.1	99.519	208	208	151980	1.07e-137	423
BJJLIZOP_CDS_0023	OM386667.1	99.519	208	208	156300	1.07e-137	423
BJJLIZOP_CDS_0023	MN850565.1	99.038	208	208	150947	1.77e-137	422
BJJLIZOP_CDS_0023	OP172792.1	99.517	207	208	151993	6.39e-137	421
BJJLIZOP_CDS_0023	LR746137.1	99.517	207	208	152148	6.39e-137	421
BJJLIZOP_CDS_0024	PV730300.1	99.180	244	244	146712	2.25e-142	438
BJJLIZOP_CDS_0024	OZ035743.1	100.000	244	244	142881	1.67e-136	421
BJJLIZOP_CDS_0024	OZ035771.1	100.000	244	244	144811	1.67e-136	421
BJJLIZOP_CDS_0024	MN850598.1	100.000	244	244	144998	1.67e-136	421
BJJLIZOP_CDS_0024	JX561091.1	100.000	244	244	147737	1.67e-136	421
BJJLIZOP_CDS_0024	OR437326.1	100.000	244	244	148445	1.67e-136	421
BJJLIZOP_CDS_0024	OQ031492.1	100.000	244	244	149246	1.67e-136	421
BJJLIZOP_CDS_0024	OR352956.1	100.000	244	244	149254	1.67e-136	421
BJJLIZOP_CDS_0024	OZ035728.1	100.000	244	244	149471	1.67e-136	421
BJJLIZOP_CDS_0024	OL631481.1	100.000	244	244	149818	1.67e-136	421
BJJLIZOP_CDS_0024	OR062524.1	100.000	244	244	150431	1.67e-136	421
BJJLIZOP_CDS_0024	MN850618.1	100.000	244	244	150473	1.67e-136	421
BJJLIZOP_CDS_0024	MW175890.1	100.000	244	244	150892	1.67e-136	421
BJJLIZOP_CDS_0024	MH252123.1	100.000	244	244	150925	1.67e-136	421
BJJLIZOP_CDS_0024	MN850565.1	100.000	244	244	150947	1.67e-136	421
BJJLIZOP_CDS_0024	OP595145.1	100.000	244	244	151363	1.67e-136	421
BJJLIZOP_CDS_0024	OL505078.1	100.000	244	244	151425	1.67e-136	421
BJJLIZOP_CDS_0024	MN850571.1	100.000	244	244	151514	1.67e-136	421
BJJLIZOP_CDS_0024	MZ726793.1	100.000	244	244	151660	1.67e-136	421
BJJLIZOP_CDS_0024	PV191315.1	100.000	244	244	151674	1.67e-136	421
BJJLIZOP_CDS_0024	OL739525.1	100.000	244	244	151825	1.67e-136	421
BJJLIZOP_CDS_0024	OR062529.1	100.000	244	244	151980	1.67e-136	421
BJJLIZOP_CDS_0024	OR062526.1	100.000	244	244	151980	1.67e-136	421
BJJLIZOP_CDS_0024	MT944117.1	100.000	244	244	152343	1.67e-136	421
BJJLIZOP_CDS_0024	OM362897.1	100.000	244	244	152401	1.67e-136	421
BJJLIZOP_CDS_0024	OR067838.1	99.590	244	244	149856	4.66e-136	420
BJJLIZOP_CDS_0024	OM386659.1	99.590	244	244	149194	5.23e-136	420
BJJLIZOP_CDS_0024	MN850648.1	99.590	244	244	149335	5.23e-136	420
BJJLIZOP_CDS_0024	PQ826431.1	99.590	244	244	151106	5.23e-136	420
BJJLIZOP_CDS_0024	OP172791.1	99.590	244	244	151113	5.23e-136	420
BJJLIZOP_CDS_0024	MT496970.1	99.590	244	244	151202	5.23e-136	420
BJJLIZOP_CDS_0024	OR544956.1	99.590	244	244	130723	7.56e-136	419
BJJLIZOP_CDS_0024	OM386656.1	99.590	244	244	149073	7.56e-136	419
BJJLIZOP_CDS_0024	KX664695.3	99.590	244	244	149268	7.56e-136	419
BJJLIZOP_CDS_0024	MH160766.1	99.590	244	244	149803	7.56e-136	419
BJJLIZOP_CDS_0024	KX552041.2	99.590	244	244	149813	7.56e-136	419
BJJLIZOP_CDS_0024	OR786310.1	99.590	244	244	149880	7.56e-136	419
BJJLIZOP_CDS_0024	PP129558.1	99.590	244	244	149967	7.56e-136	419
BJJLIZOP_CDS_0024	LR597654.1	99.590	244	244	150152	7.56e-136	419
BJJLIZOP_CDS_0024	MK373788.1	99.590	244	244	151194	7.56e-136	419
BJJLIZOP_CDS_0024	PQ433349.1	99.590	244	244	151245	7.56e-136	419
BJJLIZOP_CDS_0024	OP172792.1	99.590	244	244	151993	7.56e-136	419
BJJLIZOP_CDS_0024	LR746137.1	99.590	244	244	152148	7.56e-136	419
BJJLIZOP_CDS_0024	OR352955.1	99.590	244	244	152808	7.56e-136	419
BJJLIZOP_CDS_0024	OM386667.1	99.590	244	244	156300	7.56e-136	419
BJJLIZOP_CDS_0024	MH051333.1	99.180	244	244	151671	1.07e-135	419
BJJLIZOP_CDS_0025	MH252123.1	99.405	336	336	150925	0.0	659
BJJLIZOP_CDS_0025	PV730300.1	99.702	336	336	146712	0.0	656
BJJLIZOP_CDS_0025	PV191315.1	99.702	336	336	151674	0.0	656
BJJLIZOP_CDS_0025	PQ826431.1	99.702	336	336	151106	0.0	656
BJJLIZOP_CDS_0025	PQ433349.1	100.000	336	336	151245	0.0	656
BJJLIZOP_CDS_0025	PP129558.1	99.702	336	336	149967	0.0	656
BJJLIZOP_CDS_0025	OZ035771.1	99.702	336	336	144811	0.0	656
BJJLIZOP_CDS_0025	OZ035743.1	99.702	336	336	142881	0.0	656
BJJLIZOP_CDS_0025	OZ035728.1	100.000	336	336	149471	0.0	656
BJJLIZOP_CDS_0025	OR786310.1	99.702	336	336	149880	0.0	656
BJJLIZOP_CDS_0025	OR544956.1	99.702	336	336	130723	0.0	656
BJJLIZOP_CDS_0025	OR437326.1	99.702	336	336	148445	0.0	656
BJJLIZOP_CDS_0025	OR352956.1	100.000	336	336	149254	0.0	656
BJJLIZOP_CDS_0025	OR352955.1	100.000	336	336	152808	0.0	656
BJJLIZOP_CDS_0025	OR067838.1	100.000	336	336	149856	0.0	656
BJJLIZOP_CDS_0025	OR062529.1	99.702	336	336	151980	0.0	656
BJJLIZOP_CDS_0025	OR062526.1	99.702	336	336	151980	0.0	656
BJJLIZOP_CDS_0025	OR062524.1	100.000	336	336	150431	0.0	656
BJJLIZOP_CDS_0025	OQ031492.1	100.000	336	336	149246	0.0	656
BJJLIZOP_CDS_0025	OP172792.1	100.000	336	336	151993	0.0	656
BJJLIZOP_CDS_0025	OP172791.1	100.000	336	336	151113	0.0	656
BJJLIZOP_CDS_0025	OM386667.1	99.702	336	336	156300	0.0	656
BJJLIZOP_CDS_0025	OM386659.1	100.000	336	336	149194	0.0	656
BJJLIZOP_CDS_0025	OM386656.1	100.000	336	336	149073	0.0	656
BJJLIZOP_CDS_0025	OM362897.1	99.702	336	336	152401	0.0	656
BJJLIZOP_CDS_0025	OL739525.1	99.702	336	336	151825	0.0	656
BJJLIZOP_CDS_0025	OL631481.1	100.000	336	336	149818	0.0	656
BJJLIZOP_CDS_0025	OL505078.1	99.702	336	336	151425	0.0	656
BJJLIZOP_CDS_0025	MZ726793.1	100.000	336	336	151660	0.0	656
BJJLIZOP_CDS_0025	MW175890.1	99.702	336	336	150892	0.0	656
BJJLIZOP_CDS_0025	MT944117.1	100.000	336	336	152343	0.0	656
BJJLIZOP_CDS_0025	MT496970.1	100.000	336	336	151202	0.0	656
BJJLIZOP_CDS_0025	MN850648.1	99.702	336	336	149335	0.0	656
BJJLIZOP_CDS_0025	MN850618.1	100.000	336	336	150473	0.0	656
BJJLIZOP_CDS_0025	MN850598.1	100.000	336	336	144998	0.0	656
BJJLIZOP_CDS_0025	MN850571.1	100.000	336	336	151514	0.0	656
BJJLIZOP_CDS_0025	MN850565.1	100.000	336	336	150947	0.0	656
BJJLIZOP_CDS_0025	MK373788.1	100.000	336	336	151194	0.0	656
BJJLIZOP_CDS_0025	MH160766.1	100.000	336	336	149803	0.0	656
BJJLIZOP_CDS_0025	MH051333.1	100.000	336	336	151671	0.0	656
BJJLIZOP_CDS_0025	LR746137.1	100.000	336	336	152148	0.0	656
BJJLIZOP_CDS_0025	LR597654.1	100.000	336	336	150152	0.0	656
BJJLIZOP_CDS_0025	KX664695.3	99.702	336	336	149268	0.0	656
BJJLIZOP_CDS_0025	KX552041.2	100.000	336	336	149813	0.0	656
BJJLIZOP_CDS_0025	JX561091.1	100.000	336	336	147737	0.0	656
BJJLIZOP_CDS_0025	OP595145.1	99.405	336	336	151363	0.0	654
BJJLIZOP_CDS_0026	OZ035743.1	100.000	137	137	142881	8.49e-89	279
BJJLIZOP_CDS_0026	MN850598.1	100.000	137	137	144998	8.49e-89	279
BJJLIZOP_CDS_0026	JX561091.1	100.000	137	137	147737	8.49e-89	279
BJJLIZOP_CDS_0026	OR437326.1	100.000	137	137	148445	8.49e-89	279
BJJLIZOP_CDS_0026	OM386656.1	100.000	137	137	149073	8.49e-89	279
BJJLIZOP_CDS_0026	OM386659.1	100.000	137	137	149194	8.49e-89	279
BJJLIZOP_CDS_0026	OQ031492.1	100.000	137	137	149246	8.49e-89	279
BJJLIZOP_CDS_0026	KX664695.3	100.000	137	137	149268	8.49e-89	279
BJJLIZOP_CDS_0026	OZ035728.1	100.000	137	137	149471	8.49e-89	279
BJJLIZOP_CDS_0026	MH160766.1	100.000	137	137	149803	8.49e-89	279
BJJLIZOP_CDS_0026	KX552041.2	100.000	137	137	149813	8.49e-89	279
BJJLIZOP_CDS_0026	OL631481.1	100.000	137	137	149818	8.49e-89	279
BJJLIZOP_CDS_0026	PP129558.1	100.000	137	137	149967	8.49e-89	279
BJJLIZOP_CDS_0026	LR597654.1	100.000	137	137	150152	8.49e-89	279
BJJLIZOP_CDS_0026	OR062524.1	100.000	137	137	150431	8.49e-89	279
BJJLIZOP_CDS_0026	MN850618.1	100.000	137	137	150473	8.49e-89	279
BJJLIZOP_CDS_0026	MN850565.1	100.000	137	137	150947	8.49e-89	279
BJJLIZOP_CDS_0026	OP172791.1	100.000	137	137	151113	8.49e-89	279
BJJLIZOP_CDS_0026	MK373788.1	100.000	137	137	151194	8.49e-89	279
BJJLIZOP_CDS_0026	MT496970.1	100.000	137	137	151202	8.49e-89	279
BJJLIZOP_CDS_0026	PQ433349.1	100.000	137	137	151245	8.49e-89	279
BJJLIZOP_CDS_0026	OP595145.1	100.000	137	137	151363	8.49e-89	279
BJJLIZOP_CDS_0026	MN850571.1	100.000	137	137	151514	8.49e-89	279
BJJLIZOP_CDS_0026	MZ726793.1	100.000	137	137	151660	8.49e-89	279
BJJLIZOP_CDS_0026	MH051333.1	100.000	137	137	151671	8.49e-89	279
BJJLIZOP_CDS_0026	OR062529.1	100.000	137	137	151980	8.49e-89	279
BJJLIZOP_CDS_0026	OR062526.1	100.000	137	137	151980	8.49e-89	279
BJJLIZOP_CDS_0026	OP172792.1	100.000	137	137	151993	8.49e-89	279
BJJLIZOP_CDS_0026	LR746137.1	100.000	137	137	152148	8.49e-89	279
BJJLIZOP_CDS_0026	MT944117.1	100.000	137	137	152343	8.49e-89	279
BJJLIZOP_CDS_0026	OM362897.1	100.000	137	137	152401	8.49e-89	279
BJJLIZOP_CDS_0026	OR352955.1	100.000	137	137	152808	8.49e-89	279
BJJLIZOP_CDS_0026	OM386667.1	100.000	137	137	156300	8.49e-89	279
BJJLIZOP_CDS_0026	OR544956.1	99.270	137	137	130723	1.31e-88	278
BJJLIZOP_CDS_0026	OR786310.1	99.270	137	137	149880	1.31e-88	278
BJJLIZOP_CDS_0026	MW175890.1	99.270	137	137	150892	1.31e-88	278
BJJLIZOP_CDS_0026	PQ826431.1	99.270	137	137	151106	1.31e-88	278
BJJLIZOP_CDS_0026	OL505078.1	99.270	137	137	151425	1.31e-88	278
BJJLIZOP_CDS_0026	PV191315.1	99.270	137	137	151674	1.31e-88	278
BJJLIZOP_CDS_0026	OL739525.1	99.270	137	137	151825	1.31e-88	278
BJJLIZOP_CDS_0026	OR352956.1	99.270	137	137	149254	2.07e-88	278
BJJLIZOP_CDS_0026	PV730300.1	97.080	137	137	146712	2.57e-87	275
BJJLIZOP_CDS_0026	MN850648.1	97.080	137	137	149335	6.63e-87	274
BJJLIZOP_CDS_0026	OZ035771.1	96.350	137	137	144811	1.09e-86	273
BJJLIZOP_CDS_0026	MH252123.1	96.350	137	137	150925	1.09e-86	273
BJJLIZOP_CDS_0026	OR067838.1	96.190	105	137	149856	3.03e-71	208
BJJLIZOP_CDS_0026	OR067838.1	100.000	37	137	149856	3.03e-71	74.7
BJJLIZOP_CDS_0027	JX561091.1	100.000	233	233	147737	6.65e-157	479
BJJLIZOP_CDS_0027	OM386656.1	100.000	233	233	149073	6.65e-157	479
BJJLIZOP_CDS_0027	OZ035728.1	100.000	233	233	149471	6.65e-157	479
BJJLIZOP_CDS_0027	OL631481.1	100.000	233	233	149818	6.65e-157	479
BJJLIZOP_CDS_0027	OR786310.1	100.000	233	233	149880	6.65e-157	479
BJJLIZOP_CDS_0027	MN850565.1	100.000	233	233	150947	6.65e-157	479
BJJLIZOP_CDS_0027	OP595145.1	100.000	233	233	151363	6.65e-157	479
BJJLIZOP_CDS_0027	OL505078.1	100.000	233	233	151425	6.65e-157	479
BJJLIZOP_CDS_0027	OL739525.1	100.000	233	233	151825	6.65e-157	479
BJJLIZOP_CDS_0027	OR352955.1	100.000	233	233	152808	6.65e-157	479
BJJLIZOP_CDS_0027	MN850598.1	99.571	233	233	144998	9.51e-157	479
BJJLIZOP_CDS_0027	OM386659.1	99.571	233	233	149194	9.51e-157	479
BJJLIZOP_CDS_0027	OQ031492.1	99.571	233	233	149246	9.51e-157	479
BJJLIZOP_CDS_0027	KX664695.3	99.571	233	233	149268	9.51e-157	479
BJJLIZOP_CDS_0027	MH160766.1	99.571	233	233	149803	9.51e-157	479
BJJLIZOP_CDS_0027	KX552041.2	99.571	233	233	149813	9.51e-157	479
BJJLIZOP_CDS_0027	PP129558.1	99.571	233	233	149967	9.51e-157	479
BJJLIZOP_CDS_0027	LR597654.1	99.571	233	233	150152	9.51e-157	479
BJJLIZOP_CDS_0027	OR062524.1	99.571	233	233	150431	9.51e-157	479
BJJLIZOP_CDS_0027	MN850618.1	99.571	233	233	150473	9.51e-157	479
BJJLIZOP_CDS_0027	PQ826431.1	99.571	233	233	151106	9.51e-157	479
BJJLIZOP_CDS_0027	OP172791.1	99.571	233	233	151113	9.51e-157	479
BJJLIZOP_CDS_0027	MK373788.1	99.571	233	233	151194	9.51e-157	479
BJJLIZOP_CDS_0027	MT496970.1	99.571	233	233	151202	9.51e-157	479
BJJLIZOP_CDS_0027	MZ726793.1	99.571	233	233	151660	9.51e-157	479
BJJLIZOP_CDS_0027	MH051333.1	99.571	233	233	151671	9.51e-157	479
BJJLIZOP_CDS_0027	OR062529.1	99.571	233	233	151980	9.51e-157	479
BJJLIZOP_CDS_0027	OR062526.1	99.571	233	233	151980	9.51e-157	479
BJJLIZOP_CDS_0027	OP172792.1	99.571	233	233	151993	9.51e-157	479
BJJLIZOP_CDS_0027	LR746137.1	99.571	233	233	152148	9.51e-157	479
BJJLIZOP_CDS_0027	MT944117.1	99.571	233	233	152343	9.51e-157	479
BJJLIZOP_CDS_0027	OM362897.1	99.571	233	233	152401	9.51e-157	479
BJJLIZOP_CDS_0027	OM386667.1	99.571	233	233	156300	9.51e-157	479
BJJLIZOP_CDS_0027	OR352956.1	99.571	233	233	149254	2.10e-156	478
BJJLIZOP_CDS_0027	PQ433349.1	99.571	233	233	151245	2.10e-156	478
BJJLIZOP_CDS_0027	OR067838.1	99.142	233	233	149856	2.73e-156	477
BJJLIZOP_CDS_0027	MN850571.1	99.142	233	233	151514	3.04e-156	477
BJJLIZOP_CDS_0027	OZ035743.1	99.142	233	233	142881	5.92e-156	476
BJJLIZOP_CDS_0027	OR544956.1	98.712	233	233	130723	2.89e-155	474
BJJLIZOP_CDS_0027	OR437326.1	98.283	233	233	148445	1.50e-154	472
BJJLIZOP_CDS_0027	PV191315.1	98.283	233	233	151674	1.50e-154	472
BJJLIZOP_CDS_0027	MW175890.1	97.854	233	233	150892	1.94e-154	472
BJJLIZOP_CDS_0027	MH252123.1	95.299	234	233	150925	6.19e-147	451
BJJLIZOP_CDS_0027	OZ035771.1	95.299	234	233	144811	7.66e-147	450
BJJLIZOP_CDS_0027	PV730300.1	95.299	234	233	146712	7.66e-147	450
BJJLIZOP_CDS_0027	MN850648.1	95.299	234	233	149335	7.66e-147	450
BJJLIZOP_CDS_0028	OM362897.1	100.000	48	48	152401	3.67e-28	101
BJJLIZOP_CDS_0028	MT944117.1	100.000	48	48	152343	3.67e-28	101
BJJLIZOP_CDS_0028	LR746137.1	100.000	48	48	152148	3.67e-28	101
BJJLIZOP_CDS_0028	OP172792.1	100.000	48	48	151993	3.67e-28	101
BJJLIZOP_CDS_0028	OR062529.1	100.000	48	48	151980	3.67e-28	101
BJJLIZOP_CDS_0028	OR062526.1	100.000	48	48	151980	3.67e-28	101
BJJLIZOP_CDS_0028	OL739525.1	100.000	48	48	151825	3.67e-28	101
BJJLIZOP_CDS_0028	PV191315.1	100.000	48	48	151674	3.67e-28	101
BJJLIZOP_CDS_0028	MH051333.1	100.000	48	48	151671	3.67e-28	101
BJJLIZOP_CDS_0028	MZ726793.1	100.000	48	48	151660	3.67e-28	101
BJJLIZOP_CDS_0028	MN850571.1	100.000	48	48	151514	3.67e-28	101
BJJLIZOP_CDS_0028	OL505078.1	100.000	48	48	151425	3.67e-28	101
BJJLIZOP_CDS_0028	OP595145.1	100.000	48	48	151363	3.67e-28	101
BJJLIZOP_CDS_0028	PQ433349.1	100.000	48	48	151245	3.67e-28	101
BJJLIZOP_CDS_0028	MT496970.1	100.000	48	48	151202	3.67e-28	101
BJJLIZOP_CDS_0028	MK373788.1	100.000	48	48	151194	3.67e-28	101
BJJLIZOP_CDS_0028	OP172791.1	100.000	48	48	151113	3.67e-28	101
BJJLIZOP_CDS_0028	PQ826431.1	100.000	48	48	151106	3.67e-28	101
BJJLIZOP_CDS_0028	MN850565.1	100.000	48	48	150947	3.67e-28	101
BJJLIZOP_CDS_0028	MH252123.1	100.000	48	48	150925	3.67e-28	101
BJJLIZOP_CDS_0028	MW175890.1	100.000	48	48	150892	3.67e-28	101
BJJLIZOP_CDS_0028	MN850618.1	100.000	48	48	150473	3.67e-28	101
BJJLIZOP_CDS_0028	OR062524.1	100.000	48	48	150431	3.67e-28	101
BJJLIZOP_CDS_0028	LR597654.1	100.000	48	48	150152	3.67e-28	101
BJJLIZOP_CDS_0028	PP129558.1	100.000	48	48	149967	3.67e-28	101
BJJLIZOP_CDS_0028	OR786310.1	100.000	48	48	149880	3.67e-28	101
BJJLIZOP_CDS_0028	OL631481.1	100.000	48	48	149818	3.67e-28	101
BJJLIZOP_CDS_0028	KX552041.2	100.000	48	48	149813	3.67e-28	101
BJJLIZOP_CDS_0028	MH160766.1	100.000	48	48	149803	3.67e-28	101
BJJLIZOP_CDS_0028	OZ035728.1	100.000	48	48	149471	3.67e-28	101
BJJLIZOP_CDS_0028	OR352956.1	100.000	48	48	149254	3.67e-28	101
BJJLIZOP_CDS_0028	OM386659.1	100.000	48	48	149194	3.67e-28	101
BJJLIZOP_CDS_0028	OM386656.1	100.000	48	48	149073	3.67e-28	101
BJJLIZOP_CDS_0028	OR437326.1	100.000	48	48	148445	3.67e-28	101
BJJLIZOP_CDS_0028	JX561091.1	100.000	48	48	147737	3.67e-28	101
BJJLIZOP_CDS_0028	PV730300.1	100.000	48	48	146712	3.67e-28	101
BJJLIZOP_CDS_0028	MN850598.1	100.000	48	48	144998	3.67e-28	101
BJJLIZOP_CDS_0028	OZ035743.1	100.000	48	48	142881	3.67e-28	101
BJJLIZOP_CDS_0028	OR544956.1	100.000	48	48	130723	3.67e-28	101
BJJLIZOP_CDS_0028	OQ031492.1	97.917	48	48	149246	5.06e-28	101
BJJLIZOP_CDS_0028	OM386667.1	97.917	48	48	156300	1.36e-27	99.8
BJJLIZOP_CDS_0028	KX664695.3	97.917	48	48	149268	1.36e-27	99.8
BJJLIZOP_CDS_0028	OR352955.1	97.917	48	48	152808	2.14e-27	99.4
BJJLIZOP_CDS_0028	OR067838.1	97.917	48	48	149856	2.50e-27	99.0
BJJLIZOP_CDS_0028	OZ035771.1	97.917	48	48	144811	2.50e-27	99.0
BJJLIZOP_CDS_0028	MN850648.1	97.917	48	48	149335	3.54e-27	98.6
BJJLIZOP_CDS_0029	PP129558.1	99.679	624	624	149967	0.0	1067
BJJLIZOP_CDS_0029	OQ031492.1	99.679	624	624	149246	0.0	1067
BJJLIZOP_CDS_0029	OP172792.1	99.679	624	624	151993	0.0	1067
BJJLIZOP_CDS_0029	OM386659.1	99.679	624	624	149194	0.0	1067
BJJLIZOP_CDS_0029	OM362897.1	99.679	624	624	152401	0.0	1067
BJJLIZOP_CDS_0029	MZ726793.1	99.679	624	624	151660	0.0	1067
BJJLIZOP_CDS_0029	MT944117.1	99.679	624	624	152343	0.0	1067
BJJLIZOP_CDS_0029	MT496970.1	99.679	624	624	151202	0.0	1067
BJJLIZOP_CDS_0029	MN850571.1	99.679	624	624	151514	0.0	1067
BJJLIZOP_CDS_0029	PQ433349.1	99.840	624	624	151245	0.0	1066
BJJLIZOP_CDS_0029	OL739525.1	99.519	624	624	151825	0.0	1066
BJJLIZOP_CDS_0029	OL631481.1	99.519	624	624	149818	0.0	1066
BJJLIZOP_CDS_0029	MH051333.1	99.519	624	624	151671	0.0	1066
BJJLIZOP_CDS_0029	MN850618.1	99.359	624	624	150473	0.0	1066
BJJLIZOP_CDS_0029	OR062524.1	99.359	624	624	150431	0.0	1064
BJJLIZOP_CDS_0029	OL505078.1	99.359	624	624	151425	0.0	1064
BJJLIZOP_CDS_0029	MN850565.1	99.359	624	624	150947	0.0	1064
BJJLIZOP_CDS_0029	MK373788.1	99.359	624	624	151194	0.0	1064
BJJLIZOP_CDS_0029	MH160766.1	99.359	624	624	149803	0.0	1064
BJJLIZOP_CDS_0029	LR597654.1	99.359	624	624	150152	0.0	1064
BJJLIZOP_CDS_0029	KX552041.2	99.359	624	624	149813	0.0	1064
BJJLIZOP_CDS_0029	OR786310.1	99.359	624	624	149880	0.0	1064
BJJLIZOP_CDS_0029	MN850598.1	99.199	624	624	144998	0.0	1064
BJJLIZOP_CDS_0029	JX561091.1	99.359	624	624	147737	0.0	1063
BJJLIZOP_CDS_0029	PQ826431.1	99.199	624	624	151106	0.0	1063
BJJLIZOP_CDS_0029	OM386667.1	99.359	624	624	156300	0.0	1063
BJJLIZOP_CDS_0029	KX664695.3	99.359	624	624	149268	0.0	1063
BJJLIZOP_CDS_0029	OZ035728.1	99.199	624	624	149471	0.0	1063
BJJLIZOP_CDS_0029	OR352956.1	99.199	624	624	149254	0.0	1063
BJJLIZOP_CDS_0029	OR062529.1	99.199	624	624	151980	0.0	1063
BJJLIZOP_CDS_0029	OR062526.1	99.199	624	624	151980	0.0	1063
BJJLIZOP_CDS_0029	OP595145.1	99.199	624	624	151363	0.0	1063
BJJLIZOP_CDS_0029	LR746137.1	99.199	624	624	152148	0.0	1063
BJJLIZOP_CDS_0029	OZ035743.1	99.519	624	624	142881	0.0	1062
BJJLIZOP_CDS_0029	MW175890.1	99.199	624	624	150892	0.0	1062
BJJLIZOP_CDS_0029	OR437326.1	99.038	624	624	148445	0.0	1061
BJJLIZOP_CDS_0029	PV191315.1	98.878	624	624	151674	0.0	1060
BJJLIZOP_CDS_0029	OR352955.1	98.878	624	624	152808	0.0	1060
BJJLIZOP_CDS_0029	OM386656.1	98.878	624	624	149073	0.0	1060
BJJLIZOP_CDS_0029	PV730300.1	97.276	624	624	146712	0.0	1045
BJJLIZOP_CDS_0029	MN850648.1	97.115	624	624	149335	0.0	1045
BJJLIZOP_CDS_0029	MH252123.1	97.276	624	624	150925	0.0	1043
BJJLIZOP_CDS_0029	OZ035771.1	96.635	624	624	144811	0.0	1038
BJJLIZOP_CDS_0029	OR067838.1	99.083	545	624	149856	0.0	1003
BJJLIZOP_CDS_0029	OR067838.1	100.000	58	624	149856	1.12e-12	69.3
BJJLIZOP_CDS_0029	OP172791.1	94.071	624	624	151113	0.0	994
BJJLIZOP_CDS_0029	OR544956.1	91.346	624	624	130723	0.0	938
BJJLIZOP_CDS_0030	OR544956.1	100.000	72	72	130723	3.01e-30	108
BJJLIZOP_CDS_0030	MN850598.1	100.000	72	72	144998	3.01e-30	108
BJJLIZOP_CDS_0030	JX561091.1	100.000	72	72	147737	3.01e-30	108
BJJLIZOP_CDS_0030	OM386656.1	100.000	72	72	149073	3.01e-30	108
BJJLIZOP_CDS_0030	OQ031492.1	100.000	72	72	149246	3.01e-30	108
BJJLIZOP_CDS_0030	OR352956.1	100.000	72	72	149254	3.01e-30	108
BJJLIZOP_CDS_0030	KX664695.3	100.000	72	72	149268	3.01e-30	108
BJJLIZOP_CDS_0030	MN850648.1	100.000	72	72	149335	3.01e-30	108
BJJLIZOP_CDS_0030	OZ035728.1	100.000	72	72	149471	3.01e-30	108
BJJLIZOP_CDS_0030	MH160766.1	100.000	72	72	149803	3.01e-30	108
BJJLIZOP_CDS_0030	KX552041.2	100.000	72	72	149813	3.01e-30	108
BJJLIZOP_CDS_0030	OL631481.1	100.000	72	72	149818	3.01e-30	108
BJJLIZOP_CDS_0030	OR067838.1	100.000	72	72	149856	3.01e-30	108
BJJLIZOP_CDS_0030	OR786310.1	100.000	72	72	149880	3.01e-30	108
BJJLIZOP_CDS_0030	PP129558.1	100.000	72	72	149967	3.01e-30	108
BJJLIZOP_CDS_0030	LR597654.1	100.000	72	72	150152	3.01e-30	108
BJJLIZOP_CDS_0030	OR062524.1	100.000	72	72	150431	3.01e-30	108
BJJLIZOP_CDS_0030	MN850618.1	100.000	72	72	150473	3.01e-30	108
BJJLIZOP_CDS_0030	MW175890.1	100.000	72	72	150892	3.01e-30	108
BJJLIZOP_CDS_0030	MH252123.1	100.000	72	72	150925	3.01e-30	108
BJJLIZOP_CDS_0030	MN850565.1	100.000	72	72	150947	3.01e-30	108
BJJLIZOP_CDS_0030	PQ826431.1	100.000	72	72	151106	3.01e-30	108
BJJLIZOP_CDS_0030	MK373788.1	100.000	72	72	151194	3.01e-30	108
BJJLIZOP_CDS_0030	PQ433349.1	100.000	72	72	151245	3.01e-30	108
BJJLIZOP_CDS_0030	OP595145.1	100.000	72	72	151363	3.01e-30	108
BJJLIZOP_CDS_0030	OL505078.1	100.000	72	72	151425	3.01e-30	108
BJJLIZOP_CDS_0030	MZ726793.1	100.000	72	72	151660	3.01e-30	108
BJJLIZOP_CDS_0030	MH051333.1	100.000	72	72	151671	3.01e-30	108
BJJLIZOP_CDS_0030	OL739525.1	100.000	72	72	151825	3.01e-30	108
BJJLIZOP_CDS_0030	OR062529.1	100.000	72	72	151980	3.01e-30	108
BJJLIZOP_CDS_0030	OR062526.1	100.000	72	72	151980	3.01e-30	108
BJJLIZOP_CDS_0030	MT944117.1	100.000	72	72	152343	3.01e-30	108
BJJLIZOP_CDS_0030	OM362897.1	100.000	72	72	152401	3.01e-30	108
BJJLIZOP_CDS_0030	OR352955.1	100.000	72	72	152808	3.01e-30	108
BJJLIZOP_CDS_0030	OM386667.1	100.000	72	72	156300	3.01e-30	108
BJJLIZOP_CDS_0030	OZ035771.1	100.000	72	72	144811	3.19e-30	108
BJJLIZOP_CDS_0030	OR437326.1	100.000	72	72	148445	3.19e-30	108
BJJLIZOP_CDS_0030	OM386659.1	100.000	72	72	149194	3.19e-30	108
BJJLIZOP_CDS_0030	OP172791.1	100.000	72	72	151113	3.19e-30	108
BJJLIZOP_CDS_0030	MT496970.1	100.000	72	72	151202	3.19e-30	108
BJJLIZOP_CDS_0030	PV191315.1	100.000	72	72	151674	3.19e-30	108
BJJLIZOP_CDS_0030	OP172792.1	100.000	72	72	151993	3.19e-30	108
BJJLIZOP_CDS_0030	LR746137.1	100.000	72	72	152148	3.19e-30	108
BJJLIZOP_CDS_0030	OZ035743.1	98.611	72	72	142881	1.25e-29	107
BJJLIZOP_CDS_0030	PV730300.1	100.000	70	72	146712	4.33e-29	105
BJJLIZOP_CDS_0030	MN850571.1	100.000	70	72	151514	4.33e-29	105
BJJLIZOP_CDS_0031	OR544956.1	100.000	160	160	130723	4.53e-106	330
BJJLIZOP_CDS_0031	OZ035743.1	100.000	160	160	142881	4.53e-106	330
BJJLIZOP_CDS_0031	OZ035771.1	100.000	160	160	144811	4.53e-106	330
BJJLIZOP_CDS_0031	MN850598.1	100.000	160	160	144998	4.53e-106	330
BJJLIZOP_CDS_0031	PV730300.1	100.000	160	160	146712	4.53e-106	330
BJJLIZOP_CDS_0031	JX561091.1	100.000	160	160	147737	4.53e-106	330
BJJLIZOP_CDS_0031	OR437326.1	100.000	160	160	148445	4.53e-106	330
BJJLIZOP_CDS_0031	OM386656.1	100.000	160	160	149073	4.53e-106	330
BJJLIZOP_CDS_0031	OM386659.1	100.000	160	160	149194	4.53e-106	330
BJJLIZOP_CDS_0031	OQ031492.1	100.000	160	160	149246	4.53e-106	330
BJJLIZOP_CDS_0031	OR352956.1	100.000	160	160	149254	4.53e-106	330
BJJLIZOP_CDS_0031	KX664695.3	100.000	160	160	149268	4.53e-106	330
BJJLIZOP_CDS_0031	MN850648.1	100.000	160	160	149335	4.53e-106	330
BJJLIZOP_CDS_0031	OZ035728.1	100.000	160	160	149471	4.53e-106	330
BJJLIZOP_CDS_0031	MH160766.1	100.000	160	160	149803	4.53e-106	330
BJJLIZOP_CDS_0031	KX552041.2	100.000	160	160	149813	4.53e-106	330
BJJLIZOP_CDS_0031	OL631481.1	100.000	160	160	149818	4.53e-106	330
BJJLIZOP_CDS_0031	OR067838.1	100.000	160	160	149856	4.53e-106	330
BJJLIZOP_CDS_0031	OR786310.1	100.000	160	160	149880	4.53e-106	330
BJJLIZOP_CDS_0031	PP129558.1	100.000	160	160	149967	4.53e-106	330
BJJLIZOP_CDS_0031	LR597654.1	100.000	160	160	150152	4.53e-106	330
BJJLIZOP_CDS_0031	OR062524.1	100.000	160	160	150431	4.53e-106	330
BJJLIZOP_CDS_0031	MN850618.1	100.000	160	160	150473	4.53e-106	330
BJJLIZOP_CDS_0031	MW175890.1	100.000	160	160	150892	4.53e-106	330
BJJLIZOP_CDS_0031	MH252123.1	100.000	160	160	150925	4.53e-106	330
BJJLIZOP_CDS_0031	MN850565.1	100.000	160	160	150947	4.53e-106	330
BJJLIZOP_CDS_0031	PQ826431.1	100.000	160	160	151106	4.53e-106	330
BJJLIZOP_CDS_0031	OP172791.1	100.000	160	160	151113	4.53e-106	330
BJJLIZOP_CDS_0031	MK373788.1	100.000	160	160	151194	4.53e-106	330
BJJLIZOP_CDS_0031	MT496970.1	100.000	160	160	151202	4.53e-106	330
BJJLIZOP_CDS_0031	PQ433349.1	100.000	160	160	151245	4.53e-106	330
BJJLIZOP_CDS_0031	OP595145.1	100.000	160	160	151363	4.53e-106	330
BJJLIZOP_CDS_0031	MN850571.1	100.000	160	160	151514	4.53e-106	330
BJJLIZOP_CDS_0031	MZ726793.1	100.000	160	160	151660	4.53e-106	330
BJJLIZOP_CDS_0031	MH051333.1	100.000	160	160	151671	4.53e-106	330
BJJLIZOP_CDS_0031	PV191315.1	100.000	160	160	151674	4.53e-106	330
BJJLIZOP_CDS_0031	OL739525.1	100.000	160	160	151825	4.53e-106	330
BJJLIZOP_CDS_0031	OR062529.1	100.000	160	160	151980	4.53e-106	330
BJJLIZOP_CDS_0031	OR062526.1	100.000	160	160	151980	4.53e-106	330
BJJLIZOP_CDS_0031	OP172792.1	100.000	160	160	151993	4.53e-106	330
BJJLIZOP_CDS_0031	LR746137.1	100.000	160	160	152148	4.53e-106	330
BJJLIZOP_CDS_0031	MT944117.1	100.000	160	160	152343	4.53e-106	330
BJJLIZOP_CDS_0031	OM362897.1	100.000	160	160	152401	4.53e-106	330
BJJLIZOP_CDS_0031	OR352955.1	100.000	160	160	152808	4.53e-106	330
BJJLIZOP_CDS_0031	OM386667.1	100.000	160	160	156300	4.53e-106	330
BJJLIZOP_CDS_0031	OL505078.1	99.375	160	160	151425	1.53e-105	328
BJJLIZOP_CDS_0032	OZ035743.1	100.000	159	159	142881	1.97e-103	322
BJJLIZOP_CDS_0032	OZ035771.1	100.000	159	159	144811	1.97e-103	322
BJJLIZOP_CDS_0032	MN850598.1	100.000	159	159	144998	1.97e-103	322
BJJLIZOP_CDS_0032	JX561091.1	100.000	159	159	147737	1.97e-103	322
BJJLIZOP_CDS_0032	OM386656.1	100.000	159	159	149073	1.97e-103	322
BJJLIZOP_CDS_0032	OQ031492.1	100.000	159	159	149246	1.97e-103	322
BJJLIZOP_CDS_0032	OR352956.1	100.000	159	159	149254	1.97e-103	322
BJJLIZOP_CDS_0032	KX664695.3	100.000	159	159	149268	1.97e-103	322
BJJLIZOP_CDS_0032	MN850648.1	100.000	159	159	149335	1.97e-103	322
BJJLIZOP_CDS_0032	OZ035728.1	100.000	159	159	149471	1.97e-103	322
BJJLIZOP_CDS_0032	MH160766.1	100.000	159	159	149803	1.97e-103	322
BJJLIZOP_CDS_0032	KX552041.2	100.000	159	159	149813	1.97e-103	322
BJJLIZOP_CDS_0032	OL631481.1	100.000	159	159	149818	1.97e-103	322
BJJLIZOP_CDS_0032	OR067838.1	100.000	159	159	149856	1.97e-103	322
BJJLIZOP_CDS_0032	OR786310.1	100.000	159	159	149880	1.97e-103	322
BJJLIZOP_CDS_0032	PP129558.1	100.000	159	159	149967	1.97e-103	322
BJJLIZOP_CDS_0032	LR597654.1	100.000	159	159	150152	1.97e-103	322
BJJLIZOP_CDS_0032	OR062524.1	100.000	159	159	150431	1.97e-103	322
BJJLIZOP_CDS_0032	MN850618.1	100.000	159	159	150473	1.97e-103	322
BJJLIZOP_CDS_0032	MW175890.1	100.000	159	159	150892	1.97e-103	322
BJJLIZOP_CDS_0032	MH252123.1	100.000	159	159	150925	1.97e-103	322
BJJLIZOP_CDS_0032	MN850565.1	100.000	159	159	150947	1.97e-103	322
BJJLIZOP_CDS_0032	PQ826431.1	100.000	159	159	151106	1.97e-103	322
BJJLIZOP_CDS_0032	MK373788.1	100.000	159	159	151194	1.97e-103	322
BJJLIZOP_CDS_0032	PQ433349.1	100.000	159	159	151245	1.97e-103	322
BJJLIZOP_CDS_0032	OP595145.1	100.000	159	159	151363	1.97e-103	322
BJJLIZOP_CDS_0032	OL505078.1	100.000	159	159	151425	1.97e-103	322
BJJLIZOP_CDS_0032	MN850571.1	100.000	159	159	151514	1.97e-103	322
BJJLIZOP_CDS_0032	MZ726793.1	100.000	159	159	151660	1.97e-103	322
BJJLIZOP_CDS_0032	MH051333.1	100.000	159	159	151671	1.97e-103	322
BJJLIZOP_CDS_0032	OL739525.1	100.000	159	159	151825	1.97e-103	322
BJJLIZOP_CDS_0032	OR062529.1	100.000	159	159	151980	1.97e-103	322
BJJLIZOP_CDS_0032	OR062526.1	100.000	159	159	151980	1.97e-103	322
BJJLIZOP_CDS_0032	LR746137.1	100.000	159	159	152148	1.97e-103	322
BJJLIZOP_CDS_0032	MT944117.1	100.000	159	159	152343	1.97e-103	322
BJJLIZOP_CDS_0032	OM362897.1	100.000	159	159	152401	1.97e-103	322
BJJLIZOP_CDS_0032	OR352955.1	100.000	159	159	152808	1.97e-103	322
BJJLIZOP_CDS_0032	OM386667.1	100.000	159	159	156300	1.97e-103	322
BJJLIZOP_CDS_0032	PV730300.1	99.371	159	159	146712	4.32e-103	321
BJJLIZOP_CDS_0032	OR437326.1	99.371	159	159	148445	4.32e-103	321
BJJLIZOP_CDS_0032	OM386659.1	99.371	159	159	149194	4.32e-103	321
BJJLIZOP_CDS_0032	OP172791.1	99.371	159	159	151113	4.32e-103	321
BJJLIZOP_CDS_0032	MT496970.1	99.371	159	159	151202	4.32e-103	321
BJJLIZOP_CDS_0032	PV191315.1	99.371	159	159	151674	4.32e-103	321
BJJLIZOP_CDS_0032	OP172792.1	99.371	159	159	151993	4.32e-103	321
BJJLIZOP_CDS_0032	OR544956.1	97.619	84	159	130723	4.70e-49	166
BJJLIZOP_CDS_0032	OR544956.1	68.224	107	159	130723	3.06e-40	141
BJJLIZOP_CDS_0033	PV730300.1	100.000	457	457	146712	0.0	941
BJJLIZOP_CDS_0033	PV191315.1	100.000	457	457	151674	0.0	941
BJJLIZOP_CDS_0033	PQ826431.1	100.000	457	457	151106	0.0	941
BJJLIZOP_CDS_0033	PQ433349.1	100.000	457	457	151245	0.0	941
BJJLIZOP_CDS_0033	PP129558.1	100.000	457	457	149967	0.0	941
BJJLIZOP_CDS_0033	OZ035771.1	100.000	457	457	144811	0.0	941
BJJLIZOP_CDS_0033	OZ035743.1	100.000	457	457	142881	0.0	941
BJJLIZOP_CDS_0033	OR786310.1	100.000	457	457	149880	0.0	941
BJJLIZOP_CDS_0033	OR544956.1	100.000	457	457	130723	0.0	941
BJJLIZOP_CDS_0033	OR437326.1	100.000	457	457	148445	0.0	941
BJJLIZOP_CDS_0033	OR062529.1	100.000	457	457	151980	0.0	941
BJJLIZOP_CDS_0033	OR062526.1	100.000	457	457	151980	0.0	941
BJJLIZOP_CDS_0033	OR062524.1	100.000	457	457	150431	0.0	941
BJJLIZOP_CDS_0033	OQ031492.1	100.000	457	457	149246	0.0	941
BJJLIZOP_CDS_0033	OP595145.1	100.000	457	457	151363	0.0	941
BJJLIZOP_CDS_0033	OP172792.1	100.000	457	457	151993	0.0	941
BJJLIZOP_CDS_0033	OP172791.1	100.000	457	457	151113	0.0	941
BJJLIZOP_CDS_0033	OM386659.1	100.000	457	457	149194	0.0	941
BJJLIZOP_CDS_0033	OM386656.1	100.000	457	457	149073	0.0	941
BJJLIZOP_CDS_0033	OM362897.1	100.000	457	457	152401	0.0	941
BJJLIZOP_CDS_0033	OL739525.1	100.000	457	457	151825	0.0	941
BJJLIZOP_CDS_0033	OL631481.1	100.000	457	457	149818	0.0	941
BJJLIZOP_CDS_0033	OL505078.1	100.000	457	457	151425	0.0	941
BJJLIZOP_CDS_0033	MZ726793.1	100.000	457	457	151660	0.0	941
BJJLIZOP_CDS_0033	MW175890.1	100.000	457	457	150892	0.0	941
BJJLIZOP_CDS_0033	MT944117.1	100.000	457	457	152343	0.0	941
BJJLIZOP_CDS_0033	MT496970.1	100.000	457	457	151202	0.0	941
BJJLIZOP_CDS_0033	MN850648.1	100.000	457	457	149335	0.0	941
BJJLIZOP_CDS_0033	MN850618.1	100.000	457	457	150473	0.0	941
BJJLIZOP_CDS_0033	MN850598.1	100.000	457	457	144998	0.0	941
BJJLIZOP_CDS_0033	MN850571.1	100.000	457	457	151514	0.0	941
BJJLIZOP_CDS_0033	MH252123.1	100.000	457	457	150925	0.0	941
BJJLIZOP_CDS_0033	MH160766.1	100.000	457	457	149803	0.0	941
BJJLIZOP_CDS_0033	MH051333.1	100.000	457	457	151671	0.0	941
BJJLIZOP_CDS_0033	LR746137.1	100.000	457	457	152148	0.0	941
BJJLIZOP_CDS_0033	KX552041.2	100.000	457	457	149813	0.0	941
BJJLIZOP_CDS_0033	JX561091.1	100.000	457	457	147737	0.0	941
BJJLIZOP_CDS_0033	OR352955.1	99.781	457	457	152808	0.0	940
BJJLIZOP_CDS_0033	OM386667.1	99.781	457	457	156300	0.0	940
BJJLIZOP_CDS_0033	MK373788.1	99.781	457	457	151194	0.0	940
BJJLIZOP_CDS_0033	LR597654.1	99.781	457	457	150152	0.0	940
BJJLIZOP_CDS_0033	KX664695.3	99.781	457	457	149268	0.0	940
BJJLIZOP_CDS_0033	OZ035728.1	99.562	457	457	149471	0.0	939
BJJLIZOP_CDS_0033	MN850565.1	99.781	457	457	150947	0.0	939
BJJLIZOP_CDS_0033	OR352956.1	99.781	457	457	149254	0.0	938
BJJLIZOP_CDS_0033	OR067838.1	99.713	348	457	149856	0.0	718
BJJLIZOP_CDS_0033	OR067838.1	97.321	112	457	149856	0.0	224
BJJLIZOP_CDS_0034	OZ035743.1	100.000	219	219	142881	4.92e-136	419
BJJLIZOP_CDS_0034	OZ035771.1	100.000	219	219	144811	4.92e-136	419
BJJLIZOP_CDS_0034	MN850598.1	100.000	219	219	144998	4.92e-136	419
BJJLIZOP_CDS_0034	PV730300.1	100.000	219	219	146712	4.92e-136	419
BJJLIZOP_CDS_0034	OR437326.1	100.000	219	219	148445	4.92e-136	419
BJJLIZOP_CDS_0034	OM386656.1	100.000	219	219	149073	4.92e-136	419
BJJLIZOP_CDS_0034	OM386659.1	100.000	219	219	149194	4.92e-136	419
BJJLIZOP_CDS_0034	OQ031492.1	100.000	219	219	149246	4.92e-136	419
BJJLIZOP_CDS_0034	OR352956.1	100.000	219	219	149254	4.92e-136	419
BJJLIZOP_CDS_0034	KX664695.3	100.000	219	219	149268	4.92e-136	419
BJJLIZOP_CDS_0034	MN850648.1	100.000	219	219	149335	4.92e-136	419
BJJLIZOP_CDS_0034	OZ035728.1	100.000	219	219	149471	4.92e-136	419
BJJLIZOP_CDS_0034	MH160766.1	100.000	219	219	149803	4.92e-136	419
BJJLIZOP_CDS_0034	KX552041.2	100.000	219	219	149813	4.92e-136	419
BJJLIZOP_CDS_0034	OL631481.1	100.000	219	219	149818	4.92e-136	419
BJJLIZOP_CDS_0034	OR067838.1	100.000	219	219	149856	4.92e-136	419
BJJLIZOP_CDS_0034	OR786310.1	100.000	219	219	149880	4.92e-136	419
BJJLIZOP_CDS_0034	OR062524.1	100.000	219	219	150431	4.92e-136	419
BJJLIZOP_CDS_0034	MN850565.1	100.000	219	219	150947	4.92e-136	419
BJJLIZOP_CDS_0034	PQ826431.1	100.000	219	219	151106	4.92e-136	419
BJJLIZOP_CDS_0034	OP172791.1	100.000	219	219	151113	4.92e-136	419
BJJLIZOP_CDS_0034	MK373788.1	100.000	219	219	151194	4.92e-136	419
BJJLIZOP_CDS_0034	MT496970.1	100.000	219	219	151202	4.92e-136	419
BJJLIZOP_CDS_0034	PQ433349.1	100.000	219	219	151245	4.92e-136	419
BJJLIZOP_CDS_0034	OP595145.1	100.000	219	219	151363	4.92e-136	419
BJJLIZOP_CDS_0034	MN850571.1	100.000	219	219	151514	4.92e-136	419
BJJLIZOP_CDS_0034	MH051333.1	100.000	219	219	151671	4.92e-136	419
BJJLIZOP_CDS_0034	PV191315.1	100.000	219	219	151674	4.92e-136	419
BJJLIZOP_CDS_0034	OL739525.1	100.000	219	219	151825	4.92e-136	419
BJJLIZOP_CDS_0034	OR062529.1	100.000	219	219	151980	4.92e-136	419
BJJLIZOP_CDS_0034	OR062526.1	100.000	219	219	151980	4.92e-136	419
BJJLIZOP_CDS_0034	OP172792.1	100.000	219	219	151993	4.92e-136	419
BJJLIZOP_CDS_0034	MT944117.1	100.000	219	219	152343	4.92e-136	419
BJJLIZOP_CDS_0034	OM362897.1	100.000	219	219	152401	4.92e-136	419
BJJLIZOP_CDS_0034	OR352955.1	100.000	219	219	152808	4.92e-136	419
BJJLIZOP_CDS_0034	OM386667.1	100.000	219	219	156300	4.92e-136	419
BJJLIZOP_CDS_0034	LR597654.1	99.543	219	219	150152	1.87e-135	417
BJJLIZOP_CDS_0034	MN850618.1	99.543	219	219	150473	2.70e-135	416
BJJLIZOP_CDS_0034	JX561091.1	99.543	219	219	147737	3.15e-135	416
BJJLIZOP_CDS_0034	PP129558.1	99.543	219	219	149967	3.15e-135	416
BJJLIZOP_CDS_0034	MW175890.1	99.543	219	219	150892	3.15e-135	416
BJJLIZOP_CDS_0034	MH252123.1	99.543	219	219	150925	3.15e-135	416
BJJLIZOP_CDS_0034	MZ726793.1	99.543	219	219	151660	3.15e-135	416
BJJLIZOP_CDS_0034	LR746137.1	99.543	219	219	152148	3.15e-135	416
BJJLIZOP_CDS_0034	OL505078.1	99.543	219	219	151425	3.61e-135	416
BJJLIZOP_CDS_0034	OR544956.1	97.685	216	219	130723	7.09e-131	404
BJJLIZOP_CDS_0035	PQ433349.1	100.000	146	146	151245	1.67e-97	305
BJJLIZOP_CDS_0035	MH051333.1	100.000	146	146	151671	1.67e-97	305
BJJLIZOP_CDS_0035	MN850565.1	99.315	146	146	150947	2.53e-97	304
BJJLIZOP_CDS_0035	OZ035743.1	97.945	146	146	142881	7.51e-96	300
BJJLIZOP_CDS_0035	MN850598.1	97.945	146	146	144998	7.51e-96	300
BJJLIZOP_CDS_0035	PV730300.1	97.945	146	146	146712	7.51e-96	300
BJJLIZOP_CDS_0035	JX561091.1	97.945	146	146	147737	7.51e-96	300
BJJLIZOP_CDS_0035	OR437326.1	97.945	146	146	148445	7.51e-96	300
BJJLIZOP_CDS_0035	OM386656.1	97.945	146	146	149073	7.51e-96	300
BJJLIZOP_CDS_0035	OM386659.1	97.945	146	146	149194	7.51e-96	300
BJJLIZOP_CDS_0035	OQ031492.1	97.945	146	146	149246	7.51e-96	300
BJJLIZOP_CDS_0035	MN850648.1	97.945	146	146	149335	7.51e-96	300
BJJLIZOP_CDS_0035	OZ035728.1	97.945	146	146	149471	7.51e-96	300
BJJLIZOP_CDS_0035	MH160766.1	97.945	146	146	149803	7.51e-96	300
BJJLIZOP_CDS_0035	KX552041.2	97.945	146	146	149813	7.51e-96	300
BJJLIZOP_CDS_0035	OL631481.1	97.945	146	146	149818	7.51e-96	300
BJJLIZOP_CDS_0035	OR067838.1	97.945	146	146	149856	7.51e-96	300
BJJLIZOP_CDS_0035	OR786310.1	97.945	146	146	149880	7.51e-96	300
BJJLIZOP_CDS_0035	PP129558.1	97.945	146	146	149967	7.51e-96	300
BJJLIZOP_CDS_0035	LR597654.1	97.945	146	146	150152	7.51e-96	300
BJJLIZOP_CDS_0035	MN850618.1	97.945	146	146	150473	7.51e-96	300
BJJLIZOP_CDS_0035	MW175890.1	97.945	146	146	150892	7.51e-96	300
BJJLIZOP_CDS_0035	MH252123.1	97.945	146	146	150925	7.51e-96	300
BJJLIZOP_CDS_0035	PQ826431.1	97.945	146	146	151106	7.51e-96	300
BJJLIZOP_CDS_0035	OP172791.1	97.945	146	146	151113	7.51e-96	300
BJJLIZOP_CDS_0035	MK373788.1	97.945	146	146	151194	7.51e-96	300
BJJLIZOP_CDS_0035	MT496970.1	97.945	146	146	151202	7.51e-96	300
BJJLIZOP_CDS_0035	OP595145.1	97.945	146	146	151363	7.51e-96	300
BJJLIZOP_CDS_0035	OL505078.1	97.945	146	146	151425	7.51e-96	300
BJJLIZOP_CDS_0035	MN850571.1	97.945	146	146	151514	7.51e-96	300
BJJLIZOP_CDS_0035	MZ726793.1	97.945	146	146	151660	7.51e-96	300
BJJLIZOP_CDS_0035	PV191315.1	97.945	146	146	151674	7.51e-96	300
BJJLIZOP_CDS_0035	OL739525.1	97.945	146	146	151825	7.51e-96	300
BJJLIZOP_CDS_0035	OP172792.1	97.945	146	146	151993	7.51e-96	300
BJJLIZOP_CDS_0035	LR746137.1	97.945	146	146	152148	7.51e-96	300
BJJLIZOP_CDS_0035	MT944117.1	97.945	146	146	152343	7.51e-96	300
BJJLIZOP_CDS_0035	OM362897.1	97.945	146	146	152401	7.51e-96	300
BJJLIZOP_CDS_0035	OR352955.1	97.945	146	146	152808	7.51e-96	300
BJJLIZOP_CDS_0035	OR062524.1	97.260	146	146	150431	1.68e-95	299
BJJLIZOP_CDS_0035	OR062529.1	97.260	146	146	151980	1.68e-95	299
BJJLIZOP_CDS_0035	OR062526.1	97.260	146	146	151980	1.68e-95	299
BJJLIZOP_CDS_0035	KX664695.3	97.260	146	146	149268	2.38e-95	298
BJJLIZOP_CDS_0035	OM386667.1	97.260	146	146	156300	2.38e-95	298
BJJLIZOP_CDS_0035	OR352956.1	96.575	146	146	149254	1.13e-93	293
BJJLIZOP_CDS_0035	OZ035771.1	97.902	143	146	144811	1.65e-93	293
BJJLIZOP_CDS_0035	OR544956.1	92.453	53	146	130723	4.71e-43	102
BJJLIZOP_CDS_0035	OR544956.1	100.000	41	146	130723	4.71e-43	86.7
BJJLIZOP_CDS_0036	KX664695.3	100.000	150	162	149268	4.60e-99	310
BJJLIZOP_CDS_0036	OZ035728.1	100.000	150	162	149471	4.60e-99	310
BJJLIZOP_CDS_0036	MH160766.1	100.000	150	162	149803	4.60e-99	310
BJJLIZOP_CDS_0036	PP129558.1	100.000	150	162	149967	4.60e-99	310
BJJLIZOP_CDS_0036	LR597654.1	100.000	150	162	150152	4.60e-99	310
BJJLIZOP_CDS_0036	OP172791.1	100.000	150	162	151113	4.60e-99	310
BJJLIZOP_CDS_0036	MK373788.1	100.000	150	162	151194	4.60e-99	310
BJJLIZOP_CDS_0036	PQ433349.1	100.000	150	162	151245	4.60e-99	310
BJJLIZOP_CDS_0036	OP595145.1	100.000	150	162	151363	4.60e-99	310
BJJLIZOP_CDS_0036	MZ726793.1	100.000	150	162	151660	4.60e-99	310
BJJLIZOP_CDS_0036	MH051333.1	100.000	150	162	151671	4.60e-99	310
BJJLIZOP_CDS_0036	OM386667.1	100.000	150	162	156300	4.60e-99	310
BJJLIZOP_CDS_0036	LR746137.1	99.333	150	162	152148	1.13e-98	308
BJJLIZOP_CDS_0036	MN850598.1	99.333	150	162	144998	1.25e-98	308
BJJLIZOP_CDS_0036	OR437326.1	99.333	150	162	148445	1.25e-98	308
BJJLIZOP_CDS_0036	OM386659.1	99.333	150	162	149194	1.25e-98	308
BJJLIZOP_CDS_0036	MN850648.1	99.333	150	162	149335	1.25e-98	308
BJJLIZOP_CDS_0036	MN850618.1	99.333	150	162	150473	1.25e-98	308
BJJLIZOP_CDS_0036	MT496970.1	99.333	150	162	151202	1.25e-98	308
BJJLIZOP_CDS_0036	MT944117.1	99.333	150	162	152343	1.25e-98	308
BJJLIZOP_CDS_0036	OR544956.1	99.333	150	162	130723	1.82e-98	308
BJJLIZOP_CDS_0036	OM386656.1	99.333	150	162	149073	1.82e-98	308
BJJLIZOP_CDS_0036	OQ031492.1	99.333	150	162	149246	1.82e-98	308
BJJLIZOP_CDS_0036	OR062524.1	99.333	150	162	150431	1.82e-98	308
BJJLIZOP_CDS_0036	MW175890.1	99.333	150	162	150892	1.82e-98	308
BJJLIZOP_CDS_0036	OM362897.1	99.333	150	162	152401	1.82e-98	308
BJJLIZOP_CDS_0036	OZ035743.1	99.333	150	162	142881	3.10e-98	307
BJJLIZOP_CDS_0036	OR352956.1	99.333	150	162	149254	3.10e-98	307
BJJLIZOP_CDS_0036	KX552041.2	99.333	150	162	149813	3.10e-98	307
BJJLIZOP_CDS_0036	OL631481.1	99.333	150	162	149818	3.10e-98	307
BJJLIZOP_CDS_0036	OR067838.1	99.333	150	162	149856	3.10e-98	307
BJJLIZOP_CDS_0036	OR786310.1	99.333	150	162	149880	3.10e-98	307
BJJLIZOP_CDS_0036	MH252123.1	99.333	150	162	150925	3.10e-98	307
BJJLIZOP_CDS_0036	PQ826431.1	99.333	150	162	151106	3.10e-98	307
BJJLIZOP_CDS_0036	OL505078.1	99.333	150	162	151425	3.10e-98	307
BJJLIZOP_CDS_0036	MN850571.1	99.333	150	162	151514	3.10e-98	307
BJJLIZOP_CDS_0036	OL739525.1	99.333	150	162	151825	3.10e-98	307
BJJLIZOP_CDS_0036	OP172792.1	98.667	150	162	151993	3.45e-98	307
BJJLIZOP_CDS_0036	JX561091.1	98.667	150	162	147737	6.59e-98	306
BJJLIZOP_CDS_0036	OR352955.1	98.667	150	162	152808	9.81e-98	306
BJJLIZOP_CDS_0036	PV730300.1	98.667	150	162	146712	1.19e-97	306
BJJLIZOP_CDS_0036	PV191315.1	98.667	150	162	151674	1.19e-97	306
BJJLIZOP_CDS_0036	OZ035771.1	98.667	150	162	144811	1.39e-97	305
BJJLIZOP_CDS_0036	OR062529.1	98.667	150	162	151980	1.43e-97	305
BJJLIZOP_CDS_0036	OR062526.1	98.667	150	162	151980	1.43e-97	305
BJJLIZOP_CDS_0036	MN850565.1	98.000	150	162	150947	2.41e-97	305
BJJLIZOP_CDS_0037	MH160766.1	99.451	182	182	149803	1.61e-110	343
BJJLIZOP_CDS_0037	KX552041.2	99.451	182	182	149813	1.61e-110	343
BJJLIZOP_CDS_0037	LR597654.1	99.451	182	182	150152	1.61e-110	343
BJJLIZOP_CDS_0037	MW175890.1	99.451	182	182	150892	1.61e-110	343
BJJLIZOP_CDS_0037	MK373788.1	99.451	182	182	151194	1.61e-110	343
BJJLIZOP_CDS_0037	OZ035743.1	100.000	182	182	142881	1.73e-110	343
BJJLIZOP_CDS_0037	MN850598.1	100.000	182	182	144998	1.73e-110	343
BJJLIZOP_CDS_0037	OQ031492.1	100.000	182	182	149246	1.73e-110	343
BJJLIZOP_CDS_0037	OR352956.1	100.000	182	182	149254	1.73e-110	343
BJJLIZOP_CDS_0037	KX664695.3	100.000	182	182	149268	1.73e-110	343
BJJLIZOP_CDS_0037	MN850618.1	100.000	182	182	150473	1.73e-110	343
BJJLIZOP_CDS_0037	PQ433349.1	100.000	182	182	151245	1.73e-110	343
BJJLIZOP_CDS_0037	OP595145.1	100.000	182	182	151363	1.73e-110	343
BJJLIZOP_CDS_0037	OL505078.1	100.000	182	182	151425	1.73e-110	343
BJJLIZOP_CDS_0037	MN850571.1	100.000	182	182	151514	1.73e-110	343
BJJLIZOP_CDS_0037	OM386667.1	100.000	182	182	156300	1.73e-110	343
BJJLIZOP_CDS_0037	OR062524.1	98.901	182	182	150431	3.73e-110	342
BJJLIZOP_CDS_0037	OR062529.1	98.901	182	182	151980	3.73e-110	342
BJJLIZOP_CDS_0037	OR062526.1	98.901	182	182	151980	3.73e-110	342
BJJLIZOP_CDS_0037	OR544956.1	99.451	182	182	130723	4.10e-110	342
BJJLIZOP_CDS_0037	OZ035771.1	99.451	182	182	144811	4.10e-110	342
BJJLIZOP_CDS_0037	PV730300.1	99.451	182	182	146712	4.10e-110	342
BJJLIZOP_CDS_0037	OR437326.1	99.451	182	182	148445	4.10e-110	342
BJJLIZOP_CDS_0037	OM386656.1	99.451	182	182	149073	4.10e-110	342
BJJLIZOP_CDS_0037	OM386659.1	99.451	182	182	149194	4.10e-110	342
BJJLIZOP_CDS_0037	MN850648.1	99.451	182	182	149335	4.10e-110	342
BJJLIZOP_CDS_0037	OZ035728.1	99.451	182	182	149471	4.10e-110	342
BJJLIZOP_CDS_0037	OL631481.1	99.451	182	182	149818	4.10e-110	342
BJJLIZOP_CDS_0037	OR786310.1	99.451	182	182	149880	4.10e-110	342
BJJLIZOP_CDS_0037	PP129558.1	99.451	182	182	149967	4.10e-110	342
BJJLIZOP_CDS_0037	MH252123.1	99.451	182	182	150925	4.10e-110	342
BJJLIZOP_CDS_0037	PQ826431.1	99.451	182	182	151106	4.10e-110	342
BJJLIZOP_CDS_0037	OP172791.1	99.451	182	182	151113	4.10e-110	342
BJJLIZOP_CDS_0037	MT496970.1	99.451	182	182	151202	4.10e-110	342
BJJLIZOP_CDS_0037	MH051333.1	99.451	182	182	151671	4.10e-110	342
BJJLIZOP_CDS_0037	PV191315.1	99.451	182	182	151674	4.10e-110	342
BJJLIZOP_CDS_0037	OL739525.1	99.451	182	182	151825	4.11e-110	342
BJJLIZOP_CDS_0037	OP172792.1	99.451	182	182	151993	4.11e-110	342
BJJLIZOP_CDS_0037	LR746137.1	99.451	182	182	152148	4.11e-110	342
BJJLIZOP_CDS_0037	MT944117.1	99.451	182	182	152343	4.11e-110	342
BJJLIZOP_CDS_0037	OM362897.1	99.451	182	182	152401	4.11e-110	342
BJJLIZOP_CDS_0037	JX561091.1	98.901	182	182	147737	5.38e-110	342
BJJLIZOP_CDS_0037	OR067838.1	99.451	182	182	149856	1.10e-109	341
BJJLIZOP_CDS_0037	OR352955.1	98.901	182	182	152808	1.30e-109	341
BJJLIZOP_CDS_0037	MN850565.1	98.901	182	182	150947	1.36e-109	341
BJJLIZOP_CDS_0037	MZ726793.1	98.901	182	182	151660	1.40e-109	341
BJJLIZOP_CDS_0038	OZ035771.1	100.000	114	114	144811	4.84e-73	233
BJJLIZOP_CDS_0038	OQ031492.1	100.000	114	114	149246	4.84e-73	233
BJJLIZOP_CDS_0038	KX664695.3	100.000	114	114	149268	4.84e-73	233
BJJLIZOP_CDS_0038	KX552041.2	100.000	114	114	149813	4.84e-73	233
BJJLIZOP_CDS_0038	OR067838.1	100.000	114	114	149856	4.84e-73	233
BJJLIZOP_CDS_0038	LR597654.1	100.000	114	114	150152	4.84e-73	233
BJJLIZOP_CDS_0038	MK373788.1	100.000	114	114	151194	4.84e-73	233
BJJLIZOP_CDS_0038	PQ433349.1	100.000	114	114	151245	4.84e-73	233
BJJLIZOP_CDS_0038	MN850571.1	100.000	114	114	151514	4.84e-73	233
BJJLIZOP_CDS_0038	LR746137.1	100.000	114	114	152148	4.84e-73	233
BJJLIZOP_CDS_0038	OM386667.1	100.000	114	114	156300	4.84e-73	233
BJJLIZOP_CDS_0038	OZ035743.1	100.000	114	114	142881	5.08e-73	233
BJJLIZOP_CDS_0038	PV730300.1	100.000	114	114	146712	5.08e-73	233
BJJLIZOP_CDS_0038	JX561091.1	100.000	114	114	147737	5.08e-73	233
BJJLIZOP_CDS_0038	OM386656.1	100.000	114	114	149073	5.08e-73	233
BJJLIZOP_CDS_0038	OM386659.1	100.000	114	114	149194	5.08e-73	233
BJJLIZOP_CDS_0038	OR352956.1	100.000	114	114	149254	5.08e-73	233
BJJLIZOP_CDS_0038	OZ035728.1	100.000	114	114	149471	5.08e-73	233
BJJLIZOP_CDS_0038	MH160766.1	100.000	114	114	149803	5.08e-73	233
BJJLIZOP_CDS_0038	OL631481.1	100.000	114	114	149818	5.08e-73	233
BJJLIZOP_CDS_0038	OR786310.1	100.000	114	114	149880	5.08e-73	233
BJJLIZOP_CDS_0038	PP129558.1	100.000	114	114	149967	5.08e-73	233
BJJLIZOP_CDS_0038	OR062524.1	100.000	114	114	150431	5.08e-73	233
BJJLIZOP_CDS_0038	MW175890.1	100.000	114	114	150892	5.08e-73	233
BJJLIZOP_CDS_0038	MH252123.1	100.000	114	114	150925	5.08e-73	233
BJJLIZOP_CDS_0038	MN850565.1	100.000	114	114	150947	5.08e-73	233
BJJLIZOP_CDS_0038	PQ826431.1	100.000	114	114	151106	5.08e-73	233
BJJLIZOP_CDS_0038	OP172791.1	100.000	114	114	151113	5.08e-73	233
BJJLIZOP_CDS_0038	MT496970.1	100.000	114	114	151202	5.08e-73	233
BJJLIZOP_CDS_0038	OL505078.1	100.000	114	114	151425	5.08e-73	233
BJJLIZOP_CDS_0038	MZ726793.1	100.000	114	114	151660	5.08e-73	233
BJJLIZOP_CDS_0038	MH051333.1	100.000	114	114	151671	5.08e-73	233
BJJLIZOP_CDS_0038	OL739525.1	100.000	114	114	151825	5.08e-73	233
BJJLIZOP_CDS_0038	OR062529.1	100.000	114	114	151980	5.08e-73	233
BJJLIZOP_CDS_0038	OR062526.1	100.000	114	114	151980	5.08e-73	233
BJJLIZOP_CDS_0038	OM362897.1	100.000	114	114	152401	5.08e-73	233
BJJLIZOP_CDS_0038	OR352955.1	100.000	114	114	152808	5.08e-73	233
BJJLIZOP_CDS_0038	OP595145.1	100.000	114	114	151363	5.49e-73	233
BJJLIZOP_CDS_0038	MN850648.1	99.123	114	114	149335	8.01e-73	232
BJJLIZOP_CDS_0038	OR544956.1	99.123	114	114	130723	1.30e-72	231
BJJLIZOP_CDS_0038	MN850598.1	99.123	114	114	144998	1.30e-72	231
BJJLIZOP_CDS_0038	OR437326.1	99.123	114	114	148445	1.30e-72	231
BJJLIZOP_CDS_0038	MN850618.1	99.123	114	114	150473	1.30e-72	231
BJJLIZOP_CDS_0038	PV191315.1	99.123	114	114	151674	1.30e-72	231
BJJLIZOP_CDS_0038	OP172792.1	99.123	114	114	151993	1.30e-72	231
BJJLIZOP_CDS_0038	MT944117.1	99.123	114	114	152343	1.30e-72	231
BJJLIZOP_CDS_0039	PQ433349.1	100.000	333	333	151245	0.0	692
BJJLIZOP_CDS_0039	OZ035743.1	100.000	333	333	142881	0.0	692
BJJLIZOP_CDS_0039	OM386667.1	100.000	333	333	156300	0.0	692
BJJLIZOP_CDS_0039	OM386656.1	100.000	333	333	149073	0.0	692
BJJLIZOP_CDS_0039	MK373788.1	100.000	333	333	151194	0.0	692
BJJLIZOP_CDS_0039	MH160766.1	100.000	333	333	149803	0.0	692
BJJLIZOP_CDS_0039	MH051333.1	100.000	333	333	151671	0.0	692
BJJLIZOP_CDS_0039	LR597654.1	100.000	333	333	150152	0.0	692
BJJLIZOP_CDS_0039	KX664695.3	100.000	333	333	149268	0.0	692
BJJLIZOP_CDS_0039	KX552041.2	100.000	333	333	149813	0.0	692
BJJLIZOP_CDS_0039	PV191315.1	99.700	333	333	151674	0.0	689
BJJLIZOP_CDS_0039	PP129558.1	99.700	333	333	149967	0.0	689
BJJLIZOP_CDS_0039	OZ035771.1	99.700	333	333	144811	0.0	689
BJJLIZOP_CDS_0039	OR544956.1	99.700	333	333	130723	0.0	689
BJJLIZOP_CDS_0039	OR352956.1	99.700	333	333	149254	0.0	689
BJJLIZOP_CDS_0039	OR352955.1	99.700	333	333	152808	0.0	689
BJJLIZOP_CDS_0039	OR067838.1	99.700	333	333	149856	0.0	689
BJJLIZOP_CDS_0039	OR062529.1	99.700	333	333	151980	0.0	689
BJJLIZOP_CDS_0039	OR062526.1	99.700	333	333	151980	0.0	689
BJJLIZOP_CDS_0039	OR062524.1	99.700	333	333	150431	0.0	689
BJJLIZOP_CDS_0039	OQ031492.1	99.700	333	333	149246	0.0	689
BJJLIZOP_CDS_0039	OP595145.1	99.700	333	333	151363	0.0	689
BJJLIZOP_CDS_0039	OP172792.1	99.700	333	333	151993	0.0	689
BJJLIZOP_CDS_0039	OM386659.1	99.700	333	333	149194	0.0	689
BJJLIZOP_CDS_0039	OM362897.1	99.700	333	333	152401	0.0	689
BJJLIZOP_CDS_0039	OL631481.1	99.700	333	333	149818	0.0	689
BJJLIZOP_CDS_0039	OL505078.1	99.700	333	333	151425	0.0	689
BJJLIZOP_CDS_0039	MZ726793.1	99.700	333	333	151660	0.0	689
BJJLIZOP_CDS_0039	MW175890.1	99.700	333	333	150892	0.0	689
BJJLIZOP_CDS_0039	MT944117.1	99.700	333	333	152343	0.0	689
BJJLIZOP_CDS_0039	MT496970.1	99.700	333	333	151202	0.0	689
BJJLIZOP_CDS_0039	MN850618.1	99.700	333	333	150473	0.0	689
BJJLIZOP_CDS_0039	MN850598.1	99.700	333	333	144998	0.0	689
BJJLIZOP_CDS_0039	MN850565.1	99.700	333	333	150947	0.0	689
BJJLIZOP_CDS_0039	MH252123.1	99.700	333	333	150925	0.0	689
BJJLIZOP_CDS_0039	LR746137.1	99.700	333	333	152148	0.0	689
BJJLIZOP_CDS_0039	JX561091.1	99.700	333	333	147737	0.0	689
BJJLIZOP_CDS_0039	MN850571.1	99.399	333	333	151514	0.0	687
BJJLIZOP_CDS_0039	PV730300.1	99.099	333	333	146712	0.0	687
BJJLIZOP_CDS_0039	PQ826431.1	99.099	333	333	151106	0.0	687
BJJLIZOP_CDS_0039	OR786310.1	99.099	333	333	149880	0.0	687
BJJLIZOP_CDS_0039	OP172791.1	99.099	333	333	151113	0.0	687
BJJLIZOP_CDS_0039	OL739525.1	99.099	333	333	151825	0.0	687
BJJLIZOP_CDS_0039	MN850648.1	99.099	333	333	149335	0.0	687
BJJLIZOP_CDS_0039	OR437326.1	99.399	333	333	148445	0.0	686
BJJLIZOP_CDS_0039	OZ035728.1	99.099	333	333	149471	0.0	686
BJJLIZOP_CDS_0040	OZ035743.1	100.000	132	132	142881	7.59e-69	222
BJJLIZOP_CDS_0040	OZ035771.1	100.000	132	132	144811	7.59e-69	222
BJJLIZOP_CDS_0040	PV730300.1	100.000	132	132	146712	7.59e-69	222
BJJLIZOP_CDS_0040	JX561091.1	100.000	132	132	147737	7.59e-69	222
BJJLIZOP_CDS_0040	OR437326.1	100.000	132	132	148445	7.59e-69	222
BJJLIZOP_CDS_0040	OM386656.1	100.000	132	132	149073	7.59e-69	222
BJJLIZOP_CDS_0040	OM386659.1	100.000	132	132	149194	7.59e-69	222
BJJLIZOP_CDS_0040	OR352956.1	100.000	132	132	149254	7.59e-69	222
BJJLIZOP_CDS_0040	KX664695.3	100.000	132	132	149268	7.59e-69	222
BJJLIZOP_CDS_0040	OZ035728.1	100.000	132	132	149471	7.59e-69	222
BJJLIZOP_CDS_0040	MH160766.1	100.000	132	132	149803	7.59e-69	222
BJJLIZOP_CDS_0040	KX552041.2	100.000	132	132	149813	7.59e-69	222
BJJLIZOP_CDS_0040	OL631481.1	100.000	132	132	149818	7.59e-69	222
BJJLIZOP_CDS_0040	PP129558.1	100.000	132	132	149967	7.59e-69	222
BJJLIZOP_CDS_0040	LR597654.1	100.000	132	132	150152	7.59e-69	222
BJJLIZOP_CDS_0040	OR062524.1	100.000	132	132	150431	7.59e-69	222
BJJLIZOP_CDS_0040	MW175890.1	100.000	132	132	150892	7.59e-69	222
BJJLIZOP_CDS_0040	MH252123.1	100.000	132	132	150925	7.59e-69	222
BJJLIZOP_CDS_0040	MN850565.1	100.000	132	132	150947	7.59e-69	222
BJJLIZOP_CDS_0040	OP172791.1	100.000	132	132	151113	7.59e-69	222
BJJLIZOP_CDS_0040	MK373788.1	100.000	132	132	151194	7.59e-69	222
BJJLIZOP_CDS_0040	MT496970.1	100.000	132	132	151202	7.59e-69	222
BJJLIZOP_CDS_0040	PQ433349.1	100.000	132	132	151245	7.59e-69	222
BJJLIZOP_CDS_0040	OP595145.1	100.000	132	132	151363	7.59e-69	222
BJJLIZOP_CDS_0040	OL505078.1	100.000	132	132	151425	7.59e-69	222
BJJLIZOP_CDS_0040	MH051333.1	100.000	132	132	151671	7.59e-69	222
BJJLIZOP_CDS_0040	PV191315.1	100.000	132	132	151674	7.59e-69	222
BJJLIZOP_CDS_0040	OR062529.1	100.000	132	132	151980	7.59e-69	222
BJJLIZOP_CDS_0040	OR062526.1	100.000	132	132	151980	7.59e-69	222
BJJLIZOP_CDS_0040	OP172792.1	100.000	132	132	151993	7.59e-69	222
BJJLIZOP_CDS_0040	LR746137.1	100.000	132	132	152148	7.59e-69	222
BJJLIZOP_CDS_0040	MT944117.1	100.000	132	132	152343	7.59e-69	222
BJJLIZOP_CDS_0040	OM362897.1	100.000	132	132	152401	7.59e-69	222
BJJLIZOP_CDS_0040	OR352955.1	100.000	132	132	152808	7.59e-69	222
BJJLIZOP_CDS_0040	OM386667.1	100.000	132	132	156300	7.59e-69	222
BJJLIZOP_CDS_0040	OR544956.1	99.242	132	132	130723	1.92e-68	221
BJJLIZOP_CDS_0040	MN850598.1	99.242	132	132	144998	1.92e-68	221
BJJLIZOP_CDS_0040	OQ031492.1	99.242	132	132	149246	1.92e-68	221
BJJLIZOP_CDS_0040	MN850618.1	99.242	132	132	150473	1.92e-68	221
BJJLIZOP_CDS_0040	MZ726793.1	99.242	132	132	151660	1.92e-68	221
BJJLIZOP_CDS_0040	MN850648.1	99.242	132	132	149335	1.98e-68	221
BJJLIZOP_CDS_0040	OR786310.1	99.242	132	132	149880	1.98e-68	221
BJJLIZOP_CDS_0040	PQ826431.1	99.242	132	132	151106	1.98e-68	221
BJJLIZOP_CDS_0040	OL739525.1	99.242	132	132	151825	1.98e-68	221
BJJLIZOP_CDS_0040	OR067838.1	99.029	103	132	149856	5.10e-55	162
BJJLIZOP_CDS_0040	OR067838.1	100.000	31	132	149856	5.10e-55	66.6
BJJLIZOP_CDS_0040	MN850571.1	100.000	67	132	151514	2.09e-37	132
BJJLIZOP_CDS_0040	MN850571.1	100.000	48	132	151514	2.08e-26	100
BJJLIZOP_CDS_0041	PV730300.1	100.000	359	371	146712	0.0	640
BJJLIZOP_CDS_0041	PQ826431.1	100.000	359	371	151106	0.0	640
BJJLIZOP_CDS_0041	PQ433349.1	100.000	359	371	151245	0.0	640
BJJLIZOP_CDS_0041	PP129558.1	100.000	359	371	149967	0.0	640
BJJLIZOP_CDS_0041	OR786310.1	100.000	359	371	149880	0.0	640
BJJLIZOP_CDS_0041	OR544956.1	100.000	359	371	130723	0.0	640
BJJLIZOP_CDS_0041	OR437326.1	100.000	359	371	148445	0.0	640
BJJLIZOP_CDS_0041	OR352956.1	100.000	359	371	149254	0.0	640
BJJLIZOP_CDS_0041	OR352955.1	100.000	359	371	152808	0.0	640
BJJLIZOP_CDS_0041	OR062529.1	100.000	359	371	151980	0.0	640
BJJLIZOP_CDS_0041	OR062526.1	100.000	359	371	151980	0.0	640
BJJLIZOP_CDS_0041	OR062524.1	100.000	359	371	150431	0.0	640
BJJLIZOP_CDS_0041	OQ031492.1	100.000	359	371	149246	0.0	640
BJJLIZOP_CDS_0041	OP595145.1	100.000	359	371	151363	0.0	640
BJJLIZOP_CDS_0041	OP172792.1	100.000	359	371	151993	0.0	640
BJJLIZOP_CDS_0041	OP172791.1	100.000	359	371	151113	0.0	640
BJJLIZOP_CDS_0041	OM386659.1	100.000	359	371	149194	0.0	640
BJJLIZOP_CDS_0041	OM362897.1	100.000	359	371	152401	0.0	640
BJJLIZOP_CDS_0041	OL739525.1	100.000	359	371	151825	0.0	640
BJJLIZOP_CDS_0041	OL631481.1	100.000	359	371	149818	0.0	640
BJJLIZOP_CDS_0041	OL505078.1	100.000	359	371	151425	0.0	640
BJJLIZOP_CDS_0041	MZ726793.1	100.000	359	371	151660	0.0	640
BJJLIZOP_CDS_0041	MW175890.1	100.000	359	371	150892	0.0	640
BJJLIZOP_CDS_0041	MT944117.1	100.000	359	371	152343	0.0	640
BJJLIZOP_CDS_0041	MT496970.1	100.000	359	371	151202	0.0	640
BJJLIZOP_CDS_0041	MN850648.1	100.000	359	371	149335	0.0	640
BJJLIZOP_CDS_0041	MN850618.1	100.000	359	371	150473	0.0	640
BJJLIZOP_CDS_0041	MN850598.1	100.000	359	371	144998	0.0	640
BJJLIZOP_CDS_0041	MH252123.1	100.000	359	371	150925	0.0	640
BJJLIZOP_CDS_0041	MH160766.1	100.000	359	371	149803	0.0	640
BJJLIZOP_CDS_0041	MH051333.1	100.000	359	371	151671	0.0	640
BJJLIZOP_CDS_0041	LR746137.1	100.000	359	371	152148	0.0	640
BJJLIZOP_CDS_0041	JX561091.1	100.000	359	371	147737	0.0	640
BJJLIZOP_CDS_0041	MN850565.1	99.721	359	371	150947	0.0	639
BJJLIZOP_CDS_0041	PV191315.1	99.721	359	371	151674	0.0	638
BJJLIZOP_CDS_0041	OZ035771.1	99.721	359	371	144811	0.0	638
BJJLIZOP_CDS_0041	OZ035743.1	99.721	359	371	142881	0.0	638
BJJLIZOP_CDS_0041	OZ035728.1	99.721	359	371	149471	0.0	638
BJJLIZOP_CDS_0041	OR067838.1	99.721	359	371	149856	0.0	638
BJJLIZOP_CDS_0041	OM386667.1	99.721	359	371	156300	0.0	638
BJJLIZOP_CDS_0041	OM386656.1	99.721	359	371	149073	0.0	638
BJJLIZOP_CDS_0041	MN850571.1	99.721	359	371	151514	0.0	638
BJJLIZOP_CDS_0041	MK373788.1	99.721	359	371	151194	0.0	638
BJJLIZOP_CDS_0041	LR597654.1	99.721	359	371	150152	0.0	638
BJJLIZOP_CDS_0041	KX664695.3	99.721	359	371	149268	0.0	638
BJJLIZOP_CDS_0041	KX552041.2	99.721	359	371	149813	0.0	638
BJJLIZOP_CDS_0042	OR544956.1	100.000	159	159	130723	3.95e-105	327
BJJLIZOP_CDS_0042	OZ035743.1	100.000	159	159	142881	3.95e-105	327
BJJLIZOP_CDS_0042	OZ035771.1	100.000	159	159	144811	3.95e-105	327
BJJLIZOP_CDS_0042	MN850598.1	100.000	159	159	144998	3.95e-105	327
BJJLIZOP_CDS_0042	PV730300.1	100.000	159	159	146712	3.95e-105	327
BJJLIZOP_CDS_0042	JX561091.1	100.000	159	159	147737	3.95e-105	327
BJJLIZOP_CDS_0042	OR437326.1	100.000	159	159	148445	3.95e-105	327
BJJLIZOP_CDS_0042	OM386656.1	100.000	159	159	149073	3.95e-105	327
BJJLIZOP_CDS_0042	OM386659.1	100.000	159	159	149194	3.95e-105	327
BJJLIZOP_CDS_0042	OQ031492.1	100.000	159	159	149246	3.95e-105	327
BJJLIZOP_CDS_0042	OR352956.1	100.000	159	159	149254	3.95e-105	327
BJJLIZOP_CDS_0042	KX664695.3	100.000	159	159	149268	3.95e-105	327
BJJLIZOP_CDS_0042	MH160766.1	100.000	159	159	149803	3.95e-105	327
BJJLIZOP_CDS_0042	KX552041.2	100.000	159	159	149813	3.95e-105	327
BJJLIZOP_CDS_0042	OL631481.1	100.000	159	159	149818	3.95e-105	327
BJJLIZOP_CDS_0042	OR067838.1	100.000	159	159	149856	3.95e-105	327
BJJLIZOP_CDS_0042	PP129558.1	100.000	159	159	149967	3.95e-105	327
BJJLIZOP_CDS_0042	LR597654.1	100.000	159	159	150152	3.95e-105	327
BJJLIZOP_CDS_0042	OR062524.1	100.000	159	159	150431	3.95e-105	327
BJJLIZOP_CDS_0042	MN850618.1	100.000	159	159	150473	3.95e-105	327
BJJLIZOP_CDS_0042	MW175890.1	100.000	159	159	150892	3.95e-105	327
BJJLIZOP_CDS_0042	MH252123.1	100.000	159	159	150925	3.95e-105	327
BJJLIZOP_CDS_0042	MN850565.1	100.000	159	159	150947	3.95e-105	327
BJJLIZOP_CDS_0042	MK373788.1	100.000	159	159	151194	3.95e-105	327
BJJLIZOP_CDS_0042	MT496970.1	100.000	159	159	151202	3.95e-105	327
BJJLIZOP_CDS_0042	PQ433349.1	100.000	159	159	151245	3.95e-105	327
BJJLIZOP_CDS_0042	OP595145.1	100.000	159	159	151363	3.95e-105	327
BJJLIZOP_CDS_0042	MN850571.1	100.000	159	159	151514	3.95e-105	327
BJJLIZOP_CDS_0042	MZ726793.1	100.000	159	159	151660	3.95e-105	327
BJJLIZOP_CDS_0042	MH051333.1	100.000	159	159	151671	3.95e-105	327
BJJLIZOP_CDS_0042	PV191315.1	100.000	159	159	151674	3.95e-105	327
BJJLIZOP_CDS_0042	OR062529.1	100.000	159	159	151980	3.95e-105	327
BJJLIZOP_CDS_0042	OR062526.1	100.000	159	159	151980	3.95e-105	327
BJJLIZOP_CDS_0042	LR746137.1	100.000	159	159	152148	3.95e-105	327
BJJLIZOP_CDS_0042	MT944117.1	100.000	159	159	152343	3.95e-105	327
BJJLIZOP_CDS_0042	OM362897.1	100.000	159	159	152401	3.95e-105	327
BJJLIZOP_CDS_0042	OR352955.1	100.000	159	159	152808	3.95e-105	327
BJJLIZOP_CDS_0042	OM386667.1	100.000	159	159	156300	3.95e-105	327
BJJLIZOP_CDS_0042	MN850648.1	99.371	159	159	149335	7.85e-105	326
BJJLIZOP_CDS_0042	OZ035728.1	99.371	159	159	149471	7.85e-105	326
BJJLIZOP_CDS_0042	OR786310.1	99.371	159	159	149880	7.85e-105	326
BJJLIZOP_CDS_0042	PQ826431.1	99.371	159	159	151106	7.85e-105	326
BJJLIZOP_CDS_0042	OP172791.1	99.371	159	159	151113	7.85e-105	326
BJJLIZOP_CDS_0042	OL505078.1	99.371	159	159	151425	7.85e-105	326
BJJLIZOP_CDS_0042	OL739525.1	99.371	159	159	151825	7.85e-105	326
BJJLIZOP_CDS_0042	OP172792.1	99.371	159	159	151993	7.85e-105	326
BJJLIZOP_CDS_0043	PQ433349.1	100.000	521	521	151245	0.0	1071
BJJLIZOP_CDS_0043	OR067838.1	100.000	521	521	149856	0.0	1071
BJJLIZOP_CDS_0043	OR062529.1	100.000	521	521	151980	0.0	1071
BJJLIZOP_CDS_0043	OR062526.1	100.000	521	521	151980	0.0	1071
BJJLIZOP_CDS_0043	OR062524.1	100.000	521	521	150431	0.0	1071
BJJLIZOP_CDS_0043	OP595145.1	100.000	521	521	151363	0.0	1071
BJJLIZOP_CDS_0043	OM386667.1	100.000	521	521	156300	0.0	1071
BJJLIZOP_CDS_0043	KX664695.3	100.000	521	521	149268	0.0	1071
BJJLIZOP_CDS_0043	PV730300.1	99.808	521	521	146712	0.0	1071
BJJLIZOP_CDS_0043	PV191315.1	99.808	521	521	151674	0.0	1071
BJJLIZOP_CDS_0043	PP129558.1	99.808	521	521	149967	0.0	1071
BJJLIZOP_CDS_0043	OZ035743.1	99.808	521	521	142881	0.0	1071
BJJLIZOP_CDS_0043	OZ035728.1	99.808	521	521	149471	0.0	1071
BJJLIZOP_CDS_0043	OR786310.1	99.808	521	521	149880	0.0	1071
BJJLIZOP_CDS_0043	OR544956.1	99.808	521	521	130723	0.0	1071
BJJLIZOP_CDS_0043	OR437326.1	99.808	521	521	148445	0.0	1071
BJJLIZOP_CDS_0043	OR352956.1	99.808	521	521	149254	0.0	1071
BJJLIZOP_CDS_0043	OR352955.1	99.808	521	521	152808	0.0	1071
BJJLIZOP_CDS_0043	OQ031492.1	99.808	521	521	149246	0.0	1071
BJJLIZOP_CDS_0043	OP172792.1	99.808	521	521	151993	0.0	1071
BJJLIZOP_CDS_0043	OP172791.1	99.808	521	521	151113	0.0	1071
BJJLIZOP_CDS_0043	OM386659.1	99.808	521	521	149194	0.0	1071
BJJLIZOP_CDS_0043	OM386656.1	99.808	521	521	149073	0.0	1071
BJJLIZOP_CDS_0043	OL739525.1	99.808	521	521	151825	0.0	1071
BJJLIZOP_CDS_0043	OL631481.1	99.808	521	521	149818	0.0	1071
BJJLIZOP_CDS_0043	OL505078.1	99.808	521	521	151425	0.0	1071
BJJLIZOP_CDS_0043	MZ726793.1	99.808	521	521	151660	0.0	1071
BJJLIZOP_CDS_0043	MW175890.1	99.808	521	521	150892	0.0	1071
BJJLIZOP_CDS_0043	MT944117.1	99.808	521	521	152343	0.0	1071
BJJLIZOP_CDS_0043	MT496970.1	99.808	521	521	151202	0.0	1071
BJJLIZOP_CDS_0043	MN850648.1	99.808	521	521	149335	0.0	1071
BJJLIZOP_CDS_0043	MN850618.1	99.808	521	521	150473	0.0	1071
BJJLIZOP_CDS_0043	MN850598.1	99.808	521	521	144998	0.0	1071
BJJLIZOP_CDS_0043	MN850571.1	99.808	521	521	151514	0.0	1071
BJJLIZOP_CDS_0043	MN850565.1	99.808	521	521	150947	0.0	1071
BJJLIZOP_CDS_0043	MK373788.1	99.808	521	521	151194	0.0	1071
BJJLIZOP_CDS_0043	MH252123.1	99.808	521	521	150925	0.0	1071
BJJLIZOP_CDS_0043	MH160766.1	99.808	521	521	149803	0.0	1071
BJJLIZOP_CDS_0043	MH051333.1	99.808	521	521	151671	0.0	1071
BJJLIZOP_CDS_0043	LR597654.1	99.808	521	521	150152	0.0	1071
BJJLIZOP_CDS_0043	KX552041.2	99.808	521	521	149813	0.0	1071
BJJLIZOP_CDS_0043	OZ035771.1	99.808	521	521	144811	0.0	1070
BJJLIZOP_CDS_0043	OM362897.1	99.616	521	521	152401	0.0	1068
BJJLIZOP_CDS_0043	JX561091.1	99.424	521	521	147737	0.0	1068
BJJLIZOP_CDS_0043	PQ826431.1	99.616	521	521	151106	0.0	1067
BJJLIZOP_CDS_0043	LR746137.1	99.232	521	521	152148	0.0	1066
BJJLIZOP_CDS_0044	PQ433349.1	100.000	691	691	151245	0.0	1400
BJJLIZOP_CDS_0044	OZ035771.1	100.000	691	691	144811	0.0	1400
BJJLIZOP_CDS_0044	OL631481.1	100.000	691	691	149818	0.0	1400
BJJLIZOP_CDS_0044	LR746137.1	100.000	691	691	152148	0.0	1400
BJJLIZOP_CDS_0044	MN850565.1	99.855	691	691	150947	0.0	1400
BJJLIZOP_CDS_0044	JX561091.1	99.855	691	691	147737	0.0	1400
BJJLIZOP_CDS_0044	MK373788.1	99.855	691	691	151194	0.0	1399
BJJLIZOP_CDS_0044	PV730300.1	99.855	691	691	146712	0.0	1399
BJJLIZOP_CDS_0044	PV191315.1	99.855	691	691	151674	0.0	1399
BJJLIZOP_CDS_0044	PQ826431.1	99.855	691	691	151106	0.0	1399
BJJLIZOP_CDS_0044	PP129558.1	99.855	691	691	149967	0.0	1399
BJJLIZOP_CDS_0044	OZ035743.1	99.855	691	691	142881	0.0	1399
BJJLIZOP_CDS_0044	OZ035728.1	99.855	691	691	149471	0.0	1399
BJJLIZOP_CDS_0044	OR786310.1	99.855	691	691	149880	0.0	1399
BJJLIZOP_CDS_0044	OR544956.1	99.855	691	691	130723	0.0	1399
BJJLIZOP_CDS_0044	OR437326.1	99.855	691	691	148445	0.0	1399
BJJLIZOP_CDS_0044	OR062529.1	99.855	691	691	151980	0.0	1399
BJJLIZOP_CDS_0044	OR062526.1	99.855	691	691	151980	0.0	1399
BJJLIZOP_CDS_0044	OR062524.1	99.855	691	691	150431	0.0	1399
BJJLIZOP_CDS_0044	OQ031492.1	99.855	691	691	149246	0.0	1399
BJJLIZOP_CDS_0044	OP595145.1	99.855	691	691	151363	0.0	1399
BJJLIZOP_CDS_0044	OP172792.1	99.855	691	691	151993	0.0	1399
BJJLIZOP_CDS_0044	OP172791.1	99.855	691	691	151113	0.0	1399
BJJLIZOP_CDS_0044	OM386659.1	99.855	691	691	149194	0.0	1399
BJJLIZOP_CDS_0044	OM386656.1	99.855	691	691	149073	0.0	1399
BJJLIZOP_CDS_0044	OM362897.1	99.855	691	691	152401	0.0	1399
BJJLIZOP_CDS_0044	OL739525.1	99.855	691	691	151825	0.0	1399
BJJLIZOP_CDS_0044	OL505078.1	99.855	691	691	151425	0.0	1399
BJJLIZOP_CDS_0044	MZ726793.1	99.855	691	691	151660	0.0	1399
BJJLIZOP_CDS_0044	MT944117.1	99.855	691	691	152343	0.0	1399
BJJLIZOP_CDS_0044	MT496970.1	99.855	691	691	151202	0.0	1399
BJJLIZOP_CDS_0044	MN850648.1	99.855	691	691	149335	0.0	1399
BJJLIZOP_CDS_0044	MN850618.1	99.855	691	691	150473	0.0	1399
BJJLIZOP_CDS_0044	MN850598.1	99.855	691	691	144998	0.0	1399
BJJLIZOP_CDS_0044	MH160766.1	99.855	691	691	149803	0.0	1399
BJJLIZOP_CDS_0044	MH051333.1	99.855	691	691	151671	0.0	1399
BJJLIZOP_CDS_0044	LR597654.1	99.855	691	691	150152	0.0	1399
BJJLIZOP_CDS_0044	KX552041.2	99.855	691	691	149813	0.0	1399
BJJLIZOP_CDS_0044	MW175890.1	99.711	691	691	150892	0.0	1398
BJJLIZOP_CDS_0044	OM386667.1	99.711	691	691	156300	0.0	1397
BJJLIZOP_CDS_0044	MH252123.1	99.711	691	691	150925	0.0	1397
BJJLIZOP_CDS_0044	KX664695.3	99.711	691	691	149268	0.0	1397
BJJLIZOP_CDS_0044	OR067838.1	99.711	691	691	149856	0.0	1396
BJJLIZOP_CDS_0044	OR352956.1	100.000	582	691	149254	0.0	1177
BJJLIZOP_CDS_0044	OR352956.1	100.000	108	691	149254	3.56e-62	224
BJJLIZOP_CDS_0044	OR352955.1	100.000	494	691	152808	0.0	1007
BJJLIZOP_CDS_0044	OR352955.1	99.492	197	691	152808	8.20e-120	393
BJJLIZOP_CDS_0044	MN850571.1	100.000	411	691	151514	0.0	814
BJJLIZOP_CDS_0044	MN850571.1	100.000	280	691	151514	0.0	585
BJJLIZOP_CDS_0045	OR544956.1	100.000	114	114	130723	6.60e-73	233
BJJLIZOP_CDS_0045	OZ035743.1	100.000	114	114	142881	6.60e-73	233
BJJLIZOP_CDS_0045	OZ035771.1	100.000	114	114	144811	6.60e-73	233
BJJLIZOP_CDS_0045	MN850598.1	100.000	114	114	144998	6.60e-73	233
BJJLIZOP_CDS_0045	PV730300.1	100.000	114	114	146712	6.60e-73	233
BJJLIZOP_CDS_0045	JX561091.1	100.000	114	114	147737	6.60e-73	233
BJJLIZOP_CDS_0045	OR437326.1	100.000	114	114	148445	6.60e-73	233
BJJLIZOP_CDS_0045	OM386656.1	100.000	114	114	149073	6.60e-73	233
BJJLIZOP_CDS_0045	OM386659.1	100.000	114	114	149194	6.60e-73	233
BJJLIZOP_CDS_0045	OQ031492.1	100.000	114	114	149246	6.60e-73	233
BJJLIZOP_CDS_0045	OR352956.1	100.000	114	114	149254	6.60e-73	233
BJJLIZOP_CDS_0045	MN850648.1	100.000	114	114	149335	6.60e-73	233
BJJLIZOP_CDS_0045	OZ035728.1	100.000	114	114	149471	6.60e-73	233
BJJLIZOP_CDS_0045	MH160766.1	100.000	114	114	149803	6.60e-73	233
BJJLIZOP_CDS_0045	KX552041.2	100.000	114	114	149813	6.60e-73	233
BJJLIZOP_CDS_0045	OR067838.1	100.000	114	114	149856	6.60e-73	233
BJJLIZOP_CDS_0045	PP129558.1	100.000	114	114	149967	6.60e-73	233
BJJLIZOP_CDS_0045	OR062524.1	100.000	114	114	150431	6.60e-73	233
BJJLIZOP_CDS_0045	MN850618.1	100.000	114	114	150473	6.60e-73	233
BJJLIZOP_CDS_0045	OP172791.1	100.000	114	114	151113	6.60e-73	233
BJJLIZOP_CDS_0045	OL505078.1	100.000	114	114	151425	6.60e-73	233
BJJLIZOP_CDS_0045	MZ726793.1	100.000	114	114	151660	6.60e-73	233
BJJLIZOP_CDS_0045	MH051333.1	100.000	114	114	151671	6.60e-73	233
BJJLIZOP_CDS_0045	PV191315.1	100.000	114	114	151674	6.60e-73	233
BJJLIZOP_CDS_0045	OR062529.1	100.000	114	114	151980	6.60e-73	233
BJJLIZOP_CDS_0045	OR062526.1	100.000	114	114	151980	6.60e-73	233
BJJLIZOP_CDS_0045	OP172792.1	100.000	114	114	151993	6.60e-73	233
BJJLIZOP_CDS_0045	LR746137.1	100.000	114	114	152148	6.60e-73	233
BJJLIZOP_CDS_0045	MT944117.1	100.000	114	114	152343	6.60e-73	233
BJJLIZOP_CDS_0045	OM362897.1	100.000	114	114	152401	6.60e-73	233
BJJLIZOP_CDS_0045	OR352955.1	100.000	114	114	152808	6.60e-73	233
BJJLIZOP_CDS_0045	MT496970.1	99.123	114	114	151202	1.41e-72	231
BJJLIZOP_CDS_0045	MN850571.1	99.123	114	114	151514	1.41e-72	231
BJJLIZOP_CDS_0045	LR597654.1	99.123	114	114	150152	1.84e-72	231
BJJLIZOP_CDS_0045	PQ826431.1	99.123	114	114	151106	1.84e-72	231
BJJLIZOP_CDS_0045	OL739525.1	99.123	114	114	151825	1.84e-72	231
BJJLIZOP_CDS_0045	PQ433349.1	99.123	114	114	151245	2.64e-72	231
BJJLIZOP_CDS_0045	MW175890.1	99.123	114	114	150892	2.74e-72	231
BJJLIZOP_CDS_0045	MN850565.1	99.123	114	114	150947	2.74e-72	231
BJJLIZOP_CDS_0045	OP595145.1	99.123	114	114	151363	3.20e-72	230
BJJLIZOP_CDS_0045	OR786310.1	100.000	113	114	149880	4.16e-72	230
BJJLIZOP_CDS_0045	OL631481.1	98.246	114	114	149818	7.96e-72	229
BJJLIZOP_CDS_0045	MK373788.1	98.246	114	114	151194	7.96e-72	229
BJJLIZOP_CDS_0045	MH252123.1	98.246	114	114	150925	1.04e-71	229
BJJLIZOP_CDS_0045	KX664695.3	98.246	114	114	149268	2.57e-71	228
BJJLIZOP_CDS_0045	OM386667.1	98.246	114	114	156300	2.57e-71	228
BJJLIZOP_CDS_0046	OR352956.1	100.000	44	55	149254	9.18e-24	89.4
BJJLIZOP_CDS_0046	KX664695.3	100.000	44	55	149268	9.18e-24	89.4
BJJLIZOP_CDS_0046	OR067838.1	100.000	44	55	149856	9.18e-24	89.4
BJJLIZOP_CDS_0046	PQ433349.1	100.000	44	55	151245	9.18e-24	89.4
BJJLIZOP_CDS_0046	OM386667.1	100.000	44	55	156300	9.18e-24	89.4
BJJLIZOP_CDS_0046	OM386656.1	95.455	44	55	149073	3.15e-22	85.1
BJJLIZOP_CDS_0046	MH160766.1	95.455	44	55	149803	3.15e-22	85.1
BJJLIZOP_CDS_0046	KX552041.2	95.455	44	55	149813	3.15e-22	85.1
BJJLIZOP_CDS_0046	OL631481.1	95.455	44	55	149818	3.15e-22	85.1
BJJLIZOP_CDS_0046	OR062524.1	95.455	44	55	150431	3.15e-22	85.1
BJJLIZOP_CDS_0046	MW175890.1	95.455	44	55	150892	3.15e-22	85.1
BJJLIZOP_CDS_0046	MH252123.1	95.455	44	55	150925	3.15e-22	85.1
BJJLIZOP_CDS_0046	MN850571.1	95.455	44	55	151514	3.15e-22	85.1
BJJLIZOP_CDS_0046	MH051333.1	95.455	44	55	151671	3.15e-22	85.1
BJJLIZOP_CDS_0046	OR062529.1	95.455	44	55	151980	3.15e-22	85.1
BJJLIZOP_CDS_0046	OR062526.1	95.455	44	55	151980	3.15e-22	85.1
BJJLIZOP_CDS_0046	OR352955.1	95.455	44	55	152808	3.15e-22	85.1
BJJLIZOP_CDS_0046	LR746137.1	95.455	44	55	152148	3.21e-22	85.1
BJJLIZOP_CDS_0046	LR597654.1	95.455	44	55	150152	5.28e-22	84.3
BJJLIZOP_CDS_0046	OR544956.1	93.182	44	55	130723	2.54e-21	82.4
BJJLIZOP_CDS_0046	MN850598.1	93.182	44	55	144998	2.54e-21	82.4
BJJLIZOP_CDS_0046	JX561091.1	93.182	44	55	147737	2.54e-21	82.4
BJJLIZOP_CDS_0046	OR437326.1	93.182	44	55	148445	2.54e-21	82.4
BJJLIZOP_CDS_0046	OQ031492.1	93.182	44	55	149246	2.54e-21	82.4
BJJLIZOP_CDS_0046	OR786310.1	93.182	44	55	149880	2.54e-21	82.4
BJJLIZOP_CDS_0046	PP129558.1	93.182	44	55	149967	2.54e-21	82.4
BJJLIZOP_CDS_0046	MN850618.1	93.182	44	55	150473	2.54e-21	82.4
BJJLIZOP_CDS_0046	PQ826431.1	93.182	44	55	151106	2.54e-21	82.4
BJJLIZOP_CDS_0046	OP172791.1	93.182	44	55	151113	2.54e-21	82.4
BJJLIZOP_CDS_0046	OL505078.1	93.182	44	55	151425	2.54e-21	82.4
BJJLIZOP_CDS_0046	MZ726793.1	93.182	44	55	151660	2.54e-21	82.4
BJJLIZOP_CDS_0046	PV191315.1	93.182	44	55	151674	2.54e-21	82.4
BJJLIZOP_CDS_0046	MT944117.1	93.182	44	55	152343	2.54e-21	82.4
BJJLIZOP_CDS_0046	OM362897.1	93.182	44	55	152401	2.54e-21	82.4
BJJLIZOP_CDS_0046	OZ035743.1	90.909	44	55	142881	9.55e-21	80.9
BJJLIZOP_CDS_0046	OP595145.1	90.909	44	55	151363	9.55e-21	80.9
BJJLIZOP_CDS_0046	OM386659.1	90.909	44	55	149194	1.47e-20	80.1
BJJLIZOP_CDS_0046	OZ035728.1	90.909	44	55	149471	1.47e-20	80.1
BJJLIZOP_CDS_0046	MT496970.1	90.909	44	55	151202	1.47e-20	80.1
BJJLIZOP_CDS_0046	MN850648.1	90.909	44	55	149335	1.51e-20	80.1
BJJLIZOP_CDS_0046	PV730300.1	90.909	44	55	146712	2.36e-20	79.7
BJJLIZOP_CDS_0046	MN850565.1	90.909	44	55	150947	2.36e-20	79.7
BJJLIZOP_CDS_0046	OP172792.1	90.909	44	55	151993	2.36e-20	79.7
BJJLIZOP_CDS_0046	MK373788.1	88.636	44	55	151194	4.12e-20	79.0
BJJLIZOP_CDS_0046	OL739525.1	88.636	44	55	151825	1.22e-19	77.8
BJJLIZOP_CDS_0046	OZ035771.1	97.727	44	55	144811	9.35e-16	66.6
BJJLIZOP_CDS_0047	OR352956.1	100.000	29	29	149254	7.63e-14	59.7
BJJLIZOP_CDS_0047	OR067838.1	100.000	29	29	149856	7.70e-14	59.7
BJJLIZOP_CDS_0047	LR746137.1	100.000	29	29	152148	8.09e-14	59.7
BJJLIZOP_CDS_0047	MK373788.1	100.000	29	29	151194	8.57e-14	59.7
BJJLIZOP_CDS_0047	OZ035743.1	96.552	29	29	142881	2.17e-13	58.5
BJJLIZOP_CDS_0047	OR786310.1	96.552	29	29	149880	2.99e-13	58.2
BJJLIZOP_CDS_0047	OM386667.1	96.552	29	29	156300	3.05e-13	58.2
BJJLIZOP_CDS_0047	OR352955.1	96.552	29	29	152808	3.05e-13	58.2
BJJLIZOP_CDS_0047	MT944117.1	96.552	29	29	152343	3.05e-13	58.2
BJJLIZOP_CDS_0047	OR062529.1	96.552	29	29	151980	3.05e-13	58.2
BJJLIZOP_CDS_0047	OR062526.1	96.552	29	29	151980	3.05e-13	58.2
BJJLIZOP_CDS_0047	MZ726793.1	96.552	29	29	151660	3.05e-13	58.2
BJJLIZOP_CDS_0047	MN850571.1	96.552	29	29	151514	3.05e-13	58.2
BJJLIZOP_CDS_0047	OP595145.1	96.552	29	29	151363	3.05e-13	58.2
BJJLIZOP_CDS_0047	PQ433349.1	96.552	29	29	151245	3.05e-13	58.2
BJJLIZOP_CDS_0047	MH252123.1	96.552	29	29	150925	3.05e-13	58.2
BJJLIZOP_CDS_0047	MW175890.1	96.552	29	29	150892	3.05e-13	58.2
BJJLIZOP_CDS_0047	MN850618.1	96.552	29	29	150473	3.05e-13	58.2
BJJLIZOP_CDS_0047	OR062524.1	96.552	29	29	150431	3.05e-13	58.2
BJJLIZOP_CDS_0047	LR597654.1	96.552	29	29	150152	3.05e-13	58.2
BJJLIZOP_CDS_0047	OL631481.1	96.552	29	29	149818	3.05e-13	58.2
BJJLIZOP_CDS_0047	MH160766.1	96.552	29	29	149803	3.05e-13	58.2
BJJLIZOP_CDS_0047	OZ035728.1	96.552	29	29	149471	3.05e-13	58.2
BJJLIZOP_CDS_0047	MN850648.1	96.552	29	29	149335	3.05e-13	58.2
BJJLIZOP_CDS_0047	KX664695.3	96.552	29	29	149268	3.05e-13	58.2
BJJLIZOP_CDS_0047	OQ031492.1	96.552	29	29	149246	3.05e-13	58.2
BJJLIZOP_CDS_0047	OM386659.1	96.552	29	29	149194	3.05e-13	58.2
BJJLIZOP_CDS_0047	MN850598.1	96.552	29	29	144998	3.05e-13	58.2
BJJLIZOP_CDS_0047	OZ035771.1	96.552	29	29	144811	3.05e-13	58.2
BJJLIZOP_CDS_0047	OR544956.1	96.552	29	29	130723	3.05e-13	58.2
BJJLIZOP_CDS_0047	MH051333.1	96.552	29	29	151671	3.14e-13	57.8
BJJLIZOP_CDS_0047	KX552041.2	96.552	29	29	149813	3.14e-13	57.8
BJJLIZOP_CDS_0047	OM362897.1	96.552	29	29	152401	3.30e-13	57.8
BJJLIZOP_CDS_0047	OP172792.1	96.552	29	29	151993	3.30e-13	57.8
BJJLIZOP_CDS_0047	OL739525.1	96.552	29	29	151825	3.30e-13	57.8
BJJLIZOP_CDS_0047	OL505078.1	96.552	29	29	151425	3.30e-13	57.8
BJJLIZOP_CDS_0047	OP172791.1	96.552	29	29	151113	3.30e-13	57.8
BJJLIZOP_CDS_0047	PQ826431.1	96.552	29	29	151106	3.30e-13	57.8
BJJLIZOP_CDS_0047	MN850565.1	96.552	29	29	150947	3.30e-13	57.8
BJJLIZOP_CDS_0047	PP129558.1	96.552	29	29	149967	3.30e-13	57.8
BJJLIZOP_CDS_0047	OM386656.1	96.552	29	29	149073	3.64e-13	57.8
BJJLIZOP_CDS_0047	MT496970.1	96.552	29	29	151202	6.54e-13	57.0
BJJLIZOP_CDS_0047	PV730300.1	96.552	29	29	146712	6.54e-13	57.0
BJJLIZOP_CDS_0047	PV191315.1	93.103	29	29	151674	9.12e-13	56.6
BJJLIZOP_CDS_0047	OR437326.1	93.103	29	29	148445	9.67e-13	56.6
BJJLIZOP_CDS_0047	JX561091.1	93.103	29	29	147737	1.15e-12	56.2
BJJLIZOP_CDS_0048	OZ035743.1	100.000	56	56	142881	9.13e-33	115
BJJLIZOP_CDS_0048	OR352956.1	100.000	56	56	149254	9.13e-33	115
BJJLIZOP_CDS_0048	KX664695.3	100.000	56	56	149268	9.13e-33	115
BJJLIZOP_CDS_0048	OR067838.1	100.000	56	56	149856	9.13e-33	115
BJJLIZOP_CDS_0048	LR597654.1	100.000	56	56	150152	9.13e-33	115
BJJLIZOP_CDS_0048	PQ433349.1	100.000	56	56	151245	9.13e-33	115
BJJLIZOP_CDS_0048	OM386667.1	100.000	56	56	156300	9.13e-33	115
BJJLIZOP_CDS_0048	OR544956.1	98.214	56	56	130723	2.23e-32	114
BJJLIZOP_CDS_0048	MN850598.1	98.214	56	56	144998	2.23e-32	114
BJJLIZOP_CDS_0048	PV730300.1	98.214	56	56	146712	2.23e-32	114
BJJLIZOP_CDS_0048	JX561091.1	98.214	56	56	147737	2.23e-32	114
BJJLIZOP_CDS_0048	OR437326.1	98.214	56	56	148445	2.23e-32	114
BJJLIZOP_CDS_0048	OQ031492.1	98.214	56	56	149246	2.23e-32	114
BJJLIZOP_CDS_0048	MN850618.1	98.214	56	56	150473	2.23e-32	114
BJJLIZOP_CDS_0048	MZ726793.1	98.214	56	56	151660	2.23e-32	114
BJJLIZOP_CDS_0048	PV191315.1	98.214	56	56	151674	2.23e-32	114
BJJLIZOP_CDS_0048	MT944117.1	98.214	56	56	152343	2.23e-32	114
BJJLIZOP_CDS_0048	LR746137.1	98.214	56	56	152148	3.56e-32	113
BJJLIZOP_CDS_0048	OM386659.1	98.214	56	56	149194	4.08e-32	113
BJJLIZOP_CDS_0048	MN850648.1	98.214	56	56	149335	4.08e-32	113
BJJLIZOP_CDS_0048	OZ035728.1	98.214	56	56	149471	4.08e-32	113
BJJLIZOP_CDS_0048	MH160766.1	98.214	56	56	149803	4.08e-32	113
BJJLIZOP_CDS_0048	KX552041.2	98.214	56	56	149813	4.08e-32	113
BJJLIZOP_CDS_0048	OL631481.1	98.214	56	56	149818	4.08e-32	113
BJJLIZOP_CDS_0048	OR062524.1	98.214	56	56	150431	4.08e-32	113
BJJLIZOP_CDS_0048	MW175890.1	98.214	56	56	150892	4.08e-32	113
BJJLIZOP_CDS_0048	MH252123.1	98.214	56	56	150925	4.08e-32	113
BJJLIZOP_CDS_0048	OP595145.1	98.214	56	56	151363	4.08e-32	113
BJJLIZOP_CDS_0048	MN850571.1	98.214	56	56	151514	4.08e-32	113
BJJLIZOP_CDS_0048	MH051333.1	98.214	56	56	151671	4.08e-32	113
BJJLIZOP_CDS_0048	OR062529.1	98.214	56	56	151980	4.08e-32	113
BJJLIZOP_CDS_0048	OR062526.1	98.214	56	56	151980	4.08e-32	113
BJJLIZOP_CDS_0048	OR352955.1	98.214	56	56	152808	4.08e-32	113
BJJLIZOP_CDS_0048	PP129558.1	96.429	56	56	149967	8.97e-32	112
BJJLIZOP_CDS_0048	MN850565.1	96.429	56	56	150947	8.97e-32	112
BJJLIZOP_CDS_0048	PQ826431.1	96.429	56	56	151106	8.97e-32	112
BJJLIZOP_CDS_0048	OL739525.1	96.429	56	56	151825	8.97e-32	112
BJJLIZOP_CDS_0048	OP172792.1	96.429	56	56	151993	8.97e-32	112
BJJLIZOP_CDS_0048	OM362897.1	96.429	56	56	152401	8.97e-32	112
BJJLIZOP_CDS_0048	MT496970.1	96.429	56	56	151202	9.99e-32	112
BJJLIZOP_CDS_0048	OL505078.1	96.429	56	56	151425	1.62e-31	111
BJJLIZOP_CDS_0048	OZ035771.1	96.429	56	56	144811	1.79e-31	111
BJJLIZOP_CDS_0048	OR786310.1	96.429	56	56	149880	2.64e-31	110
BJJLIZOP_CDS_0048	OM386656.1	96.429	56	56	149073	3.82e-31	110
BJJLIZOP_CDS_0048	MK373788.1	96.429	56	56	151194	3.82e-31	110
BJJLIZOP_CDS_0048	OP172791.1	94.643	56	56	151113	4.13e-31	110
BJJLIZOP_CDS_0049	PQ433349.1	97.727	44	44	151245	1.52e-23	88.2
BJJLIZOP_CDS_0049	OL631481.1	97.727	44	44	149818	1.52e-23	88.2
BJJLIZOP_CDS_0049	OR352955.1	100.000	43	44	152808	1.57e-23	88.2
BJJLIZOP_CDS_0049	OR062529.1	100.000	43	44	151980	1.57e-23	88.2
BJJLIZOP_CDS_0049	OR062526.1	100.000	43	44	151980	1.57e-23	88.2
BJJLIZOP_CDS_0049	MW175890.1	100.000	43	44	150892	1.57e-23	88.2
BJJLIZOP_CDS_0049	OR062524.1	100.000	43	44	150431	1.57e-23	88.2
BJJLIZOP_CDS_0049	KX552041.2	100.000	43	44	149813	1.57e-23	88.2
BJJLIZOP_CDS_0049	MH160766.1	100.000	43	44	149803	1.57e-23	88.2
BJJLIZOP_CDS_0049	OM386667.1	97.727	44	44	156300	3.55e-23	87.0
BJJLIZOP_CDS_0049	LR746137.1	97.727	44	44	152148	3.55e-23	87.0
BJJLIZOP_CDS_0049	OP172792.1	97.727	44	44	151993	3.55e-23	87.0
BJJLIZOP_CDS_0049	MK373788.1	97.727	44	44	151194	3.55e-23	87.0
BJJLIZOP_CDS_0049	OP172791.1	97.727	44	44	151113	3.55e-23	87.0
BJJLIZOP_CDS_0049	MN850565.1	97.727	44	44	150947	3.55e-23	87.0
BJJLIZOP_CDS_0049	LR597654.1	97.727	44	44	150152	3.55e-23	87.0
BJJLIZOP_CDS_0049	OZ035728.1	97.727	44	44	149471	3.55e-23	87.0
BJJLIZOP_CDS_0049	MN850648.1	97.727	44	44	149335	3.55e-23	87.0
BJJLIZOP_CDS_0049	KX664695.3	97.727	44	44	149268	3.55e-23	87.0
BJJLIZOP_CDS_0049	OM386659.1	97.727	44	44	149194	3.55e-23	87.0
BJJLIZOP_CDS_0049	OM386656.1	97.727	44	44	149073	3.55e-23	87.0
BJJLIZOP_CDS_0049	OZ035771.1	97.727	44	44	144811	3.55e-23	87.0
BJJLIZOP_CDS_0049	OZ035743.1	97.727	44	44	142881	3.55e-23	87.0
BJJLIZOP_CDS_0049	PQ826431.1	97.674	43	44	151106	1.12e-22	85.5
BJJLIZOP_CDS_0049	OM362897.1	95.455	44	44	152401	5.81e-22	83.6
BJJLIZOP_CDS_0049	MT944117.1	95.455	44	44	152343	5.81e-22	83.6
BJJLIZOP_CDS_0049	PV191315.1	95.455	44	44	151674	5.81e-22	83.6
BJJLIZOP_CDS_0049	MZ726793.1	95.455	44	44	151660	5.81e-22	83.6
BJJLIZOP_CDS_0049	OP595145.1	95.455	44	44	151363	5.81e-22	83.6
BJJLIZOP_CDS_0049	MT496970.1	95.455	44	44	151202	5.81e-22	83.6
BJJLIZOP_CDS_0049	MN850618.1	95.455	44	44	150473	5.81e-22	83.6
BJJLIZOP_CDS_0049	PP129558.1	95.455	44	44	149967	5.81e-22	83.6
BJJLIZOP_CDS_0049	OR786310.1	95.455	44	44	149880	5.81e-22	83.6
BJJLIZOP_CDS_0049	OQ031492.1	95.455	44	44	149246	5.81e-22	83.6
BJJLIZOP_CDS_0049	OR437326.1	95.455	44	44	148445	5.81e-22	83.6
BJJLIZOP_CDS_0049	JX561091.1	95.455	44	44	147737	5.81e-22	83.6
BJJLIZOP_CDS_0049	MN850598.1	95.455	44	44	144998	5.81e-22	83.6
BJJLIZOP_CDS_0049	OR544956.1	95.455	44	44	130723	5.81e-22	83.6
BJJLIZOP_CDS_0049	OR067838.1	97.436	39	44	149856	1.80e-21	82.4
BJJLIZOP_CDS_0049	OL505078.1	93.182	44	44	151425	2.02e-21	82.0
BJJLIZOP_CDS_0049	MH252123.1	85.294	34	44	150925	2.68e-16	59.7
BJJLIZOP_CDS_0049	MH252123.1	100.000	18	44	150925	2.68e-16	38.1
BJJLIZOP_CDS_0049	OL739525.1	77.500	40	44	151825	9.57e-14	60.5
BJJLIZOP_CDS_0049	OL739525.1	95.238	21	44	151825	6.57e-07	40.8
BJJLIZOP_CDS_0049	MH051333.1	81.081	37	44	151671	1.92e-13	59.3
BJJLIZOP_CDS_0049	MN850571.1	81.081	37	44	151514	1.92e-13	59.3
BJJLIZOP_CDS_0049	OR352956.1	75.676	37	44	149254	6.55e-12	55.1
BJJLIZOP_CDS_0049	OR352956.1	100.000	20	44	149254	4.02e-07	41.6
BJJLIZOP_CDS_0049	PV730300.1	65.909	44	44	146712	1.85e-10	50.8
BJJLIZOP_CDS_0050	OR544956.1	100.000	98	98	130723	1.59e-61	199
BJJLIZOP_CDS_0050	OZ035743.1	100.000	98	98	142881	1.59e-61	199
BJJLIZOP_CDS_0050	OZ035771.1	100.000	98	98	144811	1.59e-61	199
BJJLIZOP_CDS_0050	MN850598.1	100.000	98	98	144998	1.59e-61	199
BJJLIZOP_CDS_0050	PV730300.1	100.000	98	98	146712	1.59e-61	199
BJJLIZOP_CDS_0050	JX561091.1	100.000	98	98	147737	1.59e-61	199
BJJLIZOP_CDS_0050	OR437326.1	100.000	98	98	148445	1.59e-61	199
BJJLIZOP_CDS_0050	OM386656.1	100.000	98	98	149073	1.59e-61	199
BJJLIZOP_CDS_0050	OM386659.1	100.000	98	98	149194	1.59e-61	199
BJJLIZOP_CDS_0050	OQ031492.1	100.000	98	98	149246	1.59e-61	199
BJJLIZOP_CDS_0050	OR352956.1	100.000	98	98	149254	1.59e-61	199
BJJLIZOP_CDS_0050	KX664695.3	100.000	98	98	149268	1.59e-61	199
BJJLIZOP_CDS_0050	MN850648.1	100.000	98	98	149335	1.59e-61	199
BJJLIZOP_CDS_0050	OZ035728.1	100.000	98	98	149471	1.59e-61	199
BJJLIZOP_CDS_0050	MH160766.1	100.000	98	98	149803	1.59e-61	199
BJJLIZOP_CDS_0050	KX552041.2	100.000	98	98	149813	1.59e-61	199
BJJLIZOP_CDS_0050	OL631481.1	100.000	98	98	149818	1.59e-61	199
BJJLIZOP_CDS_0050	OR067838.1	100.000	98	98	149856	1.59e-61	199
BJJLIZOP_CDS_0050	OR786310.1	100.000	98	98	149880	1.59e-61	199
BJJLIZOP_CDS_0050	PP129558.1	100.000	98	98	149967	1.59e-61	199
BJJLIZOP_CDS_0050	LR597654.1	100.000	98	98	150152	1.59e-61	199
BJJLIZOP_CDS_0050	OR062524.1	100.000	98	98	150431	1.59e-61	199
BJJLIZOP_CDS_0050	MN850618.1	100.000	98	98	150473	1.59e-61	199
BJJLIZOP_CDS_0050	MW175890.1	100.000	98	98	150892	1.59e-61	199
BJJLIZOP_CDS_0050	MH252123.1	100.000	98	98	150925	1.59e-61	199
BJJLIZOP_CDS_0050	MN850565.1	100.000	98	98	150947	1.59e-61	199
BJJLIZOP_CDS_0050	PQ826431.1	100.000	98	98	151106	1.59e-61	199
BJJLIZOP_CDS_0050	OP172791.1	100.000	98	98	151113	1.59e-61	199
BJJLIZOP_CDS_0050	MK373788.1	100.000	98	98	151194	1.59e-61	199
BJJLIZOP_CDS_0050	MT496970.1	100.000	98	98	151202	1.59e-61	199
BJJLIZOP_CDS_0050	PQ433349.1	100.000	98	98	151245	1.59e-61	199
BJJLIZOP_CDS_0050	OP595145.1	100.000	98	98	151363	1.59e-61	199
BJJLIZOP_CDS_0050	MN850571.1	100.000	98	98	151514	1.59e-61	199
BJJLIZOP_CDS_0050	MZ726793.1	100.000	98	98	151660	1.59e-61	199
BJJLIZOP_CDS_0050	MH051333.1	100.000	98	98	151671	1.59e-61	199
BJJLIZOP_CDS_0050	PV191315.1	100.000	98	98	151674	1.59e-61	199
BJJLIZOP_CDS_0050	OL739525.1	100.000	98	98	151825	1.59e-61	199
BJJLIZOP_CDS_0050	OR062529.1	100.000	98	98	151980	1.59e-61	199
BJJLIZOP_CDS_0050	OR062526.1	100.000	98	98	151980	1.59e-61	199
BJJLIZOP_CDS_0050	OP172792.1	100.000	98	98	151993	1.59e-61	199
BJJLIZOP_CDS_0050	LR746137.1	100.000	98	98	152148	1.59e-61	199
BJJLIZOP_CDS_0050	MT944117.1	100.000	98	98	152343	1.59e-61	199
BJJLIZOP_CDS_0050	OM362897.1	100.000	98	98	152401	1.59e-61	199
BJJLIZOP_CDS_0050	OR352955.1	100.000	98	98	152808	1.59e-61	199
BJJLIZOP_CDS_0050	OM386667.1	100.000	98	98	156300	1.59e-61	199
BJJLIZOP_CDS_0050	OL505078.1	98.980	98	98	151425	2.30e-61	199
BJJLIZOP_CDS_0051	OM386667.1	100.000	54	54	156300	2.82e-31	110
BJJLIZOP_CDS_0051	MT944117.1	100.000	54	54	152343	2.82e-31	110
BJJLIZOP_CDS_0051	MZ726793.1	100.000	54	54	151660	2.82e-31	110
BJJLIZOP_CDS_0051	LR597654.1	100.000	54	54	150152	2.82e-31	110
BJJLIZOP_CDS_0051	OR786310.1	100.000	54	54	149880	2.82e-31	110
BJJLIZOP_CDS_0051	KX664695.3	100.000	54	54	149268	2.82e-31	110
BJJLIZOP_CDS_0051	OQ031492.1	100.000	54	54	149246	2.82e-31	110
BJJLIZOP_CDS_0051	JX561091.1	100.000	54	54	147737	2.82e-31	110
BJJLIZOP_CDS_0051	OZ035771.1	100.000	54	54	144811	2.82e-31	110
BJJLIZOP_CDS_0051	OZ035743.1	100.000	54	54	142881	2.82e-31	110
BJJLIZOP_CDS_0051	OR067838.1	98.148	54	54	149856	8.06e-31	109
BJJLIZOP_CDS_0051	OL631481.1	98.148	54	54	149818	1.21e-30	108
BJJLIZOP_CDS_0051	OR352955.1	98.148	54	54	152808	1.47e-30	108
BJJLIZOP_CDS_0051	OP172792.1	98.148	54	54	151993	1.47e-30	108
BJJLIZOP_CDS_0051	OR062529.1	98.148	54	54	151980	1.47e-30	108
BJJLIZOP_CDS_0051	OR062526.1	98.148	54	54	151980	1.47e-30	108
BJJLIZOP_CDS_0051	OL739525.1	98.148	54	54	151825	1.47e-30	108
BJJLIZOP_CDS_0051	MH051333.1	98.148	54	54	151671	1.47e-30	108
BJJLIZOP_CDS_0051	MN850571.1	98.148	54	54	151514	1.47e-30	108
BJJLIZOP_CDS_0051	PQ433349.1	98.148	54	54	151245	1.47e-30	108
BJJLIZOP_CDS_0051	MK373788.1	98.148	54	54	151194	1.47e-30	108
BJJLIZOP_CDS_0051	MN850565.1	98.148	54	54	150947	1.47e-30	108
BJJLIZOP_CDS_0051	MW175890.1	98.148	54	54	150892	1.47e-30	108
BJJLIZOP_CDS_0051	OR062524.1	98.148	54	54	150431	1.47e-30	108
BJJLIZOP_CDS_0051	KX552041.2	98.148	54	54	149813	1.47e-30	108
BJJLIZOP_CDS_0051	MH160766.1	98.148	54	54	149803	1.47e-30	108
BJJLIZOP_CDS_0051	MN850648.1	98.148	54	54	149335	1.47e-30	108
BJJLIZOP_CDS_0051	OR544956.1	98.148	54	54	130723	1.47e-30	108
BJJLIZOP_CDS_0051	PP129558.1	98.148	54	54	149967	5.81e-30	107
BJJLIZOP_CDS_0051	LR746137.1	96.296	54	54	152148	6.85e-30	106
BJJLIZOP_CDS_0051	OP172791.1	96.296	54	54	151113	1.08e-29	106
BJJLIZOP_CDS_0051	MN850598.1	96.296	54	54	144998	3.09e-29	104
BJJLIZOP_CDS_0051	PV730300.1	96.296	54	54	146712	3.09e-29	104
BJJLIZOP_CDS_0051	OR437326.1	96.296	54	54	148445	3.09e-29	104
BJJLIZOP_CDS_0051	OM386659.1	96.296	54	54	149194	3.09e-29	104
BJJLIZOP_CDS_0051	OR352956.1	96.296	54	54	149254	3.09e-29	104
BJJLIZOP_CDS_0051	OZ035728.1	96.296	54	54	149471	3.09e-29	104
BJJLIZOP_CDS_0051	MN850618.1	96.296	54	54	150473	3.09e-29	104
BJJLIZOP_CDS_0051	MH252123.1	96.296	54	54	150925	3.09e-29	104
BJJLIZOP_CDS_0051	PQ826431.1	96.296	54	54	151106	3.09e-29	104
BJJLIZOP_CDS_0051	MT496970.1	96.296	54	54	151202	3.09e-29	104
BJJLIZOP_CDS_0051	OP595145.1	96.296	54	54	151363	3.09e-29	104
BJJLIZOP_CDS_0051	OL505078.1	96.296	54	54	151425	3.09e-29	104
BJJLIZOP_CDS_0051	PV191315.1	96.296	54	54	151674	3.09e-29	104
BJJLIZOP_CDS_0051	OM362897.1	96.296	54	54	152401	3.09e-29	104
BJJLIZOP_CDS_0051	OM386656.1	94.340	53	54	149073	3.69e-29	104
BJJLIZOP_CDS_0052	OM386667.1	100.000	52	52	156300	6.26e-30	106
BJJLIZOP_CDS_0052	MT944117.1	100.000	52	52	152343	6.26e-30	106
BJJLIZOP_CDS_0052	MZ726793.1	100.000	52	52	151660	6.26e-30	106
BJJLIZOP_CDS_0052	MN850618.1	100.000	52	52	150473	6.26e-30	106
BJJLIZOP_CDS_0052	OR786310.1	100.000	52	52	149880	6.26e-30	106
BJJLIZOP_CDS_0052	KX664695.3	100.000	52	52	149268	6.26e-30	106
BJJLIZOP_CDS_0052	OQ031492.1	100.000	52	52	149246	6.26e-30	106
BJJLIZOP_CDS_0052	JX561091.1	100.000	52	52	147737	6.26e-30	106
BJJLIZOP_CDS_0052	MN850598.1	100.000	52	52	144998	6.26e-30	106
BJJLIZOP_CDS_0052	OR544956.1	100.000	52	52	130723	6.26e-30	106
BJJLIZOP_CDS_0052	OL739525.1	98.077	52	52	151825	9.42e-30	106
BJJLIZOP_CDS_0052	OP595145.1	98.077	52	52	151363	9.42e-30	106
BJJLIZOP_CDS_0052	MT496970.1	98.077	52	52	151202	9.42e-30	106
BJJLIZOP_CDS_0052	MK373788.1	98.077	52	52	151194	9.42e-30	106
BJJLIZOP_CDS_0052	PQ826431.1	98.077	52	52	151106	9.42e-30	106
BJJLIZOP_CDS_0052	OZ035728.1	98.077	52	52	149471	9.42e-30	106
BJJLIZOP_CDS_0052	MN850648.1	98.077	52	52	149335	9.42e-30	106
BJJLIZOP_CDS_0052	OM386659.1	98.077	52	52	149194	9.42e-30	106
BJJLIZOP_CDS_0052	PV730300.1	98.077	52	52	146712	9.42e-30	106
BJJLIZOP_CDS_0052	OM362897.1	98.077	52	52	152401	2.33e-29	105
BJJLIZOP_CDS_0052	PV191315.1	98.077	52	52	151674	2.33e-29	105
BJJLIZOP_CDS_0052	OL505078.1	98.077	52	52	151425	2.33e-29	105
BJJLIZOP_CDS_0052	LR746137.1	98.077	52	52	152148	4.38e-29	104
BJJLIZOP_CDS_0052	LR597654.1	96.154	52	52	150152	6.47e-29	103
BJJLIZOP_CDS_0052	OR437326.1	96.154	52	52	148445	1.54e-28	102
BJJLIZOP_CDS_0052	OP172792.1	96.154	52	52	151993	1.66e-28	102
BJJLIZOP_CDS_0052	OP172791.1	96.154	52	52	151113	1.66e-28	102
BJJLIZOP_CDS_0052	MN850565.1	90.385	52	52	150947	2.79e-27	99.4
BJJLIZOP_CDS_0052	PQ433349.1	88.462	52	52	151245	1.64e-26	97.1
BJJLIZOP_CDS_0052	PP129558.1	88.462	52	52	149967	1.64e-26	97.1
BJJLIZOP_CDS_0052	OR067838.1	88.462	52	52	149856	1.64e-26	97.1
BJJLIZOP_CDS_0052	OR352956.1	88.462	52	52	149254	1.64e-26	97.1
BJJLIZOP_CDS_0052	OZ035743.1	88.462	52	52	142881	1.64e-26	97.1
BJJLIZOP_CDS_0052	OR352955.1	86.538	52	52	152808	1.68e-25	94.0
BJJLIZOP_CDS_0052	OR062529.1	86.538	52	52	151980	1.68e-25	94.0
BJJLIZOP_CDS_0052	OR062526.1	86.538	52	52	151980	1.68e-25	94.0
BJJLIZOP_CDS_0052	MH051333.1	86.538	52	52	151671	1.68e-25	94.0
BJJLIZOP_CDS_0052	OR062524.1	86.538	52	52	150431	1.68e-25	94.0
BJJLIZOP_CDS_0052	KX552041.2	86.538	52	52	149813	1.68e-25	94.0
BJJLIZOP_CDS_0052	MH160766.1	86.538	52	52	149803	1.68e-25	94.0
BJJLIZOP_CDS_0052	MH252123.1	93.617	47	52	150925	4.59e-17	70.1
BJJLIZOP_CDS_0052	MW175890.1	57.692	52	52	150892	1.12e-11	55.1
BJJLIZOP_CDS_0052	OM386656.1	93.750	16	52	149073	3.65e-07	37.0
BJJLIZOP_CDS_0052	OM386656.1	68.421	19	52	149073	3.65e-07	29.6
BJJLIZOP_CDS_0053	OL631481.1	100.000	48	48	149818	4.33e-28	101
BJJLIZOP_CDS_0053	MN850648.1	100.000	48	48	149335	4.55e-28	101
BJJLIZOP_CDS_0053	MZ726793.1	100.000	48	48	151660	8.31e-28	100
BJJLIZOP_CDS_0053	OQ031492.1	100.000	48	48	149246	8.31e-28	100
BJJLIZOP_CDS_0053	JX561091.1	100.000	48	48	147737	8.31e-28	100
BJJLIZOP_CDS_0053	MN850571.1	97.917	48	48	151514	9.90e-28	100
BJJLIZOP_CDS_0053	MK373788.1	97.917	48	48	151194	9.90e-28	100
BJJLIZOP_CDS_0053	OM362897.1	97.917	48	48	152401	1.03e-27	100
BJJLIZOP_CDS_0053	MH252123.1	97.917	48	48	150925	1.03e-27	100
BJJLIZOP_CDS_0053	LR597654.1	97.917	48	48	150152	1.03e-27	100
BJJLIZOP_CDS_0053	OR437326.1	97.917	48	48	148445	1.05e-27	100
BJJLIZOP_CDS_0053	OR786310.1	97.917	48	48	149880	5.65e-27	98.2
BJJLIZOP_CDS_0053	MT944117.1	97.917	48	48	152343	7.57e-27	97.8
BJJLIZOP_CDS_0053	LR746137.1	97.917	48	48	152148	9.19e-27	97.4
BJJLIZOP_CDS_0053	MN850618.1	97.917	48	48	150473	1.17e-26	97.1
BJJLIZOP_CDS_0053	OM386659.1	97.917	48	48	149194	1.17e-26	97.1
BJJLIZOP_CDS_0053	PV730300.1	97.917	48	48	146712	1.17e-26	97.1
BJJLIZOP_CDS_0053	MN850598.1	97.917	48	48	144998	1.17e-26	97.1
BJJLIZOP_CDS_0053	PV191315.1	95.833	48	48	151674	1.38e-26	97.1
BJJLIZOP_CDS_0053	OL739525.1	95.833	48	48	151825	2.34e-26	96.3
BJJLIZOP_CDS_0053	OR544956.1	95.833	48	48	130723	3.01e-26	95.9
BJJLIZOP_CDS_0053	MT496970.1	93.750	48	48	151202	5.10e-26	95.5
BJJLIZOP_CDS_0053	OM386656.1	93.750	48	48	149073	5.25e-26	95.5
BJJLIZOP_CDS_0053	OR352956.1	91.667	48	48	149254	9.60e-26	94.7
BJJLIZOP_CDS_0053	MN850565.1	91.667	48	48	150947	1.30e-25	94.4
BJJLIZOP_CDS_0053	OM386667.1	91.667	48	48	156300	1.40e-25	94.0
BJJLIZOP_CDS_0053	OR352955.1	91.667	48	48	152808	1.40e-25	94.0
BJJLIZOP_CDS_0053	OR062529.1	91.667	48	48	151980	1.40e-25	94.0
BJJLIZOP_CDS_0053	OR062526.1	91.667	48	48	151980	1.40e-25	94.0
BJJLIZOP_CDS_0053	MH051333.1	91.667	48	48	151671	1.40e-25	94.0
BJJLIZOP_CDS_0053	PQ433349.1	91.667	48	48	151245	1.40e-25	94.0
BJJLIZOP_CDS_0053	MW175890.1	91.667	48	48	150892	1.40e-25	94.0
BJJLIZOP_CDS_0053	OR062524.1	91.667	48	48	150431	1.40e-25	94.0
BJJLIZOP_CDS_0053	PP129558.1	91.667	48	48	149967	1.40e-25	94.0
BJJLIZOP_CDS_0053	KX552041.2	91.667	48	48	149813	1.40e-25	94.0
BJJLIZOP_CDS_0053	MH160766.1	91.667	48	48	149803	1.40e-25	94.0
BJJLIZOP_CDS_0053	KX664695.3	91.667	48	48	149268	1.40e-25	94.0
BJJLIZOP_CDS_0053	OZ035771.1	91.667	48	48	144811	1.40e-25	94.0
BJJLIZOP_CDS_0053	OP172791.1	91.667	48	48	151113	1.42e-25	94.0
BJJLIZOP_CDS_0053	OP172792.1	91.667	48	48	151993	6.34e-25	92.4
BJJLIZOP_CDS_0053	OZ035743.1	89.583	48	48	142881	9.10e-25	91.7
BJJLIZOP_CDS_0053	PQ826431.1	80.435	46	48	151106	1.21e-18	74.3
BJJLIZOP_CDS_0053	OL505078.1	78.723	47	48	151425	1.28e-18	74.3
BJJLIZOP_CDS_0053	OZ035728.1	78.261	46	48	149471	3.00e-18	73.2
BJJLIZOP_CDS_0053	OR067838.1	89.286	28	48	149856	8.96e-16	55.1
BJJLIZOP_CDS_0053	OR067838.1	89.474	19	48	149856	8.96e-16	41.2
BJJLIZOP_CDS_0053	OP595145.1	68.750	48	48	151363	1.73e-14	62.8
BJJLIZOP_CDS_0053	OP595145.1	95.000	20	48	151363	2.61e-08	45.1
BJJLIZOP_CDS_0054	OP172792.1	100.000	42	42	151993	1.54e-23	87.8
BJJLIZOP_CDS_0054	MZ726793.1	100.000	42	42	151660	1.54e-23	87.8
BJJLIZOP_CDS_0054	OQ031492.1	100.000	42	42	149246	1.54e-23	87.8
BJJLIZOP_CDS_0054	OR067838.1	97.222	36	42	149856	2.32e-19	76.3
BJJLIZOP_CDS_0054	OM386667.1	97.222	36	42	156300	6.34e-19	74.7
BJJLIZOP_CDS_0054	OR352955.1	97.222	36	42	152808	6.34e-19	74.7
BJJLIZOP_CDS_0054	MT944117.1	97.222	36	42	152343	6.34e-19	74.7
BJJLIZOP_CDS_0054	OR062529.1	97.222	36	42	151980	6.34e-19	74.7
BJJLIZOP_CDS_0054	OR062526.1	97.222	36	42	151980	6.34e-19	74.7
BJJLIZOP_CDS_0054	PV191315.1	97.222	36	42	151674	6.34e-19	74.7
BJJLIZOP_CDS_0054	MH051333.1	97.222	36	42	151671	6.34e-19	74.7
BJJLIZOP_CDS_0054	MN850571.1	97.222	36	42	151514	6.34e-19	74.7
BJJLIZOP_CDS_0054	PQ433349.1	97.222	36	42	151245	6.34e-19	74.7
BJJLIZOP_CDS_0054	MK373788.1	97.222	36	42	151194	6.34e-19	74.7
BJJLIZOP_CDS_0054	MW175890.1	97.222	36	42	150892	6.34e-19	74.7
BJJLIZOP_CDS_0054	MN850618.1	97.222	36	42	150473	6.34e-19	74.7
BJJLIZOP_CDS_0054	OR062524.1	97.222	36	42	150431	6.34e-19	74.7
BJJLIZOP_CDS_0054	PP129558.1	97.222	36	42	149967	6.34e-19	74.7
BJJLIZOP_CDS_0054	OR786310.1	97.222	36	42	149880	6.34e-19	74.7
BJJLIZOP_CDS_0054	KX552041.2	97.222	36	42	149813	6.34e-19	74.7
BJJLIZOP_CDS_0054	MH160766.1	97.222	36	42	149803	6.34e-19	74.7
BJJLIZOP_CDS_0054	OZ035728.1	97.222	36	42	149471	6.34e-19	74.7
BJJLIZOP_CDS_0054	KX664695.3	97.222	36	42	149268	6.34e-19	74.7
BJJLIZOP_CDS_0054	OR352956.1	97.222	36	42	149254	6.34e-19	74.7
BJJLIZOP_CDS_0054	OM386659.1	97.222	36	42	149194	6.34e-19	74.7
BJJLIZOP_CDS_0054	OR437326.1	97.222	36	42	148445	6.34e-19	74.7
BJJLIZOP_CDS_0054	JX561091.1	97.222	36	42	147737	6.34e-19	74.7
BJJLIZOP_CDS_0054	MN850598.1	97.222	36	42	144998	6.34e-19	74.7
BJJLIZOP_CDS_0054	OZ035771.1	97.222	36	42	144811	6.34e-19	74.7
BJJLIZOP_CDS_0054	OZ035743.1	97.222	36	42	142881	6.34e-19	74.7
BJJLIZOP_CDS_0054	OR544956.1	97.222	36	42	130723	6.34e-19	74.7
BJJLIZOP_CDS_0054	LR597654.1	97.222	36	42	150152	8.32e-19	74.7
BJJLIZOP_CDS_0054	OM386656.1	97.222	36	42	149073	8.32e-19	74.7
BJJLIZOP_CDS_0054	MH252123.1	94.444	36	42	150925	2.32e-18	73.2
BJJLIZOP_CDS_0054	OM362897.1	94.444	36	42	152401	1.32e-17	71.2
BJJLIZOP_CDS_0054	OL739525.1	94.444	36	42	151825	1.32e-17	71.2
BJJLIZOP_CDS_0054	OL505078.1	94.444	36	42	151425	1.32e-17	71.2
BJJLIZOP_CDS_0054	MT496970.1	94.444	36	42	151202	1.32e-17	71.2
BJJLIZOP_CDS_0054	OP172791.1	94.444	36	42	151113	1.32e-17	71.2
BJJLIZOP_CDS_0054	PQ826431.1	94.444	36	42	151106	1.32e-17	71.2
BJJLIZOP_CDS_0054	PV730300.1	94.444	36	42	146712	1.32e-17	71.2
BJJLIZOP_CDS_0054	MN850648.1	94.444	36	42	149335	1.65e-17	70.9
BJJLIZOP_CDS_0054	MN850565.1	91.667	36	42	150947	4.68e-17	69.7
BJJLIZOP_CDS_0054	OL631481.1	91.667	36	42	149818	4.68e-17	69.7
BJJLIZOP_CDS_0054	OP595145.1	91.667	36	42	151363	5.47e-17	69.3
BJJLIZOP_CDS_0054	LR746137.1	86.111	36	42	152148	2.74e-16	67.4
BJJLIZOP_CDS_0055	OR352955.1	100.000	34	34	152808	1.99e-16	67.4
BJJLIZOP_CDS_0055	OM362897.1	100.000	34	34	152401	1.99e-16	67.4
BJJLIZOP_CDS_0055	OP172792.1	100.000	34	34	151993	1.99e-16	67.4
BJJLIZOP_CDS_0055	OR062529.1	100.000	34	34	151980	1.99e-16	67.4
BJJLIZOP_CDS_0055	OR062526.1	100.000	34	34	151980	1.99e-16	67.4
BJJLIZOP_CDS_0055	OL739525.1	100.000	34	34	151825	1.99e-16	67.4
BJJLIZOP_CDS_0055	PV191315.1	100.000	34	34	151674	1.99e-16	67.4
BJJLIZOP_CDS_0055	MH051333.1	100.000	34	34	151671	1.99e-16	67.4
BJJLIZOP_CDS_0055	MZ726793.1	100.000	34	34	151660	1.99e-16	67.4
BJJLIZOP_CDS_0055	OL505078.1	100.000	34	34	151425	1.99e-16	67.4
BJJLIZOP_CDS_0055	PQ433349.1	100.000	34	34	151245	1.99e-16	67.4
BJJLIZOP_CDS_0055	MT496970.1	100.000	34	34	151202	1.99e-16	67.4
BJJLIZOP_CDS_0055	MK373788.1	100.000	34	34	151194	1.99e-16	67.4
BJJLIZOP_CDS_0055	OP172791.1	100.000	34	34	151113	1.99e-16	67.4
BJJLIZOP_CDS_0055	PQ826431.1	100.000	34	34	151106	1.99e-16	67.4
BJJLIZOP_CDS_0055	MW175890.1	100.000	34	34	150892	1.99e-16	67.4
BJJLIZOP_CDS_0055	OR062524.1	100.000	34	34	150431	1.99e-16	67.4
BJJLIZOP_CDS_0055	PP129558.1	100.000	34	34	149967	1.99e-16	67.4
BJJLIZOP_CDS_0055	OR786310.1	100.000	34	34	149880	1.99e-16	67.4
BJJLIZOP_CDS_0055	KX552041.2	100.000	34	34	149813	1.99e-16	67.4
BJJLIZOP_CDS_0055	MH160766.1	100.000	34	34	149803	1.99e-16	67.4
BJJLIZOP_CDS_0055	OZ035728.1	100.000	34	34	149471	1.99e-16	67.4
BJJLIZOP_CDS_0055	MN850648.1	100.000	34	34	149335	1.99e-16	67.4
BJJLIZOP_CDS_0055	OR352956.1	100.000	34	34	149254	1.99e-16	67.4
BJJLIZOP_CDS_0055	OQ031492.1	100.000	34	34	149246	1.99e-16	67.4
BJJLIZOP_CDS_0055	OM386659.1	100.000	34	34	149194	1.99e-16	67.4
BJJLIZOP_CDS_0055	OM386656.1	100.000	34	34	149073	1.99e-16	67.4
BJJLIZOP_CDS_0055	OR437326.1	100.000	34	34	148445	1.99e-16	67.4
BJJLIZOP_CDS_0055	JX561091.1	100.000	34	34	147737	1.99e-16	67.4
BJJLIZOP_CDS_0055	PV730300.1	100.000	34	34	146712	1.99e-16	67.4
BJJLIZOP_CDS_0055	MT944117.1	97.059	34	34	152343	1.05e-15	65.1
BJJLIZOP_CDS_0055	MH252123.1	97.059	34	34	150925	1.05e-15	65.1
BJJLIZOP_CDS_0055	MN850618.1	97.059	34	34	150473	1.05e-15	65.1
BJJLIZOP_CDS_0055	MN850598.1	97.059	34	34	144998	1.05e-15	65.1
BJJLIZOP_CDS_0055	OR544956.1	97.059	34	34	130723	1.05e-15	65.1
BJJLIZOP_CDS_0055	OP595145.1	97.059	34	34	151363	1.22e-15	65.1
BJJLIZOP_CDS_0055	LR597654.1	97.059	34	34	150152	1.22e-15	65.1
BJJLIZOP_CDS_0055	MN850571.1	96.774	31	34	151514	7.18e-14	60.1
BJJLIZOP_CDS_0055	LR746137.1	83.871	31	34	152148	6.62e-11	51.6
BJJLIZOP_CDS_0055	OR067838.1	83.871	31	34	149856	6.62e-11	51.6
BJJLIZOP_CDS_0055	OZ035771.1	83.871	31	34	144811	6.62e-11	51.6
BJJLIZOP_CDS_0055	OZ035743.1	83.871	31	34	142881	6.62e-11	51.6
BJJLIZOP_CDS_0055	OM386667.1	96.154	26	34	156300	9.79e-11	51.2
BJJLIZOP_CDS_0055	MN850565.1	96.154	26	34	150947	9.79e-11	51.2
BJJLIZOP_CDS_0055	OL631481.1	96.154	26	34	149818	9.79e-11	51.2
BJJLIZOP_CDS_0055	KX664695.3	96.154	26	34	149268	9.79e-11	51.2
BJJLIZOP_CDS_0056	OR544956.1	100.000	82	82	130723	7.29e-50	165
BJJLIZOP_CDS_0056	OZ035743.1	100.000	82	82	142881	7.29e-50	165
BJJLIZOP_CDS_0056	OZ035771.1	100.000	82	82	144811	7.29e-50	165
BJJLIZOP_CDS_0056	MN850598.1	100.000	82	82	144998	7.29e-50	165
BJJLIZOP_CDS_0056	PV730300.1	100.000	82	82	146712	7.29e-50	165
BJJLIZOP_CDS_0056	JX561091.1	100.000	82	82	147737	7.29e-50	165
BJJLIZOP_CDS_0056	OR437326.1	100.000	82	82	148445	7.29e-50	165
BJJLIZOP_CDS_0056	OM386656.1	100.000	82	82	149073	7.29e-50	165
BJJLIZOP_CDS_0056	OM386659.1	100.000	82	82	149194	7.29e-50	165
BJJLIZOP_CDS_0056	OQ031492.1	100.000	82	82	149246	7.29e-50	165
BJJLIZOP_CDS_0056	OR352956.1	100.000	82	82	149254	7.29e-50	165
BJJLIZOP_CDS_0056	KX664695.3	100.000	82	82	149268	7.29e-50	165
BJJLIZOP_CDS_0056	MN850648.1	100.000	82	82	149335	7.29e-50	165
BJJLIZOP_CDS_0056	OZ035728.1	100.000	82	82	149471	7.29e-50	165
BJJLIZOP_CDS_0056	KX552041.2	100.000	82	82	149813	7.29e-50	165
BJJLIZOP_CDS_0056	OL631481.1	100.000	82	82	149818	7.29e-50	165
BJJLIZOP_CDS_0056	OR067838.1	100.000	82	82	149856	7.29e-50	165
BJJLIZOP_CDS_0056	OR786310.1	100.000	82	82	149880	7.29e-50	165
BJJLIZOP_CDS_0056	PP129558.1	100.000	82	82	149967	7.29e-50	165
BJJLIZOP_CDS_0056	LR597654.1	100.000	82	82	150152	7.29e-50	165
BJJLIZOP_CDS_0056	MN850618.1	100.000	82	82	150473	7.29e-50	165
BJJLIZOP_CDS_0056	MW175890.1	100.000	82	82	150892	7.29e-50	165
BJJLIZOP_CDS_0056	MH252123.1	100.000	82	82	150925	7.29e-50	165
BJJLIZOP_CDS_0056	MN850565.1	100.000	82	82	150947	7.29e-50	165
BJJLIZOP_CDS_0056	PQ826431.1	100.000	82	82	151106	7.29e-50	165
BJJLIZOP_CDS_0056	OP172791.1	100.000	82	82	151113	7.29e-50	165
BJJLIZOP_CDS_0056	MK373788.1	100.000	82	82	151194	7.29e-50	165
BJJLIZOP_CDS_0056	PQ433349.1	100.000	82	82	151245	7.29e-50	165
BJJLIZOP_CDS_0056	OP595145.1	100.000	82	82	151363	7.29e-50	165
BJJLIZOP_CDS_0056	OL505078.1	100.000	82	82	151425	7.29e-50	165
BJJLIZOP_CDS_0056	MZ726793.1	100.000	82	82	151660	7.29e-50	165
BJJLIZOP_CDS_0056	MH051333.1	100.000	82	82	151671	7.29e-50	165
BJJLIZOP_CDS_0056	PV191315.1	100.000	82	82	151674	7.29e-50	165
BJJLIZOP_CDS_0056	OL739525.1	100.000	82	82	151825	7.29e-50	165
BJJLIZOP_CDS_0056	OP172792.1	100.000	82	82	151993	7.29e-50	165
BJJLIZOP_CDS_0056	LR746137.1	100.000	82	82	152148	7.29e-50	165
BJJLIZOP_CDS_0056	MT944117.1	100.000	82	82	152343	7.29e-50	165
BJJLIZOP_CDS_0056	OM362897.1	100.000	82	82	152401	7.29e-50	165
BJJLIZOP_CDS_0056	OR352955.1	100.000	82	82	152808	7.29e-50	165
BJJLIZOP_CDS_0056	OM386667.1	100.000	82	82	156300	7.29e-50	165
BJJLIZOP_CDS_0056	MN850571.1	98.780	82	82	151514	1.26e-49	164
BJJLIZOP_CDS_0056	MT496970.1	98.780	82	82	151202	2.84e-49	163
BJJLIZOP_CDS_0056	MH160766.1	98.780	82	82	149803	4.70e-49	162
BJJLIZOP_CDS_0056	OR062524.1	98.780	82	82	150431	4.70e-49	162
BJJLIZOP_CDS_0056	OR062529.1	98.780	82	82	151980	4.70e-49	162
BJJLIZOP_CDS_0056	OR062526.1	98.780	82	82	151980	4.70e-49	162
BJJLIZOP_CDS_0057	OZ035743.1	100.000	83	83	142881	6.73e-54	176
BJJLIZOP_CDS_0057	PV730300.1	100.000	83	83	146712	6.73e-54	176
BJJLIZOP_CDS_0057	JX561091.1	100.000	83	83	147737	6.73e-54	176
BJJLIZOP_CDS_0057	OM386656.1	100.000	83	83	149073	6.73e-54	176
BJJLIZOP_CDS_0057	OM386659.1	100.000	83	83	149194	6.73e-54	176
BJJLIZOP_CDS_0057	OQ031492.1	100.000	83	83	149246	6.73e-54	176
BJJLIZOP_CDS_0057	OR352956.1	100.000	83	83	149254	6.73e-54	176
BJJLIZOP_CDS_0057	MN850648.1	100.000	83	83	149335	6.73e-54	176
BJJLIZOP_CDS_0057	OZ035728.1	100.000	83	83	149471	6.73e-54	176
BJJLIZOP_CDS_0057	MH160766.1	100.000	83	83	149803	6.73e-54	176
BJJLIZOP_CDS_0057	KX552041.2	100.000	83	83	149813	6.73e-54	176
BJJLIZOP_CDS_0057	OL631481.1	100.000	83	83	149818	6.73e-54	176
BJJLIZOP_CDS_0057	OR067838.1	100.000	83	83	149856	6.73e-54	176
BJJLIZOP_CDS_0057	OR786310.1	100.000	83	83	149880	6.73e-54	176
BJJLIZOP_CDS_0057	LR597654.1	100.000	83	83	150152	6.73e-54	176
BJJLIZOP_CDS_0057	OR062524.1	100.000	83	83	150431	6.73e-54	176
BJJLIZOP_CDS_0057	MW175890.1	100.000	83	83	150892	6.73e-54	176
BJJLIZOP_CDS_0057	MH252123.1	100.000	83	83	150925	6.73e-54	176
BJJLIZOP_CDS_0057	MN850565.1	100.000	83	83	150947	6.73e-54	176
BJJLIZOP_CDS_0057	PQ826431.1	100.000	83	83	151106	6.73e-54	176
BJJLIZOP_CDS_0057	OP172791.1	100.000	83	83	151113	6.73e-54	176
BJJLIZOP_CDS_0057	MK373788.1	100.000	83	83	151194	6.73e-54	176
BJJLIZOP_CDS_0057	MT496970.1	100.000	83	83	151202	6.73e-54	176
BJJLIZOP_CDS_0057	PQ433349.1	100.000	83	83	151245	6.73e-54	176
BJJLIZOP_CDS_0057	OP595145.1	100.000	83	83	151363	6.73e-54	176
BJJLIZOP_CDS_0057	OL505078.1	100.000	83	83	151425	6.73e-54	176
BJJLIZOP_CDS_0057	MN850571.1	100.000	83	83	151514	6.73e-54	176
BJJLIZOP_CDS_0057	MZ726793.1	100.000	83	83	151660	6.73e-54	176
BJJLIZOP_CDS_0057	MH051333.1	100.000	83	83	151671	6.73e-54	176
BJJLIZOP_CDS_0057	OL739525.1	100.000	83	83	151825	6.73e-54	176
BJJLIZOP_CDS_0057	OR062529.1	100.000	83	83	151980	6.73e-54	176
BJJLIZOP_CDS_0057	OR062526.1	100.000	83	83	151980	6.73e-54	176
BJJLIZOP_CDS_0057	OP172792.1	100.000	83	83	151993	6.73e-54	176
BJJLIZOP_CDS_0057	OM362897.1	100.000	83	83	152401	6.73e-54	176
BJJLIZOP_CDS_0057	OR352955.1	100.000	83	83	152808	6.73e-54	176
BJJLIZOP_CDS_0057	OR544956.1	98.795	83	83	130723	8.72e-53	173
BJJLIZOP_CDS_0057	MN850598.1	98.795	83	83	144998	8.72e-53	173
BJJLIZOP_CDS_0057	PP129558.1	98.795	83	83	149967	8.72e-53	173
BJJLIZOP_CDS_0057	MN850618.1	98.795	83	83	150473	8.72e-53	173
BJJLIZOP_CDS_0057	PV191315.1	98.795	83	83	151674	8.72e-53	173
BJJLIZOP_CDS_0057	LR746137.1	98.795	83	83	152148	8.72e-53	173
BJJLIZOP_CDS_0057	MT944117.1	98.795	83	83	152343	8.72e-53	173
BJJLIZOP_CDS_0057	OR437326.1	98.795	83	83	148445	9.70e-53	173
BJJLIZOP_CDS_0057	KX664695.3	98.795	83	83	149268	1.28e-52	173
BJJLIZOP_CDS_0057	OM386667.1	98.795	83	83	156300	1.28e-52	173
BJJLIZOP_CDS_0057	OZ035771.1	96.203	79	83	144811	7.72e-48	159
BJJLIZOP_CDS_0058	OM386656.1	98.361	61	61	149073	3.94e-21	82.0
BJJLIZOP_CDS_0058	OZ035743.1	100.000	61	61	142881	4.70e-21	82.0
BJJLIZOP_CDS_0058	OZ035771.1	100.000	61	61	144811	4.70e-21	82.0
BJJLIZOP_CDS_0058	PV730300.1	100.000	61	61	146712	4.70e-21	82.0
BJJLIZOP_CDS_0058	JX561091.1	100.000	61	61	147737	4.70e-21	82.0
BJJLIZOP_CDS_0058	OR437326.1	98.361	61	61	148445	4.70e-21	82.0
BJJLIZOP_CDS_0058	OM386659.1	100.000	61	61	149194	4.70e-21	82.0
BJJLIZOP_CDS_0058	OQ031492.1	100.000	61	61	149246	4.70e-21	82.0
BJJLIZOP_CDS_0058	MN850648.1	100.000	61	61	149335	4.70e-21	82.0
BJJLIZOP_CDS_0058	OZ035728.1	100.000	61	61	149471	4.70e-21	82.0
BJJLIZOP_CDS_0058	MH160766.1	100.000	61	61	149803	4.70e-21	82.0
BJJLIZOP_CDS_0058	KX552041.2	100.000	61	61	149813	4.70e-21	82.0
BJJLIZOP_CDS_0058	OL631481.1	100.000	61	61	149818	4.70e-21	82.0
BJJLIZOP_CDS_0058	LR597654.1	100.000	61	61	150152	4.70e-21	82.0
BJJLIZOP_CDS_0058	OR062524.1	100.000	61	61	150431	4.70e-21	82.0
BJJLIZOP_CDS_0058	MW175890.1	100.000	61	61	150892	4.70e-21	82.0
BJJLIZOP_CDS_0058	MH252123.1	100.000	61	61	150925	4.70e-21	82.0
BJJLIZOP_CDS_0058	MN850565.1	100.000	61	61	150947	4.70e-21	82.0
BJJLIZOP_CDS_0058	PQ826431.1	100.000	61	61	151106	4.70e-21	82.0
BJJLIZOP_CDS_0058	OP172791.1	100.000	61	61	151113	4.70e-21	82.0
BJJLIZOP_CDS_0058	MK373788.1	100.000	61	61	151194	4.70e-21	82.0
BJJLIZOP_CDS_0058	MT496970.1	100.000	61	61	151202	4.70e-21	82.0
BJJLIZOP_CDS_0058	PQ433349.1	100.000	61	61	151245	4.70e-21	82.0
BJJLIZOP_CDS_0058	OP595145.1	100.000	61	61	151363	4.70e-21	82.0
BJJLIZOP_CDS_0058	OL505078.1	100.000	61	61	151425	4.70e-21	82.0
BJJLIZOP_CDS_0058	MN850571.1	100.000	61	61	151514	4.70e-21	82.0
BJJLIZOP_CDS_0058	MZ726793.1	100.000	61	61	151660	4.70e-21	82.0
BJJLIZOP_CDS_0058	MH051333.1	100.000	61	61	151671	4.70e-21	82.0
BJJLIZOP_CDS_0058	OL739525.1	100.000	61	61	151825	4.70e-21	82.0
BJJLIZOP_CDS_0058	OR062529.1	100.000	61	61	151980	4.70e-21	82.0
BJJLIZOP_CDS_0058	OR062526.1	100.000	61	61	151980	4.70e-21	82.0
BJJLIZOP_CDS_0058	OP172792.1	100.000	61	61	151993	4.70e-21	82.0
BJJLIZOP_CDS_0058	LR746137.1	100.000	61	61	152148	4.70e-21	82.0
BJJLIZOP_CDS_0058	OM362897.1	100.000	61	61	152401	4.70e-21	82.0
BJJLIZOP_CDS_0058	OR352955.1	100.000	61	61	152808	4.70e-21	82.0
BJJLIZOP_CDS_0058	OR352956.1	98.361	61	61	149254	7.15e-21	81.6
BJJLIZOP_CDS_0058	OR544956.1	98.361	61	61	130723	7.88e-21	81.3
BJJLIZOP_CDS_0058	MN850598.1	98.361	61	61	144998	7.88e-21	81.3
BJJLIZOP_CDS_0058	PP129558.1	98.361	61	61	149967	7.88e-21	81.3
BJJLIZOP_CDS_0058	MN850618.1	98.361	61	61	150473	7.88e-21	81.3
BJJLIZOP_CDS_0058	PV191315.1	98.361	61	61	151674	7.88e-21	81.3
BJJLIZOP_CDS_0058	MT944117.1	98.361	61	61	152343	7.88e-21	81.3
BJJLIZOP_CDS_0058	OR786310.1	98.361	61	61	149880	1.23e-20	80.9
BJJLIZOP_CDS_0058	OR067838.1	96.721	61	61	149856	2.94e-20	79.7
BJJLIZOP_CDS_0058	KX664695.3	100.000	55	61	149268	2.14e-17	71.6
BJJLIZOP_CDS_0058	OM386667.1	100.000	55	61	156300	2.14e-17	71.6
BJJLIZOP_CDS_0059	LR746137.1	100.000	41	41	152148	1.80e-21	82.0
BJJLIZOP_CDS_0059	OP595145.1	100.000	41	41	151363	1.80e-21	82.0
BJJLIZOP_CDS_0059	PQ826431.1	100.000	41	41	151106	1.80e-21	82.0
BJJLIZOP_CDS_0059	MN850565.1	100.000	41	41	150947	1.80e-21	82.0
BJJLIZOP_CDS_0059	MH252123.1	100.000	41	41	150925	1.80e-21	82.0
BJJLIZOP_CDS_0059	MN850648.1	100.000	41	41	149335	1.80e-21	82.0
BJJLIZOP_CDS_0059	PV730300.1	100.000	41	41	146712	1.80e-21	82.0
BJJLIZOP_CDS_0059	OZ035771.1	100.000	41	41	144811	1.80e-21	82.0
BJJLIZOP_CDS_0059	PQ433349.1	97.561	41	41	151245	3.88e-21	81.3
BJJLIZOP_CDS_0059	MT496970.1	97.561	41	41	151202	6.50e-21	80.5
BJJLIZOP_CDS_0059	OP172791.1	97.561	41	41	151113	6.50e-21	80.5
BJJLIZOP_CDS_0059	OZ035728.1	97.561	41	41	149471	6.50e-21	80.5
BJJLIZOP_CDS_0059	OM386667.1	97.561	41	41	156300	6.69e-21	80.5
BJJLIZOP_CDS_0059	OR352955.1	97.561	41	41	152808	6.69e-21	80.5
BJJLIZOP_CDS_0059	OR062529.1	97.561	41	41	151980	6.69e-21	80.5
BJJLIZOP_CDS_0059	OR062526.1	97.561	41	41	151980	6.69e-21	80.5
BJJLIZOP_CDS_0059	MH051333.1	97.561	41	41	151671	6.69e-21	80.5
BJJLIZOP_CDS_0059	MN850571.1	97.561	41	41	151514	6.69e-21	80.5
BJJLIZOP_CDS_0059	MW175890.1	97.561	41	41	150892	6.69e-21	80.5
BJJLIZOP_CDS_0059	OR062524.1	97.561	41	41	150431	6.69e-21	80.5
BJJLIZOP_CDS_0059	KX552041.2	97.561	41	41	149813	6.69e-21	80.5
BJJLIZOP_CDS_0059	MH160766.1	97.561	41	41	149803	6.69e-21	80.5
BJJLIZOP_CDS_0059	KX664695.3	97.561	41	41	149268	6.69e-21	80.5
BJJLIZOP_CDS_0059	OM386659.1	97.561	41	41	149194	6.69e-21	80.5
BJJLIZOP_CDS_0059	OM362897.1	97.561	41	41	152401	1.39e-20	79.7
BJJLIZOP_CDS_0059	OL739525.1	97.561	41	41	151825	1.39e-20	79.7
BJJLIZOP_CDS_0059	PV191315.1	97.561	41	41	151674	1.39e-20	79.7
BJJLIZOP_CDS_0059	PP129558.1	97.561	41	41	149967	1.39e-20	79.7
BJJLIZOP_CDS_0059	OR352956.1	97.561	41	41	149254	1.39e-20	79.7
BJJLIZOP_CDS_0059	JX561091.1	97.561	41	41	147737	1.39e-20	79.7
BJJLIZOP_CDS_0059	OR786310.1	97.561	41	41	149880	1.69e-20	79.3
BJJLIZOP_CDS_0059	MT944117.1	97.561	41	41	152343	1.77e-20	79.3
BJJLIZOP_CDS_0059	MZ726793.1	97.561	41	41	151660	1.77e-20	79.3
BJJLIZOP_CDS_0059	LR597654.1	97.561	41	41	150152	1.77e-20	79.3
BJJLIZOP_CDS_0059	OL631481.1	97.561	41	41	149818	1.77e-20	79.3
BJJLIZOP_CDS_0059	OZ035743.1	97.500	40	41	142881	2.20e-20	79.0
BJJLIZOP_CDS_0059	OQ031492.1	95.122	41	41	149246	2.38e-20	79.0
BJJLIZOP_CDS_0059	MK373788.1	100.000	39	41	151194	2.72e-20	78.6
BJJLIZOP_CDS_0059	OP172792.1	95.122	41	41	151993	1.01e-19	77.0
BJJLIZOP_CDS_0059	MN850618.1	95.122	41	41	150473	2.75e-19	75.9
BJJLIZOP_CDS_0059	MN850598.1	95.122	41	41	144998	2.75e-19	75.9
BJJLIZOP_CDS_0059	MN850598.1	93.750	32	41	144998	7.89e-13	57.4
BJJLIZOP_CDS_0059	OL505078.1	97.297	37	41	151425	8.10e-18	71.6
BJJLIZOP_CDS_0059	OM386656.1	96.774	31	41	149073	2.20e-14	62.0
BJJLIZOP_CDS_0059	OR437326.1	89.655	29	41	148445	6.87e-12	50.1
BJJLIZOP_CDS_0059	OR437326.1	92.857	14	41	148445	6.87e-12	32.7
BJJLIZOP_CDS_0059	OR067838.1	94.737	19	41	149856	2.79e-11	43.9
BJJLIZOP_CDS_0059	OR067838.1	100.000	19	41	149856	2.79e-11	37.0
BJJLIZOP_CDS_0060	OZ035743.1	100.000	107	107	142881	2.95e-69	221
BJJLIZOP_CDS_0060	OZ035771.1	100.000	107	107	144811	2.95e-69	221
BJJLIZOP_CDS_0060	PV730300.1	100.000	107	107	146712	2.95e-69	221
BJJLIZOP_CDS_0060	KX664695.3	100.000	107	107	149268	2.95e-69	221
BJJLIZOP_CDS_0060	MN850648.1	100.000	107	107	149335	2.95e-69	221
BJJLIZOP_CDS_0060	OZ035728.1	100.000	107	107	149471	2.95e-69	221
BJJLIZOP_CDS_0060	OL631481.1	100.000	107	107	149818	2.95e-69	221
BJJLIZOP_CDS_0060	OR067838.1	100.000	107	107	149856	2.95e-69	221
BJJLIZOP_CDS_0060	OR786310.1	100.000	107	107	149880	2.95e-69	221
BJJLIZOP_CDS_0060	MH252123.1	100.000	107	107	150925	2.95e-69	221
BJJLIZOP_CDS_0060	PQ826431.1	100.000	107	107	151106	2.95e-69	221
BJJLIZOP_CDS_0060	MK373788.1	100.000	107	107	151194	2.95e-69	221
BJJLIZOP_CDS_0060	MT496970.1	100.000	107	107	151202	2.95e-69	221
BJJLIZOP_CDS_0060	OP595145.1	100.000	107	107	151363	2.95e-69	221
BJJLIZOP_CDS_0060	OL505078.1	100.000	107	107	151425	2.95e-69	221
BJJLIZOP_CDS_0060	OM362897.1	100.000	107	107	152401	2.95e-69	221
BJJLIZOP_CDS_0060	OR352955.1	100.000	107	107	152808	2.95e-69	221
BJJLIZOP_CDS_0060	OM386667.1	100.000	107	107	156300	2.95e-69	221
BJJLIZOP_CDS_0060	MN850565.1	99.065	107	107	150947	4.93e-69	221
BJJLIZOP_CDS_0060	JX561091.1	99.065	107	107	147737	5.71e-69	221
BJJLIZOP_CDS_0060	PP129558.1	99.065	107	107	149967	5.71e-69	221
BJJLIZOP_CDS_0060	OL739525.1	99.065	107	107	151825	1.09e-68	220
BJJLIZOP_CDS_0060	OR437326.1	99.065	107	107	148445	1.49e-68	219
BJJLIZOP_CDS_0060	OM386659.1	99.065	107	107	149194	1.49e-68	219
BJJLIZOP_CDS_0060	MH160766.1	99.065	107	107	149803	1.49e-68	219
BJJLIZOP_CDS_0060	KX552041.2	99.065	107	107	149813	1.49e-68	219
BJJLIZOP_CDS_0060	OR062524.1	99.065	107	107	150431	1.49e-68	219
BJJLIZOP_CDS_0060	MN850571.1	99.065	107	107	151514	1.49e-68	219
BJJLIZOP_CDS_0060	MH051333.1	99.065	107	107	151671	1.49e-68	219
BJJLIZOP_CDS_0060	OR062529.1	99.065	107	107	151980	1.49e-68	219
BJJLIZOP_CDS_0060	OR062526.1	99.065	107	107	151980	1.49e-68	219
BJJLIZOP_CDS_0060	OP172791.1	99.065	107	107	151113	1.50e-68	219
BJJLIZOP_CDS_0060	OP172792.1	99.065	107	107	151993	1.50e-68	219
BJJLIZOP_CDS_0060	MN850598.1	98.131	107	107	144998	1.86e-68	219
BJJLIZOP_CDS_0060	MN850618.1	98.131	107	107	150473	1.86e-68	219
BJJLIZOP_CDS_0060	LR746137.1	98.131	107	107	152148	1.86e-68	219
BJJLIZOP_CDS_0060	MT944117.1	98.131	107	107	152343	1.86e-68	219
BJJLIZOP_CDS_0060	OR352956.1	98.131	107	107	149254	2.80e-68	219
BJJLIZOP_CDS_0060	OM386656.1	99.065	107	107	149073	3.78e-68	218
BJJLIZOP_CDS_0060	PV191315.1	99.065	107	107	151674	3.78e-68	218
BJJLIZOP_CDS_0060	LR597654.1	98.131	107	107	150152	6.07e-68	218
BJJLIZOP_CDS_0060	MW175890.1	98.131	107	107	150892	8.78e-68	218
BJJLIZOP_CDS_0060	OQ031492.1	97.196	107	107	149246	2.86e-67	216
BJJLIZOP_CDS_0060	MZ726793.1	97.196	107	107	151660	2.86e-67	216
BJJLIZOP_CDS_0060	OR544956.1	98.889	90	107	130723	1.55e-57	188
BJJLIZOP_CDS_0060	PQ433349.1	79.439	107	107	151245	4.32e-56	184
BJJLIZOP_CDS_0061	OM362897.1	97.368	38	38	152401	8.25e-20	77.0
BJJLIZOP_CDS_0061	PV191315.1	97.368	38	38	151674	8.25e-20	77.0
BJJLIZOP_CDS_0061	MK373788.1	97.368	38	38	151194	8.25e-20	77.0
BJJLIZOP_CDS_0061	MN850618.1	97.368	38	38	150473	8.25e-20	77.0
BJJLIZOP_CDS_0061	PP129558.1	97.368	38	38	149967	8.25e-20	77.0
BJJLIZOP_CDS_0061	OR352956.1	97.368	38	38	149254	8.25e-20	77.0
BJJLIZOP_CDS_0061	MN850598.1	97.368	38	38	144998	8.25e-20	77.0
BJJLIZOP_CDS_0061	OZ035743.1	97.368	38	38	142881	8.25e-20	77.0
BJJLIZOP_CDS_0061	OZ035771.1	97.368	38	38	144811	9.64e-20	77.0
BJJLIZOP_CDS_0061	OM386656.1	94.737	38	38	149073	1.28e-19	76.6
BJJLIZOP_CDS_0061	OR067838.1	97.368	38	38	149856	1.58e-19	76.3
BJJLIZOP_CDS_0061	MZ726793.1	97.368	38	38	151660	1.89e-19	76.3
BJJLIZOP_CDS_0061	OQ031492.1	97.368	38	38	149246	1.89e-19	76.3
BJJLIZOP_CDS_0061	MW175890.1	94.737	38	38	150892	2.74e-19	75.9
BJJLIZOP_CDS_0061	JX561091.1	94.737	38	38	147737	4.04e-19	75.1
BJJLIZOP_CDS_0061	MT944117.1	94.737	38	38	152343	4.08e-19	75.1
BJJLIZOP_CDS_0061	OR352955.1	92.105	38	38	152808	4.33e-19	75.1
BJJLIZOP_CDS_0061	OR062529.1	92.105	38	38	151980	4.33e-19	75.1
BJJLIZOP_CDS_0061	OR062526.1	92.105	38	38	151980	4.33e-19	75.1
BJJLIZOP_CDS_0061	OL739525.1	92.105	38	38	151825	4.33e-19	75.1
BJJLIZOP_CDS_0061	MH051333.1	92.105	38	38	151671	4.33e-19	75.1
BJJLIZOP_CDS_0061	MN850571.1	92.105	38	38	151514	4.33e-19	75.1
BJJLIZOP_CDS_0061	OL505078.1	92.105	38	38	151425	4.33e-19	75.1
BJJLIZOP_CDS_0061	OP595145.1	92.105	38	38	151363	4.33e-19	75.1
BJJLIZOP_CDS_0061	PQ826431.1	92.105	38	38	151106	4.33e-19	75.1
BJJLIZOP_CDS_0061	MN850565.1	92.105	38	38	150947	4.33e-19	75.1
BJJLIZOP_CDS_0061	MH252123.1	92.105	38	38	150925	4.33e-19	75.1
BJJLIZOP_CDS_0061	OR062524.1	92.105	38	38	150431	4.33e-19	75.1
BJJLIZOP_CDS_0061	OR786310.1	92.105	38	38	149880	4.33e-19	75.1
BJJLIZOP_CDS_0061	KX552041.2	92.105	38	38	149813	4.33e-19	75.1
BJJLIZOP_CDS_0061	MH160766.1	92.105	38	38	149803	4.33e-19	75.1
BJJLIZOP_CDS_0061	MN850648.1	92.105	38	38	149335	4.33e-19	75.1
BJJLIZOP_CDS_0061	OM386659.1	92.105	38	38	149194	4.33e-19	75.1
BJJLIZOP_CDS_0061	OR437326.1	92.105	38	38	148445	4.33e-19	75.1
BJJLIZOP_CDS_0061	PV730300.1	92.105	38	38	146712	4.33e-19	75.1
BJJLIZOP_CDS_0061	LR746137.1	92.105	38	38	152148	5.74e-19	74.7
BJJLIZOP_CDS_0061	OP172792.1	89.474	38	38	151993	5.74e-19	74.7
BJJLIZOP_CDS_0061	LR597654.1	89.474	38	38	150152	5.74e-19	74.7
BJJLIZOP_CDS_0061	OL631481.1	89.474	38	38	149818	6.27e-19	74.7
BJJLIZOP_CDS_0061	MT496970.1	89.474	38	38	151202	6.84e-19	74.7
BJJLIZOP_CDS_0061	OZ035728.1	89.474	38	38	149471	6.84e-19	74.7
BJJLIZOP_CDS_0061	OP172791.1	89.474	38	38	151113	1.03e-18	73.9
BJJLIZOP_CDS_0061	PQ433349.1	92.105	38	38	151245	1.11e-18	73.9
BJJLIZOP_CDS_0061	OM386667.1	89.474	38	38	156300	1.42e-18	73.6
BJJLIZOP_CDS_0061	KX664695.3	89.474	38	38	149268	1.42e-18	73.6
BJJLIZOP_CDS_0061	OR544956.1	85.714	28	38	130723	8.94e-10	48.5
BJJLIZOP_CDS_0062	OZ035743.1	100.000	64	64	142881	7.68e-39	132
BJJLIZOP_CDS_0062	OZ035771.1	100.000	64	64	144811	7.68e-39	132
BJJLIZOP_CDS_0062	MN850598.1	100.000	64	64	144998	7.68e-39	132
BJJLIZOP_CDS_0062	PV730300.1	100.000	64	64	146712	7.68e-39	132
BJJLIZOP_CDS_0062	OM386659.1	100.000	64	64	149194	7.68e-39	132
BJJLIZOP_CDS_0062	OQ031492.1	100.000	64	64	149246	7.68e-39	132
BJJLIZOP_CDS_0062	OR352956.1	100.000	64	64	149254	7.68e-39	132
BJJLIZOP_CDS_0062	KX664695.3	100.000	64	64	149268	7.68e-39	132
BJJLIZOP_CDS_0062	MN850648.1	100.000	64	64	149335	7.68e-39	132
BJJLIZOP_CDS_0062	OZ035728.1	100.000	64	64	149471	7.68e-39	132
BJJLIZOP_CDS_0062	MH160766.1	100.000	64	64	149803	7.68e-39	132
BJJLIZOP_CDS_0062	KX552041.2	100.000	64	64	149813	7.68e-39	132
BJJLIZOP_CDS_0062	OL631481.1	100.000	64	64	149818	7.68e-39	132
BJJLIZOP_CDS_0062	OR786310.1	100.000	64	64	149880	7.68e-39	132
BJJLIZOP_CDS_0062	PP129558.1	100.000	64	64	149967	7.68e-39	132
BJJLIZOP_CDS_0062	OR062524.1	100.000	64	64	150431	7.68e-39	132
BJJLIZOP_CDS_0062	MN850618.1	100.000	64	64	150473	7.68e-39	132
BJJLIZOP_CDS_0062	MW175890.1	100.000	64	64	150892	7.68e-39	132
BJJLIZOP_CDS_0062	MH252123.1	100.000	64	64	150925	7.68e-39	132
BJJLIZOP_CDS_0062	MN850565.1	100.000	64	64	150947	7.68e-39	132
BJJLIZOP_CDS_0062	PQ826431.1	100.000	64	64	151106	7.68e-39	132
BJJLIZOP_CDS_0062	OP172791.1	100.000	64	64	151113	7.68e-39	132
BJJLIZOP_CDS_0062	MK373788.1	100.000	64	64	151194	7.68e-39	132
BJJLIZOP_CDS_0062	MT496970.1	100.000	64	64	151202	7.68e-39	132
BJJLIZOP_CDS_0062	OP595145.1	100.000	64	64	151363	7.68e-39	132
BJJLIZOP_CDS_0062	OL505078.1	100.000	64	64	151425	7.68e-39	132
BJJLIZOP_CDS_0062	MZ726793.1	100.000	64	64	151660	7.68e-39	132
BJJLIZOP_CDS_0062	MH051333.1	100.000	64	64	151671	7.68e-39	132
BJJLIZOP_CDS_0062	PV191315.1	100.000	64	64	151674	7.68e-39	132
BJJLIZOP_CDS_0062	OL739525.1	100.000	64	64	151825	7.68e-39	132
BJJLIZOP_CDS_0062	OR062529.1	100.000	64	64	151980	7.68e-39	132
BJJLIZOP_CDS_0062	OR062526.1	100.000	64	64	151980	7.68e-39	132
BJJLIZOP_CDS_0062	OP172792.1	100.000	64	64	151993	7.68e-39	132
BJJLIZOP_CDS_0062	LR746137.1	100.000	64	64	152148	7.68e-39	132
BJJLIZOP_CDS_0062	MT944117.1	100.000	64	64	152343	7.68e-39	132
BJJLIZOP_CDS_0062	OM362897.1	100.000	64	64	152401	7.68e-39	132
BJJLIZOP_CDS_0062	OM386667.1	100.000	64	64	156300	7.68e-39	132
BJJLIZOP_CDS_0062	OR437326.1	98.438	64	64	148445	1.47e-38	132
BJJLIZOP_CDS_0062	LR597654.1	98.438	64	64	150152	2.21e-38	131
BJJLIZOP_CDS_0062	OR352955.1	98.438	64	64	152808	3.43e-38	130
BJJLIZOP_CDS_0062	MN850571.1	95.312	64	64	151514	1.67e-37	129
BJJLIZOP_CDS_0062	PQ433349.1	93.750	64	64	151245	2.15e-36	125
BJJLIZOP_CDS_0062	JX561091.1	92.188	64	64	147737	3.67e-36	125
BJJLIZOP_CDS_0062	OM386656.1	92.188	64	64	149073	3.67e-36	125
BJJLIZOP_CDS_0062	OR067838.1	92.188	64	64	149856	3.67e-36	125
BJJLIZOP_CDS_0062	OR544956.1	100.000	26	64	130723	2.81e-12	57.4
BJJLIZOP_CDS_0063	OZ035743.1	100.000	79	79	142881	1.37e-49	164
BJJLIZOP_CDS_0063	OZ035771.1	100.000	79	79	144811	1.37e-49	164
BJJLIZOP_CDS_0063	PV730300.1	100.000	79	79	146712	1.37e-49	164
BJJLIZOP_CDS_0063	OR437326.1	100.000	79	79	148445	1.37e-49	164
BJJLIZOP_CDS_0063	OM386659.1	100.000	79	79	149194	1.37e-49	164
BJJLIZOP_CDS_0063	OQ031492.1	100.000	79	79	149246	1.37e-49	164
BJJLIZOP_CDS_0063	OR352956.1	100.000	79	79	149254	1.37e-49	164
BJJLIZOP_CDS_0063	KX664695.3	100.000	79	79	149268	1.37e-49	164
BJJLIZOP_CDS_0063	MN850648.1	100.000	79	79	149335	1.37e-49	164
BJJLIZOP_CDS_0063	OZ035728.1	100.000	79	79	149471	1.37e-49	164
BJJLIZOP_CDS_0063	MH160766.1	100.000	79	79	149803	1.37e-49	164
BJJLIZOP_CDS_0063	KX552041.2	100.000	79	79	149813	1.37e-49	164
BJJLIZOP_CDS_0063	OL631481.1	100.000	79	79	149818	1.37e-49	164
BJJLIZOP_CDS_0063	OR786310.1	100.000	79	79	149880	1.37e-49	164
BJJLIZOP_CDS_0063	PP129558.1	100.000	79	79	149967	1.37e-49	164
BJJLIZOP_CDS_0063	LR597654.1	100.000	79	79	150152	1.37e-49	164
BJJLIZOP_CDS_0063	OR062524.1	100.000	79	79	150431	1.37e-49	164
BJJLIZOP_CDS_0063	MW175890.1	100.000	79	79	150892	1.37e-49	164
BJJLIZOP_CDS_0063	MH252123.1	100.000	79	79	150925	1.37e-49	164
BJJLIZOP_CDS_0063	MN850565.1	100.000	79	79	150947	1.37e-49	164
BJJLIZOP_CDS_0063	PQ826431.1	100.000	79	79	151106	1.37e-49	164
BJJLIZOP_CDS_0063	OP172791.1	100.000	79	79	151113	1.37e-49	164
BJJLIZOP_CDS_0063	MK373788.1	100.000	79	79	151194	1.37e-49	164
BJJLIZOP_CDS_0063	MT496970.1	100.000	79	79	151202	1.37e-49	164
BJJLIZOP_CDS_0063	OP595145.1	100.000	79	79	151363	1.37e-49	164
BJJLIZOP_CDS_0063	MZ726793.1	100.000	79	79	151660	1.37e-49	164
BJJLIZOP_CDS_0063	MH051333.1	100.000	79	79	151671	1.37e-49	164
BJJLIZOP_CDS_0063	PV191315.1	100.000	79	79	151674	1.37e-49	164
BJJLIZOP_CDS_0063	OL739525.1	100.000	79	79	151825	1.37e-49	164
BJJLIZOP_CDS_0063	OR062529.1	100.000	79	79	151980	1.37e-49	164
BJJLIZOP_CDS_0063	OR062526.1	100.000	79	79	151980	1.37e-49	164
BJJLIZOP_CDS_0063	OP172792.1	100.000	79	79	151993	1.37e-49	164
BJJLIZOP_CDS_0063	LR746137.1	100.000	79	79	152148	1.37e-49	164
BJJLIZOP_CDS_0063	MT944117.1	100.000	79	79	152343	1.37e-49	164
BJJLIZOP_CDS_0063	OM362897.1	100.000	79	79	152401	1.37e-49	164
BJJLIZOP_CDS_0063	OR352955.1	100.000	79	79	152808	1.37e-49	164
BJJLIZOP_CDS_0063	OM386667.1	100.000	79	79	156300	1.37e-49	164
BJJLIZOP_CDS_0063	OL505078.1	100.000	79	79	151425	1.77e-49	164
BJJLIZOP_CDS_0063	MN850598.1	98.734	79	79	144998	1.43e-48	161
BJJLIZOP_CDS_0063	MN850618.1	98.734	79	79	150473	1.43e-48	161
BJJLIZOP_CDS_0063	JX561091.1	97.468	79	79	147737	2.26e-48	160
BJJLIZOP_CDS_0063	OM386656.1	97.468	79	79	149073	2.26e-48	160
BJJLIZOP_CDS_0063	OR067838.1	97.468	79	79	149856	2.26e-48	160
BJJLIZOP_CDS_0063	PQ433349.1	97.468	79	79	151245	2.26e-48	160
BJJLIZOP_CDS_0063	MN850571.1	97.468	79	79	151514	2.26e-48	160
BJJLIZOP_CDS_0063	OR544956.1	100.000	75	79	130723	1.60e-47	158
BJJLIZOP_CDS_0064	MH252123.1	100.000	45	54	150925	5.81e-27	98.6
BJJLIZOP_CDS_0064	OP595145.1	100.000	45	54	151363	5.81e-27	98.6
BJJLIZOP_CDS_0064	JX561091.1	93.333	45	54	147737	1.36e-25	94.4
BJJLIZOP_CDS_0064	MN850571.1	93.333	45	54	151514	1.44e-25	94.4
BJJLIZOP_CDS_0064	PQ433349.1	93.333	45	54	151245	1.18e-23	89.0
BJJLIZOP_CDS_0064	OZ035743.1	93.333	45	54	142881	1.22e-23	89.0
BJJLIZOP_CDS_0064	OZ035771.1	93.333	45	54	144811	1.22e-23	89.0
BJJLIZOP_CDS_0064	PV730300.1	93.333	45	54	146712	1.22e-23	89.0
BJJLIZOP_CDS_0064	OR437326.1	93.333	45	54	148445	1.22e-23	89.0
BJJLIZOP_CDS_0064	OM386656.1	93.333	45	54	149073	1.22e-23	89.0
BJJLIZOP_CDS_0064	OM386659.1	93.333	45	54	149194	1.22e-23	89.0
BJJLIZOP_CDS_0064	OR352956.1	93.333	45	54	149254	1.22e-23	89.0
BJJLIZOP_CDS_0064	MN850648.1	93.333	45	54	149335	1.22e-23	89.0
BJJLIZOP_CDS_0064	MH160766.1	93.333	45	54	149803	1.22e-23	89.0
BJJLIZOP_CDS_0064	KX552041.2	93.333	45	54	149813	1.22e-23	89.0
BJJLIZOP_CDS_0064	OL631481.1	93.333	45	54	149818	1.22e-23	89.0
BJJLIZOP_CDS_0064	OR067838.1	93.333	45	54	149856	1.22e-23	89.0
BJJLIZOP_CDS_0064	OR786310.1	93.333	45	54	149880	1.22e-23	89.0
BJJLIZOP_CDS_0064	PP129558.1	93.333	45	54	149967	1.22e-23	89.0
BJJLIZOP_CDS_0064	PP129558.1	96.667	30	54	149967	3.29e-14	62.0
BJJLIZOP_CDS_0064	LR597654.1	93.333	45	54	150152	1.22e-23	89.0
BJJLIZOP_CDS_0064	OR062524.1	93.333	45	54	150431	1.22e-23	89.0
BJJLIZOP_CDS_0064	MW175890.1	93.333	45	54	150892	1.22e-23	89.0
BJJLIZOP_CDS_0064	MN850565.1	93.333	45	54	150947	1.22e-23	89.0
BJJLIZOP_CDS_0064	PQ826431.1	93.333	45	54	151106	1.22e-23	89.0
BJJLIZOP_CDS_0064	OP172791.1	93.333	45	54	151113	1.22e-23	89.0
BJJLIZOP_CDS_0064	MK373788.1	93.333	45	54	151194	1.22e-23	89.0
BJJLIZOP_CDS_0064	OL505078.1	93.333	45	54	151425	1.22e-23	89.0
BJJLIZOP_CDS_0064	MZ726793.1	93.333	45	54	151660	1.22e-23	89.0
BJJLIZOP_CDS_0064	MH051333.1	93.333	45	54	151671	1.22e-23	89.0
BJJLIZOP_CDS_0064	PV191315.1	93.333	45	54	151674	1.22e-23	89.0
BJJLIZOP_CDS_0064	OL739525.1	93.333	45	54	151825	1.22e-23	89.0
BJJLIZOP_CDS_0064	OR062529.1	93.333	45	54	151980	1.22e-23	89.0
BJJLIZOP_CDS_0064	OR062526.1	93.333	45	54	151980	1.22e-23	89.0
BJJLIZOP_CDS_0064	OP172792.1	93.333	45	54	151993	1.22e-23	89.0
BJJLIZOP_CDS_0064	MT944117.1	93.333	45	54	152343	1.22e-23	89.0
BJJLIZOP_CDS_0064	OM362897.1	93.333	45	54	152401	1.22e-23	89.0
BJJLIZOP_CDS_0064	OR352955.1	93.333	45	54	152808	1.22e-23	89.0
BJJLIZOP_CDS_0064	LR746137.1	93.333	45	54	152148	1.31e-23	89.0
BJJLIZOP_CDS_0064	MT496970.1	91.111	45	54	151202	5.87e-23	87.0
BJJLIZOP_CDS_0064	KX664695.3	82.222	45	54	149268	1.17e-22	86.3
BJJLIZOP_CDS_0064	OZ035728.1	82.222	45	54	149471	1.17e-22	86.3
BJJLIZOP_CDS_0064	OM386667.1	82.222	45	54	156300	1.17e-22	86.3
BJJLIZOP_CDS_0064	MN850598.1	77.778	45	54	144998	2.47e-21	82.4
BJJLIZOP_CDS_0064	MN850618.1	77.778	45	54	150473	2.47e-21	82.4
BJJLIZOP_CDS_0064	OQ031492.1	83.333	42	54	149246	1.84e-18	74.3
BJJLIZOP_CDS_0065	OZ035743.1	100.000	93	93	142881	1.44e-59	193
BJJLIZOP_CDS_0065	OR437326.1	100.000	93	93	148445	1.44e-59	193
BJJLIZOP_CDS_0065	OQ031492.1	100.000	93	93	149246	1.44e-59	193
BJJLIZOP_CDS_0065	KX664695.3	100.000	93	93	149268	1.44e-59	193
BJJLIZOP_CDS_0065	MN850648.1	100.000	93	93	149335	1.44e-59	193
BJJLIZOP_CDS_0065	OZ035728.1	100.000	93	93	149471	1.44e-59	193
BJJLIZOP_CDS_0065	OL631481.1	100.000	93	93	149818	1.44e-59	193
BJJLIZOP_CDS_0065	OR786310.1	100.000	93	93	149880	1.44e-59	193
BJJLIZOP_CDS_0065	PP129558.1	100.000	93	93	149967	1.44e-59	193
BJJLIZOP_CDS_0065	MH252123.1	100.000	93	93	150925	1.44e-59	193
BJJLIZOP_CDS_0065	MN850565.1	100.000	93	93	150947	1.44e-59	193
BJJLIZOP_CDS_0065	PQ826431.1	100.000	93	93	151106	1.44e-59	193
BJJLIZOP_CDS_0065	PQ433349.1	100.000	93	93	151245	1.44e-59	193
BJJLIZOP_CDS_0065	OP595145.1	100.000	93	93	151363	1.44e-59	193
BJJLIZOP_CDS_0065	MZ726793.1	100.000	93	93	151660	1.44e-59	193
BJJLIZOP_CDS_0065	PV191315.1	100.000	93	93	151674	1.44e-59	193
BJJLIZOP_CDS_0065	OL739525.1	100.000	93	93	151825	1.44e-59	193
BJJLIZOP_CDS_0065	OP172792.1	100.000	93	93	151993	1.44e-59	193
BJJLIZOP_CDS_0065	OM362897.1	100.000	93	93	152401	1.44e-59	193
BJJLIZOP_CDS_0065	OM386667.1	100.000	93	93	156300	1.44e-59	193
BJJLIZOP_CDS_0065	OR067838.1	98.925	93	93	149856	2.13e-59	192
BJJLIZOP_CDS_0065	MW175890.1	98.925	93	93	150892	3.81e-59	192
BJJLIZOP_CDS_0065	MT944117.1	98.925	93	93	152343	3.81e-59	192
BJJLIZOP_CDS_0065	JX561091.1	98.925	93	93	147737	5.10e-59	192
BJJLIZOP_CDS_0065	OP172791.1	98.925	93	93	151113	5.20e-59	191
BJJLIZOP_CDS_0065	MT496970.1	98.925	93	93	151202	5.45e-59	191
BJJLIZOP_CDS_0065	PV730300.1	98.925	93	93	146712	6.13e-59	191
BJJLIZOP_CDS_0065	OM386659.1	98.925	93	93	149194	6.13e-59	191
BJJLIZOP_CDS_0065	OR352956.1	98.925	93	93	149254	6.13e-59	191
BJJLIZOP_CDS_0065	MH160766.1	98.925	93	93	149803	6.13e-59	191
BJJLIZOP_CDS_0065	KX552041.2	98.925	93	93	149813	6.13e-59	191
BJJLIZOP_CDS_0065	OR062524.1	98.925	93	93	150431	6.13e-59	191
BJJLIZOP_CDS_0065	MK373788.1	98.925	93	93	151194	6.13e-59	191
BJJLIZOP_CDS_0065	MH051333.1	98.925	93	93	151671	6.13e-59	191
BJJLIZOP_CDS_0065	OR062529.1	98.925	93	93	151980	6.13e-59	191
BJJLIZOP_CDS_0065	OR062526.1	98.925	93	93	151980	6.13e-59	191
BJJLIZOP_CDS_0065	OR352955.1	98.925	93	93	152808	6.13e-59	191
BJJLIZOP_CDS_0065	LR597654.1	98.925	93	93	150152	8.28e-59	191
BJJLIZOP_CDS_0065	OM386656.1	97.849	93	93	149073	2.12e-58	190
BJJLIZOP_CDS_0065	MN850571.1	97.849	93	93	151514	2.12e-58	190
BJJLIZOP_CDS_0065	LR746137.1	97.849	93	93	152148	2.73e-58	189
BJJLIZOP_CDS_0065	OZ035771.1	96.774	93	93	144811	9.44e-58	188
BJJLIZOP_CDS_0065	OL505078.1	100.000	76	93	151425	9.09e-47	157
BJJLIZOP_CDS_0065	OL505078.1	100.000	17	93	151425	3.62e-06	41.2
BJJLIZOP_CDS_0066	OZ035771.1	100.000	60	60	144811	1.27e-33	117
BJJLIZOP_CDS_0066	JX561091.1	100.000	60	60	147737	1.27e-33	117
BJJLIZOP_CDS_0066	OR437326.1	100.000	60	60	148445	1.27e-33	117
BJJLIZOP_CDS_0066	OQ031492.1	100.000	60	60	149246	1.27e-33	117
BJJLIZOP_CDS_0066	MN850648.1	100.000	60	60	149335	1.27e-33	117
BJJLIZOP_CDS_0066	OR786310.1	100.000	60	60	149880	1.27e-33	117
BJJLIZOP_CDS_0066	MW175890.1	100.000	60	60	150892	1.27e-33	117
BJJLIZOP_CDS_0066	PQ826431.1	100.000	60	60	151106	1.27e-33	117
BJJLIZOP_CDS_0066	OP172791.1	100.000	60	60	151113	1.27e-33	117
BJJLIZOP_CDS_0066	MT496970.1	100.000	60	60	151202	1.27e-33	117
BJJLIZOP_CDS_0066	OL505078.1	100.000	60	60	151425	1.27e-33	117
BJJLIZOP_CDS_0066	MZ726793.1	100.000	60	60	151660	1.27e-33	117
BJJLIZOP_CDS_0066	PV191315.1	100.000	60	60	151674	1.27e-33	117
BJJLIZOP_CDS_0066	OL739525.1	100.000	60	60	151825	1.27e-33	117
BJJLIZOP_CDS_0066	OP172792.1	100.000	60	60	151993	1.27e-33	117
BJJLIZOP_CDS_0066	MT944117.1	100.000	60	60	152343	1.27e-33	117
BJJLIZOP_CDS_0066	OM362897.1	100.000	60	60	152401	1.27e-33	117
BJJLIZOP_CDS_0066	KX664695.3	98.333	60	60	149268	2.97e-33	116
BJJLIZOP_CDS_0066	LR597654.1	98.333	60	60	150152	2.97e-33	116
BJJLIZOP_CDS_0066	MN850565.1	98.333	60	60	150947	2.97e-33	116
BJJLIZOP_CDS_0066	MK373788.1	98.333	60	60	151194	2.97e-33	116
BJJLIZOP_CDS_0066	LR746137.1	98.333	60	60	152148	2.97e-33	116
BJJLIZOP_CDS_0066	OM386667.1	98.333	60	60	156300	2.97e-33	116
BJJLIZOP_CDS_0066	OM386659.1	95.000	60	60	149194	1.35e-32	114
BJJLIZOP_CDS_0066	OR352956.1	95.000	60	60	149254	1.35e-32	114
BJJLIZOP_CDS_0066	MH160766.1	95.000	60	60	149803	1.35e-32	114
BJJLIZOP_CDS_0066	KX552041.2	95.000	60	60	149813	1.35e-32	114
BJJLIZOP_CDS_0066	OR067838.1	95.000	60	60	149856	1.35e-32	114
BJJLIZOP_CDS_0066	OR062524.1	95.000	60	60	150431	1.35e-32	114
BJJLIZOP_CDS_0066	MH051333.1	95.000	60	60	151671	1.35e-32	114
BJJLIZOP_CDS_0066	OR062529.1	95.000	60	60	151980	1.35e-32	114
BJJLIZOP_CDS_0066	OR062526.1	95.000	60	60	151980	1.35e-32	114
BJJLIZOP_CDS_0066	OR352955.1	95.000	60	60	152808	1.35e-32	114
BJJLIZOP_CDS_0066	PP129558.1	96.667	60	60	149967	1.69e-32	114
BJJLIZOP_CDS_0066	OP595145.1	96.667	60	60	151363	1.69e-32	114
BJJLIZOP_CDS_0066	OZ035743.1	96.667	60	60	142881	3.24e-32	113
BJJLIZOP_CDS_0066	PV730300.1	93.333	60	60	146712	5.43e-32	113
BJJLIZOP_CDS_0066	OM386656.1	95.000	60	60	149073	5.43e-32	113
BJJLIZOP_CDS_0066	OZ035728.1	95.000	60	60	149471	5.43e-32	113
BJJLIZOP_CDS_0066	MH252123.1	95.000	60	60	150925	5.43e-32	113
BJJLIZOP_CDS_0066	PQ433349.1	93.333	60	60	151245	5.43e-32	113
BJJLIZOP_CDS_0066	MN850571.1	95.000	60	60	151514	5.43e-32	113
BJJLIZOP_CDS_0066	OL631481.1	93.333	60	60	149818	6.10e-32	112
BJJLIZOP_CDS_0067	OR437326.1	100.000	55	68	148445	2.78e-33	117
BJJLIZOP_CDS_0067	OR067838.1	100.000	55	68	149856	2.78e-33	117
BJJLIZOP_CDS_0067	PP129558.1	100.000	55	68	149967	2.78e-33	117
BJJLIZOP_CDS_0067	MN850565.1	100.000	55	68	150947	2.78e-33	117
BJJLIZOP_CDS_0067	OP172791.1	100.000	55	68	151113	2.78e-33	117
BJJLIZOP_CDS_0067	PV191315.1	100.000	55	68	151674	2.78e-33	117
BJJLIZOP_CDS_0067	OP172792.1	100.000	55	68	151993	2.78e-33	117
BJJLIZOP_CDS_0067	MT944117.1	100.000	55	68	152343	2.78e-33	117
BJJLIZOP_CDS_0067	MN850648.1	98.182	55	68	149335	4.02e-33	116
BJJLIZOP_CDS_0067	JX561091.1	98.182	55	68	147737	6.16e-33	116
BJJLIZOP_CDS_0067	LR746137.1	98.182	55	68	152148	6.16e-33	116
BJJLIZOP_CDS_0067	OZ035743.1	98.182	55	68	142881	8.49e-33	115
BJJLIZOP_CDS_0067	OM386656.1	98.182	55	68	149073	8.49e-33	115
BJJLIZOP_CDS_0067	OM386659.1	98.182	55	68	149194	8.49e-33	115
BJJLIZOP_CDS_0067	KX664695.3	98.182	55	68	149268	8.49e-33	115
BJJLIZOP_CDS_0067	MH160766.1	98.182	55	68	149803	8.49e-33	115
BJJLIZOP_CDS_0067	LR597654.1	98.182	55	68	150152	8.49e-33	115
BJJLIZOP_CDS_0067	OR062524.1	98.182	55	68	150431	8.49e-33	115
BJJLIZOP_CDS_0067	MH051333.1	98.182	55	68	151671	8.49e-33	115
BJJLIZOP_CDS_0067	OR062529.1	98.182	55	68	151980	8.49e-33	115
BJJLIZOP_CDS_0067	OR062526.1	98.182	55	68	151980	8.49e-33	115
BJJLIZOP_CDS_0067	OM386667.1	98.182	55	68	156300	8.49e-33	115
BJJLIZOP_CDS_0067	OZ035771.1	98.182	55	68	144811	9.83e-33	115
BJJLIZOP_CDS_0067	MW175890.1	98.182	55	68	150892	9.83e-33	115
BJJLIZOP_CDS_0067	MT496970.1	98.182	55	68	151202	9.83e-33	115
BJJLIZOP_CDS_0067	OM362897.1	98.182	55	68	152401	9.83e-33	115
BJJLIZOP_CDS_0067	PQ433349.1	98.182	55	68	151245	1.23e-32	115
BJJLIZOP_CDS_0067	OP595145.1	98.182	55	68	151363	1.23e-32	115
BJJLIZOP_CDS_0067	OZ035728.1	98.182	55	68	149471	1.30e-32	115
BJJLIZOP_CDS_0067	MN850571.1	98.182	55	68	151514	2.45e-32	114
BJJLIZOP_CDS_0067	PV730300.1	96.364	55	68	146712	2.50e-32	114
BJJLIZOP_CDS_0067	OR352955.1	96.364	55	68	152808	3.31e-32	114
BJJLIZOP_CDS_0067	PQ826431.1	96.364	55	68	151106	3.95e-32	114
BJJLIZOP_CDS_0067	OQ031492.1	96.364	55	68	149246	4.89e-32	113
BJJLIZOP_CDS_0067	MZ726793.1	96.364	55	68	151660	4.89e-32	113
BJJLIZOP_CDS_0067	OR352956.1	96.364	55	68	149254	7.07e-32	113
BJJLIZOP_CDS_0067	OL631481.1	96.364	55	68	149818	9.28e-32	112
BJJLIZOP_CDS_0067	OR786310.1	94.545	55	68	149880	9.75e-32	112
BJJLIZOP_CDS_0067	OL505078.1	96.364	55	68	151425	9.84e-32	112
BJJLIZOP_CDS_0067	OL739525.1	96.364	55	68	151825	9.84e-32	112
BJJLIZOP_CDS_0067	KX552041.2	98.182	55	68	149813	5.34e-31	110
BJJLIZOP_CDS_0067	MK373788.1	98.182	55	68	151194	5.34e-31	110
BJJLIZOP_CDS_0067	MH252123.1	94.545	55	68	150925	1.80e-30	108
BJJLIZOP_CDS_0068	LR746137.1	97.436	156	156	152148	3.86e-101	315
BJJLIZOP_CDS_0068	OZ035743.1	97.436	156	156	142881	4.01e-101	315
BJJLIZOP_CDS_0068	OM386659.1	97.436	156	156	149194	4.01e-101	315
BJJLIZOP_CDS_0068	KX664695.3	97.436	156	156	149268	4.01e-101	315
BJJLIZOP_CDS_0068	MH160766.1	97.436	156	156	149803	4.01e-101	315
BJJLIZOP_CDS_0068	KX552041.2	97.436	156	156	149813	4.01e-101	315
BJJLIZOP_CDS_0068	LR597654.1	97.436	156	156	150152	4.01e-101	315
BJJLIZOP_CDS_0068	MK373788.1	97.436	156	156	151194	4.01e-101	315
BJJLIZOP_CDS_0068	MH051333.1	97.436	156	156	151671	4.01e-101	315
BJJLIZOP_CDS_0068	OR352955.1	97.436	156	156	152808	4.01e-101	315
BJJLIZOP_CDS_0068	OM386667.1	97.436	156	156	156300	4.01e-101	315
BJJLIZOP_CDS_0068	MN850565.1	98.077	156	156	150947	8.30e-101	314
BJJLIZOP_CDS_0068	MN850648.1	97.436	156	156	149335	1.09e-100	314
BJJLIZOP_CDS_0068	OR786310.1	97.436	156	156	149880	1.09e-100	314
BJJLIZOP_CDS_0068	JX561091.1	96.795	156	156	147737	1.16e-100	314
BJJLIZOP_CDS_0068	PV730300.1	98.077	156	156	146712	1.41e-100	314
BJJLIZOP_CDS_0068	MZ726793.1	96.154	156	156	151660	2.12e-100	313
BJJLIZOP_CDS_0068	OR352956.1	96.795	156	156	149254	2.38e-100	313
BJJLIZOP_CDS_0068	OL631481.1	96.795	156	156	149818	2.38e-100	313
BJJLIZOP_CDS_0068	OL505078.1	96.795	156	156	151425	2.38e-100	313
BJJLIZOP_CDS_0068	OL739525.1	96.795	156	156	151825	2.38e-100	313
BJJLIZOP_CDS_0068	OR067838.1	96.795	156	156	149856	3.16e-100	313
BJJLIZOP_CDS_0068	OR062524.1	96.795	156	156	150431	3.31e-100	313
BJJLIZOP_CDS_0068	OR062529.1	96.795	156	156	151980	3.31e-100	313
BJJLIZOP_CDS_0068	OR062526.1	96.795	156	156	151980	3.31e-100	313
BJJLIZOP_CDS_0068	OP172791.1	97.436	156	156	151113	3.58e-100	313
BJJLIZOP_CDS_0068	MT944117.1	96.154	156	156	152343	6.91e-100	312
BJJLIZOP_CDS_0068	OM386656.1	96.154	156	156	149073	7.76e-100	311
BJJLIZOP_CDS_0068	OQ031492.1	95.513	156	156	149246	1.12e-99	311
BJJLIZOP_CDS_0068	PP129558.1	96.795	156	156	149967	1.57e-99	311
BJJLIZOP_CDS_0068	OP595145.1	96.795	156	156	151363	1.57e-99	311
BJJLIZOP_CDS_0068	OZ035771.1	96.154	156	156	144811	2.41e-99	310
BJJLIZOP_CDS_0068	OR437326.1	96.154	156	156	148445	2.41e-99	310
BJJLIZOP_CDS_0068	MW175890.1	96.154	156	156	150892	2.41e-99	310
BJJLIZOP_CDS_0068	MH252123.1	96.154	156	156	150925	2.41e-99	310
BJJLIZOP_CDS_0068	MT496970.1	96.154	156	156	151202	2.41e-99	310
BJJLIZOP_CDS_0068	PQ433349.1	95.513	156	156	151245	2.53e-99	310
BJJLIZOP_CDS_0068	OM362897.1	95.513	156	156	152401	8.16e-99	309
BJJLIZOP_CDS_0068	PQ826431.1	95.513	156	156	151106	8.24e-99	309
BJJLIZOP_CDS_0068	PV191315.1	95.513	156	156	151674	8.74e-99	308
BJJLIZOP_CDS_0068	OP172792.1	94.872	156	156	151993	1.08e-98	308
BJJLIZOP_CDS_0068	MN850571.1	78.882	161	156	151514	7.14e-82	260
BJJLIZOP_CDS_0068	OZ035728.1	78.882	161	156	149471	9.93e-82	260
BJJLIZOP_CDS_0069	OZ035743.1	100.000	114	114	142881	6.53e-76	241
BJJLIZOP_CDS_0069	JX561091.1	100.000	114	114	147737	6.53e-76	241
BJJLIZOP_CDS_0069	OM386659.1	100.000	114	114	149194	6.53e-76	241
BJJLIZOP_CDS_0069	OR352956.1	100.000	114	114	149254	6.53e-76	241
BJJLIZOP_CDS_0069	KX664695.3	100.000	114	114	149268	6.53e-76	241
BJJLIZOP_CDS_0069	MH160766.1	100.000	114	114	149803	6.53e-76	241
BJJLIZOP_CDS_0069	KX552041.2	100.000	114	114	149813	6.53e-76	241
BJJLIZOP_CDS_0069	OL631481.1	100.000	114	114	149818	6.53e-76	241
BJJLIZOP_CDS_0069	LR597654.1	100.000	114	114	150152	6.53e-76	241
BJJLIZOP_CDS_0069	OR062524.1	100.000	114	114	150431	6.53e-76	241
BJJLIZOP_CDS_0069	MK373788.1	100.000	114	114	151194	6.53e-76	241
BJJLIZOP_CDS_0069	MH051333.1	100.000	114	114	151671	6.53e-76	241
BJJLIZOP_CDS_0069	OR062529.1	100.000	114	114	151980	6.53e-76	241
BJJLIZOP_CDS_0069	OR062526.1	100.000	114	114	151980	6.53e-76	241
BJJLIZOP_CDS_0069	OP172792.1	100.000	114	114	151993	6.53e-76	241
BJJLIZOP_CDS_0069	OR352955.1	100.000	114	114	152808	6.53e-76	241
BJJLIZOP_CDS_0069	OM386667.1	100.000	114	114	156300	6.53e-76	241
BJJLIZOP_CDS_0069	OR067838.1	99.123	114	114	149856	2.39e-75	239
BJJLIZOP_CDS_0069	OP172791.1	98.246	114	114	151113	1.46e-74	237
BJJLIZOP_CDS_0069	OM362897.1	96.491	114	114	152401	1.61e-72	231
BJJLIZOP_CDS_0069	PP129558.1	82.456	114	114	149967	2.35e-60	196
BJJLIZOP_CDS_0069	PP129558.1	95.000	20	114	149967	5.68e-07	44.7
BJJLIZOP_CDS_0069	PQ826431.1	80.702	114	114	151106	4.57e-59	193
BJJLIZOP_CDS_0069	OR786310.1	80.702	114	114	149880	4.94e-59	193
BJJLIZOP_CDS_0069	OL505078.1	80.702	114	114	151425	4.94e-59	193
BJJLIZOP_CDS_0069	OL739525.1	80.702	114	114	151825	4.94e-59	193
BJJLIZOP_CDS_0069	MN850648.1	79.825	114	114	149335	1.79e-58	191
BJJLIZOP_CDS_0069	OR437326.1	80.702	114	114	148445	2.22e-58	191
BJJLIZOP_CDS_0069	OZ035771.1	79.825	114	114	144811	7.31e-58	189
BJJLIZOP_CDS_0069	MW175890.1	79.825	114	114	150892	7.32e-58	189
BJJLIZOP_CDS_0069	MH252123.1	79.825	114	114	150925	7.32e-58	189
BJJLIZOP_CDS_0069	MT496970.1	79.825	114	114	151202	7.32e-58	189
BJJLIZOP_CDS_0069	MZ726793.1	79.825	114	114	151660	7.32e-58	189
BJJLIZOP_CDS_0069	PV191315.1	79.825	114	114	151674	7.32e-58	189
BJJLIZOP_CDS_0069	MT944117.1	79.825	114	114	152343	7.32e-58	189
BJJLIZOP_CDS_0069	PV730300.1	79.825	114	114	146712	7.75e-58	189
BJJLIZOP_CDS_0069	MN850565.1	79.825	114	114	150947	7.75e-58	189
BJJLIZOP_CDS_0069	OP595145.1	79.825	114	114	151363	7.75e-58	189
BJJLIZOP_CDS_0069	LR746137.1	78.947	114	114	152148	5.55e-57	187
BJJLIZOP_CDS_0069	PQ433349.1	76.316	114	114	151245	1.80e-55	182
BJJLIZOP_CDS_0069	OM386656.1	75.439	114	114	149073	2.25e-55	182
BJJLIZOP_CDS_0069	OZ035728.1	75.439	114	114	149471	2.25e-55	182
BJJLIZOP_CDS_0069	MN850571.1	75.439	114	114	151514	2.25e-55	182
BJJLIZOP_CDS_0069	OQ031492.1	93.151	73	114	149246	9.16e-42	143
BJJLIZOP_CDS_0069	MN850598.1	50.000	116	114	144998	7.97e-29	106
BJJLIZOP_CDS_0069	MN850618.1	50.000	116	114	150473	7.97e-29	106
BJJLIZOP_CDS_0070	OM386667.1	100.000	47	47	156300	3.46e-26	95.9
BJJLIZOP_CDS_0070	OR352955.1	100.000	47	47	152808	3.46e-26	95.9
BJJLIZOP_CDS_0070	OR062529.1	100.000	47	47	151980	3.46e-26	95.9
BJJLIZOP_CDS_0070	OR062526.1	100.000	47	47	151980	3.46e-26	95.9
BJJLIZOP_CDS_0070	MH051333.1	100.000	47	47	151671	3.46e-26	95.9
BJJLIZOP_CDS_0070	MT496970.1	100.000	47	47	151202	3.46e-26	95.9
BJJLIZOP_CDS_0070	MK373788.1	100.000	47	47	151194	3.46e-26	95.9
BJJLIZOP_CDS_0070	OP172791.1	100.000	47	47	151113	3.46e-26	95.9
BJJLIZOP_CDS_0070	PQ826431.1	100.000	47	47	151106	3.46e-26	95.9
BJJLIZOP_CDS_0070	MN850565.1	100.000	47	47	150947	3.46e-26	95.9
BJJLIZOP_CDS_0070	OR062524.1	100.000	47	47	150431	3.46e-26	95.9
BJJLIZOP_CDS_0070	LR597654.1	100.000	47	47	150152	3.46e-26	95.9
BJJLIZOP_CDS_0070	KX552041.2	100.000	47	47	149813	3.46e-26	95.9
BJJLIZOP_CDS_0070	MN850648.1	100.000	47	47	149335	3.46e-26	95.9
BJJLIZOP_CDS_0070	KX664695.3	100.000	47	47	149268	3.46e-26	95.9
BJJLIZOP_CDS_0070	OR352956.1	100.000	47	47	149254	3.46e-26	95.9
BJJLIZOP_CDS_0070	OM386659.1	100.000	47	47	149194	3.46e-26	95.9
BJJLIZOP_CDS_0070	OR437326.1	100.000	47	47	148445	3.46e-26	95.9
BJJLIZOP_CDS_0070	OZ035771.1	100.000	47	47	144811	3.46e-26	95.9
BJJLIZOP_CDS_0070	OZ035743.1	100.000	47	47	142881	3.46e-26	95.9
BJJLIZOP_CDS_0070	OR786310.1	97.872	47	47	149880	6.09e-26	95.1
BJJLIZOP_CDS_0070	OL505078.1	97.872	47	47	151425	8.57e-26	94.7
BJJLIZOP_CDS_0070	OP172792.1	100.000	46	47	151993	1.17e-25	94.4
BJJLIZOP_CDS_0070	OM362897.1	97.872	47	47	152401	1.33e-25	94.0
BJJLIZOP_CDS_0070	MT944117.1	97.872	47	47	152343	1.33e-25	94.0
BJJLIZOP_CDS_0070	PV191315.1	97.872	47	47	151674	1.33e-25	94.0
BJJLIZOP_CDS_0070	MZ726793.1	97.872	47	47	151660	1.33e-25	94.0
BJJLIZOP_CDS_0070	MW175890.1	97.872	47	47	150892	1.33e-25	94.0
BJJLIZOP_CDS_0070	OL631481.1	97.872	47	47	149818	1.33e-25	94.0
BJJLIZOP_CDS_0070	OQ031492.1	97.872	47	47	149246	1.33e-25	94.0
BJJLIZOP_CDS_0070	OR067838.1	97.872	47	47	149856	2.04e-25	93.6
BJJLIZOP_CDS_0070	OL739525.1	97.872	47	47	151825	5.09e-25	92.4
BJJLIZOP_CDS_0070	JX561091.1	95.745	47	47	147737	6.30e-25	92.0
BJJLIZOP_CDS_0070	LR746137.1	100.000	39	47	152148	1.97e-21	82.4
BJJLIZOP_CDS_0070	MH160766.1	100.000	38	47	149803	1.10e-20	80.1
BJJLIZOP_CDS_0071	OR352956.1	99.153	118	118	149254	4.23e-77	244
BJJLIZOP_CDS_0071	OZ035743.1	94.915	118	118	142881	4.40e-74	236
BJJLIZOP_CDS_0071	OM386659.1	94.915	118	118	149194	4.40e-74	236
BJJLIZOP_CDS_0071	KX664695.3	94.915	118	118	149268	4.40e-74	236
BJJLIZOP_CDS_0071	MN850648.1	94.915	118	118	149335	4.40e-74	236
BJJLIZOP_CDS_0071	MH160766.1	94.915	118	118	149803	4.40e-74	236
BJJLIZOP_CDS_0071	KX552041.2	94.915	118	118	149813	4.40e-74	236
BJJLIZOP_CDS_0071	OR067838.1	94.915	118	118	149856	4.40e-74	236
BJJLIZOP_CDS_0071	OR786310.1	94.915	118	118	149880	4.40e-74	236
BJJLIZOP_CDS_0071	LR597654.1	94.915	118	118	150152	4.40e-74	236
BJJLIZOP_CDS_0071	OR062524.1	94.915	118	118	150431	4.40e-74	236
BJJLIZOP_CDS_0071	MN850565.1	94.915	118	118	150947	4.40e-74	236
BJJLIZOP_CDS_0071	OP172791.1	94.915	118	118	151113	4.40e-74	236
BJJLIZOP_CDS_0071	MK373788.1	94.915	118	118	151194	4.40e-74	236
BJJLIZOP_CDS_0071	OL505078.1	94.915	118	118	151425	4.40e-74	236
BJJLIZOP_CDS_0071	MH051333.1	94.915	118	118	151671	4.40e-74	236
BJJLIZOP_CDS_0071	OL739525.1	94.915	118	118	151825	4.40e-74	236
BJJLIZOP_CDS_0071	OR062529.1	94.915	118	118	151980	4.40e-74	236
BJJLIZOP_CDS_0071	OR062526.1	94.915	118	118	151980	4.40e-74	236
BJJLIZOP_CDS_0071	OR352955.1	94.915	118	118	152808	4.40e-74	236
BJJLIZOP_CDS_0071	OM386667.1	94.915	118	118	156300	4.40e-74	236
BJJLIZOP_CDS_0071	PQ826431.1	94.068	118	118	151106	1.81e-73	234
BJJLIZOP_CDS_0071	OP172792.1	94.068	118	118	151993	1.81e-73	234
BJJLIZOP_CDS_0071	MT496970.1	93.220	118	118	151202	5.57e-73	233
BJJLIZOP_CDS_0071	OZ035771.1	94.068	118	118	144811	7.23e-73	233
BJJLIZOP_CDS_0071	OR437326.1	94.068	118	118	148445	7.23e-73	233
BJJLIZOP_CDS_0071	OM362897.1	94.068	118	118	152401	7.23e-73	233
BJJLIZOP_CDS_0071	OL631481.1	92.373	118	118	149818	8.28e-73	232
BJJLIZOP_CDS_0071	MW175890.1	93.220	118	118	150892	3.34e-72	231
BJJLIZOP_CDS_0071	PV191315.1	93.220	118	118	151674	3.34e-72	231
BJJLIZOP_CDS_0071	PQ433349.1	92.373	118	118	151245	3.41e-72	231
BJJLIZOP_CDS_0071	JX561091.1	92.373	118	118	147737	9.07e-72	229
BJJLIZOP_CDS_0071	MN850571.1	91.525	118	118	151514	9.62e-72	229
BJJLIZOP_CDS_0071	PV730300.1	91.525	118	118	146712	1.05e-71	229
BJJLIZOP_CDS_0071	OQ031492.1	91.525	118	118	149246	1.95e-71	228
BJJLIZOP_CDS_0071	MZ726793.1	91.525	118	118	151660	1.95e-71	228
BJJLIZOP_CDS_0071	MT944117.1	92.373	118	118	152343	2.66e-71	228
BJJLIZOP_CDS_0071	LR746137.1	91.525	118	118	152148	3.17e-71	228
BJJLIZOP_CDS_0071	OM386656.1	90.678	118	118	149073	1.33e-70	226
BJJLIZOP_CDS_0071	OZ035728.1	90.678	118	118	149471	1.33e-70	226
BJJLIZOP_CDS_0071	PP129558.1	90.678	118	118	149967	1.46e-70	226
BJJLIZOP_CDS_0071	PP129558.1	74.194	31	118	149967	5.21e-10	53.1
BJJLIZOP_CDS_0071	MH252123.1	90.678	118	118	150925	1.46e-70	226
BJJLIZOP_CDS_0071	OP595145.1	88.983	118	118	151363	7.68e-70	224
BJJLIZOP_CDS_0071	MN850598.1	67.241	116	118	144998	3.51e-50	167
BJJLIZOP_CDS_0071	MN850618.1	67.241	116	118	150473	3.51e-50	167
BJJLIZOP_CDS_0072	OZ035743.1	100.000	183	183	142881	1.02e-124	384
BJJLIZOP_CDS_0072	OM386659.1	100.000	183	183	149194	1.02e-124	384
BJJLIZOP_CDS_0072	KX664695.3	100.000	183	183	149268	1.02e-124	384
BJJLIZOP_CDS_0072	MN850648.1	100.000	183	183	149335	1.02e-124	384
BJJLIZOP_CDS_0072	OZ035728.1	100.000	183	183	149471	1.02e-124	384
BJJLIZOP_CDS_0072	MH160766.1	100.000	183	183	149803	1.02e-124	384
BJJLIZOP_CDS_0072	KX552041.2	100.000	183	183	149813	1.02e-124	384
BJJLIZOP_CDS_0072	OL631481.1	100.000	183	183	149818	1.02e-124	384
BJJLIZOP_CDS_0072	OR067838.1	100.000	183	183	149856	1.02e-124	384
BJJLIZOP_CDS_0072	LR597654.1	100.000	183	183	150152	1.02e-124	384
BJJLIZOP_CDS_0072	OR062524.1	100.000	183	183	150431	1.02e-124	384
BJJLIZOP_CDS_0072	MW175890.1	100.000	183	183	150892	1.02e-124	384
BJJLIZOP_CDS_0072	PQ826431.1	100.000	183	183	151106	1.02e-124	384
BJJLIZOP_CDS_0072	OP172791.1	100.000	183	183	151113	1.02e-124	384
BJJLIZOP_CDS_0072	MK373788.1	100.000	183	183	151194	1.02e-124	384
BJJLIZOP_CDS_0072	MT496970.1	100.000	183	183	151202	1.02e-124	384
BJJLIZOP_CDS_0072	PQ433349.1	100.000	183	183	151245	1.02e-124	384
BJJLIZOP_CDS_0072	MH051333.1	100.000	183	183	151671	1.02e-124	384
BJJLIZOP_CDS_0072	OR062529.1	100.000	183	183	151980	1.02e-124	384
BJJLIZOP_CDS_0072	OR062526.1	100.000	183	183	151980	1.02e-124	384
BJJLIZOP_CDS_0072	OR352955.1	100.000	183	183	152808	1.02e-124	384
BJJLIZOP_CDS_0072	OM386667.1	100.000	183	183	156300	1.02e-124	384
BJJLIZOP_CDS_0072	OM386656.1	99.454	183	183	149073	2.49e-124	383
BJJLIZOP_CDS_0072	OQ031492.1	99.454	183	183	149246	2.49e-124	383
BJJLIZOP_CDS_0072	PP129558.1	99.454	183	183	149967	2.49e-124	383
BJJLIZOP_CDS_0072	MZ726793.1	99.454	183	183	151660	2.49e-124	383
BJJLIZOP_CDS_0072	PV191315.1	99.454	183	183	151674	2.49e-124	383
BJJLIZOP_CDS_0072	OP172792.1	99.454	183	183	151993	2.49e-124	383
BJJLIZOP_CDS_0072	LR746137.1	99.454	183	183	152148	2.49e-124	383
BJJLIZOP_CDS_0072	MT944117.1	99.454	183	183	152343	2.49e-124	383
BJJLIZOP_CDS_0072	OM362897.1	99.454	183	183	152401	2.49e-124	383
BJJLIZOP_CDS_0072	PV730300.1	99.454	183	183	146712	3.66e-124	383
BJJLIZOP_CDS_0072	MN850565.1	99.454	183	183	150947	3.66e-124	383
BJJLIZOP_CDS_0072	MN850571.1	99.454	183	183	151514	3.66e-124	383
BJJLIZOP_CDS_0072	OZ035771.1	98.907	183	183	144811	1.10e-123	381
BJJLIZOP_CDS_0072	OR437326.1	98.907	183	183	148445	1.10e-123	381
BJJLIZOP_CDS_0072	OR786310.1	98.907	183	183	149880	4.71e-123	379
BJJLIZOP_CDS_0072	MH252123.1	98.907	183	183	150925	4.71e-123	379
BJJLIZOP_CDS_0072	OP595145.1	98.907	183	183	151363	4.71e-123	379
BJJLIZOP_CDS_0072	OL505078.1	98.907	183	183	151425	4.71e-123	379
BJJLIZOP_CDS_0072	OL739525.1	98.907	183	183	151825	4.71e-123	379
BJJLIZOP_CDS_0072	OR352956.1	97.222	180	183	149254	1.78e-120	372
BJJLIZOP_CDS_0072	MN850598.1	58.011	181	183	144998	3.72e-65	214
BJJLIZOP_CDS_0072	MN850618.1	58.011	181	183	150473	3.72e-65	214
BJJLIZOP_CDS_0072	JX561091.1	98.387	62	183	147737	1.73e-38	137
BJJLIZOP_CDS_0073	OR352955.1	99.677	310	310	152808	0.0	641
BJJLIZOP_CDS_0073	OZ035728.1	99.355	310	310	149471	0.0	639
BJJLIZOP_CDS_0073	OZ035743.1	99.355	310	310	142881	0.0	638
BJJLIZOP_CDS_0073	OM386667.1	99.355	310	310	156300	0.0	638
BJJLIZOP_CDS_0073	MK373788.1	99.355	310	310	151194	0.0	638
BJJLIZOP_CDS_0073	MH160766.1	99.355	310	310	149803	0.0	638
BJJLIZOP_CDS_0073	MH051333.1	99.355	310	310	151671	0.0	638
BJJLIZOP_CDS_0073	KX664695.3	99.355	310	310	149268	0.0	638
BJJLIZOP_CDS_0073	PV730300.1	98.387	310	310	146712	0.0	636
BJJLIZOP_CDS_0073	MN850565.1	99.032	310	310	150947	0.0	636
BJJLIZOP_CDS_0073	LR597654.1	99.032	310	310	150152	0.0	636
BJJLIZOP_CDS_0073	KX552041.2	99.032	310	310	149813	0.0	636
BJJLIZOP_CDS_0073	OR786310.1	98.710	310	310	149880	0.0	635
BJJLIZOP_CDS_0073	OM386659.1	98.710	310	310	149194	0.0	635
BJJLIZOP_CDS_0073	OL739525.1	98.710	310	310	151825	0.0	635
BJJLIZOP_CDS_0073	OL505078.1	98.387	310	310	151425	0.0	635
BJJLIZOP_CDS_0073	MT496970.1	98.710	310	310	151202	0.0	635
BJJLIZOP_CDS_0073	PQ826431.1	98.387	310	310	151106	0.0	634
BJJLIZOP_CDS_0073	OM386656.1	98.710	310	310	149073	0.0	634
BJJLIZOP_CDS_0073	OL631481.1	98.710	310	310	149818	0.0	634
BJJLIZOP_CDS_0073	MN850571.1	98.710	310	310	151514	0.0	634
BJJLIZOP_CDS_0073	OZ035771.1	98.387	310	310	144811	0.0	633
BJJLIZOP_CDS_0073	OR062529.1	98.387	310	310	151980	0.0	633
BJJLIZOP_CDS_0073	OR062526.1	98.387	310	310	151980	0.0	633
BJJLIZOP_CDS_0073	OR062524.1	98.387	310	310	150431	0.0	633
BJJLIZOP_CDS_0073	MN850648.1	98.387	310	310	149335	0.0	633
BJJLIZOP_CDS_0073	PQ433349.1	98.387	310	310	151245	0.0	632
BJJLIZOP_CDS_0073	OP172791.1	98.387	310	310	151113	0.0	632
BJJLIZOP_CDS_0073	OP595145.1	98.065	310	310	151363	0.0	631
BJJLIZOP_CDS_0073	MW175890.1	98.065	310	310	150892	0.0	631
BJJLIZOP_CDS_0073	MT944117.1	98.065	310	310	152343	0.0	631
BJJLIZOP_CDS_0073	PP129558.1	98.065	310	310	149967	0.0	630
BJJLIZOP_CDS_0073	PV191315.1	97.419	310	310	151674	0.0	629
BJJLIZOP_CDS_0073	OQ031492.1	97.419	310	310	149246	0.0	629
BJJLIZOP_CDS_0073	OR437326.1	97.742	310	310	148445	0.0	628
BJJLIZOP_CDS_0073	OM362897.1	97.419	310	310	152401	0.0	628
BJJLIZOP_CDS_0073	OR067838.1	97.419	310	310	149856	0.0	626
BJJLIZOP_CDS_0073	MZ726793.1	97.097	310	310	151660	0.0	626
BJJLIZOP_CDS_0073	MH252123.1	97.419	310	310	150925	0.0	626
BJJLIZOP_CDS_0073	LR746137.1	97.419	310	310	152148	0.0	625
BJJLIZOP_CDS_0073	OP172792.1	97.097	310	310	151993	0.0	624
BJJLIZOP_CDS_0074	PV730300.1	100.000	134	134	146712	6.93e-89	279
BJJLIZOP_CDS_0074	OM386659.1	100.000	134	134	149194	6.93e-89	279
BJJLIZOP_CDS_0074	MN850565.1	100.000	134	134	150947	6.93e-89	279
BJJLIZOP_CDS_0074	PQ826431.1	100.000	134	134	151106	6.93e-89	279
BJJLIZOP_CDS_0074	OP172791.1	100.000	134	134	151113	6.93e-89	279
BJJLIZOP_CDS_0074	OP595145.1	100.000	134	134	151363	6.93e-89	279
BJJLIZOP_CDS_0074	OZ035743.1	99.254	134	134	142881	1.36e-88	278
BJJLIZOP_CDS_0074	KX664695.3	99.254	134	134	149268	1.36e-88	278
BJJLIZOP_CDS_0074	MH160766.1	99.254	134	134	149803	1.36e-88	278
BJJLIZOP_CDS_0074	KX552041.2	99.254	134	134	149813	1.36e-88	278
BJJLIZOP_CDS_0074	OR062524.1	99.254	134	134	150431	1.36e-88	278
BJJLIZOP_CDS_0074	MK373788.1	99.254	134	134	151194	1.36e-88	278
BJJLIZOP_CDS_0074	MN850571.1	99.254	134	134	151514	1.36e-88	278
BJJLIZOP_CDS_0074	MH051333.1	99.254	134	134	151671	1.36e-88	278
BJJLIZOP_CDS_0074	OR062529.1	99.254	134	134	151980	1.36e-88	278
BJJLIZOP_CDS_0074	OR062526.1	99.254	134	134	151980	1.36e-88	278
BJJLIZOP_CDS_0074	OM386667.1	99.254	134	134	156300	1.36e-88	278
BJJLIZOP_CDS_0074	OR067838.1	99.254	134	134	149856	3.39e-88	277
BJJLIZOP_CDS_0074	OP172792.1	99.254	134	134	151993	3.39e-88	277
BJJLIZOP_CDS_0074	LR746137.1	99.254	134	134	152148	3.39e-88	277
BJJLIZOP_CDS_0074	OR352955.1	98.507	134	134	152808	1.02e-87	276
BJJLIZOP_CDS_0074	PQ433349.1	98.507	134	134	151245	1.04e-87	276
BJJLIZOP_CDS_0074	MT496970.1	99.254	134	134	151202	1.09e-87	276
BJJLIZOP_CDS_0074	OM386656.1	98.507	134	134	149073	1.21e-87	276
BJJLIZOP_CDS_0074	OQ031492.1	98.507	134	134	149246	1.21e-87	276
BJJLIZOP_CDS_0074	MN850648.1	98.507	134	134	149335	1.21e-87	276
BJJLIZOP_CDS_0074	OR786310.1	98.507	134	134	149880	1.21e-87	276
BJJLIZOP_CDS_0074	PP129558.1	98.507	134	134	149967	1.21e-87	276
BJJLIZOP_CDS_0074	LR597654.1	98.507	134	134	150152	1.21e-87	276
BJJLIZOP_CDS_0074	MW175890.1	98.507	134	134	150892	1.21e-87	276
BJJLIZOP_CDS_0074	MH252123.1	98.507	134	134	150925	1.21e-87	276
BJJLIZOP_CDS_0074	OL505078.1	98.507	134	134	151425	1.21e-87	276
BJJLIZOP_CDS_0074	MZ726793.1	98.507	134	134	151660	1.21e-87	276
BJJLIZOP_CDS_0074	OL739525.1	98.507	134	134	151825	1.21e-87	276
BJJLIZOP_CDS_0074	MT944117.1	98.507	134	134	152343	1.21e-87	276
BJJLIZOP_CDS_0074	OM362897.1	98.507	134	134	152401	1.21e-87	276
BJJLIZOP_CDS_0074	OZ035771.1	98.507	134	134	144811	1.35e-87	275
BJJLIZOP_CDS_0074	PV191315.1	97.761	134	134	151674	1.90e-87	275
BJJLIZOP_CDS_0074	OR437326.1	98.507	134	134	148445	3.40e-87	274
BJJLIZOP_CDS_0074	OZ035728.1	97.761	134	134	149471	1.82e-86	272
BJJLIZOP_CDS_0074	OL631481.1	95.522	134	134	149818	7.35e-85	268
BJJLIZOP_CDS_0075	OZ035743.1	100.000	108	108	142881	5.52e-58	189
BJJLIZOP_CDS_0075	PV730300.1	100.000	108	108	146712	5.52e-58	189
BJJLIZOP_CDS_0075	OM386656.1	99.074	108	108	149073	5.52e-58	189
BJJLIZOP_CDS_0075	OM386659.1	100.000	108	108	149194	5.52e-58	189
BJJLIZOP_CDS_0075	OQ031492.1	100.000	108	108	149246	5.52e-58	189
BJJLIZOP_CDS_0075	KX664695.3	100.000	108	108	149268	5.52e-58	189
BJJLIZOP_CDS_0075	OZ035728.1	100.000	108	108	149471	5.52e-58	189
BJJLIZOP_CDS_0075	MH160766.1	100.000	108	108	149803	5.52e-58	189
BJJLIZOP_CDS_0075	KX552041.2	100.000	108	108	149813	5.52e-58	189
BJJLIZOP_CDS_0075	LR597654.1	100.000	108	108	150152	5.52e-58	189
BJJLIZOP_CDS_0075	OR062524.1	100.000	108	108	150431	5.52e-58	189
BJJLIZOP_CDS_0075	OP172791.1	100.000	108	108	151113	5.52e-58	189
BJJLIZOP_CDS_0075	MK373788.1	100.000	108	108	151194	5.52e-58	189
BJJLIZOP_CDS_0075	MT496970.1	100.000	108	108	151202	5.52e-58	189
BJJLIZOP_CDS_0075	PQ433349.1	100.000	108	108	151245	5.52e-58	189
BJJLIZOP_CDS_0075	OP595145.1	100.000	108	108	151363	5.52e-58	189
BJJLIZOP_CDS_0075	MN850571.1	100.000	108	108	151514	5.52e-58	189
BJJLIZOP_CDS_0075	MZ726793.1	100.000	108	108	151660	5.52e-58	189
BJJLIZOP_CDS_0075	MH051333.1	100.000	108	108	151671	5.52e-58	189
BJJLIZOP_CDS_0075	OR062529.1	100.000	108	108	151980	5.52e-58	189
BJJLIZOP_CDS_0075	OR062526.1	100.000	108	108	151980	5.52e-58	189
BJJLIZOP_CDS_0075	OP172792.1	100.000	108	108	151993	5.52e-58	189
BJJLIZOP_CDS_0075	OR352955.1	100.000	108	108	152808	5.52e-58	189
BJJLIZOP_CDS_0075	OM386667.1	100.000	108	108	156300	5.52e-58	189
BJJLIZOP_CDS_0075	PP129558.1	99.074	108	108	149967	9.41e-58	189
BJJLIZOP_CDS_0075	OZ035771.1	99.074	108	108	144811	1.19e-57	188
BJJLIZOP_CDS_0075	OL631481.1	99.074	108	108	149818	1.19e-57	188
BJJLIZOP_CDS_0075	LR746137.1	99.074	108	108	152148	1.19e-57	188
BJJLIZOP_CDS_0075	MT944117.1	99.074	108	108	152343	1.19e-57	188
BJJLIZOP_CDS_0075	MN850565.1	99.074	108	108	150947	1.51e-57	188
BJJLIZOP_CDS_0075	OR067838.1	99.074	108	108	149856	1.91e-57	188
BJJLIZOP_CDS_0075	OR437326.1	98.148	108	108	148445	2.37e-57	187
BJJLIZOP_CDS_0075	OR352956.1	99.074	108	108	149254	3.49e-57	187
BJJLIZOP_CDS_0075	MN850648.1	98.148	108	108	149335	3.84e-57	187
BJJLIZOP_CDS_0075	OL505078.1	98.148	108	108	151425	3.84e-57	187
BJJLIZOP_CDS_0075	MW175890.1	98.148	108	108	150892	4.36e-57	187
BJJLIZOP_CDS_0075	OR786310.1	97.222	108	108	149880	8.42e-57	186
BJJLIZOP_CDS_0075	MH252123.1	97.222	108	108	150925	1.38e-56	186
BJJLIZOP_CDS_0075	OL739525.1	97.222	108	108	151825	2.45e-56	185
BJJLIZOP_CDS_0075	PV191315.1	97.222	108	108	151674	4.55e-56	184
BJJLIZOP_CDS_0075	PQ826431.1	95.370	108	108	151106	4.60e-54	178
BJJLIZOP_CDS_0075	OM362897.1	100.000	102	108	152401	7.47e-54	177
BJJLIZOP_CDS_0076	PV730300.1	100.000	63	63	146712	1.46e-37	129
BJJLIZOP_CDS_0076	OM386656.1	100.000	63	63	149073	1.46e-37	129
BJJLIZOP_CDS_0076	OM386659.1	100.000	63	63	149194	1.46e-37	129
BJJLIZOP_CDS_0076	KX664695.3	100.000	63	63	149268	1.46e-37	129
BJJLIZOP_CDS_0076	OZ035728.1	100.000	63	63	149471	1.46e-37	129
BJJLIZOP_CDS_0076	MH160766.1	100.000	63	63	149803	1.46e-37	129
BJJLIZOP_CDS_0076	KX552041.2	100.000	63	63	149813	1.46e-37	129
BJJLIZOP_CDS_0076	LR597654.1	100.000	63	63	150152	1.46e-37	129
BJJLIZOP_CDS_0076	OR062524.1	100.000	63	63	150431	1.46e-37	129
BJJLIZOP_CDS_0076	MN850565.1	100.000	63	63	150947	1.46e-37	129
BJJLIZOP_CDS_0076	OP172791.1	100.000	63	63	151113	1.46e-37	129
BJJLIZOP_CDS_0076	MK373788.1	100.000	63	63	151194	1.46e-37	129
BJJLIZOP_CDS_0076	MT496970.1	100.000	63	63	151202	1.46e-37	129
BJJLIZOP_CDS_0076	OP595145.1	100.000	63	63	151363	1.46e-37	129
BJJLIZOP_CDS_0076	MN850571.1	100.000	63	63	151514	1.46e-37	129
BJJLIZOP_CDS_0076	MH051333.1	100.000	63	63	151671	1.46e-37	129
BJJLIZOP_CDS_0076	OR062529.1	100.000	63	63	151980	1.46e-37	129
BJJLIZOP_CDS_0076	OR062526.1	100.000	63	63	151980	1.46e-37	129
BJJLIZOP_CDS_0076	OP172792.1	100.000	63	63	151993	1.46e-37	129
BJJLIZOP_CDS_0076	OR352955.1	100.000	63	63	152808	1.46e-37	129
BJJLIZOP_CDS_0076	OM386667.1	100.000	63	63	156300	1.46e-37	129
BJJLIZOP_CDS_0076	OZ035771.1	98.413	63	63	144811	4.70e-37	127
BJJLIZOP_CDS_0076	OR437326.1	98.413	63	63	148445	4.70e-37	127
BJJLIZOP_CDS_0076	OR352956.1	98.413	63	63	149254	4.70e-37	127
BJJLIZOP_CDS_0076	MT944117.1	98.413	63	63	152343	4.70e-37	127
BJJLIZOP_CDS_0076	MN850648.1	96.825	63	63	149335	2.18e-36	125
BJJLIZOP_CDS_0076	OL631481.1	96.825	63	63	149818	2.18e-36	125
BJJLIZOP_CDS_0076	MH252123.1	96.825	63	63	150925	2.18e-36	125
BJJLIZOP_CDS_0076	OL505078.1	96.825	63	63	151425	2.18e-36	125
BJJLIZOP_CDS_0076	OL739525.1	96.825	63	63	151825	2.18e-36	125
BJJLIZOP_CDS_0076	OM362897.1	96.825	63	63	152401	2.18e-36	125
BJJLIZOP_CDS_0076	OZ035743.1	96.825	63	63	142881	7.65e-35	121
BJJLIZOP_CDS_0076	OR786310.1	95.238	63	63	149880	3.29e-34	119
BJJLIZOP_CDS_0076	PP129558.1	95.238	63	63	149967	3.29e-34	119
BJJLIZOP_CDS_0076	OQ031492.1	88.889	63	63	149246	4.54e-32	113
BJJLIZOP_CDS_0076	MZ726793.1	88.889	63	63	151660	4.54e-32	113
BJJLIZOP_CDS_0076	OR067838.1	82.540	63	63	149856	3.18e-30	108
BJJLIZOP_CDS_0076	MW175890.1	84.127	63	63	150892	2.78e-29	105
BJJLIZOP_CDS_0076	PV191315.1	84.127	63	63	151674	2.78e-29	105
BJJLIZOP_CDS_0076	PQ433349.1	76.190	63	63	151245	2.05e-27	100
BJJLIZOP_CDS_0076	LR746137.1	76.190	63	63	152148	2.05e-27	100
BJJLIZOP_CDS_0076	PQ826431.1	73.016	63	63	151106	1.39e-24	92.0
BJJLIZOP_CDS_0076	MN850598.1	58.621	58	63	144998	1.48e-17	72.0
BJJLIZOP_CDS_0076	MN850618.1	58.621	58	63	150473	1.48e-17	72.0
BJJLIZOP_CDS_0077	OZ035743.1	97.260	73	73	142881	3.00e-22	85.9
BJJLIZOP_CDS_0077	OZ035771.1	97.260	73	73	144811	3.00e-22	85.9
BJJLIZOP_CDS_0077	PV730300.1	97.260	73	73	146712	3.00e-22	85.9
BJJLIZOP_CDS_0077	OR437326.1	97.260	73	73	148445	3.00e-22	85.9
BJJLIZOP_CDS_0077	OM386659.1	97.260	73	73	149194	3.00e-22	85.9
BJJLIZOP_CDS_0077	OR352956.1	97.260	73	73	149254	3.00e-22	85.9
BJJLIZOP_CDS_0077	KX664695.3	97.260	73	73	149268	3.00e-22	85.9
BJJLIZOP_CDS_0077	MN850648.1	97.260	73	73	149335	3.00e-22	85.9
BJJLIZOP_CDS_0077	MH160766.1	97.260	73	73	149803	3.00e-22	85.9
BJJLIZOP_CDS_0077	KX552041.2	97.260	73	73	149813	3.00e-22	85.9
BJJLIZOP_CDS_0077	OL631481.1	97.260	73	73	149818	3.00e-22	85.9
BJJLIZOP_CDS_0077	OR067838.1	97.260	73	73	149856	3.00e-22	85.9
BJJLIZOP_CDS_0077	OR786310.1	97.260	73	73	149880	3.00e-22	85.9
BJJLIZOP_CDS_0077	PP129558.1	97.260	73	73	149967	3.00e-22	85.9
BJJLIZOP_CDS_0077	MW175890.1	97.260	73	73	150892	3.00e-22	85.9
BJJLIZOP_CDS_0077	MH252123.1	97.260	73	73	150925	3.00e-22	85.9
BJJLIZOP_CDS_0077	PQ826431.1	97.260	73	73	151106	3.00e-22	85.9
BJJLIZOP_CDS_0077	MT496970.1	97.260	73	73	151202	3.00e-22	85.9
BJJLIZOP_CDS_0077	PQ433349.1	97.260	73	73	151245	3.00e-22	85.9
BJJLIZOP_CDS_0077	OP595145.1	97.260	73	73	151363	3.00e-22	85.9
BJJLIZOP_CDS_0077	MN850571.1	97.260	73	73	151514	3.00e-22	85.9
BJJLIZOP_CDS_0077	MH051333.1	97.260	73	73	151671	3.00e-22	85.9
BJJLIZOP_CDS_0077	PV191315.1	97.260	73	73	151674	3.00e-22	85.9
BJJLIZOP_CDS_0077	OL739525.1	97.260	73	73	151825	3.00e-22	85.9
BJJLIZOP_CDS_0077	LR746137.1	97.260	73	73	152148	3.00e-22	85.9
BJJLIZOP_CDS_0077	OR352955.1	97.260	73	73	152808	3.00e-22	85.9
BJJLIZOP_CDS_0077	OM386667.1	97.260	73	73	156300	3.00e-22	85.9
BJJLIZOP_CDS_0077	OM386656.1	100.000	73	73	149073	3.54e-22	85.9
BJJLIZOP_CDS_0077	LR597654.1	100.000	73	73	150152	3.54e-22	85.9
BJJLIZOP_CDS_0077	OZ035728.1	97.260	73	73	149471	4.88e-22	85.5
BJJLIZOP_CDS_0077	OR062524.1	97.260	73	73	150431	4.88e-22	85.5
BJJLIZOP_CDS_0077	OR062529.1	97.260	73	73	151980	4.88e-22	85.5
BJJLIZOP_CDS_0077	OR062526.1	97.260	73	73	151980	4.88e-22	85.5
BJJLIZOP_CDS_0077	OQ031492.1	95.890	73	73	149246	5.12e-22	85.5
BJJLIZOP_CDS_0077	MZ726793.1	95.890	73	73	151660	5.12e-22	85.5
BJJLIZOP_CDS_0077	OP172792.1	95.890	73	73	151993	5.12e-22	85.5
BJJLIZOP_CDS_0077	OM362897.1	95.890	73	73	152401	5.12e-22	85.5
BJJLIZOP_CDS_0077	MN850565.1	95.890	73	73	150947	1.23e-21	84.3
BJJLIZOP_CDS_0077	MK373788.1	95.890	73	73	151194	1.47e-21	84.0
BJJLIZOP_CDS_0077	OL505078.1	95.890	73	73	151425	1.73e-21	84.0
BJJLIZOP_CDS_0077	OP172791.1	95.890	73	73	151113	4.08e-21	82.8
BJJLIZOP_CDS_0077	MT944117.1	95.890	73	73	152343	4.08e-21	82.8
BJJLIZOP_CDS_0077	JX561091.1	100.000	40	73	147737	8.08e-12	56.2
BJJLIZOP_CDS_0078	OR067838.1	99.730	371	371	149856	0.0	768
BJJLIZOP_CDS_0078	PQ433349.1	99.730	371	371	151245	0.0	767
BJJLIZOP_CDS_0078	PP129558.1	99.730	371	371	149967	0.0	767
BJJLIZOP_CDS_0078	OZ035771.1	99.730	371	371	144811	0.0	767
BJJLIZOP_CDS_0078	OP172792.1	99.730	371	371	151993	0.0	767
BJJLIZOP_CDS_0078	OP172791.1	99.730	371	371	151113	0.0	767
BJJLIZOP_CDS_0078	OM386659.1	99.730	371	371	149194	0.0	767
BJJLIZOP_CDS_0078	OM362897.1	99.730	371	371	152401	0.0	767
BJJLIZOP_CDS_0078	MT496970.1	99.730	371	371	151202	0.0	767
BJJLIZOP_CDS_0078	LR597654.1	99.730	371	371	150152	0.0	767
BJJLIZOP_CDS_0078	MN850565.1	99.730	371	371	150947	0.0	766
BJJLIZOP_CDS_0078	OL505078.1	99.461	371	371	151425	0.0	765
BJJLIZOP_CDS_0078	OR786310.1	99.461	371	371	149880	0.0	765
BJJLIZOP_CDS_0078	OM386656.1	99.461	371	371	149073	0.0	765
BJJLIZOP_CDS_0078	OL739525.1	99.461	371	371	151825	0.0	765
BJJLIZOP_CDS_0078	MN850648.1	99.461	371	371	149335	0.0	765
BJJLIZOP_CDS_0078	OR437326.1	99.461	371	371	148445	0.0	764
BJJLIZOP_CDS_0078	MH160766.1	99.461	371	371	149803	0.0	764
BJJLIZOP_CDS_0078	PV730300.1	99.191	371	371	146712	0.0	762
BJJLIZOP_CDS_0078	OQ031492.1	99.191	371	371	149246	0.0	762
BJJLIZOP_CDS_0078	OP595145.1	99.191	371	371	151363	0.0	762
BJJLIZOP_CDS_0078	MZ726793.1	99.191	371	371	151660	0.0	762
BJJLIZOP_CDS_0078	MW175890.1	99.191	371	371	150892	0.0	762
BJJLIZOP_CDS_0078	MT944117.1	99.191	371	371	152343	0.0	762
BJJLIZOP_CDS_0078	MH252123.1	99.191	371	371	150925	0.0	762
BJJLIZOP_CDS_0078	JX561091.1	99.191	371	371	147737	0.0	762
BJJLIZOP_CDS_0078	OZ035728.1	99.191	371	371	149471	0.0	762
BJJLIZOP_CDS_0078	OR352955.1	99.191	371	371	152808	0.0	762
BJJLIZOP_CDS_0078	OR062529.1	99.191	371	371	151980	0.0	762
BJJLIZOP_CDS_0078	OR062526.1	99.191	371	371	151980	0.0	762
BJJLIZOP_CDS_0078	OR062524.1	99.191	371	371	150431	0.0	762
BJJLIZOP_CDS_0078	OM386667.1	99.191	371	371	156300	0.0	762
BJJLIZOP_CDS_0078	MN850571.1	99.191	371	371	151514	0.0	762
BJJLIZOP_CDS_0078	MK373788.1	99.191	371	371	151194	0.0	762
BJJLIZOP_CDS_0078	KX664695.3	99.191	371	371	149268	0.0	762
BJJLIZOP_CDS_0078	KX552041.2	99.191	371	371	149813	0.0	762
BJJLIZOP_CDS_0078	LR746137.1	98.922	371	371	152148	0.0	760
BJJLIZOP_CDS_0078	OZ035743.1	98.922	371	371	142881	0.0	760
BJJLIZOP_CDS_0078	OR352956.1	98.652	371	371	149254	0.0	759
BJJLIZOP_CDS_0078	MH051333.1	98.922	371	371	151671	0.0	759
BJJLIZOP_CDS_0078	OL631481.1	98.652	371	371	149818	0.0	758
BJJLIZOP_CDS_0078	PQ826431.1	96.765	371	371	151106	0.0	744
BJJLIZOP_CDS_0078	MN850618.1	95.418	371	371	150473	0.0	735
BJJLIZOP_CDS_0078	MN850598.1	95.418	371	371	144998	0.0	735
BJJLIZOP_CDS_0078	OR544956.1	98.718	156	371	130723	2.44e-165	316
BJJLIZOP_CDS_0078	OR544956.1	100.000	133	371	130723	2.44e-165	283
BJJLIZOP_CDS_0078	PV191315.1	98.785	247	371	151674	1.11e-163	505
BJJLIZOP_CDS_0078	PV191315.1	100.000	166	371	151674	2.45e-109	349
BJJLIZOP_CDS_0079	OZ035728.1	100.000	64	64	149471	9.98e-38	129
BJJLIZOP_CDS_0079	OM386656.1	98.438	64	64	149073	2.74e-37	128
BJJLIZOP_CDS_0079	MH160766.1	98.438	64	64	149803	2.74e-37	128
BJJLIZOP_CDS_0079	KX552041.2	98.438	64	64	149813	2.74e-37	128
BJJLIZOP_CDS_0079	LR597654.1	98.438	64	64	150152	2.74e-37	128
BJJLIZOP_CDS_0079	OR062524.1	98.438	64	64	150431	2.74e-37	128
BJJLIZOP_CDS_0079	MN850565.1	98.438	64	64	150947	2.74e-37	128
BJJLIZOP_CDS_0079	MK373788.1	98.438	64	64	151194	2.74e-37	128
BJJLIZOP_CDS_0079	MN850571.1	98.438	64	64	151514	2.74e-37	128
BJJLIZOP_CDS_0079	MH051333.1	98.438	64	64	151671	2.74e-37	128
BJJLIZOP_CDS_0079	OR062529.1	98.438	64	64	151980	2.74e-37	128
BJJLIZOP_CDS_0079	OR062526.1	98.438	64	64	151980	2.74e-37	128
BJJLIZOP_CDS_0079	OZ035743.1	98.438	64	64	142881	3.36e-37	128
BJJLIZOP_CDS_0079	OL631481.1	98.438	64	64	149818	3.36e-37	128
BJJLIZOP_CDS_0079	LR746137.1	98.438	64	64	152148	3.36e-37	128
BJJLIZOP_CDS_0079	KX664695.3	96.875	64	64	149268	3.97e-37	127
BJJLIZOP_CDS_0079	OM386667.1	96.875	64	64	156300	3.97e-37	127
BJJLIZOP_CDS_0079	OZ035771.1	96.875	64	64	144811	4.68e-37	127
BJJLIZOP_CDS_0079	PV730300.1	96.875	64	64	146712	4.68e-37	127
BJJLIZOP_CDS_0079	OR067838.1	96.875	64	64	149856	4.68e-37	127
BJJLIZOP_CDS_0079	PQ433349.1	96.875	64	64	151245	4.68e-37	127
BJJLIZOP_CDS_0079	OM362897.1	96.875	64	64	152401	4.68e-37	127
BJJLIZOP_CDS_0079	OR352955.1	96.875	64	64	152808	1.22e-36	126
BJJLIZOP_CDS_0079	OP595145.1	96.875	64	64	151363	1.65e-36	126
BJJLIZOP_CDS_0079	OM386659.1	95.312	64	64	149194	2.37e-36	125
BJJLIZOP_CDS_0079	MN850648.1	95.312	64	64	149335	2.37e-36	125
BJJLIZOP_CDS_0079	OR786310.1	95.312	64	64	149880	2.37e-36	125
BJJLIZOP_CDS_0079	OP172791.1	95.312	64	64	151113	2.37e-36	125
BJJLIZOP_CDS_0079	MT496970.1	95.312	64	64	151202	2.37e-36	125
BJJLIZOP_CDS_0079	OL505078.1	95.312	64	64	151425	2.37e-36	125
BJJLIZOP_CDS_0079	OL739525.1	95.312	64	64	151825	2.37e-36	125
BJJLIZOP_CDS_0079	OR352956.1	95.312	64	64	149254	3.89e-36	125
BJJLIZOP_CDS_0079	OQ031492.1	93.750	64	64	149246	9.99e-36	124
BJJLIZOP_CDS_0080	MW175890.1	100.000	40	60	150892	1.28e-22	86.3
BJJLIZOP_CDS_0080	MT944117.1	100.000	40	60	152343	1.28e-22	86.3
BJJLIZOP_CDS_0080	OZ035743.1	100.000	40	60	142881	1.67e-22	85.9
BJJLIZOP_CDS_0080	PP129558.1	100.000	40	60	149967	1.69e-22	85.9
BJJLIZOP_CDS_0080	OR437326.1	97.500	40	60	148445	2.09e-22	85.9
BJJLIZOP_CDS_0080	PV191315.1	97.500	40	60	151674	2.09e-22	85.9
BJJLIZOP_CDS_0080	OQ031492.1	100.000	40	60	149246	2.39e-22	85.5
BJJLIZOP_CDS_0080	MH160766.1	100.000	40	60	149803	2.39e-22	85.5
BJJLIZOP_CDS_0080	MN850571.1	100.000	40	60	151514	2.39e-22	85.5
BJJLIZOP_CDS_0080	LR746137.1	100.000	40	60	152148	2.39e-22	85.5
BJJLIZOP_CDS_0080	OR062524.1	97.500	40	60	150431	2.80e-22	85.5
BJJLIZOP_CDS_0080	OR062529.1	97.500	40	60	151980	2.80e-22	85.5
BJJLIZOP_CDS_0080	OR062526.1	97.500	40	60	151980	2.80e-22	85.5
BJJLIZOP_CDS_0080	OR544956.1	100.000	40	60	130723	3.47e-22	85.1
BJJLIZOP_CDS_0080	MN850598.1	100.000	40	60	144998	3.47e-22	85.1
BJJLIZOP_CDS_0080	MN850618.1	100.000	40	60	150473	3.47e-22	85.1
BJJLIZOP_CDS_0080	OP172791.1	97.500	40	60	151113	3.79e-22	85.1
BJJLIZOP_CDS_0080	PV730300.1	97.500	40	60	146712	4.05e-22	85.1
BJJLIZOP_CDS_0080	OM386656.1	97.500	40	60	149073	4.05e-22	85.1
BJJLIZOP_CDS_0080	OM386659.1	97.500	40	60	149194	4.05e-22	85.1
BJJLIZOP_CDS_0080	OR352956.1	97.500	40	60	149254	4.05e-22	85.1
BJJLIZOP_CDS_0080	KX664695.3	97.500	40	60	149268	4.05e-22	85.1
BJJLIZOP_CDS_0080	MN850648.1	97.500	40	60	149335	4.05e-22	85.1
BJJLIZOP_CDS_0080	OZ035728.1	97.500	40	60	149471	4.05e-22	85.1
BJJLIZOP_CDS_0080	KX552041.2	97.500	40	60	149813	4.05e-22	85.1
BJJLIZOP_CDS_0080	OR067838.1	97.500	40	60	149856	4.05e-22	85.1
BJJLIZOP_CDS_0080	OR786310.1	97.500	40	60	149880	4.05e-22	85.1
BJJLIZOP_CDS_0080	LR597654.1	97.500	40	60	150152	4.05e-22	85.1
BJJLIZOP_CDS_0080	MN850565.1	97.500	40	60	150947	4.05e-22	85.1
BJJLIZOP_CDS_0080	MK373788.1	97.500	40	60	151194	4.05e-22	85.1
BJJLIZOP_CDS_0080	MT496970.1	97.500	40	60	151202	4.05e-22	85.1
BJJLIZOP_CDS_0080	OP595145.1	97.500	40	60	151363	4.05e-22	85.1
BJJLIZOP_CDS_0080	OL505078.1	97.500	40	60	151425	4.05e-22	85.1
BJJLIZOP_CDS_0080	MH051333.1	97.500	40	60	151671	4.05e-22	85.1
BJJLIZOP_CDS_0080	OL739525.1	97.500	40	60	151825	4.05e-22	85.1
BJJLIZOP_CDS_0080	OM362897.1	97.500	40	60	152401	4.05e-22	85.1
BJJLIZOP_CDS_0080	OR352955.1	97.500	40	60	152808	4.05e-22	85.1
BJJLIZOP_CDS_0080	OM386667.1	97.500	40	60	156300	4.05e-22	85.1
BJJLIZOP_CDS_0080	OP172792.1	97.500	40	60	151993	4.13e-22	85.1
BJJLIZOP_CDS_0080	JX561091.1	100.000	40	60	147737	6.41e-22	84.3
BJJLIZOP_CDS_0080	MZ726793.1	100.000	40	60	151660	6.41e-22	84.3
BJJLIZOP_CDS_0080	MH252123.1	97.500	40	60	150925	1.16e-21	83.6
BJJLIZOP_CDS_0080	PQ433349.1	97.500	40	60	151245	1.22e-21	83.6
BJJLIZOP_CDS_0080	OZ035771.1	97.436	39	60	144811	1.75e-21	83.2
BJJLIZOP_CDS_0080	OL631481.1	97.500	40	60	149818	3.14e-21	82.4
BJJLIZOP_CDS_0081	MN850598.1	99.585	241	241	144998	3.66e-163	498
BJJLIZOP_CDS_0081	JX561091.1	99.585	241	241	147737	3.67e-163	498
BJJLIZOP_CDS_0081	OR437326.1	99.585	241	241	148445	3.67e-163	498
BJJLIZOP_CDS_0081	OM386659.1	99.585	241	241	149194	3.67e-163	498
BJJLIZOP_CDS_0081	OQ031492.1	99.585	241	241	149246	3.67e-163	498
BJJLIZOP_CDS_0081	MN850648.1	99.585	241	241	149335	3.67e-163	498
BJJLIZOP_CDS_0081	MH160766.1	99.585	241	241	149803	3.67e-163	498
BJJLIZOP_CDS_0081	KX552041.2	99.585	241	241	149813	3.67e-163	498
BJJLIZOP_CDS_0081	OL631481.1	99.585	241	241	149818	3.67e-163	498
BJJLIZOP_CDS_0081	OR786310.1	99.585	241	241	149880	3.67e-163	498
BJJLIZOP_CDS_0081	LR597654.1	99.585	241	241	150152	3.67e-163	498
BJJLIZOP_CDS_0081	OR062524.1	99.585	241	241	150431	3.67e-163	498
BJJLIZOP_CDS_0081	MN850565.1	99.585	241	241	150947	3.67e-163	498
BJJLIZOP_CDS_0081	OP172791.1	99.585	241	241	151113	3.67e-163	498
BJJLIZOP_CDS_0081	MK373788.1	99.585	241	241	151194	3.67e-163	498
BJJLIZOP_CDS_0081	MT496970.1	99.585	241	241	151202	3.67e-163	498
BJJLIZOP_CDS_0081	OP595145.1	99.585	241	241	151363	3.67e-163	498
BJJLIZOP_CDS_0081	OL505078.1	99.585	241	241	151425	3.67e-163	498
BJJLIZOP_CDS_0081	MZ726793.1	99.585	241	241	151660	3.67e-163	498
BJJLIZOP_CDS_0081	MH051333.1	99.585	241	241	151671	3.67e-163	498
BJJLIZOP_CDS_0081	PV191315.1	99.585	241	241	151674	3.67e-163	498
BJJLIZOP_CDS_0081	OL739525.1	99.585	241	241	151825	3.67e-163	498
BJJLIZOP_CDS_0081	OP172792.1	99.585	241	241	151993	3.67e-163	498
BJJLIZOP_CDS_0081	LR746137.1	99.585	241	241	152148	3.67e-163	498
BJJLIZOP_CDS_0081	OM386656.1	99.170	241	241	149073	8.34e-163	496
BJJLIZOP_CDS_0081	OR067838.1	99.170	241	241	149856	1.20e-162	496
BJJLIZOP_CDS_0081	MN850618.1	99.170	241	241	150473	1.22e-162	496
BJJLIZOP_CDS_0081	OZ035771.1	99.170	241	241	144811	1.26e-162	496
BJJLIZOP_CDS_0081	OM362897.1	99.170	241	241	152401	2.09e-162	495
BJJLIZOP_CDS_0081	MT944117.1	99.170	241	241	152343	3.20e-162	495
BJJLIZOP_CDS_0081	PQ433349.1	99.170	241	241	151245	3.63e-162	494
BJJLIZOP_CDS_0081	OZ035743.1	98.340	241	241	142881	1.34e-160	490
BJJLIZOP_CDS_0081	PV730300.1	98.340	241	241	146712	1.34e-160	490
BJJLIZOP_CDS_0081	OR352956.1	98.340	241	241	149254	1.34e-160	490
BJJLIZOP_CDS_0081	MH252123.1	98.340	241	241	150925	1.34e-160	490
BJJLIZOP_CDS_0081	PQ826431.1	97.925	241	241	151106	2.87e-160	489
BJJLIZOP_CDS_0081	PP129558.1	97.925	241	241	149967	5.82e-160	488
BJJLIZOP_CDS_0081	KX664695.3	97.510	241	241	149268	3.38e-159	486
BJJLIZOP_CDS_0081	OM386667.1	97.510	241	241	156300	3.39e-159	486
BJJLIZOP_CDS_0081	OR544956.1	99.574	235	241	130723	3.73e-159	486
BJJLIZOP_CDS_0081	OZ035728.1	97.510	241	241	149471	5.44e-159	486
BJJLIZOP_CDS_0081	MW175890.1	97.510	241	241	150892	5.44e-159	486
BJJLIZOP_CDS_0081	OR062529.1	97.510	241	241	151980	5.44e-159	486
BJJLIZOP_CDS_0081	OR062526.1	97.510	241	241	151980	5.44e-159	486
BJJLIZOP_CDS_0081	MN850571.1	97.095	241	241	151514	5.49e-159	485
BJJLIZOP_CDS_0081	OR352955.1	97.095	241	241	152808	2.09e-158	484
BJJLIZOP_CDS_0082	PV730300.1	99.658	292	292	146712	0.0	556
BJJLIZOP_CDS_0082	PV191315.1	99.658	292	292	151674	0.0	556
BJJLIZOP_CDS_0082	PQ433349.1	99.658	292	292	151245	0.0	556
BJJLIZOP_CDS_0082	OZ035771.1	99.658	292	292	144811	0.0	556
BJJLIZOP_CDS_0082	OZ035728.1	99.658	292	292	149471	0.0	556
BJJLIZOP_CDS_0082	OR786310.1	99.658	292	292	149880	0.0	556
BJJLIZOP_CDS_0082	OR544956.1	99.658	292	292	130723	0.0	556
BJJLIZOP_CDS_0082	OR437326.1	99.658	292	292	148445	0.0	556
BJJLIZOP_CDS_0082	OR067838.1	99.658	292	292	149856	0.0	556
BJJLIZOP_CDS_0082	OR062524.1	99.658	292	292	150431	0.0	556
BJJLIZOP_CDS_0082	OP595145.1	99.658	292	292	151363	0.0	556
BJJLIZOP_CDS_0082	OM386659.1	99.658	292	292	149194	0.0	556
BJJLIZOP_CDS_0082	OM386656.1	99.658	292	292	149073	0.0	556
BJJLIZOP_CDS_0082	OM362897.1	99.658	292	292	152401	0.0	556
BJJLIZOP_CDS_0082	OL739525.1	99.658	292	292	151825	0.0	556
BJJLIZOP_CDS_0082	OL631481.1	99.658	292	292	149818	0.0	556
BJJLIZOP_CDS_0082	OL505078.1	99.658	292	292	151425	0.0	556
BJJLIZOP_CDS_0082	MT944117.1	99.658	292	292	152343	0.0	556
BJJLIZOP_CDS_0082	MN850618.1	99.658	292	292	150473	0.0	556
BJJLIZOP_CDS_0082	MN850598.1	99.658	292	292	144998	0.0	556
BJJLIZOP_CDS_0082	MN850571.1	99.658	292	292	151514	0.0	556
BJJLIZOP_CDS_0082	MK373788.1	99.658	292	292	151194	0.0	556
BJJLIZOP_CDS_0082	MH160766.1	99.658	292	292	149803	0.0	556
BJJLIZOP_CDS_0082	MH051333.1	99.658	292	292	151671	0.0	556
BJJLIZOP_CDS_0082	KX552041.2	99.658	292	292	149813	0.0	556
BJJLIZOP_CDS_0082	OZ035743.1	99.315	292	292	142881	0.0	555
BJJLIZOP_CDS_0082	OR352955.1	99.315	292	292	152808	0.0	555
BJJLIZOP_CDS_0082	MW175890.1	99.315	292	292	150892	0.0	555
BJJLIZOP_CDS_0082	MH252123.1	99.315	292	292	150925	0.0	555
BJJLIZOP_CDS_0082	OQ031492.1	99.315	292	292	149246	0.0	555
BJJLIZOP_CDS_0082	MZ726793.1	99.315	292	292	151660	0.0	555
BJJLIZOP_CDS_0082	MN850565.1	99.315	292	292	150947	0.0	555
BJJLIZOP_CDS_0082	LR746137.1	99.315	292	292	152148	0.0	555
BJJLIZOP_CDS_0082	JX561091.1	99.315	292	292	147737	0.0	555
BJJLIZOP_CDS_0082	LR597654.1	99.315	292	292	150152	0.0	554
BJJLIZOP_CDS_0082	OR062526.1	99.315	292	292	151980	0.0	553
BJJLIZOP_CDS_0082	OP172792.1	99.315	292	292	151993	0.0	553
BJJLIZOP_CDS_0082	OP172791.1	99.315	292	292	151113	0.0	553
BJJLIZOP_CDS_0082	OM386667.1	99.315	292	292	156300	0.0	553
BJJLIZOP_CDS_0082	MT496970.1	99.315	292	292	151202	0.0	553
BJJLIZOP_CDS_0082	KX664695.3	99.315	292	292	149268	0.0	553
BJJLIZOP_CDS_0082	OR062529.1	99.315	292	292	151980	0.0	553
BJJLIZOP_CDS_0082	MN850648.1	99.315	292	292	149335	0.0	553
BJJLIZOP_CDS_0082	PQ826431.1	98.973	292	292	151106	0.0	552
BJJLIZOP_CDS_0082	OR352956.1	98.973	292	292	149254	0.0	552
BJJLIZOP_CDS_0082	PP129558.1	90.753	292	292	149967	3.22e-166	509
BJJLIZOP_CDS_0083	OR544956.1	100.000	69	69	130723	1.62e-42	143
BJJLIZOP_CDS_0083	OZ035771.1	100.000	69	69	144811	1.62e-42	143
BJJLIZOP_CDS_0083	MN850598.1	100.000	69	69	144998	1.62e-42	143
BJJLIZOP_CDS_0083	PV730300.1	100.000	69	69	146712	1.62e-42	143
BJJLIZOP_CDS_0083	JX561091.1	100.000	69	69	147737	1.62e-42	143
BJJLIZOP_CDS_0083	OR437326.1	100.000	69	69	148445	1.62e-42	143
BJJLIZOP_CDS_0083	OM386656.1	100.000	69	69	149073	1.62e-42	143
BJJLIZOP_CDS_0083	OM386659.1	100.000	69	69	149194	1.62e-42	143
BJJLIZOP_CDS_0083	OQ031492.1	100.000	69	69	149246	1.62e-42	143
BJJLIZOP_CDS_0083	OR352956.1	100.000	69	69	149254	1.62e-42	143
BJJLIZOP_CDS_0083	MN850648.1	100.000	69	69	149335	1.62e-42	143
BJJLIZOP_CDS_0083	OZ035728.1	100.000	69	69	149471	1.62e-42	143
BJJLIZOP_CDS_0083	MH160766.1	100.000	69	69	149803	1.62e-42	143
BJJLIZOP_CDS_0083	KX552041.2	100.000	69	69	149813	1.62e-42	143
BJJLIZOP_CDS_0083	OL631481.1	100.000	69	69	149818	1.62e-42	143
BJJLIZOP_CDS_0083	OR067838.1	100.000	69	69	149856	1.62e-42	143
BJJLIZOP_CDS_0083	PP129558.1	100.000	69	69	149967	1.62e-42	143
BJJLIZOP_CDS_0083	LR597654.1	100.000	69	69	150152	1.62e-42	143
BJJLIZOP_CDS_0083	OR062524.1	100.000	69	69	150431	1.62e-42	143
BJJLIZOP_CDS_0083	MN850618.1	100.000	69	69	150473	1.62e-42	143
BJJLIZOP_CDS_0083	MW175890.1	100.000	69	69	150892	1.62e-42	143
BJJLIZOP_CDS_0083	PQ826431.1	100.000	69	69	151106	1.62e-42	143
BJJLIZOP_CDS_0083	OP172791.1	100.000	69	69	151113	1.62e-42	143
BJJLIZOP_CDS_0083	MK373788.1	100.000	69	69	151194	1.62e-42	143
BJJLIZOP_CDS_0083	MT496970.1	100.000	69	69	151202	1.62e-42	143
BJJLIZOP_CDS_0083	PQ433349.1	100.000	69	69	151245	1.62e-42	143
BJJLIZOP_CDS_0083	OP595145.1	100.000	69	69	151363	1.62e-42	143
BJJLIZOP_CDS_0083	OL505078.1	100.000	69	69	151425	1.62e-42	143
BJJLIZOP_CDS_0083	MN850571.1	100.000	69	69	151514	1.62e-42	143
BJJLIZOP_CDS_0083	MZ726793.1	100.000	69	69	151660	1.62e-42	143
BJJLIZOP_CDS_0083	MH051333.1	100.000	69	69	151671	1.62e-42	143
BJJLIZOP_CDS_0083	PV191315.1	100.000	69	69	151674	1.62e-42	143
BJJLIZOP_CDS_0083	OL739525.1	100.000	69	69	151825	1.62e-42	143
BJJLIZOP_CDS_0083	OR062529.1	100.000	69	69	151980	1.62e-42	143
BJJLIZOP_CDS_0083	OR062526.1	100.000	69	69	151980	1.62e-42	143
BJJLIZOP_CDS_0083	OP172792.1	100.000	69	69	151993	1.62e-42	143
BJJLIZOP_CDS_0083	MT944117.1	100.000	69	69	152343	1.62e-42	143
BJJLIZOP_CDS_0083	OM362897.1	100.000	69	69	152401	1.62e-42	143
BJJLIZOP_CDS_0083	OR352955.1	100.000	69	69	152808	1.62e-42	143
BJJLIZOP_CDS_0083	MH252123.1	98.551	69	69	150925	2.56e-42	142
BJJLIZOP_CDS_0083	MN850565.1	98.551	69	69	150947	2.56e-42	142
BJJLIZOP_CDS_0083	KX664695.3	98.551	69	69	149268	6.13e-42	142
BJJLIZOP_CDS_0083	OM386667.1	98.551	69	69	156300	6.13e-42	142
BJJLIZOP_CDS_0083	OR786310.1	98.551	69	69	149880	9.58e-42	141
BJJLIZOP_CDS_0083	OZ035743.1	98.551	69	69	142881	1.70e-41	140
BJJLIZOP_CDS_0083	LR746137.1	98.551	69	69	152148	2.13e-41	140
BJJLIZOP_CDS_0084	OR352955.1	100.000	30	30	152808	3.08e-13	58.2
BJJLIZOP_CDS_0084	OM362897.1	100.000	30	30	152401	3.08e-13	58.2
BJJLIZOP_CDS_0084	MT944117.1	100.000	30	30	152343	3.08e-13	58.2
BJJLIZOP_CDS_0084	OP172792.1	100.000	30	30	151993	3.08e-13	58.2
BJJLIZOP_CDS_0084	OR062529.1	100.000	30	30	151980	3.08e-13	58.2
BJJLIZOP_CDS_0084	OR062526.1	100.000	30	30	151980	3.08e-13	58.2
BJJLIZOP_CDS_0084	MH051333.1	100.000	30	30	151671	3.08e-13	58.2
BJJLIZOP_CDS_0084	MZ726793.1	100.000	30	30	151660	3.08e-13	58.2
BJJLIZOP_CDS_0084	MN850571.1	100.000	30	30	151514	3.08e-13	58.2
BJJLIZOP_CDS_0084	OP595145.1	100.000	30	30	151363	3.08e-13	58.2
BJJLIZOP_CDS_0084	PQ433349.1	100.000	30	30	151245	3.08e-13	58.2
BJJLIZOP_CDS_0084	MT496970.1	100.000	30	30	151202	3.08e-13	58.2
BJJLIZOP_CDS_0084	MK373788.1	100.000	30	30	151194	3.08e-13	58.2
BJJLIZOP_CDS_0084	OP172791.1	100.000	30	30	151113	3.08e-13	58.2
BJJLIZOP_CDS_0084	MN850565.1	100.000	30	30	150947	3.08e-13	58.2
BJJLIZOP_CDS_0084	MW175890.1	100.000	30	30	150892	3.08e-13	58.2
BJJLIZOP_CDS_0084	MN850618.1	100.000	30	30	150473	3.08e-13	58.2
BJJLIZOP_CDS_0084	OR062524.1	100.000	30	30	150431	3.08e-13	58.2
BJJLIZOP_CDS_0084	LR597654.1	100.000	30	30	150152	3.08e-13	58.2
BJJLIZOP_CDS_0084	PP129558.1	100.000	30	30	149967	3.08e-13	58.2
BJJLIZOP_CDS_0084	MH160766.1	100.000	30	30	149803	3.08e-13	58.2
BJJLIZOP_CDS_0084	OZ035728.1	100.000	30	30	149471	3.08e-13	58.2
BJJLIZOP_CDS_0084	OQ031492.1	100.000	30	30	149246	3.08e-13	58.2
BJJLIZOP_CDS_0084	OM386659.1	100.000	30	30	149194	3.08e-13	58.2
BJJLIZOP_CDS_0084	OM386656.1	100.000	30	30	149073	3.08e-13	58.2
BJJLIZOP_CDS_0084	OR437326.1	100.000	30	30	148445	3.08e-13	58.2
BJJLIZOP_CDS_0084	JX561091.1	100.000	30	30	147737	3.08e-13	58.2
BJJLIZOP_CDS_0084	PV730300.1	100.000	30	30	146712	3.08e-13	58.2
BJJLIZOP_CDS_0084	MN850598.1	100.000	30	30	144998	3.08e-13	58.2
BJJLIZOP_CDS_0084	OZ035771.1	100.000	30	30	144811	3.08e-13	58.2
BJJLIZOP_CDS_0084	MH252123.1	96.667	30	30	150925	1.47e-12	56.2
BJJLIZOP_CDS_0084	OM386667.1	96.667	30	30	156300	1.52e-12	56.2
BJJLIZOP_CDS_0084	OL739525.1	96.667	30	30	151825	1.52e-12	56.2
BJJLIZOP_CDS_0084	OL505078.1	96.667	30	30	151425	1.52e-12	56.2
BJJLIZOP_CDS_0084	PQ826431.1	96.667	30	30	151106	1.52e-12	56.2
BJJLIZOP_CDS_0084	OR786310.1	96.667	30	30	149880	1.52e-12	56.2
BJJLIZOP_CDS_0084	KX552041.2	96.667	30	30	149813	1.52e-12	56.2
BJJLIZOP_CDS_0084	MN850648.1	96.667	30	30	149335	1.52e-12	56.2
BJJLIZOP_CDS_0084	KX664695.3	96.667	30	30	149268	1.52e-12	56.2
BJJLIZOP_CDS_0084	OR352956.1	96.667	30	30	149254	1.52e-12	56.2
BJJLIZOP_CDS_0084	OZ035743.1	96.667	30	30	142881	1.52e-12	56.2
BJJLIZOP_CDS_0084	OR067838.1	96.667	30	30	149856	1.55e-12	56.2
BJJLIZOP_CDS_0084	LR746137.1	93.333	30	30	152148	3.04e-12	55.1
BJJLIZOP_CDS_0084	OR544956.1	93.333	30	30	130723	3.04e-12	55.1
BJJLIZOP_CDS_0084	OL631481.1	93.333	30	30	149818	9.17e-12	53.9
BJJLIZOP_CDS_0084	PV191315.1	93.333	30	30	151674	1.16e-11	53.5
BJJLIZOP_CDS_0085	OR062529.1	100.000	40	40	151980	4.02e-19	75.5
BJJLIZOP_CDS_0085	OR062526.1	100.000	40	40	151980	4.02e-19	75.5
BJJLIZOP_CDS_0085	MN850571.1	100.000	40	40	151514	4.02e-19	75.5
BJJLIZOP_CDS_0085	MK373788.1	100.000	40	40	151194	4.02e-19	75.5
BJJLIZOP_CDS_0085	OR062524.1	100.000	40	40	150431	4.02e-19	75.5
BJJLIZOP_CDS_0085	MH160766.1	100.000	40	40	149803	4.02e-19	75.5
BJJLIZOP_CDS_0085	OR352955.1	97.500	40	40	152808	1.70e-18	73.6
BJJLIZOP_CDS_0085	OM362897.1	97.500	40	40	152401	1.70e-18	73.6
BJJLIZOP_CDS_0085	MT944117.1	97.500	40	40	152343	1.70e-18	73.6
BJJLIZOP_CDS_0085	LR746137.1	97.500	40	40	152148	1.70e-18	73.6
BJJLIZOP_CDS_0085	OP172792.1	97.500	40	40	151993	1.70e-18	73.6
BJJLIZOP_CDS_0085	PV191315.1	97.500	40	40	151674	1.70e-18	73.6
BJJLIZOP_CDS_0085	MH051333.1	97.500	40	40	151671	1.70e-18	73.6
BJJLIZOP_CDS_0085	OP595145.1	97.500	40	40	151363	1.70e-18	73.6
BJJLIZOP_CDS_0085	PQ433349.1	97.500	40	40	151245	1.70e-18	73.6
BJJLIZOP_CDS_0085	MT496970.1	97.500	40	40	151202	1.70e-18	73.6
BJJLIZOP_CDS_0085	OP172791.1	97.500	40	40	151113	1.70e-18	73.6
BJJLIZOP_CDS_0085	PQ826431.1	97.500	40	40	151106	1.70e-18	73.6
BJJLIZOP_CDS_0085	MN850565.1	97.500	40	40	150947	1.70e-18	73.6
BJJLIZOP_CDS_0085	MH252123.1	97.500	40	40	150925	1.70e-18	73.6
BJJLIZOP_CDS_0085	MW175890.1	97.500	40	40	150892	1.70e-18	73.6
BJJLIZOP_CDS_0085	MN850618.1	97.500	40	40	150473	1.70e-18	73.6
BJJLIZOP_CDS_0085	LR597654.1	97.500	40	40	150152	1.70e-18	73.6
BJJLIZOP_CDS_0085	PP129558.1	97.500	40	40	149967	1.70e-18	73.6
BJJLIZOP_CDS_0085	OR067838.1	97.500	40	40	149856	1.70e-18	73.6
BJJLIZOP_CDS_0085	OZ035728.1	97.500	40	40	149471	1.70e-18	73.6
BJJLIZOP_CDS_0085	OM386659.1	97.500	40	40	149194	1.70e-18	73.6
BJJLIZOP_CDS_0085	OR437326.1	97.500	40	40	148445	1.70e-18	73.6
BJJLIZOP_CDS_0085	JX561091.1	97.500	40	40	147737	1.70e-18	73.6
BJJLIZOP_CDS_0085	PV730300.1	97.500	40	40	146712	1.70e-18	73.6
BJJLIZOP_CDS_0085	MN850598.1	97.500	40	40	144998	1.70e-18	73.6
BJJLIZOP_CDS_0085	OZ035771.1	97.500	40	40	144811	1.70e-18	73.6
BJJLIZOP_CDS_0085	OR544956.1	97.500	40	40	130723	1.70e-18	73.6
BJJLIZOP_CDS_0085	MZ726793.1	95.000	40	40	151660	5.60e-18	72.0
BJJLIZOP_CDS_0085	OQ031492.1	95.000	40	40	149246	5.60e-18	72.0
BJJLIZOP_CDS_0085	OR352956.1	95.000	40	40	149254	8.52e-18	71.6
BJJLIZOP_CDS_0085	OM386667.1	95.000	40	40	156300	1.37e-17	70.9
BJJLIZOP_CDS_0085	OL739525.1	95.000	40	40	151825	1.37e-17	70.9
BJJLIZOP_CDS_0085	OL505078.1	95.000	40	40	151425	1.37e-17	70.9
BJJLIZOP_CDS_0085	OR786310.1	95.000	40	40	149880	1.37e-17	70.9
BJJLIZOP_CDS_0085	OL631481.1	95.000	40	40	149818	1.37e-17	70.9
BJJLIZOP_CDS_0085	KX552041.2	95.000	40	40	149813	1.37e-17	70.9
BJJLIZOP_CDS_0085	MN850648.1	95.000	40	40	149335	1.37e-17	70.9
BJJLIZOP_CDS_0085	KX664695.3	95.000	40	40	149268	1.37e-17	70.9
BJJLIZOP_CDS_0085	OM386656.1	95.000	40	40	149073	1.37e-17	70.9
BJJLIZOP_CDS_0085	OZ035743.1	95.000	40	40	142881	1.37e-17	70.9
BJJLIZOP_CDS_0086	OZ035743.1	100.000	229	229	142881	7.53e-155	473
BJJLIZOP_CDS_0086	PV730300.1	100.000	229	229	146712	7.53e-155	473
BJJLIZOP_CDS_0086	JX561091.1	100.000	229	229	147737	7.53e-155	473
BJJLIZOP_CDS_0086	OR437326.1	100.000	229	229	148445	7.53e-155	473
BJJLIZOP_CDS_0086	OM386656.1	100.000	229	229	149073	7.53e-155	473
BJJLIZOP_CDS_0086	KX664695.3	100.000	229	229	149268	7.53e-155	473
BJJLIZOP_CDS_0086	MN850648.1	100.000	229	229	149335	7.53e-155	473
BJJLIZOP_CDS_0086	MH160766.1	100.000	229	229	149803	7.53e-155	473
BJJLIZOP_CDS_0086	KX552041.2	100.000	229	229	149813	7.53e-155	473
BJJLIZOP_CDS_0086	OL631481.1	100.000	229	229	149818	7.53e-155	473
BJJLIZOP_CDS_0086	OR067838.1	100.000	229	229	149856	7.53e-155	473
BJJLIZOP_CDS_0086	LR597654.1	100.000	229	229	150152	7.53e-155	473
BJJLIZOP_CDS_0086	OR062524.1	100.000	229	229	150431	7.53e-155	473
BJJLIZOP_CDS_0086	MW175890.1	100.000	229	229	150892	7.53e-155	473
BJJLIZOP_CDS_0086	MH252123.1	100.000	229	229	150925	7.53e-155	473
BJJLIZOP_CDS_0086	MN850565.1	100.000	229	229	150947	7.53e-155	473
BJJLIZOP_CDS_0086	PQ826431.1	100.000	229	229	151106	7.53e-155	473
BJJLIZOP_CDS_0086	OP172791.1	100.000	229	229	151113	7.53e-155	473
BJJLIZOP_CDS_0086	MK373788.1	100.000	229	229	151194	7.53e-155	473
BJJLIZOP_CDS_0086	MT496970.1	100.000	229	229	151202	7.53e-155	473
BJJLIZOP_CDS_0086	PQ433349.1	100.000	229	229	151245	7.53e-155	473
BJJLIZOP_CDS_0086	OP595145.1	100.000	229	229	151363	7.53e-155	473
BJJLIZOP_CDS_0086	MH051333.1	100.000	229	229	151671	7.53e-155	473
BJJLIZOP_CDS_0086	PV191315.1	100.000	229	229	151674	7.53e-155	473
BJJLIZOP_CDS_0086	OL739525.1	100.000	229	229	151825	7.53e-155	473
BJJLIZOP_CDS_0086	OR062529.1	100.000	229	229	151980	7.53e-155	473
BJJLIZOP_CDS_0086	OR062526.1	100.000	229	229	151980	7.53e-155	473
BJJLIZOP_CDS_0086	OP172792.1	100.000	229	229	151993	7.53e-155	473
BJJLIZOP_CDS_0086	LR746137.1	100.000	229	229	152148	7.53e-155	473
BJJLIZOP_CDS_0086	OM362897.1	100.000	229	229	152401	7.53e-155	473
BJJLIZOP_CDS_0086	OR352955.1	100.000	229	229	152808	7.53e-155	473
BJJLIZOP_CDS_0086	OM386667.1	100.000	229	229	156300	7.53e-155	473
BJJLIZOP_CDS_0086	OQ031492.1	100.000	229	229	149246	8.71e-155	473
BJJLIZOP_CDS_0086	MZ726793.1	100.000	229	229	151660	8.71e-155	473
BJJLIZOP_CDS_0086	OZ035728.1	100.000	229	229	149471	9.41e-155	473
BJJLIZOP_CDS_0086	OR786310.1	100.000	229	229	149880	9.41e-155	473
BJJLIZOP_CDS_0086	PP129558.1	100.000	229	229	149967	9.41e-155	473
BJJLIZOP_CDS_0086	MT944117.1	100.000	229	229	152343	9.41e-155	473
BJJLIZOP_CDS_0086	OL505078.1	100.000	229	229	151425	9.59e-155	473
BJJLIZOP_CDS_0086	OR544956.1	99.563	229	229	130723	2.43e-154	471
BJJLIZOP_CDS_0086	MN850598.1	99.563	229	229	144998	2.43e-154	471
BJJLIZOP_CDS_0086	MN850618.1	99.563	229	229	150473	2.43e-154	471
BJJLIZOP_CDS_0086	OZ035771.1	99.563	229	229	144811	6.14e-154	470
BJJLIZOP_CDS_0086	MN850571.1	99.563	229	229	151514	6.14e-154	470
BJJLIZOP_CDS_0086	OM386659.1	99.563	229	229	149194	7.98e-154	470
BJJLIZOP_CDS_0086	OR352956.1	99.127	229	229	149254	9.50e-154	470
BJJLIZOP_CDS_0087	JX561091.1	99.672	305	305	147737	0.0	608
BJJLIZOP_CDS_0087	PV191315.1	100.000	305	305	151674	0.0	608
BJJLIZOP_CDS_0087	PP129558.1	100.000	305	305	149967	0.0	608
BJJLIZOP_CDS_0087	OZ035771.1	100.000	305	305	144811	0.0	608
BJJLIZOP_CDS_0087	OZ035743.1	100.000	305	305	142881	0.0	608
BJJLIZOP_CDS_0087	OR786310.1	100.000	305	305	149880	0.0	608
BJJLIZOP_CDS_0087	OR437326.1	100.000	305	305	148445	0.0	608
BJJLIZOP_CDS_0087	OR352956.1	100.000	305	305	149254	0.0	608
BJJLIZOP_CDS_0087	OR062529.1	100.000	305	305	151980	0.0	608
BJJLIZOP_CDS_0087	OR062526.1	100.000	305	305	151980	0.0	608
BJJLIZOP_CDS_0087	OR062524.1	100.000	305	305	150431	0.0	608
BJJLIZOP_CDS_0087	OQ031492.1	100.000	305	305	149246	0.0	608
BJJLIZOP_CDS_0087	OP172792.1	100.000	305	305	151993	0.0	608
BJJLIZOP_CDS_0087	OP172791.1	100.000	305	305	151113	0.0	608
BJJLIZOP_CDS_0087	OM362897.1	100.000	305	305	152401	0.0	608
BJJLIZOP_CDS_0087	OL739525.1	100.000	305	305	151825	0.0	608
BJJLIZOP_CDS_0087	OL631481.1	100.000	305	305	149818	0.0	608
BJJLIZOP_CDS_0087	OL505078.1	100.000	305	305	151425	0.0	608
BJJLIZOP_CDS_0087	MZ726793.1	100.000	305	305	151660	0.0	608
BJJLIZOP_CDS_0087	MT944117.1	100.000	305	305	152343	0.0	608
BJJLIZOP_CDS_0087	MN850648.1	100.000	305	305	149335	0.0	608
BJJLIZOP_CDS_0087	MN850618.1	100.000	305	305	150473	0.0	608
BJJLIZOP_CDS_0087	MN850598.1	100.000	305	305	144998	0.0	608
BJJLIZOP_CDS_0087	MN850571.1	100.000	305	305	151514	0.0	608
BJJLIZOP_CDS_0087	MN850565.1	100.000	305	305	150947	0.0	608
BJJLIZOP_CDS_0087	MK373788.1	100.000	305	305	151194	0.0	608
BJJLIZOP_CDS_0087	MH160766.1	100.000	305	305	149803	0.0	608
BJJLIZOP_CDS_0087	LR746137.1	100.000	305	305	152148	0.0	608
BJJLIZOP_CDS_0087	KX552041.2	100.000	305	305	149813	0.0	608
BJJLIZOP_CDS_0087	PQ826431.1	99.672	305	305	151106	0.0	607
BJJLIZOP_CDS_0087	OM386656.1	99.672	305	305	149073	0.0	606
BJJLIZOP_CDS_0087	LR597654.1	99.672	305	305	150152	0.0	606
BJJLIZOP_CDS_0087	OP595145.1	99.016	305	305	151363	0.0	605
BJJLIZOP_CDS_0087	PV730300.1	99.344	305	305	146712	0.0	604
BJJLIZOP_CDS_0087	PQ433349.1	99.344	305	305	151245	0.0	604
BJJLIZOP_CDS_0087	OZ035728.1	99.344	305	305	149471	0.0	604
BJJLIZOP_CDS_0087	OR352955.1	99.344	305	305	152808	0.0	604
BJJLIZOP_CDS_0087	OM386667.1	99.344	305	305	156300	0.0	604
BJJLIZOP_CDS_0087	OM386659.1	99.344	305	305	149194	0.0	604
BJJLIZOP_CDS_0087	MW175890.1	99.344	305	305	150892	0.0	604
BJJLIZOP_CDS_0087	MT496970.1	99.344	305	305	151202	0.0	604
BJJLIZOP_CDS_0087	MH252123.1	99.344	305	305	150925	0.0	604
BJJLIZOP_CDS_0087	MH051333.1	99.344	305	305	151671	0.0	604
BJJLIZOP_CDS_0087	KX664695.3	99.344	305	305	149268	0.0	604
BJJLIZOP_CDS_0087	OR544956.1	99.016	305	305	130723	0.0	597
BJJLIZOP_CDS_0087	OR067838.1	97.030	202	305	149856	5.42e-120	377
BJJLIZOP_CDS_0087	OR067838.1	97.368	114	305	149856	2.93e-72	240
BJJLIZOP_CDS_0088	OM386656.1	100.000	75	75	149073	1.20e-44	149
BJJLIZOP_CDS_0088	MH160766.1	100.000	75	75	149803	1.20e-44	149
BJJLIZOP_CDS_0088	OL631481.1	100.000	75	75	149818	1.20e-44	149
BJJLIZOP_CDS_0088	PP129558.1	100.000	75	75	149967	1.20e-44	149
BJJLIZOP_CDS_0088	LR597654.1	100.000	75	75	150152	1.20e-44	149
BJJLIZOP_CDS_0088	MK373788.1	100.000	75	75	151194	1.20e-44	149
BJJLIZOP_CDS_0088	KX552041.2	100.000	75	75	149813	1.33e-44	149
BJJLIZOP_CDS_0088	OR062524.1	100.000	75	75	150431	1.33e-44	149
BJJLIZOP_CDS_0088	OR062529.1	100.000	75	75	151980	1.33e-44	149
BJJLIZOP_CDS_0088	OR062526.1	100.000	75	75	151980	1.33e-44	149
BJJLIZOP_CDS_0088	OM386659.1	98.667	75	75	149194	5.85e-44	147
BJJLIZOP_CDS_0088	MN850648.1	98.667	75	75	149335	5.85e-44	147
BJJLIZOP_CDS_0088	OZ035728.1	98.667	75	75	149471	5.85e-44	147
BJJLIZOP_CDS_0088	OR067838.1	98.667	75	75	149856	5.85e-44	147
BJJLIZOP_CDS_0088	OR786310.1	98.667	75	75	149880	5.85e-44	147
BJJLIZOP_CDS_0088	OP172791.1	98.667	75	75	151113	5.85e-44	147
BJJLIZOP_CDS_0088	OL505078.1	98.667	75	75	151425	5.85e-44	147
BJJLIZOP_CDS_0088	OL739525.1	98.667	75	75	151825	5.85e-44	147
BJJLIZOP_CDS_0088	OP172792.1	98.667	75	75	151993	5.85e-44	147
BJJLIZOP_CDS_0088	LR746137.1	98.667	75	75	152148	5.85e-44	147
BJJLIZOP_CDS_0088	MT496970.1	98.667	75	75	151202	7.04e-44	147
BJJLIZOP_CDS_0088	OR437326.1	98.667	75	75	148445	7.32e-44	147
BJJLIZOP_CDS_0088	MH252123.1	98.667	75	75	150925	7.32e-44	147
BJJLIZOP_CDS_0088	PV191315.1	98.667	75	75	151674	7.32e-44	147
BJJLIZOP_CDS_0088	OM362897.1	98.667	75	75	152401	7.32e-44	147
BJJLIZOP_CDS_0088	MN850571.1	97.333	75	75	151514	1.82e-43	146
BJJLIZOP_CDS_0088	MH051333.1	97.333	75	75	151671	1.82e-43	146
BJJLIZOP_CDS_0088	OZ035743.1	97.333	75	75	142881	2.09e-43	146
BJJLIZOP_CDS_0088	OR352956.1	97.333	75	75	149254	2.09e-43	146
BJJLIZOP_CDS_0088	MW175890.1	97.333	75	75	150892	2.09e-43	146
BJJLIZOP_CDS_0088	MN850565.1	97.333	75	75	150947	2.09e-43	146
BJJLIZOP_CDS_0088	OP595145.1	96.000	75	75	151363	4.33e-43	145
BJJLIZOP_CDS_0088	JX561091.1	96.000	75	75	147737	7.52e-43	144
BJJLIZOP_CDS_0088	OQ031492.1	96.000	75	75	149246	7.52e-43	144
BJJLIZOP_CDS_0088	MZ726793.1	96.000	75	75	151660	7.52e-43	144
BJJLIZOP_CDS_0088	MT944117.1	96.000	75	75	152343	7.52e-43	144
BJJLIZOP_CDS_0088	PV730300.1	96.000	75	75	146712	8.70e-43	144
BJJLIZOP_CDS_0088	PQ826431.1	96.000	75	75	151106	8.70e-43	144
BJJLIZOP_CDS_0088	OZ035771.1	94.667	75	75	144811	1.73e-42	143
BJJLIZOP_CDS_0088	MN850598.1	94.667	75	75	144998	1.73e-42	143
BJJLIZOP_CDS_0088	KX664695.3	94.667	75	75	149268	1.73e-42	143
BJJLIZOP_CDS_0088	MN850618.1	94.667	75	75	150473	1.73e-42	143
BJJLIZOP_CDS_0088	OM386667.1	94.667	75	75	156300	1.73e-42	143
BJJLIZOP_CDS_0088	PQ433349.1	94.667	75	75	151245	2.05e-42	143
BJJLIZOP_CDS_0088	OR352955.1	98.667	75	75	152808	2.13e-42	143
BJJLIZOP_CDS_0088	OR544956.1	93.333	30	75	130723	2.04e-19	60.5
BJJLIZOP_CDS_0088	OR544956.1	95.833	24	75	130723	2.04e-19	48.1
BJJLIZOP_CDS_0089	OM386656.1	100.000	133	133	149073	8.28e-90	282
BJJLIZOP_CDS_0089	MH160766.1	100.000	133	133	149803	8.28e-90	282
BJJLIZOP_CDS_0089	OL631481.1	100.000	133	133	149818	8.28e-90	282
BJJLIZOP_CDS_0089	PP129558.1	100.000	133	133	149967	8.28e-90	282
BJJLIZOP_CDS_0089	LR597654.1	100.000	133	133	150152	8.28e-90	282
BJJLIZOP_CDS_0089	MK373788.1	100.000	133	133	151194	8.28e-90	282
BJJLIZOP_CDS_0089	OR352955.1	100.000	133	133	152808	8.28e-90	282
BJJLIZOP_CDS_0089	OZ035743.1	99.248	133	133	142881	3.94e-89	280
BJJLIZOP_CDS_0089	OR786310.1	99.248	133	133	149880	3.94e-89	280
BJJLIZOP_CDS_0089	MN850565.1	99.248	133	133	150947	3.94e-89	280
BJJLIZOP_CDS_0089	OL505078.1	99.248	133	133	151425	3.94e-89	280
BJJLIZOP_CDS_0089	MH051333.1	99.248	133	133	151671	3.94e-89	280
BJJLIZOP_CDS_0089	OR544956.1	98.496	133	133	130723	6.26e-89	279
BJJLIZOP_CDS_0089	MN850598.1	98.496	133	133	144998	6.27e-89	279
BJJLIZOP_CDS_0089	OR437326.1	98.496	133	133	148445	6.27e-89	279
BJJLIZOP_CDS_0089	KX664695.3	98.496	133	133	149268	6.27e-89	279
BJJLIZOP_CDS_0089	OZ035728.1	98.496	133	133	149471	6.27e-89	279
BJJLIZOP_CDS_0089	KX552041.2	98.496	133	133	149813	6.27e-89	279
BJJLIZOP_CDS_0089	OR062524.1	98.496	133	133	150431	6.27e-89	279
BJJLIZOP_CDS_0089	MN850618.1	98.496	133	133	150473	6.27e-89	279
BJJLIZOP_CDS_0089	MW175890.1	98.496	133	133	150892	6.27e-89	279
BJJLIZOP_CDS_0089	MH252123.1	98.496	133	133	150925	6.27e-89	279
BJJLIZOP_CDS_0089	OP172791.1	98.496	133	133	151113	6.27e-89	279
BJJLIZOP_CDS_0089	OP595145.1	98.496	133	133	151363	6.27e-89	279
BJJLIZOP_CDS_0089	OR062529.1	98.496	133	133	151980	6.27e-89	279
BJJLIZOP_CDS_0089	OR062526.1	98.496	133	133	151980	6.27e-89	279
BJJLIZOP_CDS_0089	OP172792.1	98.496	133	133	151993	6.27e-89	279
BJJLIZOP_CDS_0089	OM386667.1	98.496	133	133	156300	6.27e-89	279
BJJLIZOP_CDS_0089	JX561091.1	97.744	133	133	147737	9.69e-89	279
BJJLIZOP_CDS_0089	OM386659.1	97.744	133	133	149194	9.69e-89	279
BJJLIZOP_CDS_0089	MN850648.1	97.744	133	133	149335	9.69e-89	279
BJJLIZOP_CDS_0089	MT496970.1	97.744	133	133	151202	9.69e-89	279
BJJLIZOP_CDS_0089	PQ433349.1	97.744	133	133	151245	9.69e-89	279
BJJLIZOP_CDS_0089	OL739525.1	97.744	133	133	151825	9.69e-89	279
BJJLIZOP_CDS_0089	LR746137.1	97.744	133	133	152148	9.69e-89	279
BJJLIZOP_CDS_0089	OM362897.1	97.744	133	133	152401	9.69e-89	279
BJJLIZOP_CDS_0089	PQ826431.1	98.496	133	133	151106	1.30e-88	278
BJJLIZOP_CDS_0089	OZ035771.1	98.496	133	133	144811	1.50e-88	278
BJJLIZOP_CDS_0089	MT944117.1	96.992	133	133	152343	3.69e-88	277
BJJLIZOP_CDS_0089	MZ726793.1	96.241	133	133	151660	1.26e-87	275
BJJLIZOP_CDS_0089	PV730300.1	96.992	133	133	146712	1.84e-87	275
BJJLIZOP_CDS_0089	OR352956.1	96.992	133	133	149254	5.14e-87	274
BJJLIZOP_CDS_0089	PV191315.1	96.241	133	133	151674	7.87e-87	273
BJJLIZOP_CDS_0089	OQ031492.1	95.489	133	133	149246	9.93e-87	273
BJJLIZOP_CDS_0089	OR067838.1	96.241	133	133	149856	1.72e-86	272
BJJLIZOP_CDS_0089	MN850571.1	96.241	133	133	151514	1.72e-86	272
BJJLIZOP_CDS_0090	OR544956.1	100.000	64	64	130723	3.17e-39	134
BJJLIZOP_CDS_0090	OZ035743.1	100.000	64	64	142881	3.17e-39	134
BJJLIZOP_CDS_0090	OZ035771.1	100.000	64	64	144811	3.17e-39	134
BJJLIZOP_CDS_0090	MN850598.1	100.000	64	64	144998	3.17e-39	134
BJJLIZOP_CDS_0090	PV730300.1	100.000	64	64	146712	3.17e-39	134
BJJLIZOP_CDS_0090	JX561091.1	100.000	64	64	147737	3.17e-39	134
BJJLIZOP_CDS_0090	OR437326.1	100.000	64	64	148445	3.17e-39	134
BJJLIZOP_CDS_0090	OM386656.1	100.000	64	64	149073	3.17e-39	134
BJJLIZOP_CDS_0090	OM386659.1	100.000	64	64	149194	3.17e-39	134
BJJLIZOP_CDS_0090	OQ031492.1	100.000	64	64	149246	3.17e-39	134
BJJLIZOP_CDS_0090	OR352956.1	100.000	64	64	149254	3.17e-39	134
BJJLIZOP_CDS_0090	KX664695.3	100.000	64	64	149268	3.17e-39	134
BJJLIZOP_CDS_0090	MN850648.1	100.000	64	64	149335	3.17e-39	134
BJJLIZOP_CDS_0090	OZ035728.1	100.000	64	64	149471	3.17e-39	134
BJJLIZOP_CDS_0090	MH160766.1	100.000	64	64	149803	3.17e-39	134
BJJLIZOP_CDS_0090	KX552041.2	100.000	64	64	149813	3.17e-39	134
BJJLIZOP_CDS_0090	OL631481.1	100.000	64	64	149818	3.17e-39	134
BJJLIZOP_CDS_0090	OR067838.1	100.000	64	64	149856	3.17e-39	134
BJJLIZOP_CDS_0090	OR786310.1	100.000	64	64	149880	3.17e-39	134
BJJLIZOP_CDS_0090	PP129558.1	100.000	64	64	149967	3.17e-39	134
BJJLIZOP_CDS_0090	LR597654.1	100.000	64	64	150152	3.17e-39	134
BJJLIZOP_CDS_0090	OR062524.1	100.000	64	64	150431	3.17e-39	134
BJJLIZOP_CDS_0090	MN850618.1	100.000	64	64	150473	3.17e-39	134
BJJLIZOP_CDS_0090	MW175890.1	100.000	64	64	150892	3.17e-39	134
BJJLIZOP_CDS_0090	MH252123.1	100.000	64	64	150925	3.17e-39	134
BJJLIZOP_CDS_0090	MN850565.1	100.000	64	64	150947	3.17e-39	134
BJJLIZOP_CDS_0090	PQ826431.1	100.000	64	64	151106	3.17e-39	134
BJJLIZOP_CDS_0090	OP172791.1	100.000	64	64	151113	3.17e-39	134
BJJLIZOP_CDS_0090	MK373788.1	100.000	64	64	151194	3.17e-39	134
BJJLIZOP_CDS_0090	MT496970.1	100.000	64	64	151202	3.17e-39	134
BJJLIZOP_CDS_0090	PQ433349.1	100.000	64	64	151245	3.17e-39	134
BJJLIZOP_CDS_0090	OP595145.1	100.000	64	64	151363	3.17e-39	134
BJJLIZOP_CDS_0090	OL505078.1	100.000	64	64	151425	3.17e-39	134
BJJLIZOP_CDS_0090	MN850571.1	100.000	64	64	151514	3.17e-39	134
BJJLIZOP_CDS_0090	MZ726793.1	100.000	64	64	151660	3.17e-39	134
BJJLIZOP_CDS_0090	MH051333.1	100.000	64	64	151671	3.17e-39	134
BJJLIZOP_CDS_0090	PV191315.1	100.000	64	64	151674	3.17e-39	134
BJJLIZOP_CDS_0090	OL739525.1	100.000	64	64	151825	3.17e-39	134
BJJLIZOP_CDS_0090	OR062529.1	100.000	64	64	151980	3.17e-39	134
BJJLIZOP_CDS_0090	OR062526.1	100.000	64	64	151980	3.17e-39	134
BJJLIZOP_CDS_0090	OP172792.1	100.000	64	64	151993	3.17e-39	134
BJJLIZOP_CDS_0090	LR746137.1	100.000	64	64	152148	3.17e-39	134
BJJLIZOP_CDS_0090	MT944117.1	100.000	64	64	152343	3.17e-39	134
BJJLIZOP_CDS_0090	OM362897.1	100.000	64	64	152401	3.17e-39	134
BJJLIZOP_CDS_0090	OR352955.1	100.000	64	64	152808	3.17e-39	134
BJJLIZOP_CDS_0090	OM386667.1	100.000	64	64	156300	3.17e-39	134
BJJLIZOP_CDS_0091	OZ035771.1	100.000	184	184	144811	2.08e-105	329
BJJLIZOP_CDS_0091	PV730300.1	100.000	184	184	146712	2.08e-105	329
BJJLIZOP_CDS_0091	OM386656.1	100.000	184	184	149073	2.08e-105	329
BJJLIZOP_CDS_0091	OM386659.1	100.000	184	184	149194	2.08e-105	329
BJJLIZOP_CDS_0091	OR352956.1	100.000	184	184	149254	2.08e-105	329
BJJLIZOP_CDS_0091	MN850648.1	100.000	184	184	149335	2.08e-105	329
BJJLIZOP_CDS_0091	OZ035728.1	100.000	184	184	149471	2.08e-105	329
BJJLIZOP_CDS_0091	MH160766.1	100.000	184	184	149803	2.08e-105	329
BJJLIZOP_CDS_0091	OR067838.1	100.000	184	184	149856	2.08e-105	329
BJJLIZOP_CDS_0091	PP129558.1	100.000	184	184	149967	2.08e-105	329
BJJLIZOP_CDS_0091	PQ826431.1	100.000	184	184	151106	2.08e-105	329
BJJLIZOP_CDS_0091	MK373788.1	100.000	184	184	151194	2.08e-105	329
BJJLIZOP_CDS_0091	MT496970.1	100.000	184	184	151202	2.08e-105	329
BJJLIZOP_CDS_0091	OP595145.1	100.000	184	184	151363	2.08e-105	329
BJJLIZOP_CDS_0091	OL505078.1	100.000	184	184	151425	2.08e-105	329
BJJLIZOP_CDS_0091	MH051333.1	100.000	184	184	151671	2.08e-105	329
BJJLIZOP_CDS_0091	OR352955.1	100.000	184	184	152808	2.08e-105	329
BJJLIZOP_CDS_0091	OZ035743.1	99.457	184	184	142881	4.65e-105	328
BJJLIZOP_CDS_0091	KX664695.3	99.457	184	184	149268	4.65e-105	328
BJJLIZOP_CDS_0091	OL631481.1	99.457	184	184	149818	4.65e-105	328
BJJLIZOP_CDS_0091	OM386667.1	99.457	184	184	156300	4.65e-105	328
BJJLIZOP_CDS_0091	OR544956.1	99.457	184	184	130723	6.16e-105	328
BJJLIZOP_CDS_0091	MN850598.1	99.457	184	184	144998	6.16e-105	328
BJJLIZOP_CDS_0091	JX561091.1	99.457	184	184	147737	6.16e-105	328
BJJLIZOP_CDS_0091	OR437326.1	99.457	184	184	148445	6.16e-105	328
BJJLIZOP_CDS_0091	OQ031492.1	99.457	184	184	149246	6.16e-105	328
BJJLIZOP_CDS_0091	OR786310.1	99.457	184	184	149880	6.16e-105	328
BJJLIZOP_CDS_0091	MN850618.1	99.457	184	184	150473	6.16e-105	328
BJJLIZOP_CDS_0091	MW175890.1	99.457	184	184	150892	6.16e-105	328
BJJLIZOP_CDS_0091	MH252123.1	99.457	184	184	150925	6.16e-105	328
BJJLIZOP_CDS_0091	MZ726793.1	99.457	184	184	151660	6.16e-105	328
BJJLIZOP_CDS_0091	PV191315.1	99.457	184	184	151674	6.16e-105	328
BJJLIZOP_CDS_0091	OL739525.1	99.457	184	184	151825	6.16e-105	328
BJJLIZOP_CDS_0091	LR746137.1	99.457	184	184	152148	6.16e-105	328
BJJLIZOP_CDS_0091	MT944117.1	99.457	184	184	152343	6.16e-105	328
BJJLIZOP_CDS_0091	OM362897.1	99.457	184	184	152401	6.16e-105	328
BJJLIZOP_CDS_0091	MN850571.1	99.457	184	184	151514	6.53e-105	328
BJJLIZOP_CDS_0091	OP172791.1	99.457	184	184	151113	8.56e-105	327
BJJLIZOP_CDS_0091	OP172792.1	99.457	184	184	151993	8.56e-105	327
BJJLIZOP_CDS_0091	LR597654.1	99.457	184	184	150152	9.25e-105	327
BJJLIZOP_CDS_0091	PQ433349.1	98.370	184	184	151245	1.54e-104	327
BJJLIZOP_CDS_0091	KX552041.2	98.913	184	184	149813	1.67e-104	327
BJJLIZOP_CDS_0091	OR062524.1	98.913	184	184	150431	1.67e-104	327
BJJLIZOP_CDS_0091	OR062529.1	98.913	184	184	151980	1.67e-104	327
BJJLIZOP_CDS_0091	OR062526.1	98.913	184	184	151980	1.67e-104	327
BJJLIZOP_CDS_0091	MN850565.1	98.370	184	184	150947	1.82e-103	323
BJJLIZOP_CDS_0092	OZ035743.1	100.000	202	202	142881	6.87e-135	414
BJJLIZOP_CDS_0092	MN850598.1	100.000	202	202	144998	6.87e-135	414
BJJLIZOP_CDS_0092	PV730300.1	100.000	202	202	146712	6.87e-135	414
BJJLIZOP_CDS_0092	OR437326.1	100.000	202	202	148445	6.87e-135	414
BJJLIZOP_CDS_0092	OM386659.1	100.000	202	202	149194	6.87e-135	414
BJJLIZOP_CDS_0092	OQ031492.1	100.000	202	202	149246	6.87e-135	414
BJJLIZOP_CDS_0092	KX664695.3	100.000	202	202	149268	6.87e-135	414
BJJLIZOP_CDS_0092	MN850648.1	100.000	202	202	149335	6.87e-135	414
BJJLIZOP_CDS_0092	MH160766.1	100.000	202	202	149803	6.87e-135	414
BJJLIZOP_CDS_0092	KX552041.2	100.000	202	202	149813	6.87e-135	414
BJJLIZOP_CDS_0092	OL631481.1	100.000	202	202	149818	6.87e-135	414
BJJLIZOP_CDS_0092	OR067838.1	100.000	202	202	149856	6.87e-135	414
BJJLIZOP_CDS_0092	LR597654.1	100.000	202	202	150152	6.87e-135	414
BJJLIZOP_CDS_0092	OR062524.1	100.000	202	202	150431	6.87e-135	414
BJJLIZOP_CDS_0092	MN850618.1	100.000	202	202	150473	6.87e-135	414
BJJLIZOP_CDS_0092	OP172791.1	100.000	202	202	151113	6.87e-135	414
BJJLIZOP_CDS_0092	MK373788.1	100.000	202	202	151194	6.87e-135	414
BJJLIZOP_CDS_0092	MT496970.1	100.000	202	202	151202	6.87e-135	414
BJJLIZOP_CDS_0092	OP595145.1	100.000	202	202	151363	6.87e-135	414
BJJLIZOP_CDS_0092	OL505078.1	100.000	202	202	151425	6.87e-135	414
BJJLIZOP_CDS_0092	MZ726793.1	100.000	202	202	151660	6.87e-135	414
BJJLIZOP_CDS_0092	MH051333.1	100.000	202	202	151671	6.87e-135	414
BJJLIZOP_CDS_0092	PV191315.1	100.000	202	202	151674	6.87e-135	414
BJJLIZOP_CDS_0092	OL739525.1	100.000	202	202	151825	6.87e-135	414
BJJLIZOP_CDS_0092	OR062529.1	100.000	202	202	151980	6.87e-135	414
BJJLIZOP_CDS_0092	OR062526.1	100.000	202	202	151980	6.87e-135	414
BJJLIZOP_CDS_0092	OP172792.1	100.000	202	202	151993	6.87e-135	414
BJJLIZOP_CDS_0092	LR746137.1	100.000	202	202	152148	6.87e-135	414
BJJLIZOP_CDS_0092	MT944117.1	100.000	202	202	152343	6.87e-135	414
BJJLIZOP_CDS_0092	OM362897.1	100.000	202	202	152401	6.87e-135	414
BJJLIZOP_CDS_0092	OR352955.1	100.000	202	202	152808	6.87e-135	414
BJJLIZOP_CDS_0092	OM386667.1	100.000	202	202	156300	6.87e-135	414
BJJLIZOP_CDS_0092	MN850565.1	99.505	202	202	150947	1.25e-134	414
BJJLIZOP_CDS_0092	JX561091.1	99.505	202	202	147737	1.77e-134	413
BJJLIZOP_CDS_0092	MH252123.1	99.505	202	202	150925	2.66e-134	413
BJJLIZOP_CDS_0092	OR786310.1	99.505	202	202	149880	3.66e-134	412
BJJLIZOP_CDS_0092	OM386656.1	99.505	202	202	149073	4.71e-134	412
BJJLIZOP_CDS_0092	OR544956.1	99.505	202	202	130723	5.50e-134	412
BJJLIZOP_CDS_0092	MW175890.1	99.505	202	202	150892	5.50e-134	412
BJJLIZOP_CDS_0092	OR352956.1	99.505	202	202	149254	6.67e-134	412
BJJLIZOP_CDS_0092	PP129558.1	99.505	202	202	149967	6.67e-134	412
BJJLIZOP_CDS_0092	MN850571.1	99.505	202	202	151514	6.67e-134	412
BJJLIZOP_CDS_0092	OZ035728.1	99.505	202	202	149471	7.94e-134	411
BJJLIZOP_CDS_0092	PQ433349.1	99.010	202	202	151245	1.35e-133	410
BJJLIZOP_CDS_0092	PQ826431.1	100.000	200	202	151106	1.53e-133	410
BJJLIZOP_CDS_0092	OZ035771.1	98.515	202	202	144811	2.26e-132	407
BJJLIZOP_CDS_0093	PP129558.1	100.000	332	332	149967	0.0	699
BJJLIZOP_CDS_0093	OP595145.1	100.000	332	332	151363	0.0	699
BJJLIZOP_CDS_0093	OM386667.1	100.000	332	332	156300	0.0	699
BJJLIZOP_CDS_0093	OM386656.1	100.000	332	332	149073	0.0	699
BJJLIZOP_CDS_0093	OL505078.1	100.000	332	332	151425	0.0	699
BJJLIZOP_CDS_0093	MN850648.1	100.000	332	332	149335	0.0	699
BJJLIZOP_CDS_0093	LR597654.1	100.000	332	332	150152	0.0	699
BJJLIZOP_CDS_0093	KX664695.3	100.000	332	332	149268	0.0	699
BJJLIZOP_CDS_0093	PV730300.1	99.699	332	332	146712	0.0	698
BJJLIZOP_CDS_0093	OR786310.1	99.699	332	332	149880	0.0	698
BJJLIZOP_CDS_0093	OR352955.1	99.699	332	332	152808	0.0	697
BJJLIZOP_CDS_0093	MH252123.1	99.699	332	332	150925	0.0	697
BJJLIZOP_CDS_0093	OL631481.1	99.398	332	332	149818	0.0	696
BJJLIZOP_CDS_0093	MK373788.1	99.398	332	332	151194	0.0	696
BJJLIZOP_CDS_0093	MH160766.1	99.398	332	332	149803	0.0	696
BJJLIZOP_CDS_0093	OR544956.1	99.398	332	332	130723	0.0	695
BJJLIZOP_CDS_0093	OQ031492.1	99.398	332	332	149246	0.0	695
BJJLIZOP_CDS_0093	OM386659.1	99.398	332	332	149194	0.0	695
BJJLIZOP_CDS_0093	OM362897.1	99.398	332	332	152401	0.0	695
BJJLIZOP_CDS_0093	MZ726793.1	99.398	332	332	151660	0.0	695
BJJLIZOP_CDS_0093	MW175890.1	99.398	332	332	150892	0.0	695
BJJLIZOP_CDS_0093	MT944117.1	99.398	332	332	152343	0.0	695
BJJLIZOP_CDS_0093	MN850565.1	99.398	332	332	150947	0.0	695
BJJLIZOP_CDS_0093	LR746137.1	99.398	332	332	152148	0.0	695
BJJLIZOP_CDS_0093	JX561091.1	99.398	332	332	147737	0.0	695
BJJLIZOP_CDS_0093	OZ035743.1	99.398	332	332	142881	0.0	695
BJJLIZOP_CDS_0093	OZ035728.1	99.398	332	332	149471	0.0	695
BJJLIZOP_CDS_0093	OR437326.1	99.398	332	332	148445	0.0	695
BJJLIZOP_CDS_0093	MN850618.1	99.398	332	332	150473	0.0	695
BJJLIZOP_CDS_0093	MN850598.1	99.398	332	332	144998	0.0	695
BJJLIZOP_CDS_0093	MN850571.1	99.398	332	332	151514	0.0	695
BJJLIZOP_CDS_0093	MH051333.1	99.398	332	332	151671	0.0	695
BJJLIZOP_CDS_0093	PQ433349.1	99.096	332	332	151245	0.0	693
BJJLIZOP_CDS_0093	OR062529.1	99.096	332	332	151980	0.0	693
BJJLIZOP_CDS_0093	OR062526.1	99.096	332	332	151980	0.0	693
BJJLIZOP_CDS_0093	OR062524.1	99.096	332	332	150431	0.0	693
BJJLIZOP_CDS_0093	OL739525.1	99.398	332	332	151825	0.0	693
BJJLIZOP_CDS_0093	KX552041.2	99.096	332	332	149813	0.0	693
BJJLIZOP_CDS_0093	PV191315.1	99.096	332	332	151674	0.0	692
BJJLIZOP_CDS_0093	PQ826431.1	99.096	332	332	151106	0.0	690
BJJLIZOP_CDS_0093	OP172792.1	99.096	332	332	151993	0.0	690
BJJLIZOP_CDS_0093	OP172791.1	99.096	332	332	151113	0.0	690
BJJLIZOP_CDS_0093	MT496970.1	99.096	332	332	151202	0.0	690
BJJLIZOP_CDS_0093	OZ035771.1	98.795	332	332	144811	0.0	690
BJJLIZOP_CDS_0093	OR352956.1	89.911	337	332	149254	0.0	617
BJJLIZOP_CDS_0093	OR067838.1	100.000	215	332	149856	0.0	460
BJJLIZOP_CDS_0093	OR067838.1	100.000	117	332	149856	0.0	243
BJJLIZOP_CDS_0094	OR544956.1	100.000	136	136	130723	2.19e-91	286
BJJLIZOP_CDS_0094	OZ035743.1	100.000	136	136	142881	2.19e-91	286
BJJLIZOP_CDS_0094	MN850598.1	100.000	136	136	144998	2.19e-91	286
BJJLIZOP_CDS_0094	PV730300.1	100.000	136	136	146712	2.19e-91	286
BJJLIZOP_CDS_0094	OR437326.1	100.000	136	136	148445	2.19e-91	286
BJJLIZOP_CDS_0094	OM386656.1	100.000	136	136	149073	2.19e-91	286
BJJLIZOP_CDS_0094	OM386659.1	100.000	136	136	149194	2.19e-91	286
BJJLIZOP_CDS_0094	OR352956.1	100.000	136	136	149254	2.19e-91	286
BJJLIZOP_CDS_0094	KX664695.3	100.000	136	136	149268	2.19e-91	286
BJJLIZOP_CDS_0094	MN850648.1	100.000	136	136	149335	2.19e-91	286
BJJLIZOP_CDS_0094	OZ035728.1	100.000	136	136	149471	2.19e-91	286
BJJLIZOP_CDS_0094	MH160766.1	100.000	136	136	149803	2.19e-91	286
BJJLIZOP_CDS_0094	KX552041.2	100.000	136	136	149813	2.19e-91	286
BJJLIZOP_CDS_0094	OL631481.1	100.000	136	136	149818	2.19e-91	286
BJJLIZOP_CDS_0094	OR067838.1	100.000	136	136	149856	2.19e-91	286
BJJLIZOP_CDS_0094	OR786310.1	100.000	136	136	149880	2.19e-91	286
BJJLIZOP_CDS_0094	PP129558.1	100.000	136	136	149967	2.19e-91	286
BJJLIZOP_CDS_0094	LR597654.1	100.000	136	136	150152	2.19e-91	286
BJJLIZOP_CDS_0094	OR062524.1	100.000	136	136	150431	2.19e-91	286
BJJLIZOP_CDS_0094	MN850618.1	100.000	136	136	150473	2.19e-91	286
BJJLIZOP_CDS_0094	MW175890.1	100.000	136	136	150892	2.19e-91	286
BJJLIZOP_CDS_0094	MN850565.1	100.000	136	136	150947	2.19e-91	286
BJJLIZOP_CDS_0094	PQ826431.1	100.000	136	136	151106	2.19e-91	286
BJJLIZOP_CDS_0094	OP172791.1	100.000	136	136	151113	2.19e-91	286
BJJLIZOP_CDS_0094	MK373788.1	100.000	136	136	151194	2.19e-91	286
BJJLIZOP_CDS_0094	MT496970.1	100.000	136	136	151202	2.19e-91	286
BJJLIZOP_CDS_0094	OP595145.1	100.000	136	136	151363	2.19e-91	286
BJJLIZOP_CDS_0094	OL505078.1	100.000	136	136	151425	2.19e-91	286
BJJLIZOP_CDS_0094	MN850571.1	100.000	136	136	151514	2.19e-91	286
BJJLIZOP_CDS_0094	MH051333.1	100.000	136	136	151671	2.19e-91	286
BJJLIZOP_CDS_0094	PV191315.1	100.000	136	136	151674	2.19e-91	286
BJJLIZOP_CDS_0094	OL739525.1	100.000	136	136	151825	2.19e-91	286
BJJLIZOP_CDS_0094	OR062529.1	100.000	136	136	151980	2.19e-91	286
BJJLIZOP_CDS_0094	OR062526.1	100.000	136	136	151980	2.19e-91	286
BJJLIZOP_CDS_0094	OP172792.1	100.000	136	136	151993	2.19e-91	286
BJJLIZOP_CDS_0094	OM362897.1	100.000	136	136	152401	2.19e-91	286
BJJLIZOP_CDS_0094	OR352955.1	100.000	136	136	152808	2.19e-91	286
BJJLIZOP_CDS_0094	OM386667.1	100.000	136	136	156300	2.19e-91	286
BJJLIZOP_CDS_0094	JX561091.1	99.265	136	136	147737	6.30e-91	285
BJJLIZOP_CDS_0094	OQ031492.1	99.265	136	136	149246	6.30e-91	285
BJJLIZOP_CDS_0094	MZ726793.1	99.265	136	136	151660	6.30e-91	285
BJJLIZOP_CDS_0094	LR746137.1	99.265	136	136	152148	6.30e-91	285
BJJLIZOP_CDS_0094	MT944117.1	99.265	136	136	152343	6.30e-91	285
BJJLIZOP_CDS_0094	PQ433349.1	99.265	136	136	151245	7.79e-91	285
BJJLIZOP_CDS_0094	MH252123.1	99.265	136	136	150925	8.10e-91	285
BJJLIZOP_CDS_0094	OZ035771.1	98.529	136	136	144811	1.20e-90	284
BJJLIZOP_CDS_0095	OR544956.1	100.000	80	80	130723	5.26e-51	168
BJJLIZOP_CDS_0095	OZ035743.1	100.000	80	80	142881	5.26e-51	168
BJJLIZOP_CDS_0095	OZ035771.1	100.000	80	80	144811	5.26e-51	168
BJJLIZOP_CDS_0095	MN850598.1	100.000	80	80	144998	5.26e-51	168
BJJLIZOP_CDS_0095	PV730300.1	100.000	80	80	146712	5.26e-51	168
BJJLIZOP_CDS_0095	JX561091.1	100.000	80	80	147737	5.26e-51	168
BJJLIZOP_CDS_0095	OR437326.1	100.000	80	80	148445	5.26e-51	168
BJJLIZOP_CDS_0095	OM386656.1	100.000	80	80	149073	5.26e-51	168
BJJLIZOP_CDS_0095	OM386659.1	100.000	80	80	149194	5.26e-51	168
BJJLIZOP_CDS_0095	OQ031492.1	100.000	80	80	149246	5.26e-51	168
BJJLIZOP_CDS_0095	OR352956.1	100.000	80	80	149254	5.26e-51	168
BJJLIZOP_CDS_0095	MN850648.1	100.000	80	80	149335	5.26e-51	168
BJJLIZOP_CDS_0095	OZ035728.1	100.000	80	80	149471	5.26e-51	168
BJJLIZOP_CDS_0095	MH160766.1	100.000	80	80	149803	5.26e-51	168
BJJLIZOP_CDS_0095	KX552041.2	100.000	80	80	149813	5.26e-51	168
BJJLIZOP_CDS_0095	OL631481.1	100.000	80	80	149818	5.26e-51	168
BJJLIZOP_CDS_0095	OR067838.1	100.000	80	80	149856	5.26e-51	168
BJJLIZOP_CDS_0095	OR786310.1	100.000	80	80	149880	5.26e-51	168
BJJLIZOP_CDS_0095	PP129558.1	100.000	80	80	149967	5.26e-51	168
BJJLIZOP_CDS_0095	LR597654.1	100.000	80	80	150152	5.26e-51	168
BJJLIZOP_CDS_0095	OR062524.1	100.000	80	80	150431	5.26e-51	168
BJJLIZOP_CDS_0095	MN850618.1	100.000	80	80	150473	5.26e-51	168
BJJLIZOP_CDS_0095	MW175890.1	100.000	80	80	150892	5.26e-51	168
BJJLIZOP_CDS_0095	MH252123.1	100.000	80	80	150925	5.26e-51	168
BJJLIZOP_CDS_0095	MN850565.1	100.000	80	80	150947	5.26e-51	168
BJJLIZOP_CDS_0095	PQ826431.1	100.000	80	80	151106	5.26e-51	168
BJJLIZOP_CDS_0095	OP172791.1	100.000	80	80	151113	5.26e-51	168
BJJLIZOP_CDS_0095	MK373788.1	100.000	80	80	151194	5.26e-51	168
BJJLIZOP_CDS_0095	MT496970.1	100.000	80	80	151202	5.26e-51	168
BJJLIZOP_CDS_0095	PQ433349.1	100.000	80	80	151245	5.26e-51	168
BJJLIZOP_CDS_0095	OL505078.1	100.000	80	80	151425	5.26e-51	168
BJJLIZOP_CDS_0095	MN850571.1	100.000	80	80	151514	5.26e-51	168
BJJLIZOP_CDS_0095	MZ726793.1	100.000	80	80	151660	5.26e-51	168
BJJLIZOP_CDS_0095	MH051333.1	100.000	80	80	151671	5.26e-51	168
BJJLIZOP_CDS_0095	PV191315.1	100.000	80	80	151674	5.26e-51	168
BJJLIZOP_CDS_0095	OL739525.1	100.000	80	80	151825	5.26e-51	168
BJJLIZOP_CDS_0095	OR062529.1	100.000	80	80	151980	5.26e-51	168
BJJLIZOP_CDS_0095	OR062526.1	100.000	80	80	151980	5.26e-51	168
BJJLIZOP_CDS_0095	OP172792.1	100.000	80	80	151993	5.26e-51	168
BJJLIZOP_CDS_0095	LR746137.1	100.000	80	80	152148	5.26e-51	168
BJJLIZOP_CDS_0095	MT944117.1	100.000	80	80	152343	5.26e-51	168
BJJLIZOP_CDS_0095	OM362897.1	100.000	80	80	152401	5.26e-51	168
BJJLIZOP_CDS_0095	OR352955.1	100.000	80	80	152808	5.26e-51	168
BJJLIZOP_CDS_0095	KX664695.3	98.750	80	80	149268	7.91e-51	167
BJJLIZOP_CDS_0095	OP595145.1	98.750	80	80	151363	7.91e-51	167
BJJLIZOP_CDS_0095	OM386667.1	98.750	80	80	156300	7.91e-51	167
BJJLIZOP_CDS_0096	PP129558.1	99.196	746	746	149967	0.0	1524
BJJLIZOP_CDS_0096	PP129558.1	93.103	29	746	149967	7.43e-10	60.5
BJJLIZOP_CDS_0096	OR067838.1	99.196	746	746	149856	0.0	1524
BJJLIZOP_CDS_0096	OL739525.1	99.196	746	746	151825	0.0	1524
BJJLIZOP_CDS_0096	OL505078.1	99.196	746	746	151425	0.0	1524
BJJLIZOP_CDS_0096	MW175890.1	99.196	746	746	150892	0.0	1524
BJJLIZOP_CDS_0096	MN850571.1	99.196	746	746	151514	0.0	1524
BJJLIZOP_CDS_0096	MK373788.1	99.196	746	746	151194	0.0	1524
BJJLIZOP_CDS_0096	MH160766.1	99.196	746	746	149803	0.0	1524
BJJLIZOP_CDS_0096	LR746137.1	99.196	746	746	152148	0.0	1524
BJJLIZOP_CDS_0096	LR597654.1	99.196	746	746	150152	0.0	1524
BJJLIZOP_CDS_0096	MZ726793.1	99.062	746	746	151660	0.0	1523
BJJLIZOP_CDS_0096	MT944117.1	99.062	746	746	152343	0.0	1523
BJJLIZOP_CDS_0096	JX561091.1	99.062	746	746	147737	0.0	1523
BJJLIZOP_CDS_0096	MN850648.1	99.062	746	746	149335	0.0	1522
BJJLIZOP_CDS_0096	OP172791.1	99.062	746	746	151113	0.0	1521
BJJLIZOP_CDS_0096	PV191315.1	98.928	746	746	151674	0.0	1520
BJJLIZOP_CDS_0096	OZ035743.1	98.928	746	746	142881	0.0	1520
BJJLIZOP_CDS_0096	OZ035728.1	98.928	746	746	149471	0.0	1520
BJJLIZOP_CDS_0096	OR544956.1	98.928	746	746	130723	0.0	1520
BJJLIZOP_CDS_0096	OM386659.1	98.928	746	746	149194	0.0	1520
BJJLIZOP_CDS_0096	OM362897.1	98.928	746	746	152401	0.0	1520
BJJLIZOP_CDS_0096	MT496970.1	98.928	746	746	151202	0.0	1520
BJJLIZOP_CDS_0096	MN850618.1	98.928	746	746	150473	0.0	1520
BJJLIZOP_CDS_0096	MN850565.1	98.928	746	746	150947	0.0	1520
BJJLIZOP_CDS_0096	OP172792.1	98.928	746	746	151993	0.0	1520
BJJLIZOP_CDS_0096	OR062529.1	98.794	746	746	151980	0.0	1519
BJJLIZOP_CDS_0096	OR062526.1	98.794	746	746	151980	0.0	1519
BJJLIZOP_CDS_0096	OR062524.1	98.794	746	746	150431	0.0	1519
BJJLIZOP_CDS_0096	MH051333.1	98.794	746	746	151671	0.0	1519
BJJLIZOP_CDS_0096	OR352955.1	98.929	747	746	152808	0.0	1517
BJJLIZOP_CDS_0096	OR786310.1	98.795	747	746	149880	0.0	1515
BJJLIZOP_CDS_0096	OR352956.1	98.795	747	746	149254	0.0	1515
BJJLIZOP_CDS_0096	OP595145.1	98.795	747	746	151363	0.0	1515
BJJLIZOP_CDS_0096	OM386667.1	98.795	747	746	156300	0.0	1515
BJJLIZOP_CDS_0096	MN850598.1	98.795	747	746	144998	0.0	1515
BJJLIZOP_CDS_0096	MH252123.1	98.795	747	746	150925	0.0	1515
BJJLIZOP_CDS_0096	KX664695.3	98.795	747	746	149268	0.0	1515
BJJLIZOP_CDS_0096	PV730300.1	98.661	747	746	146712	0.0	1515
BJJLIZOP_CDS_0096	PQ433349.1	98.527	747	746	151245	0.0	1513
BJJLIZOP_CDS_0096	KX552041.2	98.396	748	746	149813	0.0	1513
BJJLIZOP_CDS_0096	OM386656.1	98.262	748	746	149073	0.0	1511
BJJLIZOP_CDS_0096	OL631481.1	98.527	747	746	149818	0.0	1510
BJJLIZOP_CDS_0096	OZ035771.1	98.394	747	746	144811	0.0	1509
BJJLIZOP_CDS_0096	OR437326.1	98.394	747	746	148445	0.0	1508
BJJLIZOP_CDS_0096	PQ826431.1	97.995	748	746	151106	0.0	1507
BJJLIZOP_CDS_0096	OQ031492.1	98.916	738	746	149246	0.0	1502
BJJLIZOP_CDS_0097	MH252123.1	91.964	112	112	150925	1.37e-67	217
BJJLIZOP_CDS_0097	OL739525.1	91.964	112	112	151825	2.50e-67	216
BJJLIZOP_CDS_0097	LR746137.1	91.964	112	112	152148	2.50e-67	216
BJJLIZOP_CDS_0097	MT944117.1	91.964	112	112	152343	2.50e-67	216
BJJLIZOP_CDS_0097	OQ031492.1	91.964	112	112	149246	3.09e-67	216
BJJLIZOP_CDS_0097	MZ726793.1	91.071	112	112	151660	5.80e-67	215
BJJLIZOP_CDS_0097	KX664695.3	91.071	112	112	149268	1.06e-66	214
BJJLIZOP_CDS_0097	OM386667.1	91.071	112	112	156300	1.06e-66	214
BJJLIZOP_CDS_0097	PQ433349.1	91.071	112	112	151245	1.19e-66	214
BJJLIZOP_CDS_0097	JX561091.1	91.071	112	112	147737	1.36e-66	214
BJJLIZOP_CDS_0097	OZ035743.1	90.179	112	112	142881	1.64e-66	214
BJJLIZOP_CDS_0097	OL631481.1	90.179	112	112	149818	1.64e-66	214
BJJLIZOP_CDS_0097	OM386656.1	50.893	112	112	149073	4.45e-35	124
BJJLIZOP_CDS_0097	KX552041.2	50.893	112	112	149813	4.45e-35	124
BJJLIZOP_CDS_0098	PV730300.1	99.723	361	361	146712	0.0	745
BJJLIZOP_CDS_0098	PV191315.1	99.723	361	361	151674	0.0	745
BJJLIZOP_CDS_0098	PQ826431.1	99.723	361	361	151106	0.0	745
BJJLIZOP_CDS_0098	PP129558.1	99.723	361	361	149967	0.0	745
BJJLIZOP_CDS_0098	OZ035771.1	99.723	361	361	144811	0.0	745
BJJLIZOP_CDS_0098	OZ035743.1	99.723	361	361	142881	0.0	745
BJJLIZOP_CDS_0098	OZ035728.1	99.723	361	361	149471	0.0	745
BJJLIZOP_CDS_0098	OR786310.1	99.723	361	361	149880	0.0	745
BJJLIZOP_CDS_0098	OR544956.1	99.723	361	361	130723	0.0	745
BJJLIZOP_CDS_0098	OR437326.1	99.723	361	361	148445	0.0	745
BJJLIZOP_CDS_0098	OR352955.1	99.723	361	361	152808	0.0	745
BJJLIZOP_CDS_0098	OR067838.1	99.723	361	361	149856	0.0	745
BJJLIZOP_CDS_0098	OR062529.1	99.723	361	361	151980	0.0	745
BJJLIZOP_CDS_0098	OR062526.1	99.723	361	361	151980	0.0	745
BJJLIZOP_CDS_0098	OR062524.1	99.723	361	361	150431	0.0	745
BJJLIZOP_CDS_0098	OP595145.1	99.723	361	361	151363	0.0	745
BJJLIZOP_CDS_0098	OP172792.1	99.723	361	361	151993	0.0	745
BJJLIZOP_CDS_0098	OP172791.1	99.723	361	361	151113	0.0	745
BJJLIZOP_CDS_0098	OM386667.1	99.723	361	361	156300	0.0	745
BJJLIZOP_CDS_0098	OM386659.1	99.723	361	361	149194	0.0	745
BJJLIZOP_CDS_0098	OM386656.1	99.723	361	361	149073	0.0	745
BJJLIZOP_CDS_0098	OL739525.1	99.723	361	361	151825	0.0	745
BJJLIZOP_CDS_0098	OL631481.1	99.723	361	361	149818	0.0	745
BJJLIZOP_CDS_0098	OL505078.1	99.723	361	361	151425	0.0	745
BJJLIZOP_CDS_0098	MW175890.1	99.723	361	361	150892	0.0	745
BJJLIZOP_CDS_0098	MT496970.1	99.723	361	361	151202	0.0	745
BJJLIZOP_CDS_0098	MN850648.1	99.723	361	361	149335	0.0	745
BJJLIZOP_CDS_0098	MN850618.1	99.723	361	361	150473	0.0	745
BJJLIZOP_CDS_0098	MN850598.1	99.723	361	361	144998	0.0	745
BJJLIZOP_CDS_0098	MN850571.1	99.723	361	361	151514	0.0	745
BJJLIZOP_CDS_0098	MN850565.1	99.723	361	361	150947	0.0	745
BJJLIZOP_CDS_0098	MK373788.1	99.723	361	361	151194	0.0	745
BJJLIZOP_CDS_0098	MH252123.1	99.723	361	361	150925	0.0	745
BJJLIZOP_CDS_0098	MH160766.1	99.723	361	361	149803	0.0	745
BJJLIZOP_CDS_0098	MH051333.1	99.723	361	361	151671	0.0	745
BJJLIZOP_CDS_0098	LR597654.1	99.723	361	361	150152	0.0	745
BJJLIZOP_CDS_0098	KX664695.3	99.723	361	361	149268	0.0	745
BJJLIZOP_CDS_0098	KX552041.2	99.723	361	361	149813	0.0	745
BJJLIZOP_CDS_0098	PQ433349.1	99.723	361	361	151245	0.0	745
BJJLIZOP_CDS_0098	OR352956.1	99.446	361	361	149254	0.0	745
BJJLIZOP_CDS_0098	OM362897.1	99.446	361	361	152401	0.0	745
BJJLIZOP_CDS_0098	LR746137.1	99.446	361	361	152148	0.0	745
BJJLIZOP_CDS_0098	JX561091.1	99.446	361	361	147737	0.0	745
BJJLIZOP_CDS_0098	OQ031492.1	98.892	361	361	149246	0.0	743
BJJLIZOP_CDS_0098	MZ726793.1	98.892	361	361	151660	0.0	743
BJJLIZOP_CDS_0098	MT944117.1	98.892	361	361	152343	0.0	743
BJJLIZOP_CDS_0099	JX561091.1	100.000	69	69	147737	8.13e-42	141
BJJLIZOP_CDS_0099	OR437326.1	100.000	69	69	148445	8.13e-42	141
BJJLIZOP_CDS_0099	OM386656.1	100.000	69	69	149073	8.13e-42	141
BJJLIZOP_CDS_0099	OQ031492.1	100.000	69	69	149246	8.13e-42	141
BJJLIZOP_CDS_0099	MN850648.1	100.000	69	69	149335	8.13e-42	141
BJJLIZOP_CDS_0099	OR786310.1	100.000	69	69	149880	8.13e-42	141
BJJLIZOP_CDS_0099	MN850618.1	100.000	69	69	150473	8.13e-42	141
BJJLIZOP_CDS_0099	MH252123.1	100.000	69	69	150925	8.13e-42	141
BJJLIZOP_CDS_0099	MN850565.1	100.000	69	69	150947	8.13e-42	141
BJJLIZOP_CDS_0099	PQ826431.1	100.000	69	69	151106	8.13e-42	141
BJJLIZOP_CDS_0099	OP172791.1	100.000	69	69	151113	8.13e-42	141
BJJLIZOP_CDS_0099	OL505078.1	100.000	69	69	151425	8.13e-42	141
BJJLIZOP_CDS_0099	MN850571.1	100.000	69	69	151514	8.13e-42	141
BJJLIZOP_CDS_0099	MH051333.1	100.000	69	69	151671	8.13e-42	141
BJJLIZOP_CDS_0099	PV191315.1	100.000	69	69	151674	8.13e-42	141
BJJLIZOP_CDS_0099	OL739525.1	100.000	69	69	151825	8.13e-42	141
BJJLIZOP_CDS_0099	OP172792.1	100.000	69	69	151993	8.13e-42	141
BJJLIZOP_CDS_0099	MT944117.1	100.000	69	69	152343	8.13e-42	141
BJJLIZOP_CDS_0099	OM362897.1	100.000	69	69	152401	8.13e-42	141
BJJLIZOP_CDS_0099	OZ035743.1	98.551	69	69	142881	2.66e-41	140
BJJLIZOP_CDS_0099	OZ035771.1	98.551	69	69	144811	2.66e-41	140
BJJLIZOP_CDS_0099	MN850598.1	98.551	69	69	144998	2.66e-41	140
BJJLIZOP_CDS_0099	OR352956.1	98.551	69	69	149254	2.66e-41	140
BJJLIZOP_CDS_0099	KX664695.3	98.551	69	69	149268	2.66e-41	140
BJJLIZOP_CDS_0099	MH160766.1	98.551	69	69	149803	2.66e-41	140
BJJLIZOP_CDS_0099	KX552041.2	98.551	69	69	149813	2.66e-41	140
BJJLIZOP_CDS_0099	OL631481.1	98.551	69	69	149818	2.66e-41	140
BJJLIZOP_CDS_0099	OR067838.1	98.551	69	69	149856	2.66e-41	140
BJJLIZOP_CDS_0099	PP129558.1	98.551	69	69	149967	2.66e-41	140
BJJLIZOP_CDS_0099	LR597654.1	98.551	69	69	150152	2.66e-41	140
BJJLIZOP_CDS_0099	OR062524.1	98.551	69	69	150431	2.66e-41	140
BJJLIZOP_CDS_0099	MW175890.1	98.551	69	69	150892	2.66e-41	140
BJJLIZOP_CDS_0099	MK373788.1	98.551	69	69	151194	2.66e-41	140
BJJLIZOP_CDS_0099	PQ433349.1	98.551	69	69	151245	2.66e-41	140
BJJLIZOP_CDS_0099	OP595145.1	98.551	69	69	151363	2.66e-41	140
BJJLIZOP_CDS_0099	OR062529.1	98.551	69	69	151980	2.66e-41	140
BJJLIZOP_CDS_0099	OR062526.1	98.551	69	69	151980	2.66e-41	140
BJJLIZOP_CDS_0099	OM386667.1	98.551	69	69	156300	2.66e-41	140
BJJLIZOP_CDS_0099	LR746137.1	98.551	69	69	152148	2.87e-41	140
BJJLIZOP_CDS_0099	OR544956.1	98.551	69	69	130723	6.62e-41	139
BJJLIZOP_CDS_0099	PV730300.1	98.551	69	69	146712	6.62e-41	139
BJJLIZOP_CDS_0099	OM386659.1	98.551	69	69	149194	6.62e-41	139
BJJLIZOP_CDS_0099	OZ035728.1	98.551	69	69	149471	6.62e-41	139
BJJLIZOP_CDS_0099	MT496970.1	98.551	69	69	151202	6.62e-41	139
BJJLIZOP_CDS_0099	MZ726793.1	98.551	69	69	151660	8.52e-41	138
BJJLIZOP_CDS_0099	OR352955.1	97.101	69	69	152808	1.20e-40	138
BJJLIZOP_CDS_0100	OR544956.1	97.917	48	48	130723	1.13e-26	97.4
BJJLIZOP_CDS_0100	PV191315.1	100.000	48	48	151674	1.82e-26	96.7
BJJLIZOP_CDS_0100	MN850571.1	100.000	48	48	151514	1.82e-26	96.7
BJJLIZOP_CDS_0100	OL505078.1	100.000	48	48	151425	1.82e-26	96.7
BJJLIZOP_CDS_0100	PQ826431.1	100.000	48	48	151106	1.82e-26	96.7
BJJLIZOP_CDS_0100	MH252123.1	100.000	48	48	150925	1.82e-26	96.7
BJJLIZOP_CDS_0100	MN850618.1	100.000	48	48	150473	1.82e-26	96.7
BJJLIZOP_CDS_0100	OR437326.1	100.000	48	48	148445	1.82e-26	96.7
BJJLIZOP_CDS_0100	JX561091.1	100.000	48	48	147737	1.82e-26	96.7
BJJLIZOP_CDS_0100	PV730300.1	100.000	48	48	146712	1.82e-26	96.7
BJJLIZOP_CDS_0100	OM386667.1	96.000	50	48	156300	1.09e-24	91.7
BJJLIZOP_CDS_0100	OP172792.1	96.000	50	48	151993	1.09e-24	91.7
BJJLIZOP_CDS_0100	OP172791.1	96.000	50	48	151113	1.09e-24	91.7
BJJLIZOP_CDS_0100	KX664695.3	96.000	50	48	149268	1.09e-24	91.7
BJJLIZOP_CDS_0100	OM386656.1	96.000	50	48	149073	1.09e-24	91.7
BJJLIZOP_CDS_0100	OZ035771.1	96.000	50	48	144811	1.09e-24	91.7
BJJLIZOP_CDS_0100	OM362897.1	94.000	50	48	152401	1.47e-24	91.3
BJJLIZOP_CDS_0100	MT944117.1	94.000	50	48	152343	1.47e-24	91.3
BJJLIZOP_CDS_0100	MT496970.1	94.000	50	48	151202	1.47e-24	91.3
BJJLIZOP_CDS_0100	MN850565.1	94.000	50	48	150947	1.47e-24	91.3
BJJLIZOP_CDS_0100	OZ035728.1	94.000	50	48	149471	1.47e-24	91.3
BJJLIZOP_CDS_0100	OQ031492.1	94.000	50	48	149246	1.47e-24	91.3
BJJLIZOP_CDS_0100	OM386659.1	94.000	50	48	149194	1.47e-24	91.3
BJJLIZOP_CDS_0100	OL739525.1	94.000	50	48	151825	2.34e-24	90.5
BJJLIZOP_CDS_0100	OR786310.1	94.000	50	48	149880	2.34e-24	90.5
BJJLIZOP_CDS_0100	MN850648.1	94.000	50	48	149335	2.34e-24	90.5
BJJLIZOP_CDS_0100	OR352955.1	94.000	50	48	152808	4.49e-24	89.7
BJJLIZOP_CDS_0100	LR746137.1	94.000	50	48	152148	4.49e-24	89.7
BJJLIZOP_CDS_0100	OR062529.1	94.000	50	48	151980	4.49e-24	89.7
BJJLIZOP_CDS_0100	OR062526.1	94.000	50	48	151980	4.49e-24	89.7
BJJLIZOP_CDS_0100	MH051333.1	94.000	50	48	151671	4.49e-24	89.7
BJJLIZOP_CDS_0100	OP595145.1	94.000	50	48	151363	4.49e-24	89.7
BJJLIZOP_CDS_0100	PQ433349.1	94.000	50	48	151245	4.49e-24	89.7
BJJLIZOP_CDS_0100	MK373788.1	94.000	50	48	151194	4.49e-24	89.7
BJJLIZOP_CDS_0100	MW175890.1	94.000	50	48	150892	4.49e-24	89.7
BJJLIZOP_CDS_0100	OR062524.1	94.000	50	48	150431	4.49e-24	89.7
BJJLIZOP_CDS_0100	LR597654.1	94.000	50	48	150152	4.49e-24	89.7
BJJLIZOP_CDS_0100	PP129558.1	94.000	50	48	149967	4.49e-24	89.7
BJJLIZOP_CDS_0100	OR067838.1	94.000	50	48	149856	4.49e-24	89.7
BJJLIZOP_CDS_0100	OL631481.1	94.000	50	48	149818	4.49e-24	89.7
BJJLIZOP_CDS_0100	KX552041.2	94.000	50	48	149813	4.49e-24	89.7
BJJLIZOP_CDS_0100	MH160766.1	94.000	50	48	149803	4.49e-24	89.7
BJJLIZOP_CDS_0100	OR352956.1	94.000	50	48	149254	4.49e-24	89.7
BJJLIZOP_CDS_0100	OZ035743.1	94.000	50	48	142881	4.49e-24	89.7
BJJLIZOP_CDS_0100	MN850598.1	92.000	50	48	144998	3.31e-23	87.4
BJJLIZOP_CDS_0101	OR437326.1	98.148	54	54	148445	7.15e-21	81.3
BJJLIZOP_CDS_0101	PV730300.1	100.000	54	54	146712	7.58e-21	80.9
BJJLIZOP_CDS_0101	JX561091.1	100.000	54	54	147737	7.58e-21	80.9
BJJLIZOP_CDS_0101	MN850618.1	100.000	54	54	150473	7.58e-21	80.9
BJJLIZOP_CDS_0101	MH252123.1	100.000	54	54	150925	7.58e-21	80.9
BJJLIZOP_CDS_0101	PQ826431.1	100.000	54	54	151106	7.58e-21	80.9
BJJLIZOP_CDS_0101	MN850571.1	100.000	54	54	151514	7.58e-21	80.9
BJJLIZOP_CDS_0101	PV191315.1	100.000	54	54	151674	7.58e-21	80.9
BJJLIZOP_CDS_0101	OM386656.1	98.148	54	54	149073	2.59e-20	79.3
BJJLIZOP_CDS_0101	OM386659.1	98.148	54	54	149194	2.59e-20	79.3
BJJLIZOP_CDS_0101	OQ031492.1	98.148	54	54	149246	2.59e-20	79.3
BJJLIZOP_CDS_0101	OR352956.1	98.148	54	54	149254	2.59e-20	79.3
BJJLIZOP_CDS_0101	MN850648.1	98.148	54	54	149335	2.59e-20	79.3
BJJLIZOP_CDS_0101	OZ035728.1	98.148	54	54	149471	2.59e-20	79.3
BJJLIZOP_CDS_0101	MH160766.1	98.148	54	54	149803	2.59e-20	79.3
BJJLIZOP_CDS_0101	KX552041.2	98.148	54	54	149813	2.59e-20	79.3
BJJLIZOP_CDS_0101	OL631481.1	98.148	54	54	149818	2.59e-20	79.3
BJJLIZOP_CDS_0101	LR597654.1	98.148	54	54	150152	2.59e-20	79.3
BJJLIZOP_CDS_0101	OR062524.1	98.148	54	54	150431	2.59e-20	79.3
BJJLIZOP_CDS_0101	MW175890.1	98.148	54	54	150892	2.59e-20	79.3
BJJLIZOP_CDS_0101	MN850565.1	98.148	54	54	150947	2.59e-20	79.3
BJJLIZOP_CDS_0101	OP172791.1	98.148	54	54	151113	2.59e-20	79.3
BJJLIZOP_CDS_0101	MK373788.1	98.148	54	54	151194	2.59e-20	79.3
BJJLIZOP_CDS_0101	MT496970.1	98.148	54	54	151202	2.59e-20	79.3
BJJLIZOP_CDS_0101	PQ433349.1	98.148	54	54	151245	2.59e-20	79.3
BJJLIZOP_CDS_0101	OL505078.1	98.148	54	54	151425	2.59e-20	79.3
BJJLIZOP_CDS_0101	OR062529.1	98.148	54	54	151980	2.59e-20	79.3
BJJLIZOP_CDS_0101	OR062526.1	98.148	54	54	151980	2.59e-20	79.3
BJJLIZOP_CDS_0101	OP172792.1	98.148	54	54	151993	2.59e-20	79.3
BJJLIZOP_CDS_0101	MT944117.1	98.148	54	54	152343	2.59e-20	79.3
BJJLIZOP_CDS_0101	OM362897.1	98.148	54	54	152401	2.59e-20	79.3
BJJLIZOP_CDS_0101	OR352955.1	98.148	54	54	152808	2.59e-20	79.3
BJJLIZOP_CDS_0101	LR746137.1	96.296	54	54	152148	9.66e-20	77.8
BJJLIZOP_CDS_0101	OZ035771.1	96.296	54	54	144811	1.31e-19	77.4
BJJLIZOP_CDS_0101	MN850598.1	96.296	54	54	144998	1.31e-19	77.4
BJJLIZOP_CDS_0101	OR067838.1	96.296	54	54	149856	1.31e-19	77.4
BJJLIZOP_CDS_0101	PP129558.1	96.296	54	54	149967	1.31e-19	77.4
BJJLIZOP_CDS_0101	MH051333.1	96.296	54	54	151671	1.31e-19	77.4
BJJLIZOP_CDS_0101	KX664695.3	96.296	54	54	149268	1.51e-19	77.4
BJJLIZOP_CDS_0101	OM386667.1	96.296	54	54	156300	1.51e-19	77.4
BJJLIZOP_CDS_0101	OP595145.1	98.113	53	54	151363	1.68e-19	77.0
BJJLIZOP_CDS_0101	OZ035743.1	96.296	54	54	142881	5.92e-19	75.5
BJJLIZOP_CDS_0101	OR786310.1	81.481	54	54	149880	8.92e-19	75.1
BJJLIZOP_CDS_0101	OL739525.1	81.481	54	54	151825	8.92e-19	75.1
BJJLIZOP_CDS_0101	OR544956.1	100.000	48	54	130723	1.16e-16	68.9
BJJLIZOP_CDS_0102	OP172791.1	99.074	108	108	151113	2.27e-68	219
BJJLIZOP_CDS_0102	OP172792.1	99.074	108	108	151993	2.27e-68	219
BJJLIZOP_CDS_0102	OR437326.1	98.148	108	108	148445	8.90e-68	218
BJJLIZOP_CDS_0102	OL631481.1	98.148	108	108	149818	8.90e-68	218
BJJLIZOP_CDS_0102	MH252123.1	98.148	108	108	150925	8.90e-68	218
BJJLIZOP_CDS_0102	MN850648.1	97.222	108	108	149335	1.82e-67	216
BJJLIZOP_CDS_0102	OR786310.1	97.222	108	108	149880	1.82e-67	216
BJJLIZOP_CDS_0102	OL739525.1	97.222	108	108	151825	1.82e-67	216
BJJLIZOP_CDS_0102	PV730300.1	97.222	108	108	146712	2.61e-67	216
BJJLIZOP_CDS_0102	MN850571.1	96.296	108	108	151514	6.68e-67	215
BJJLIZOP_CDS_0102	OL505078.1	95.370	108	108	151425	9.29e-67	214
BJJLIZOP_CDS_0102	OZ035728.1	94.444	108	108	149471	9.06e-66	212
BJJLIZOP_CDS_0102	PQ826431.1	94.444	108	108	151106	9.06e-66	212
BJJLIZOP_CDS_0102	MT496970.1	94.444	108	108	151202	9.06e-66	212
BJJLIZOP_CDS_0102	OR544956.1	93.519	108	108	130723	2.05e-65	211
BJJLIZOP_CDS_0102	OZ035743.1	93.519	108	108	142881	2.05e-65	211
BJJLIZOP_CDS_0102	JX561091.1	93.519	108	108	147737	2.05e-65	211
BJJLIZOP_CDS_0102	OQ031492.1	93.519	108	108	149246	2.05e-65	211
BJJLIZOP_CDS_0102	OR352956.1	93.519	108	108	149254	2.05e-65	211
BJJLIZOP_CDS_0102	MH160766.1	93.519	108	108	149803	2.05e-65	211
BJJLIZOP_CDS_0102	LR597654.1	93.519	108	108	150152	2.05e-65	211
BJJLIZOP_CDS_0102	OR062524.1	93.519	108	108	150431	2.05e-65	211
BJJLIZOP_CDS_0102	MN850618.1	93.519	108	108	150473	2.05e-65	211
BJJLIZOP_CDS_0102	MW175890.1	93.519	108	108	150892	2.05e-65	211
BJJLIZOP_CDS_0102	MK373788.1	93.519	108	108	151194	2.05e-65	211
BJJLIZOP_CDS_0102	PQ433349.1	93.519	108	108	151245	2.05e-65	211
BJJLIZOP_CDS_0102	PV191315.1	93.519	108	108	151674	2.05e-65	211
BJJLIZOP_CDS_0102	OR062529.1	93.519	108	108	151980	2.05e-65	211
BJJLIZOP_CDS_0102	OR062526.1	93.519	108	108	151980	2.05e-65	211
BJJLIZOP_CDS_0102	MT944117.1	93.519	108	108	152343	2.05e-65	211
BJJLIZOP_CDS_0102	OM362897.1	93.519	108	108	152401	2.05e-65	211
BJJLIZOP_CDS_0102	LR746137.1	93.519	108	108	152148	3.29e-65	210
BJJLIZOP_CDS_0102	OM386659.1	93.519	108	108	149194	3.96e-65	210
BJJLIZOP_CDS_0102	OM386656.1	92.593	108	108	149073	8.51e-65	209
BJJLIZOP_CDS_0102	KX664695.3	92.593	108	108	149268	8.51e-65	209
BJJLIZOP_CDS_0102	KX552041.2	92.593	108	108	149813	8.51e-65	209
BJJLIZOP_CDS_0102	OR352955.1	92.593	108	108	152808	8.51e-65	209
BJJLIZOP_CDS_0102	OM386667.1	92.593	108	108	156300	8.51e-65	209
BJJLIZOP_CDS_0102	MZ726793.1	90.741	108	108	151660	6.21e-64	206
BJJLIZOP_CDS_0102	MN850565.1	62.037	108	108	150947	2.34e-44	150
BJJLIZOP_CDS_0102	OZ035771.1	61.111	108	108	144811	5.87e-44	149
BJJLIZOP_CDS_0102	MN850598.1	61.111	108	108	144998	5.87e-44	149
BJJLIZOP_CDS_0102	OR067838.1	61.111	108	108	149856	5.87e-44	149
BJJLIZOP_CDS_0102	MH051333.1	61.111	108	108	151671	5.87e-44	149
BJJLIZOP_CDS_0102	PP129558.1	60.185	108	108	149967	2.75e-43	147
BJJLIZOP_CDS_0102	OP595145.1	57.407	108	108	151363	2.80e-39	136
BJJLIZOP_CDS_0103	OR437326.1	96.639	119	128	148445	5.77e-75	239
BJJLIZOP_CDS_0103	OM386659.1	96.639	119	128	149194	5.77e-75	239
BJJLIZOP_CDS_0103	OZ035728.1	96.639	119	128	149471	5.77e-75	239
BJJLIZOP_CDS_0103	PQ826431.1	96.639	119	128	151106	5.77e-75	239
BJJLIZOP_CDS_0103	OP172791.1	96.639	119	128	151113	5.77e-75	239
BJJLIZOP_CDS_0103	MT496970.1	96.639	119	128	151202	5.77e-75	239
BJJLIZOP_CDS_0103	MN850571.1	96.639	119	128	151514	5.77e-75	239
BJJLIZOP_CDS_0103	OP172792.1	96.639	119	128	151993	5.77e-75	239
BJJLIZOP_CDS_0103	LR746137.1	96.639	119	128	152148	6.17e-75	239
BJJLIZOP_CDS_0103	MN850565.1	96.639	119	128	150947	6.23e-75	239
BJJLIZOP_CDS_0103	OR067838.1	95.798	119	128	149856	7.64e-75	239
BJJLIZOP_CDS_0103	OR352956.1	95.798	119	128	149254	8.10e-75	239
BJJLIZOP_CDS_0103	OM386656.1	96.639	119	128	149073	8.34e-75	239
BJJLIZOP_CDS_0103	KX664695.3	96.639	119	128	149268	8.34e-75	239
BJJLIZOP_CDS_0103	OM386667.1	96.639	119	128	156300	8.34e-75	239
BJJLIZOP_CDS_0103	PQ433349.1	95.798	119	128	151245	9.55e-75	238
BJJLIZOP_CDS_0103	OZ035771.1	95.798	119	128	144811	9.93e-75	238
BJJLIZOP_CDS_0103	MH051333.1	95.798	119	128	151671	9.93e-75	238
BJJLIZOP_CDS_0103	PP129558.1	95.798	119	128	149967	1.01e-74	238
BJJLIZOP_CDS_0103	OR544956.1	95.798	119	128	130723	1.08e-74	238
BJJLIZOP_CDS_0103	MN850598.1	95.798	119	128	144998	1.08e-74	238
BJJLIZOP_CDS_0103	JX561091.1	95.798	119	128	147737	1.08e-74	238
BJJLIZOP_CDS_0103	MN850618.1	95.798	119	128	150473	1.08e-74	238
BJJLIZOP_CDS_0103	MZ726793.1	95.798	119	128	151660	1.08e-74	238
BJJLIZOP_CDS_0103	PV191315.1	95.798	119	128	151674	1.08e-74	238
BJJLIZOP_CDS_0103	MT944117.1	95.798	119	128	152343	1.08e-74	238
BJJLIZOP_CDS_0103	OQ031492.1	95.798	119	128	149246	1.11e-74	238
BJJLIZOP_CDS_0103	MN850648.1	95.798	119	128	149335	1.11e-74	238
BJJLIZOP_CDS_0103	OR786310.1	95.798	119	128	149880	1.11e-74	238
BJJLIZOP_CDS_0103	OL739525.1	95.798	119	128	151825	1.11e-74	238
BJJLIZOP_CDS_0103	OR352955.1	95.798	119	128	152808	1.11e-74	238
BJJLIZOP_CDS_0103	MW175890.1	95.798	119	128	150892	1.20e-74	238
BJJLIZOP_CDS_0103	OL631481.1	95.798	119	128	149818	1.26e-74	238
BJJLIZOP_CDS_0103	OP595145.1	95.798	119	128	151363	1.41e-74	238
BJJLIZOP_CDS_0103	OZ035743.1	95.798	119	128	142881	1.58e-74	238
BJJLIZOP_CDS_0103	MH160766.1	95.798	119	128	149803	1.58e-74	238
BJJLIZOP_CDS_0103	LR597654.1	95.798	119	128	150152	1.58e-74	238
BJJLIZOP_CDS_0103	OR062524.1	95.798	119	128	150431	1.58e-74	238
BJJLIZOP_CDS_0103	MK373788.1	95.798	119	128	151194	1.58e-74	238
BJJLIZOP_CDS_0103	OR062529.1	95.798	119	128	151980	1.58e-74	238
BJJLIZOP_CDS_0103	OR062526.1	95.798	119	128	151980	1.58e-74	238
BJJLIZOP_CDS_0103	KX552041.2	95.798	119	128	149813	1.71e-74	238
BJJLIZOP_CDS_0103	OL505078.1	95.798	119	128	151425	1.90e-74	238
BJJLIZOP_CDS_0103	PV730300.1	95.798	119	128	146712	3.27e-74	237
BJJLIZOP_CDS_0103	OM362897.1	94.958	119	128	152401	3.43e-74	237
BJJLIZOP_CDS_0103	MH252123.1	94.958	119	128	150925	1.16e-73	235
BJJLIZOP_CDS_0104	OR544956.1	100.000	65	65	130723	5.14e-41	139
BJJLIZOP_CDS_0104	MN850598.1	100.000	65	65	144998	5.14e-41	139
BJJLIZOP_CDS_0104	JX561091.1	100.000	65	65	147737	5.14e-41	139
BJJLIZOP_CDS_0104	MN850618.1	100.000	65	65	150473	5.14e-41	139
BJJLIZOP_CDS_0104	MZ726793.1	100.000	65	65	151660	5.14e-41	139
BJJLIZOP_CDS_0104	PV191315.1	100.000	65	65	151674	5.14e-41	139
BJJLIZOP_CDS_0104	MT944117.1	100.000	65	65	152343	5.14e-41	139
BJJLIZOP_CDS_0104	OP595145.1	100.000	65	65	151363	5.24e-41	139
BJJLIZOP_CDS_0104	OM362897.1	100.000	65	65	152401	5.24e-41	139
BJJLIZOP_CDS_0104	PP129558.1	100.000	65	65	149967	5.50e-41	139
BJJLIZOP_CDS_0104	MW175890.1	100.000	65	65	150892	5.77e-41	139
BJJLIZOP_CDS_0104	OM386656.1	100.000	65	65	149073	6.18e-41	139
BJJLIZOP_CDS_0104	KX664695.3	100.000	65	65	149268	6.18e-41	139
BJJLIZOP_CDS_0104	OM386667.1	100.000	65	65	156300	6.18e-41	139
BJJLIZOP_CDS_0104	MH252123.1	100.000	65	65	150925	6.42e-41	138
BJJLIZOP_CDS_0104	PV730300.1	100.000	65	65	146712	7.29e-41	138
BJJLIZOP_CDS_0104	OR437326.1	100.000	65	65	148445	7.50e-41	138
BJJLIZOP_CDS_0104	OM386659.1	100.000	65	65	149194	7.50e-41	138
BJJLIZOP_CDS_0104	OZ035728.1	100.000	65	65	149471	7.50e-41	138
BJJLIZOP_CDS_0104	PQ826431.1	100.000	65	65	151106	7.50e-41	138
BJJLIZOP_CDS_0104	OP172791.1	100.000	65	65	151113	7.50e-41	138
BJJLIZOP_CDS_0104	MT496970.1	100.000	65	65	151202	7.50e-41	138
BJJLIZOP_CDS_0104	MN850571.1	100.000	65	65	151514	7.50e-41	138
BJJLIZOP_CDS_0104	OP172792.1	100.000	65	65	151993	7.50e-41	138
BJJLIZOP_CDS_0104	OQ031492.1	98.462	65	65	149246	1.28e-40	137
BJJLIZOP_CDS_0104	KX552041.2	98.462	65	65	149813	1.98e-40	137
BJJLIZOP_CDS_0104	OL631481.1	98.462	65	65	149818	2.34e-40	137
BJJLIZOP_CDS_0104	OR352956.1	98.462	65	65	149254	5.09e-40	136
BJJLIZOP_CDS_0104	OR067838.1	98.462	65	65	149856	6.55e-40	135
BJJLIZOP_CDS_0104	OR352955.1	98.462	65	65	152808	6.55e-40	135
BJJLIZOP_CDS_0104	PQ433349.1	98.462	65	65	151245	7.01e-40	135
BJJLIZOP_CDS_0104	OZ035771.1	98.462	65	65	144811	7.08e-40	135
BJJLIZOP_CDS_0104	MH051333.1	98.462	65	65	151671	7.08e-40	135
BJJLIZOP_CDS_0104	MN850565.1	98.462	65	65	150947	7.21e-40	135
BJJLIZOP_CDS_0104	OZ035743.1	98.462	65	65	142881	8.26e-40	135
BJJLIZOP_CDS_0104	MH160766.1	98.462	65	65	149803	8.26e-40	135
BJJLIZOP_CDS_0104	LR597654.1	98.462	65	65	150152	8.26e-40	135
BJJLIZOP_CDS_0104	OR062524.1	98.462	65	65	150431	8.26e-40	135
BJJLIZOP_CDS_0104	MK373788.1	98.462	65	65	151194	8.26e-40	135
BJJLIZOP_CDS_0104	OR062529.1	98.462	65	65	151980	8.26e-40	135
BJJLIZOP_CDS_0104	OR062526.1	98.462	65	65	151980	8.26e-40	135
BJJLIZOP_CDS_0104	LR746137.1	98.462	65	65	152148	8.35e-40	135
BJJLIZOP_CDS_0104	OL505078.1	98.462	65	65	151425	8.59e-40	135
BJJLIZOP_CDS_0104	MN850648.1	98.462	65	65	149335	9.47e-40	135
BJJLIZOP_CDS_0104	OR786310.1	98.462	65	65	149880	9.47e-40	135
BJJLIZOP_CDS_0104	OL739525.1	98.462	65	65	151825	9.47e-40	135
BJJLIZOP_CDS_0105	OR786310.1	100.000	280	280	149880	0.0	582
BJJLIZOP_CDS_0105	OP172792.1	100.000	280	280	151993	0.0	582
BJJLIZOP_CDS_0105	OP172791.1	100.000	280	280	151113	0.0	582
BJJLIZOP_CDS_0105	PQ826431.1	99.643	280	280	151106	0.0	581
BJJLIZOP_CDS_0105	MN850648.1	99.643	280	280	149335	0.0	581
BJJLIZOP_CDS_0105	PV730300.1	99.643	280	280	146712	0.0	580
BJJLIZOP_CDS_0105	OM386659.1	99.643	280	280	149194	0.0	580
BJJLIZOP_CDS_0105	OL505078.1	99.286	280	280	151425	0.0	579
BJJLIZOP_CDS_0105	OL739525.1	99.286	280	280	151825	0.0	578
BJJLIZOP_CDS_0105	OZ035728.1	99.286	280	280	149471	0.0	578
BJJLIZOP_CDS_0105	OM386656.1	99.286	280	280	149073	0.0	578
BJJLIZOP_CDS_0105	MT496970.1	99.286	280	280	151202	0.0	578
BJJLIZOP_CDS_0105	OR544956.1	98.929	280	280	130723	0.0	577
BJJLIZOP_CDS_0105	OM362897.1	98.929	280	280	152401	0.0	577
BJJLIZOP_CDS_0105	MZ726793.1	98.929	280	280	151660	0.0	577
BJJLIZOP_CDS_0105	MT944117.1	98.929	280	280	152343	0.0	577
BJJLIZOP_CDS_0105	MN850618.1	98.571	280	280	150473	0.0	577
BJJLIZOP_CDS_0105	MN850598.1	98.571	280	280	144998	0.0	577
BJJLIZOP_CDS_0105	OQ031492.1	98.929	280	280	149246	0.0	577
BJJLIZOP_CDS_0105	OM386667.1	98.929	280	280	156300	0.0	576
BJJLIZOP_CDS_0105	KX664695.3	98.929	280	280	149268	0.0	576
BJJLIZOP_CDS_0105	MH252123.1	98.929	280	280	150925	0.0	576
BJJLIZOP_CDS_0105	MN850565.1	98.571	280	280	150947	0.0	575
BJJLIZOP_CDS_0105	OR352956.1	98.571	280	280	149254	0.0	575
BJJLIZOP_CDS_0105	MH051333.1	98.571	280	280	151671	0.0	575
BJJLIZOP_CDS_0105	JX561091.1	98.214	280	280	147737	0.0	575
BJJLIZOP_CDS_0105	PP129558.1	98.571	280	280	149967	0.0	575
BJJLIZOP_CDS_0105	OR067838.1	98.571	280	280	149856	0.0	574
BJJLIZOP_CDS_0105	LR746137.1	98.214	280	280	152148	0.0	574
BJJLIZOP_CDS_0105	KX552041.2	98.571	280	280	149813	0.0	574
BJJLIZOP_CDS_0105	MN850571.1	98.571	280	280	151514	0.0	574
BJJLIZOP_CDS_0105	OZ035771.1	98.571	280	280	144811	0.0	573
BJJLIZOP_CDS_0105	OZ035743.1	98.214	280	280	142881	0.0	573
BJJLIZOP_CDS_0105	OR352955.1	98.214	280	280	152808	0.0	573
BJJLIZOP_CDS_0105	OR062529.1	98.214	280	280	151980	0.0	573
BJJLIZOP_CDS_0105	OR062526.1	98.214	280	280	151980	0.0	573
BJJLIZOP_CDS_0105	OR062524.1	98.214	280	280	150431	0.0	573
BJJLIZOP_CDS_0105	MW175890.1	98.214	280	280	150892	0.0	573
BJJLIZOP_CDS_0105	MK373788.1	98.214	280	280	151194	0.0	573
BJJLIZOP_CDS_0105	OR437326.1	98.214	280	280	148445	0.0	573
BJJLIZOP_CDS_0105	PQ433349.1	97.857	280	280	151245	0.0	572
BJJLIZOP_CDS_0105	OP595145.1	98.214	280	280	151363	0.0	572
BJJLIZOP_CDS_0105	OL631481.1	97.857	280	280	149818	0.0	572
BJJLIZOP_CDS_0105	LR597654.1	98.214	280	280	150152	0.0	570
BJJLIZOP_CDS_0105	MH160766.1	97.500	280	280	149803	0.0	570
BJJLIZOP_CDS_0105	PV191315.1	98.667	150	280	151674	4.45e-160	311
BJJLIZOP_CDS_0105	PV191315.1	98.473	131	280	151674	4.45e-160	269
BJJLIZOP_CDS_0106	OR544956.1	100.000	86	86	130723	1.36e-54	179
BJJLIZOP_CDS_0106	OZ035743.1	100.000	86	86	142881	1.36e-54	179
BJJLIZOP_CDS_0106	OZ035771.1	100.000	86	86	144811	1.36e-54	179
BJJLIZOP_CDS_0106	MN850598.1	100.000	86	86	144998	1.36e-54	179
BJJLIZOP_CDS_0106	PV730300.1	100.000	86	86	146712	1.36e-54	179
BJJLIZOP_CDS_0106	JX561091.1	100.000	86	86	147737	1.36e-54	179
BJJLIZOP_CDS_0106	OR437326.1	100.000	86	86	148445	1.36e-54	179
BJJLIZOP_CDS_0106	OM386656.1	100.000	86	86	149073	1.36e-54	179
BJJLIZOP_CDS_0106	OM386659.1	100.000	86	86	149194	1.36e-54	179
BJJLIZOP_CDS_0106	OQ031492.1	100.000	86	86	149246	1.36e-54	179
BJJLIZOP_CDS_0106	OR352956.1	100.000	86	86	149254	1.36e-54	179
BJJLIZOP_CDS_0106	MN850648.1	100.000	86	86	149335	1.36e-54	179
BJJLIZOP_CDS_0106	OZ035728.1	100.000	86	86	149471	1.36e-54	179
BJJLIZOP_CDS_0106	MH160766.1	100.000	86	86	149803	1.36e-54	179
BJJLIZOP_CDS_0106	KX552041.2	100.000	86	86	149813	1.36e-54	179
BJJLIZOP_CDS_0106	OL631481.1	100.000	86	86	149818	1.36e-54	179
BJJLIZOP_CDS_0106	OR067838.1	100.000	86	86	149856	1.36e-54	179
BJJLIZOP_CDS_0106	OR786310.1	100.000	86	86	149880	1.36e-54	179
BJJLIZOP_CDS_0106	PP129558.1	100.000	86	86	149967	1.36e-54	179
BJJLIZOP_CDS_0106	LR597654.1	100.000	86	86	150152	1.36e-54	179
BJJLIZOP_CDS_0106	OR062524.1	100.000	86	86	150431	1.36e-54	179
BJJLIZOP_CDS_0106	MN850618.1	100.000	86	86	150473	1.36e-54	179
BJJLIZOP_CDS_0106	MW175890.1	100.000	86	86	150892	1.36e-54	179
BJJLIZOP_CDS_0106	MH252123.1	100.000	86	86	150925	1.36e-54	179
BJJLIZOP_CDS_0106	MN850565.1	100.000	86	86	150947	1.36e-54	179
BJJLIZOP_CDS_0106	PQ826431.1	100.000	86	86	151106	1.36e-54	179
BJJLIZOP_CDS_0106	OP172791.1	100.000	86	86	151113	1.36e-54	179
BJJLIZOP_CDS_0106	MK373788.1	100.000	86	86	151194	1.36e-54	179
BJJLIZOP_CDS_0106	MT496970.1	100.000	86	86	151202	1.36e-54	179
BJJLIZOP_CDS_0106	PQ433349.1	100.000	86	86	151245	1.36e-54	179
BJJLIZOP_CDS_0106	OP595145.1	100.000	86	86	151363	1.36e-54	179
BJJLIZOP_CDS_0106	OL505078.1	100.000	86	86	151425	1.36e-54	179
BJJLIZOP_CDS_0106	MN850571.1	100.000	86	86	151514	1.36e-54	179
BJJLIZOP_CDS_0106	MZ726793.1	100.000	86	86	151660	1.36e-54	179
BJJLIZOP_CDS_0106	MH051333.1	100.000	86	86	151671	1.36e-54	179
BJJLIZOP_CDS_0106	PV191315.1	100.000	86	86	151674	1.36e-54	179
BJJLIZOP_CDS_0106	OL739525.1	100.000	86	86	151825	1.36e-54	179
BJJLIZOP_CDS_0106	OR062529.1	100.000	86	86	151980	1.36e-54	179
BJJLIZOP_CDS_0106	OR062526.1	100.000	86	86	151980	1.36e-54	179
BJJLIZOP_CDS_0106	OP172792.1	100.000	86	86	151993	1.36e-54	179
BJJLIZOP_CDS_0106	LR746137.1	100.000	86	86	152148	1.36e-54	179
BJJLIZOP_CDS_0106	MT944117.1	100.000	86	86	152343	1.36e-54	179
BJJLIZOP_CDS_0106	OM362897.1	100.000	86	86	152401	1.36e-54	179
BJJLIZOP_CDS_0106	OR352955.1	100.000	86	86	152808	1.36e-54	179
BJJLIZOP_CDS_0106	KX664695.3	98.837	86	86	149268	1.22e-53	176
BJJLIZOP_CDS_0106	OM386667.1	98.837	86	86	156300	1.22e-53	176
BJJLIZOP_CDS_0107	OM386667.1	100.000	49	49	156300	9.22e-28	100
BJJLIZOP_CDS_0107	OR352955.1	100.000	49	49	152808	9.22e-28	100
BJJLIZOP_CDS_0107	OM362897.1	100.000	49	49	152401	9.22e-28	100
BJJLIZOP_CDS_0107	MT944117.1	100.000	49	49	152343	9.22e-28	100
BJJLIZOP_CDS_0107	LR746137.1	100.000	49	49	152148	9.22e-28	100
BJJLIZOP_CDS_0107	OP172792.1	100.000	49	49	151993	9.22e-28	100
BJJLIZOP_CDS_0107	OR062529.1	100.000	49	49	151980	9.22e-28	100
BJJLIZOP_CDS_0107	OR062526.1	100.000	49	49	151980	9.22e-28	100
BJJLIZOP_CDS_0107	OL739525.1	100.000	49	49	151825	9.22e-28	100
BJJLIZOP_CDS_0107	PV191315.1	100.000	49	49	151674	9.22e-28	100
BJJLIZOP_CDS_0107	MH051333.1	100.000	49	49	151671	9.22e-28	100
BJJLIZOP_CDS_0107	MZ726793.1	100.000	49	49	151660	9.22e-28	100
BJJLIZOP_CDS_0107	MN850571.1	100.000	49	49	151514	9.22e-28	100
BJJLIZOP_CDS_0107	OL505078.1	100.000	49	49	151425	9.22e-28	100
BJJLIZOP_CDS_0107	OP595145.1	100.000	49	49	151363	9.22e-28	100
BJJLIZOP_CDS_0107	PQ433349.1	100.000	49	49	151245	9.22e-28	100
BJJLIZOP_CDS_0107	MT496970.1	100.000	49	49	151202	9.22e-28	100
BJJLIZOP_CDS_0107	MK373788.1	100.000	49	49	151194	9.22e-28	100
BJJLIZOP_CDS_0107	OP172791.1	100.000	49	49	151113	9.22e-28	100
BJJLIZOP_CDS_0107	PQ826431.1	100.000	49	49	151106	9.22e-28	100
BJJLIZOP_CDS_0107	MN850565.1	100.000	49	49	150947	9.22e-28	100
BJJLIZOP_CDS_0107	MH252123.1	100.000	49	49	150925	9.22e-28	100
BJJLIZOP_CDS_0107	MW175890.1	100.000	49	49	150892	9.22e-28	100
BJJLIZOP_CDS_0107	MN850618.1	100.000	49	49	150473	9.22e-28	100
BJJLIZOP_CDS_0107	OR062524.1	100.000	49	49	150431	9.22e-28	100
BJJLIZOP_CDS_0107	LR597654.1	100.000	49	49	150152	9.22e-28	100
BJJLIZOP_CDS_0107	PP129558.1	100.000	49	49	149967	9.22e-28	100
BJJLIZOP_CDS_0107	OR786310.1	100.000	49	49	149880	9.22e-28	100
BJJLIZOP_CDS_0107	OR067838.1	100.000	49	49	149856	9.22e-28	100
BJJLIZOP_CDS_0107	OL631481.1	100.000	49	49	149818	9.22e-28	100
BJJLIZOP_CDS_0107	KX552041.2	100.000	49	49	149813	9.22e-28	100
BJJLIZOP_CDS_0107	MH160766.1	100.000	49	49	149803	9.22e-28	100
BJJLIZOP_CDS_0107	OZ035728.1	100.000	49	49	149471	9.22e-28	100
BJJLIZOP_CDS_0107	MN850648.1	100.000	49	49	149335	9.22e-28	100
BJJLIZOP_CDS_0107	KX664695.3	100.000	49	49	149268	9.22e-28	100
BJJLIZOP_CDS_0107	OR352956.1	100.000	49	49	149254	9.22e-28	100
BJJLIZOP_CDS_0107	OQ031492.1	100.000	49	49	149246	9.22e-28	100
BJJLIZOP_CDS_0107	OM386659.1	100.000	49	49	149194	9.22e-28	100
BJJLIZOP_CDS_0107	OM386656.1	100.000	49	49	149073	9.22e-28	100
BJJLIZOP_CDS_0107	OR437326.1	100.000	49	49	148445	9.22e-28	100
BJJLIZOP_CDS_0107	JX561091.1	100.000	49	49	147737	9.22e-28	100
BJJLIZOP_CDS_0107	PV730300.1	100.000	49	49	146712	9.22e-28	100
BJJLIZOP_CDS_0107	MN850598.1	100.000	49	49	144998	9.22e-28	100
BJJLIZOP_CDS_0107	OZ035771.1	100.000	49	49	144811	9.22e-28	100
BJJLIZOP_CDS_0107	OZ035743.1	100.000	49	49	142881	9.22e-28	100
BJJLIZOP_CDS_0107	OR544956.1	100.000	49	49	130723	9.22e-28	100
BJJLIZOP_CDS_0108	OZ035771.1	100.000	166	166	144811	7.59e-109	338
BJJLIZOP_CDS_0108	OL631481.1	100.000	166	166	149818	7.59e-109	338
BJJLIZOP_CDS_0108	MN850565.1	100.000	166	166	150947	7.59e-109	338
BJJLIZOP_CDS_0108	MH051333.1	100.000	166	166	151671	7.59e-109	338
BJJLIZOP_CDS_0108	OR544956.1	99.398	166	166	130723	2.04e-108	337
BJJLIZOP_CDS_0108	MN850598.1	99.398	166	166	144998	2.04e-108	337
BJJLIZOP_CDS_0108	OM386656.1	99.398	166	166	149073	2.04e-108	337
BJJLIZOP_CDS_0108	OQ031492.1	99.398	166	166	149246	2.04e-108	337
BJJLIZOP_CDS_0108	OR352956.1	99.398	166	166	149254	2.04e-108	337
BJJLIZOP_CDS_0108	KX664695.3	99.398	166	166	149268	2.04e-108	337
BJJLIZOP_CDS_0108	MH160766.1	99.398	166	166	149803	2.04e-108	337
BJJLIZOP_CDS_0108	KX552041.2	99.398	166	166	149813	2.04e-108	337
BJJLIZOP_CDS_0108	OR067838.1	99.398	166	166	149856	2.04e-108	337
BJJLIZOP_CDS_0108	PP129558.1	99.398	166	166	149967	2.04e-108	337
BJJLIZOP_CDS_0108	LR597654.1	99.398	166	166	150152	2.04e-108	337
BJJLIZOP_CDS_0108	MN850618.1	99.398	166	166	150473	2.04e-108	337
BJJLIZOP_CDS_0108	MK373788.1	99.398	166	166	151194	2.04e-108	337
BJJLIZOP_CDS_0108	MN850571.1	99.398	166	166	151514	2.04e-108	337
BJJLIZOP_CDS_0108	MZ726793.1	99.398	166	166	151660	2.04e-108	337
BJJLIZOP_CDS_0108	MT944117.1	99.398	166	166	152343	2.04e-108	337
BJJLIZOP_CDS_0108	OM362897.1	99.398	166	166	152401	2.04e-108	337
BJJLIZOP_CDS_0108	OR352955.1	99.398	166	166	152808	2.04e-108	337
BJJLIZOP_CDS_0108	OM386667.1	99.398	166	166	156300	2.04e-108	337
BJJLIZOP_CDS_0108	MH252123.1	99.398	166	166	150925	2.97e-108	336
BJJLIZOP_CDS_0108	PV730300.1	98.795	166	166	146712	7.98e-108	335
BJJLIZOP_CDS_0108	OM386659.1	98.795	166	166	149194	7.98e-108	335
BJJLIZOP_CDS_0108	MN850648.1	98.795	166	166	149335	7.98e-108	335
BJJLIZOP_CDS_0108	OZ035728.1	98.795	166	166	149471	7.98e-108	335
BJJLIZOP_CDS_0108	OR786310.1	98.795	166	166	149880	7.98e-108	335
BJJLIZOP_CDS_0108	MW175890.1	98.795	166	166	150892	7.98e-108	335
BJJLIZOP_CDS_0108	PQ826431.1	98.795	166	166	151106	7.98e-108	335
BJJLIZOP_CDS_0108	OP172791.1	98.795	166	166	151113	7.98e-108	335
BJJLIZOP_CDS_0108	MT496970.1	98.795	166	166	151202	7.98e-108	335
BJJLIZOP_CDS_0108	PQ433349.1	98.795	166	166	151245	7.98e-108	335
BJJLIZOP_CDS_0108	OP595145.1	98.795	166	166	151363	7.98e-108	335
BJJLIZOP_CDS_0108	PV191315.1	98.795	166	166	151674	7.98e-108	335
BJJLIZOP_CDS_0108	OL739525.1	98.795	166	166	151825	7.98e-108	335
BJJLIZOP_CDS_0108	OP172792.1	98.795	166	166	151993	7.98e-108	335
BJJLIZOP_CDS_0108	LR746137.1	98.795	166	166	152148	7.98e-108	335
BJJLIZOP_CDS_0108	JX561091.1	98.795	166	166	147737	8.30e-108	335
BJJLIZOP_CDS_0108	OL505078.1	98.795	166	166	151425	1.09e-107	335
BJJLIZOP_CDS_0108	OR437326.1	98.788	165	166	148445	4.18e-107	333
BJJLIZOP_CDS_0108	OZ035743.1	98.193	166	166	142881	4.56e-107	333
BJJLIZOP_CDS_0108	OR062524.1	98.193	166	166	150431	4.56e-107	333
BJJLIZOP_CDS_0108	OR062529.1	98.193	166	166	151980	4.56e-107	333
BJJLIZOP_CDS_0108	OR062526.1	98.193	166	166	151980	4.56e-107	333
BJJLIZOP_CDS_0109	OR544956.1	100.000	252	252	130723	2.47e-169	516
BJJLIZOP_CDS_0109	OZ035743.1	100.000	252	252	142881	2.47e-169	516
BJJLIZOP_CDS_0109	OZ035771.1	100.000	252	252	144811	2.47e-169	516
BJJLIZOP_CDS_0109	MN850598.1	100.000	252	252	144998	2.47e-169	516
BJJLIZOP_CDS_0109	PV730300.1	100.000	252	252	146712	2.47e-169	516
BJJLIZOP_CDS_0109	JX561091.1	100.000	252	252	147737	2.47e-169	516
BJJLIZOP_CDS_0109	OR437326.1	100.000	252	252	148445	2.47e-169	516
BJJLIZOP_CDS_0109	OM386656.1	100.000	252	252	149073	2.47e-169	516
BJJLIZOP_CDS_0109	OQ031492.1	100.000	252	252	149246	2.47e-169	516
BJJLIZOP_CDS_0109	OR352956.1	100.000	252	252	149254	2.47e-169	516
BJJLIZOP_CDS_0109	KX664695.3	100.000	252	252	149268	2.47e-169	516
BJJLIZOP_CDS_0109	MN850648.1	100.000	252	252	149335	2.47e-169	516
BJJLIZOP_CDS_0109	OZ035728.1	100.000	252	252	149471	2.47e-169	516
BJJLIZOP_CDS_0109	MH160766.1	100.000	252	252	149803	2.47e-169	516
BJJLIZOP_CDS_0109	KX552041.2	100.000	252	252	149813	2.47e-169	516
BJJLIZOP_CDS_0109	OL631481.1	100.000	252	252	149818	2.47e-169	516
BJJLIZOP_CDS_0109	OR067838.1	100.000	252	252	149856	2.47e-169	516
BJJLIZOP_CDS_0109	OR786310.1	100.000	252	252	149880	2.47e-169	516
BJJLIZOP_CDS_0109	PP129558.1	100.000	252	252	149967	2.47e-169	516
BJJLIZOP_CDS_0109	LR597654.1	100.000	252	252	150152	2.47e-169	516
BJJLIZOP_CDS_0109	OR062524.1	100.000	252	252	150431	2.47e-169	516
BJJLIZOP_CDS_0109	MN850618.1	100.000	252	252	150473	2.47e-169	516
BJJLIZOP_CDS_0109	MW175890.1	100.000	252	252	150892	2.47e-169	516
BJJLIZOP_CDS_0109	MH252123.1	100.000	252	252	150925	2.47e-169	516
BJJLIZOP_CDS_0109	MN850565.1	100.000	252	252	150947	2.47e-169	516
BJJLIZOP_CDS_0109	PQ826431.1	100.000	252	252	151106	2.47e-169	516
BJJLIZOP_CDS_0109	OP172791.1	100.000	252	252	151113	2.47e-169	516
BJJLIZOP_CDS_0109	MK373788.1	100.000	252	252	151194	2.47e-169	516
BJJLIZOP_CDS_0109	MT496970.1	100.000	252	252	151202	2.47e-169	516
BJJLIZOP_CDS_0109	PQ433349.1	100.000	252	252	151245	2.47e-169	516
BJJLIZOP_CDS_0109	OP595145.1	100.000	252	252	151363	2.47e-169	516
BJJLIZOP_CDS_0109	OL505078.1	100.000	252	252	151425	2.47e-169	516
BJJLIZOP_CDS_0109	MN850571.1	100.000	252	252	151514	2.47e-169	516
BJJLIZOP_CDS_0109	MZ726793.1	100.000	252	252	151660	2.47e-169	516
BJJLIZOP_CDS_0109	MH051333.1	100.000	252	252	151671	2.47e-169	516
BJJLIZOP_CDS_0109	PV191315.1	100.000	252	252	151674	2.47e-169	516
BJJLIZOP_CDS_0109	OL739525.1	100.000	252	252	151825	2.47e-169	516
BJJLIZOP_CDS_0109	OR062529.1	100.000	252	252	151980	2.47e-169	516
BJJLIZOP_CDS_0109	OR062526.1	100.000	252	252	151980	2.47e-169	516
BJJLIZOP_CDS_0109	OP172792.1	100.000	252	252	151993	2.47e-169	516
BJJLIZOP_CDS_0109	LR746137.1	100.000	252	252	152148	2.47e-169	516
BJJLIZOP_CDS_0109	MT944117.1	100.000	252	252	152343	2.47e-169	516
BJJLIZOP_CDS_0109	OM362897.1	100.000	252	252	152401	2.47e-169	516
BJJLIZOP_CDS_0109	OR352955.1	100.000	252	252	152808	2.47e-169	516
BJJLIZOP_CDS_0109	OM386667.1	100.000	252	252	156300	2.47e-169	516
BJJLIZOP_CDS_0109	OM386659.1	99.603	252	252	149194	7.74e-169	514
BJJLIZOP_CDS_0110	OR544956.1	100.000	162	166	130723	1.34e-94	297
BJJLIZOP_CDS_0110	OZ035743.1	100.000	162	166	142881	1.34e-94	297
BJJLIZOP_CDS_0110	OZ035771.1	100.000	162	166	144811	1.34e-94	297
BJJLIZOP_CDS_0110	MN850598.1	100.000	162	166	144998	1.34e-94	297
BJJLIZOP_CDS_0110	PV730300.1	100.000	162	166	146712	1.34e-94	297
BJJLIZOP_CDS_0110	JX561091.1	100.000	162	166	147737	1.34e-94	297
BJJLIZOP_CDS_0110	OR437326.1	100.000	162	166	148445	1.34e-94	297
BJJLIZOP_CDS_0110	OM386656.1	100.000	162	166	149073	1.34e-94	297
BJJLIZOP_CDS_0110	OQ031492.1	100.000	162	166	149246	1.34e-94	297
BJJLIZOP_CDS_0110	OR352956.1	100.000	162	166	149254	1.34e-94	297
BJJLIZOP_CDS_0110	KX664695.3	100.000	162	166	149268	1.34e-94	297
BJJLIZOP_CDS_0110	MN850648.1	100.000	162	166	149335	1.34e-94	297
BJJLIZOP_CDS_0110	MH160766.1	100.000	162	166	149803	1.34e-94	297
BJJLIZOP_CDS_0110	KX552041.2	100.000	162	166	149813	1.34e-94	297
BJJLIZOP_CDS_0110	OL631481.1	100.000	162	166	149818	1.34e-94	297
BJJLIZOP_CDS_0110	OR067838.1	100.000	162	166	149856	1.34e-94	297
BJJLIZOP_CDS_0110	OR786310.1	100.000	162	166	149880	1.34e-94	297
BJJLIZOP_CDS_0110	PP129558.1	100.000	162	166	149967	1.34e-94	297
BJJLIZOP_CDS_0110	LR597654.1	100.000	162	166	150152	1.34e-94	297
BJJLIZOP_CDS_0110	OR062524.1	100.000	162	166	150431	1.34e-94	297
BJJLIZOP_CDS_0110	MN850618.1	100.000	162	166	150473	1.34e-94	297
BJJLIZOP_CDS_0110	MW175890.1	100.000	162	166	150892	1.34e-94	297
BJJLIZOP_CDS_0110	MH252123.1	100.000	162	166	150925	1.34e-94	297
BJJLIZOP_CDS_0110	MN850565.1	100.000	162	166	150947	1.34e-94	297
BJJLIZOP_CDS_0110	PQ826431.1	100.000	162	166	151106	1.34e-94	297
BJJLIZOP_CDS_0110	MK373788.1	100.000	162	166	151194	1.34e-94	297
BJJLIZOP_CDS_0110	MT496970.1	100.000	162	166	151202	1.34e-94	297
BJJLIZOP_CDS_0110	PQ433349.1	100.000	162	166	151245	1.34e-94	297
BJJLIZOP_CDS_0110	OP595145.1	100.000	162	166	151363	1.34e-94	297
BJJLIZOP_CDS_0110	OL505078.1	100.000	162	166	151425	1.34e-94	297
BJJLIZOP_CDS_0110	MN850571.1	100.000	162	166	151514	1.34e-94	297
BJJLIZOP_CDS_0110	MZ726793.1	100.000	162	166	151660	1.34e-94	297
BJJLIZOP_CDS_0110	MH051333.1	100.000	162	166	151671	1.34e-94	297
BJJLIZOP_CDS_0110	PV191315.1	100.000	162	166	151674	1.34e-94	297
BJJLIZOP_CDS_0110	OL739525.1	100.000	162	166	151825	1.34e-94	297
BJJLIZOP_CDS_0110	OR062529.1	100.000	162	166	151980	1.34e-94	297
BJJLIZOP_CDS_0110	OR062526.1	100.000	162	166	151980	1.34e-94	297
BJJLIZOP_CDS_0110	LR746137.1	100.000	162	166	152148	1.34e-94	297
BJJLIZOP_CDS_0110	MT944117.1	100.000	162	166	152343	1.34e-94	297
BJJLIZOP_CDS_0110	OM362897.1	100.000	162	166	152401	1.34e-94	297
BJJLIZOP_CDS_0110	OR352955.1	100.000	162	166	152808	1.34e-94	297
BJJLIZOP_CDS_0110	OM386667.1	100.000	162	166	156300	1.34e-94	297
BJJLIZOP_CDS_0110	OM386659.1	99.383	162	166	149194	3.27e-94	296
BJJLIZOP_CDS_0110	OZ035728.1	99.383	162	166	149471	3.27e-94	296
BJJLIZOP_CDS_0110	OP172791.1	99.383	162	166	151113	3.27e-94	296
BJJLIZOP_CDS_0110	OP172792.1	99.383	162	166	151993	3.27e-94	296
BJJLIZOP_CDS_0111	OR352956.1	99.565	230	230	149254	4.24e-140	431
BJJLIZOP_CDS_0111	OR067838.1	99.565	230	230	149856	4.24e-140	431
BJJLIZOP_CDS_0111	MN850565.1	99.565	230	230	150947	4.24e-140	431
BJJLIZOP_CDS_0111	PQ433349.1	99.565	230	230	151245	4.24e-140	431
BJJLIZOP_CDS_0111	OZ035743.1	100.000	230	230	142881	4.45e-140	431
BJJLIZOP_CDS_0111	OZ035771.1	100.000	230	230	144811	4.45e-140	431
BJJLIZOP_CDS_0111	PV730300.1	100.000	230	230	146712	4.45e-140	431
BJJLIZOP_CDS_0111	JX561091.1	100.000	230	230	147737	4.45e-140	431
BJJLIZOP_CDS_0111	OR437326.1	100.000	230	230	148445	4.45e-140	431
BJJLIZOP_CDS_0111	OM386659.1	100.000	230	230	149194	4.45e-140	431
BJJLIZOP_CDS_0111	OQ031492.1	100.000	230	230	149246	4.45e-140	431
BJJLIZOP_CDS_0111	KX664695.3	100.000	230	230	149268	4.45e-140	431
BJJLIZOP_CDS_0111	MN850648.1	100.000	230	230	149335	4.45e-140	431
BJJLIZOP_CDS_0111	OZ035728.1	100.000	230	230	149471	4.45e-140	431
BJJLIZOP_CDS_0111	MH160766.1	100.000	230	230	149803	4.45e-140	431
BJJLIZOP_CDS_0111	KX552041.2	100.000	230	230	149813	4.45e-140	431
BJJLIZOP_CDS_0111	OL631481.1	100.000	230	230	149818	4.45e-140	431
BJJLIZOP_CDS_0111	PP129558.1	100.000	230	230	149967	4.45e-140	431
BJJLIZOP_CDS_0111	LR597654.1	100.000	230	230	150152	4.45e-140	431
BJJLIZOP_CDS_0111	OR062524.1	100.000	230	230	150431	4.45e-140	431
BJJLIZOP_CDS_0111	MW175890.1	100.000	230	230	150892	4.45e-140	431
BJJLIZOP_CDS_0111	MH252123.1	100.000	230	230	150925	4.45e-140	431
BJJLIZOP_CDS_0111	PQ826431.1	100.000	230	230	151106	4.45e-140	431
BJJLIZOP_CDS_0111	OP172791.1	100.000	230	230	151113	4.45e-140	431
BJJLIZOP_CDS_0111	MK373788.1	100.000	230	230	151194	4.45e-140	431
BJJLIZOP_CDS_0111	MT496970.1	100.000	230	230	151202	4.45e-140	431
BJJLIZOP_CDS_0111	OP595145.1	100.000	230	230	151363	4.45e-140	431
BJJLIZOP_CDS_0111	MN850571.1	100.000	230	230	151514	4.45e-140	431
BJJLIZOP_CDS_0111	MZ726793.1	100.000	230	230	151660	4.45e-140	431
BJJLIZOP_CDS_0111	MH051333.1	100.000	230	230	151671	4.45e-140	431
BJJLIZOP_CDS_0111	PV191315.1	100.000	230	230	151674	4.45e-140	431
BJJLIZOP_CDS_0111	OR062529.1	100.000	230	230	151980	4.45e-140	431
BJJLIZOP_CDS_0111	OR062526.1	100.000	230	230	151980	4.45e-140	431
BJJLIZOP_CDS_0111	OP172792.1	100.000	230	230	151993	4.45e-140	431
BJJLIZOP_CDS_0111	LR746137.1	100.000	230	230	152148	4.45e-140	431
BJJLIZOP_CDS_0111	MT944117.1	100.000	230	230	152343	4.45e-140	431
BJJLIZOP_CDS_0111	OM362897.1	100.000	230	230	152401	4.45e-140	431
BJJLIZOP_CDS_0111	OR352955.1	100.000	230	230	152808	4.45e-140	431
BJJLIZOP_CDS_0111	OM386667.1	100.000	230	230	156300	4.45e-140	431
BJJLIZOP_CDS_0111	OM386656.1	99.565	230	230	149073	3.11e-139	428
BJJLIZOP_CDS_0111	MN850598.1	99.565	230	230	144998	3.23e-139	428
BJJLIZOP_CDS_0111	MN850618.1	99.565	230	230	150473	3.23e-139	428
BJJLIZOP_CDS_0111	OR786310.1	99.565	230	230	149880	3.78e-139	428
BJJLIZOP_CDS_0111	OL505078.1	99.565	230	230	151425	3.78e-139	428
BJJLIZOP_CDS_0111	OL739525.1	99.565	230	230	151825	3.78e-139	428
BJJLIZOP_CDS_0111	OR544956.1	98.000	200	230	130723	1.82e-117	366
BJJLIZOP_CDS_0111	OR544956.1	100.000	26	230	130723	2.57e-08	52.0
BJJLIZOP_CDS_0112	OR544956.1	100.000	144	144	130723	2.50e-95	298
BJJLIZOP_CDS_0112	OZ035743.1	100.000	144	144	142881	2.50e-95	298
BJJLIZOP_CDS_0112	OZ035771.1	100.000	144	144	144811	2.50e-95	298
BJJLIZOP_CDS_0112	MN850598.1	100.000	144	144	144998	2.50e-95	298
BJJLIZOP_CDS_0112	PV730300.1	100.000	144	144	146712	2.50e-95	298
BJJLIZOP_CDS_0112	JX561091.1	100.000	144	144	147737	2.50e-95	298
BJJLIZOP_CDS_0112	OR437326.1	100.000	144	144	148445	2.50e-95	298
BJJLIZOP_CDS_0112	OM386656.1	100.000	144	144	149073	2.50e-95	298
BJJLIZOP_CDS_0112	OM386659.1	100.000	144	144	149194	2.50e-95	298
BJJLIZOP_CDS_0112	OR352956.1	100.000	144	144	149254	2.50e-95	298
BJJLIZOP_CDS_0112	KX664695.3	100.000	144	144	149268	2.50e-95	298
BJJLIZOP_CDS_0112	OZ035728.1	100.000	144	144	149471	2.50e-95	298
BJJLIZOP_CDS_0112	MH160766.1	100.000	144	144	149803	2.50e-95	298
BJJLIZOP_CDS_0112	KX552041.2	100.000	144	144	149813	2.50e-95	298
BJJLIZOP_CDS_0112	OL631481.1	100.000	144	144	149818	2.50e-95	298
BJJLIZOP_CDS_0112	OR786310.1	100.000	144	144	149880	2.50e-95	298
BJJLIZOP_CDS_0112	PP129558.1	100.000	144	144	149967	2.50e-95	298
BJJLIZOP_CDS_0112	LR597654.1	100.000	144	144	150152	2.50e-95	298
BJJLIZOP_CDS_0112	OR062524.1	100.000	144	144	150431	2.50e-95	298
BJJLIZOP_CDS_0112	MN850618.1	100.000	144	144	150473	2.50e-95	298
BJJLIZOP_CDS_0112	MW175890.1	100.000	144	144	150892	2.50e-95	298
BJJLIZOP_CDS_0112	MN850565.1	100.000	144	144	150947	2.50e-95	298
BJJLIZOP_CDS_0112	OP172791.1	100.000	144	144	151113	2.50e-95	298
BJJLIZOP_CDS_0112	MK373788.1	100.000	144	144	151194	2.50e-95	298
BJJLIZOP_CDS_0112	MT496970.1	100.000	144	144	151202	2.50e-95	298
BJJLIZOP_CDS_0112	PQ433349.1	100.000	144	144	151245	2.50e-95	298
BJJLIZOP_CDS_0112	OP595145.1	100.000	144	144	151363	2.50e-95	298
BJJLIZOP_CDS_0112	OL505078.1	100.000	144	144	151425	2.50e-95	298
BJJLIZOP_CDS_0112	MN850571.1	100.000	144	144	151514	2.50e-95	298
BJJLIZOP_CDS_0112	MH051333.1	100.000	144	144	151671	2.50e-95	298
BJJLIZOP_CDS_0112	PV191315.1	100.000	144	144	151674	2.50e-95	298
BJJLIZOP_CDS_0112	OL739525.1	100.000	144	144	151825	2.50e-95	298
BJJLIZOP_CDS_0112	OR062529.1	100.000	144	144	151980	2.50e-95	298
BJJLIZOP_CDS_0112	OR062526.1	100.000	144	144	151980	2.50e-95	298
BJJLIZOP_CDS_0112	OP172792.1	100.000	144	144	151993	2.50e-95	298
BJJLIZOP_CDS_0112	LR746137.1	100.000	144	144	152148	2.50e-95	298
BJJLIZOP_CDS_0112	OM362897.1	100.000	144	144	152401	2.50e-95	298
BJJLIZOP_CDS_0112	OR352955.1	100.000	144	144	152808	2.50e-95	298
BJJLIZOP_CDS_0112	OM386667.1	100.000	144	144	156300	2.50e-95	298
BJJLIZOP_CDS_0112	PQ826431.1	100.000	144	144	151106	2.71e-95	298
BJJLIZOP_CDS_0112	MH252123.1	99.306	144	144	150925	1.32e-94	296
BJJLIZOP_CDS_0112	MN850648.1	99.306	144	144	149335	1.65e-94	296
BJJLIZOP_CDS_0112	OQ031492.1	98.611	144	144	149246	1.17e-93	293
BJJLIZOP_CDS_0112	MZ726793.1	98.611	144	144	151660	1.17e-93	293
BJJLIZOP_CDS_0112	MT944117.1	98.611	144	144	152343	1.17e-93	293
BJJLIZOP_CDS_0112	OR067838.1	95.536	112	144	149856	9.00e-78	217
BJJLIZOP_CDS_0112	OR067838.1	97.561	41	144	149856	9.00e-78	88.2
BJJLIZOP_CDS_0113	OR544956.1	100.000	169	169	130723	1.75e-113	351
BJJLIZOP_CDS_0113	OZ035743.1	100.000	169	169	142881	1.75e-113	351
BJJLIZOP_CDS_0113	OZ035771.1	100.000	169	169	144811	1.75e-113	351
BJJLIZOP_CDS_0113	MN850598.1	100.000	169	169	144998	1.75e-113	351
BJJLIZOP_CDS_0113	PV730300.1	100.000	169	169	146712	1.75e-113	351
BJJLIZOP_CDS_0113	OM386656.1	100.000	169	169	149073	1.75e-113	351
BJJLIZOP_CDS_0113	OM386659.1	100.000	169	169	149194	1.75e-113	351
BJJLIZOP_CDS_0113	OR352956.1	100.000	169	169	149254	1.75e-113	351
BJJLIZOP_CDS_0113	KX664695.3	100.000	169	169	149268	1.75e-113	351
BJJLIZOP_CDS_0113	MN850648.1	100.000	169	169	149335	1.75e-113	351
BJJLIZOP_CDS_0113	OZ035728.1	100.000	169	169	149471	1.75e-113	351
BJJLIZOP_CDS_0113	MH160766.1	100.000	169	169	149803	1.75e-113	351
BJJLIZOP_CDS_0113	KX552041.2	100.000	169	169	149813	1.75e-113	351
BJJLIZOP_CDS_0113	OL631481.1	100.000	169	169	149818	1.75e-113	351
BJJLIZOP_CDS_0113	OR067838.1	100.000	169	169	149856	1.75e-113	351
BJJLIZOP_CDS_0113	OR786310.1	100.000	169	169	149880	1.75e-113	351
BJJLIZOP_CDS_0113	PP129558.1	100.000	169	169	149967	1.75e-113	351
BJJLIZOP_CDS_0113	LR597654.1	100.000	169	169	150152	1.75e-113	351
BJJLIZOP_CDS_0113	OR062524.1	100.000	169	169	150431	1.75e-113	351
BJJLIZOP_CDS_0113	MN850618.1	100.000	169	169	150473	1.75e-113	351
BJJLIZOP_CDS_0113	MH252123.1	100.000	169	169	150925	1.75e-113	351
BJJLIZOP_CDS_0113	MN850565.1	100.000	169	169	150947	1.75e-113	351
BJJLIZOP_CDS_0113	PQ826431.1	100.000	169	169	151106	1.75e-113	351
BJJLIZOP_CDS_0113	OP172791.1	100.000	169	169	151113	1.75e-113	351
BJJLIZOP_CDS_0113	MK373788.1	100.000	169	169	151194	1.75e-113	351
BJJLIZOP_CDS_0113	MT496970.1	100.000	169	169	151202	1.75e-113	351
BJJLIZOP_CDS_0113	OP595145.1	100.000	169	169	151363	1.75e-113	351
BJJLIZOP_CDS_0113	OL505078.1	100.000	169	169	151425	1.75e-113	351
BJJLIZOP_CDS_0113	MN850571.1	100.000	169	169	151514	1.75e-113	351
BJJLIZOP_CDS_0113	MH051333.1	100.000	169	169	151671	1.75e-113	351
BJJLIZOP_CDS_0113	PV191315.1	100.000	169	169	151674	1.75e-113	351
BJJLIZOP_CDS_0113	OL739525.1	100.000	169	169	151825	1.75e-113	351
BJJLIZOP_CDS_0113	OR062529.1	100.000	169	169	151980	1.75e-113	351
BJJLIZOP_CDS_0113	OR062526.1	100.000	169	169	151980	1.75e-113	351
BJJLIZOP_CDS_0113	LR746137.1	100.000	169	169	152148	1.75e-113	351
BJJLIZOP_CDS_0113	OM362897.1	100.000	169	169	152401	1.75e-113	351
BJJLIZOP_CDS_0113	OR352955.1	100.000	169	169	152808	1.75e-113	351
BJJLIZOP_CDS_0113	OM386667.1	100.000	169	169	156300	1.75e-113	351
BJJLIZOP_CDS_0113	OP172792.1	99.408	169	169	151993	2.48e-113	351
BJJLIZOP_CDS_0113	PQ433349.1	99.408	169	169	151245	3.22e-113	350
BJJLIZOP_CDS_0113	JX561091.1	99.408	169	169	147737	5.03e-113	350
BJJLIZOP_CDS_0113	OQ031492.1	99.408	169	169	149246	5.03e-113	350
BJJLIZOP_CDS_0113	MZ726793.1	99.408	169	169	151660	5.03e-113	350
BJJLIZOP_CDS_0113	MT944117.1	99.408	169	169	152343	5.03e-113	350
BJJLIZOP_CDS_0113	OR437326.1	99.408	169	169	148445	7.55e-113	350
BJJLIZOP_CDS_0113	MW175890.1	99.408	169	169	150892	1.53e-112	348
BJJLIZOP_CDS_0114	OR544956.1	100.000	78	78	130723	3.03e-47	157
BJJLIZOP_CDS_0114	OZ035743.1	100.000	78	78	142881	3.03e-47	157
BJJLIZOP_CDS_0114	JX561091.1	100.000	78	78	147737	3.03e-47	157
BJJLIZOP_CDS_0114	OR437326.1	100.000	78	78	148445	3.03e-47	157
BJJLIZOP_CDS_0114	OM386656.1	100.000	78	78	149073	3.03e-47	157
BJJLIZOP_CDS_0114	OM386659.1	100.000	78	78	149194	3.03e-47	157
BJJLIZOP_CDS_0114	OQ031492.1	100.000	78	78	149246	3.03e-47	157
BJJLIZOP_CDS_0114	KX664695.3	100.000	78	78	149268	3.03e-47	157
BJJLIZOP_CDS_0114	MN850648.1	100.000	78	78	149335	3.03e-47	157
BJJLIZOP_CDS_0114	OZ035728.1	100.000	78	78	149471	3.03e-47	157
BJJLIZOP_CDS_0114	MH160766.1	100.000	78	78	149803	3.03e-47	157
BJJLIZOP_CDS_0114	KX552041.2	100.000	78	78	149813	3.03e-47	157
BJJLIZOP_CDS_0114	OL631481.1	100.000	78	78	149818	3.03e-47	157
BJJLIZOP_CDS_0114	OR786310.1	100.000	78	78	149880	3.03e-47	157
BJJLIZOP_CDS_0114	PP129558.1	100.000	78	78	149967	3.03e-47	157
BJJLIZOP_CDS_0114	LR597654.1	100.000	78	78	150152	3.03e-47	157
BJJLIZOP_CDS_0114	OR062524.1	100.000	78	78	150431	3.03e-47	157
BJJLIZOP_CDS_0114	MN850618.1	100.000	78	78	150473	3.03e-47	157
BJJLIZOP_CDS_0114	PQ826431.1	100.000	78	78	151106	3.03e-47	157
BJJLIZOP_CDS_0114	OP172791.1	100.000	78	78	151113	3.03e-47	157
BJJLIZOP_CDS_0114	MK373788.1	100.000	78	78	151194	3.03e-47	157
BJJLIZOP_CDS_0114	MT496970.1	100.000	78	78	151202	3.03e-47	157
BJJLIZOP_CDS_0114	OP595145.1	100.000	78	78	151363	3.03e-47	157
BJJLIZOP_CDS_0114	OL505078.1	100.000	78	78	151425	3.03e-47	157
BJJLIZOP_CDS_0114	MZ726793.1	100.000	78	78	151660	3.03e-47	157
BJJLIZOP_CDS_0114	MH051333.1	100.000	78	78	151671	3.03e-47	157
BJJLIZOP_CDS_0114	PV191315.1	100.000	78	78	151674	3.03e-47	157
BJJLIZOP_CDS_0114	OL739525.1	100.000	78	78	151825	3.03e-47	157
BJJLIZOP_CDS_0114	OR062529.1	100.000	78	78	151980	3.03e-47	157
BJJLIZOP_CDS_0114	OR062526.1	100.000	78	78	151980	3.03e-47	157
BJJLIZOP_CDS_0114	OP172792.1	100.000	78	78	151993	3.03e-47	157
BJJLIZOP_CDS_0114	LR746137.1	100.000	78	78	152148	3.03e-47	157
BJJLIZOP_CDS_0114	MT944117.1	100.000	78	78	152343	3.03e-47	157
BJJLIZOP_CDS_0114	OM362897.1	100.000	78	78	152401	3.03e-47	157
BJJLIZOP_CDS_0114	OR352955.1	100.000	78	78	152808	3.03e-47	157
BJJLIZOP_CDS_0114	OM386667.1	100.000	78	78	156300	3.03e-47	157
BJJLIZOP_CDS_0114	MN850598.1	98.718	78	78	144998	3.77e-46	154
BJJLIZOP_CDS_0114	PV730300.1	98.718	78	78	146712	3.77e-46	154
BJJLIZOP_CDS_0114	OR352956.1	98.718	78	78	149254	3.77e-46	154
BJJLIZOP_CDS_0114	PQ433349.1	98.718	78	78	151245	3.77e-46	154
BJJLIZOP_CDS_0114	OZ035771.1	97.436	78	78	144811	6.38e-46	153
BJJLIZOP_CDS_0114	OR067838.1	97.436	78	78	149856	1.21e-45	152
BJJLIZOP_CDS_0114	MW175890.1	97.436	78	78	150892	1.21e-45	152
BJJLIZOP_CDS_0114	MH252123.1	97.436	78	78	150925	1.21e-45	152
BJJLIZOP_CDS_0114	MN850565.1	97.436	78	78	150947	1.21e-45	152
BJJLIZOP_CDS_0114	MN850571.1	97.436	78	78	151514	1.21e-45	152
BJJLIZOP_CDS_0115	OR544956.1	100.000	67	67	130723	4.03e-41	139
BJJLIZOP_CDS_0115	OZ035743.1	100.000	67	67	142881	4.03e-41	139
BJJLIZOP_CDS_0115	OM386656.1	100.000	67	67	149073	4.03e-41	139
BJJLIZOP_CDS_0115	OM386659.1	100.000	67	67	149194	4.03e-41	139
BJJLIZOP_CDS_0115	KX664695.3	100.000	67	67	149268	4.03e-41	139
BJJLIZOP_CDS_0115	MN850648.1	100.000	67	67	149335	4.03e-41	139
BJJLIZOP_CDS_0115	OZ035728.1	100.000	67	67	149471	4.03e-41	139
BJJLIZOP_CDS_0115	MH160766.1	100.000	67	67	149803	4.03e-41	139
BJJLIZOP_CDS_0115	KX552041.2	100.000	67	67	149813	4.03e-41	139
BJJLIZOP_CDS_0115	OR786310.1	100.000	67	67	149880	4.03e-41	139
BJJLIZOP_CDS_0115	LR597654.1	100.000	67	67	150152	4.03e-41	139
BJJLIZOP_CDS_0115	OR062524.1	100.000	67	67	150431	4.03e-41	139
BJJLIZOP_CDS_0115	MN850618.1	100.000	67	67	150473	4.03e-41	139
BJJLIZOP_CDS_0115	PQ826431.1	100.000	67	67	151106	4.03e-41	139
BJJLIZOP_CDS_0115	OP172791.1	100.000	67	67	151113	4.03e-41	139
BJJLIZOP_CDS_0115	MK373788.1	100.000	67	67	151194	4.03e-41	139
BJJLIZOP_CDS_0115	MT496970.1	100.000	67	67	151202	4.03e-41	139
BJJLIZOP_CDS_0115	OL505078.1	100.000	67	67	151425	4.03e-41	139
BJJLIZOP_CDS_0115	MH051333.1	100.000	67	67	151671	4.03e-41	139
BJJLIZOP_CDS_0115	OL739525.1	100.000	67	67	151825	4.03e-41	139
BJJLIZOP_CDS_0115	OR062529.1	100.000	67	67	151980	4.03e-41	139
BJJLIZOP_CDS_0115	OR062526.1	100.000	67	67	151980	4.03e-41	139
BJJLIZOP_CDS_0115	OP172792.1	100.000	67	67	151993	4.03e-41	139
BJJLIZOP_CDS_0115	OR352955.1	100.000	67	67	152808	4.03e-41	139
BJJLIZOP_CDS_0115	OM386667.1	100.000	67	67	156300	4.03e-41	139
BJJLIZOP_CDS_0115	OP595145.1	98.507	67	67	151363	1.48e-40	137
BJJLIZOP_CDS_0115	MN850565.1	98.507	67	67	150947	1.63e-40	137
BJJLIZOP_CDS_0115	MN850571.1	98.507	67	67	151514	1.63e-40	137
BJJLIZOP_CDS_0115	JX561091.1	98.507	67	67	147737	1.68e-40	137
BJJLIZOP_CDS_0115	OQ031492.1	98.507	67	67	149246	1.68e-40	137
BJJLIZOP_CDS_0115	PP129558.1	98.507	67	67	149967	1.68e-40	137
BJJLIZOP_CDS_0115	MW175890.1	98.507	67	67	150892	1.68e-40	137
BJJLIZOP_CDS_0115	MZ726793.1	98.507	67	67	151660	1.68e-40	137
BJJLIZOP_CDS_0115	PV191315.1	98.507	67	67	151674	1.68e-40	137
BJJLIZOP_CDS_0115	LR746137.1	98.507	67	67	152148	1.68e-40	137
BJJLIZOP_CDS_0115	MT944117.1	98.507	67	67	152343	1.68e-40	137
BJJLIZOP_CDS_0115	OM362897.1	98.507	67	67	152401	1.68e-40	137
BJJLIZOP_CDS_0115	MN850598.1	98.507	67	67	144998	3.52e-40	136
BJJLIZOP_CDS_0115	OR352956.1	98.507	67	67	149254	3.52e-40	136
BJJLIZOP_CDS_0115	OL631481.1	98.507	67	67	149818	3.52e-40	136
BJJLIZOP_CDS_0115	OR067838.1	98.507	67	67	149856	3.52e-40	136
BJJLIZOP_CDS_0115	MH252123.1	98.507	67	67	150925	3.52e-40	136
BJJLIZOP_CDS_0115	PQ433349.1	98.507	67	67	151245	3.52e-40	136
BJJLIZOP_CDS_0115	PV730300.1	97.015	67	67	146712	5.72e-40	136
BJJLIZOP_CDS_0115	OR437326.1	96.429	56	67	148445	9.33e-32	112
BJJLIZOP_CDS_0115	OZ035771.1	96.364	55	67	144811	6.82e-31	109
BJJLIZOP_CDS_0115	OZ035771.1	84.211	19	67	144811	6.82e-31	37.4
BJJLIZOP_CDS_0116	OZ035743.1	98.438	64	64	142881	3.36e-37	128
BJJLIZOP_CDS_0116	OZ035771.1	98.438	64	64	144811	3.36e-37	128
BJJLIZOP_CDS_0116	MN850598.1	98.438	64	64	144998	3.36e-37	128
BJJLIZOP_CDS_0116	PV730300.1	98.438	64	64	146712	3.36e-37	128
BJJLIZOP_CDS_0116	JX561091.1	98.438	64	64	147737	3.36e-37	128
BJJLIZOP_CDS_0116	OR437326.1	98.438	64	64	148445	3.36e-37	128
BJJLIZOP_CDS_0116	OM386656.1	98.438	64	64	149073	3.36e-37	128
BJJLIZOP_CDS_0116	OM386659.1	98.438	64	64	149194	3.36e-37	128
BJJLIZOP_CDS_0116	OQ031492.1	98.438	64	64	149246	3.36e-37	128
BJJLIZOP_CDS_0116	OR352956.1	98.438	64	64	149254	3.36e-37	128
BJJLIZOP_CDS_0116	KX664695.3	98.438	64	64	149268	3.36e-37	128
BJJLIZOP_CDS_0116	MN850648.1	98.438	64	64	149335	3.36e-37	128
BJJLIZOP_CDS_0116	OZ035728.1	98.438	64	64	149471	3.36e-37	128
BJJLIZOP_CDS_0116	MH160766.1	98.438	64	64	149803	3.36e-37	128
BJJLIZOP_CDS_0116	KX552041.2	98.438	64	64	149813	3.36e-37	128
BJJLIZOP_CDS_0116	OL631481.1	98.438	64	64	149818	3.36e-37	128
BJJLIZOP_CDS_0116	OR067838.1	98.438	64	64	149856	3.36e-37	128
BJJLIZOP_CDS_0116	OR786310.1	98.438	64	64	149880	3.36e-37	128
BJJLIZOP_CDS_0116	PP129558.1	98.438	64	64	149967	3.36e-37	128
BJJLIZOP_CDS_0116	LR597654.1	98.438	64	64	150152	3.36e-37	128
BJJLIZOP_CDS_0116	OR062524.1	98.438	64	64	150431	3.36e-37	128
BJJLIZOP_CDS_0116	MW175890.1	98.438	64	64	150892	3.36e-37	128
BJJLIZOP_CDS_0116	MH252123.1	98.438	64	64	150925	3.36e-37	128
BJJLIZOP_CDS_0116	MN850565.1	98.438	64	64	150947	3.36e-37	128
BJJLIZOP_CDS_0116	PQ826431.1	98.438	64	64	151106	3.36e-37	128
BJJLIZOP_CDS_0116	OP172791.1	98.438	64	64	151113	3.36e-37	128
BJJLIZOP_CDS_0116	MK373788.1	98.438	64	64	151194	3.36e-37	128
BJJLIZOP_CDS_0116	MT496970.1	98.438	64	64	151202	3.36e-37	128
BJJLIZOP_CDS_0116	PQ433349.1	98.438	64	64	151245	3.36e-37	128
BJJLIZOP_CDS_0116	OP595145.1	98.438	64	64	151363	3.36e-37	128
BJJLIZOP_CDS_0116	OL505078.1	98.438	64	64	151425	3.36e-37	128
BJJLIZOP_CDS_0116	MN850571.1	98.438	64	64	151514	3.36e-37	128
BJJLIZOP_CDS_0116	MZ726793.1	98.438	64	64	151660	3.36e-37	128
BJJLIZOP_CDS_0116	MH051333.1	98.438	64	64	151671	3.36e-37	128
BJJLIZOP_CDS_0116	PV191315.1	98.438	64	64	151674	3.36e-37	128
BJJLIZOP_CDS_0116	OL739525.1	98.438	64	64	151825	3.36e-37	128
BJJLIZOP_CDS_0116	OR062529.1	98.438	64	64	151980	3.36e-37	128
BJJLIZOP_CDS_0116	OR062526.1	98.438	64	64	151980	3.36e-37	128
BJJLIZOP_CDS_0116	OP172792.1	98.438	64	64	151993	3.36e-37	128
BJJLIZOP_CDS_0116	LR746137.1	98.438	64	64	152148	3.36e-37	128
BJJLIZOP_CDS_0116	MT944117.1	98.438	64	64	152343	3.36e-37	128
BJJLIZOP_CDS_0116	OM362897.1	98.438	64	64	152401	3.36e-37	128
BJJLIZOP_CDS_0116	OR352955.1	98.438	64	64	152808	3.36e-37	128
BJJLIZOP_CDS_0116	OM386667.1	98.438	64	64	156300	3.36e-37	128
BJJLIZOP_CDS_0116	MN850618.1	96.875	64	64	150473	1.21e-36	126
BJJLIZOP_CDS_0116	OR544956.1	74.242	66	64	130723	3.47e-26	96.7
BJJLIZOP_CDS_0117	JX561091.1	100.000	190	190	147737	1.10e-125	387
BJJLIZOP_CDS_0117	OR437326.1	100.000	190	190	148445	1.10e-125	387
BJJLIZOP_CDS_0117	OM386659.1	100.000	190	190	149194	1.10e-125	387
BJJLIZOP_CDS_0117	OQ031492.1	100.000	190	190	149246	1.10e-125	387
BJJLIZOP_CDS_0117	MN850648.1	100.000	190	190	149335	1.10e-125	387
BJJLIZOP_CDS_0117	OZ035728.1	100.000	190	190	149471	1.10e-125	387
BJJLIZOP_CDS_0117	OL631481.1	100.000	190	190	149818	1.10e-125	387
BJJLIZOP_CDS_0117	OR786310.1	100.000	190	190	149880	1.10e-125	387
BJJLIZOP_CDS_0117	PP129558.1	100.000	190	190	149967	1.10e-125	387
BJJLIZOP_CDS_0117	MW175890.1	100.000	190	190	150892	1.10e-125	387
BJJLIZOP_CDS_0117	PQ826431.1	100.000	190	190	151106	1.10e-125	387
BJJLIZOP_CDS_0117	OP172791.1	100.000	190	190	151113	1.10e-125	387
BJJLIZOP_CDS_0117	MT496970.1	100.000	190	190	151202	1.10e-125	387
BJJLIZOP_CDS_0117	OL505078.1	100.000	190	190	151425	1.10e-125	387
BJJLIZOP_CDS_0117	MZ726793.1	100.000	190	190	151660	1.10e-125	387
BJJLIZOP_CDS_0117	PV191315.1	100.000	190	190	151674	1.10e-125	387
BJJLIZOP_CDS_0117	OL739525.1	100.000	190	190	151825	1.10e-125	387
BJJLIZOP_CDS_0117	OP172792.1	100.000	190	190	151993	1.10e-125	387
BJJLIZOP_CDS_0117	LR746137.1	100.000	190	190	152148	1.10e-125	387
BJJLIZOP_CDS_0117	OM362897.1	100.000	190	190	152401	1.10e-125	387
BJJLIZOP_CDS_0117	OR352955.1	100.000	190	190	152808	1.10e-125	387
BJJLIZOP_CDS_0117	OZ035743.1	99.474	190	190	142881	2.39e-125	386
BJJLIZOP_CDS_0117	OM386656.1	99.474	190	190	149073	4.15e-125	386
BJJLIZOP_CDS_0117	KX664695.3	99.474	190	190	149268	4.15e-125	386
BJJLIZOP_CDS_0117	MH160766.1	99.474	190	190	149803	4.15e-125	386
BJJLIZOP_CDS_0117	KX552041.2	99.474	190	190	149813	4.15e-125	386
BJJLIZOP_CDS_0117	LR597654.1	99.474	190	190	150152	4.15e-125	386
BJJLIZOP_CDS_0117	OR062524.1	99.474	190	190	150431	4.15e-125	386
BJJLIZOP_CDS_0117	MK373788.1	99.474	190	190	151194	4.15e-125	386
BJJLIZOP_CDS_0117	MH051333.1	99.474	190	190	151671	4.15e-125	386
BJJLIZOP_CDS_0117	OR062529.1	99.474	190	190	151980	4.15e-125	386
BJJLIZOP_CDS_0117	OR062526.1	99.474	190	190	151980	4.15e-125	386
BJJLIZOP_CDS_0117	OM386667.1	99.474	190	190	156300	4.15e-125	386
BJJLIZOP_CDS_0117	MH252123.1	99.474	190	190	150925	5.71e-125	385
BJJLIZOP_CDS_0117	MT944117.1	99.474	190	190	152343	1.29e-124	384
BJJLIZOP_CDS_0117	PV730300.1	98.947	190	190	146712	1.90e-124	384
BJJLIZOP_CDS_0117	PQ433349.1	98.947	190	190	151245	3.20e-124	383
BJJLIZOP_CDS_0117	OR352956.1	98.421	190	190	149254	8.92e-124	382
BJJLIZOP_CDS_0117	OP595145.1	98.421	190	190	151363	1.05e-123	382
BJJLIZOP_CDS_0117	OR067838.1	98.421	190	190	149856	1.06e-123	382
BJJLIZOP_CDS_0117	OZ035771.1	97.895	190	190	144811	3.85e-123	380
BJJLIZOP_CDS_0117	MN850565.1	97.895	190	190	150947	3.85e-123	380
BJJLIZOP_CDS_0117	MN850571.1	97.895	190	190	151514	3.85e-123	380
BJJLIZOP_CDS_0117	MN850618.1	97.015	134	190	150473	2.34e-104	265
BJJLIZOP_CDS_0117	MN850618.1	100.000	62	190	150473	2.34e-104	129
BJJLIZOP_CDS_0117	OR544956.1	97.015	134	190	130723	2.34e-104	265
BJJLIZOP_CDS_0117	OR544956.1	100.000	62	190	130723	2.34e-104	129
BJJLIZOP_CDS_0117	MN850598.1	98.507	134	190	144998	1.54e-102	269
BJJLIZOP_CDS_0117	MN850598.1	98.246	57	190	144998	1.54e-102	119
BJJLIZOP_CDS_0118	OR544956.1	100.000	109	109	130723	3.70e-68	219
BJJLIZOP_CDS_0118	OZ035743.1	100.000	109	109	142881	3.70e-68	219
BJJLIZOP_CDS_0118	PV730300.1	100.000	109	109	146712	3.70e-68	219
BJJLIZOP_CDS_0118	JX561091.1	100.000	109	109	147737	3.70e-68	219
BJJLIZOP_CDS_0118	OR437326.1	100.000	109	109	148445	3.70e-68	219
BJJLIZOP_CDS_0118	OM386659.1	100.000	109	109	149194	3.70e-68	219
BJJLIZOP_CDS_0118	MN850648.1	100.000	109	109	149335	3.70e-68	219
BJJLIZOP_CDS_0118	MH160766.1	100.000	109	109	149803	3.70e-68	219
BJJLIZOP_CDS_0118	OL631481.1	100.000	109	109	149818	3.70e-68	219
BJJLIZOP_CDS_0118	PP129558.1	100.000	109	109	149967	3.70e-68	219
BJJLIZOP_CDS_0118	MN850618.1	100.000	109	109	150473	3.70e-68	219
BJJLIZOP_CDS_0118	MW175890.1	100.000	109	109	150892	3.70e-68	219
BJJLIZOP_CDS_0118	PQ826431.1	100.000	109	109	151106	3.70e-68	219
BJJLIZOP_CDS_0118	OP172791.1	100.000	109	109	151113	3.70e-68	219
BJJLIZOP_CDS_0118	MT496970.1	100.000	109	109	151202	3.70e-68	219
BJJLIZOP_CDS_0118	PQ433349.1	100.000	109	109	151245	3.70e-68	219
BJJLIZOP_CDS_0118	OP595145.1	100.000	109	109	151363	3.70e-68	219
BJJLIZOP_CDS_0118	PV191315.1	100.000	109	109	151674	3.70e-68	219
BJJLIZOP_CDS_0118	OL739525.1	100.000	109	109	151825	3.70e-68	219
BJJLIZOP_CDS_0118	OP172792.1	100.000	109	109	151993	3.70e-68	219
BJJLIZOP_CDS_0118	LR746137.1	100.000	109	109	152148	3.70e-68	219
BJJLIZOP_CDS_0118	OM362897.1	100.000	109	109	152401	3.70e-68	219
BJJLIZOP_CDS_0118	OR352955.1	100.000	109	109	152808	3.70e-68	219
BJJLIZOP_CDS_0118	OM386656.1	99.083	109	109	149073	1.51e-67	217
BJJLIZOP_CDS_0118	OQ031492.1	99.083	109	109	149246	1.51e-67	217
BJJLIZOP_CDS_0118	KX664695.3	99.083	109	109	149268	1.51e-67	217
BJJLIZOP_CDS_0118	KX552041.2	99.083	109	109	149813	1.51e-67	217
BJJLIZOP_CDS_0118	OR786310.1	99.083	109	109	149880	1.51e-67	217
BJJLIZOP_CDS_0118	LR597654.1	99.083	109	109	150152	1.51e-67	217
BJJLIZOP_CDS_0118	OR062524.1	99.083	109	109	150431	1.51e-67	217
BJJLIZOP_CDS_0118	MH252123.1	99.083	109	109	150925	1.51e-67	217
BJJLIZOP_CDS_0118	MK373788.1	99.083	109	109	151194	1.51e-67	217
BJJLIZOP_CDS_0118	OL505078.1	99.083	109	109	151425	1.51e-67	217
BJJLIZOP_CDS_0118	MZ726793.1	99.083	109	109	151660	1.51e-67	217
BJJLIZOP_CDS_0118	MH051333.1	99.083	109	109	151671	1.51e-67	217
BJJLIZOP_CDS_0118	OR062529.1	99.083	109	109	151980	1.51e-67	217
BJJLIZOP_CDS_0118	OR062526.1	99.083	109	109	151980	1.51e-67	217
BJJLIZOP_CDS_0118	MT944117.1	99.083	109	109	152343	1.51e-67	217
BJJLIZOP_CDS_0118	OM386667.1	99.083	109	109	156300	1.51e-67	217
BJJLIZOP_CDS_0118	MN850598.1	98.165	109	109	144998	7.98e-67	215
BJJLIZOP_CDS_0118	OR352956.1	98.165	109	109	149254	7.98e-67	215
BJJLIZOP_CDS_0118	OZ035728.1	98.165	109	109	149471	7.98e-67	215
BJJLIZOP_CDS_0118	MN850565.1	98.165	109	109	150947	7.98e-67	215
BJJLIZOP_CDS_0118	MN850571.1	98.165	109	109	151514	7.98e-67	215
BJJLIZOP_CDS_0118	OZ035771.1	97.248	109	109	144811	2.34e-66	213
BJJLIZOP_CDS_0118	OR067838.1	97.248	109	109	149856	2.34e-66	213
BJJLIZOP_CDS_0119	OZ035743.1	99.595	247	247	142881	3.88e-169	515
BJJLIZOP_CDS_0119	JX561091.1	99.595	247	247	147737	3.88e-169	515
BJJLIZOP_CDS_0119	OR437326.1	99.595	247	247	148445	3.88e-169	515
BJJLIZOP_CDS_0119	OM386656.1	99.595	247	247	149073	3.88e-169	515
BJJLIZOP_CDS_0119	KX664695.3	99.595	247	247	149268	3.88e-169	515
BJJLIZOP_CDS_0119	MH160766.1	99.595	247	247	149803	3.88e-169	515
BJJLIZOP_CDS_0119	KX552041.2	99.595	247	247	149813	3.88e-169	515
BJJLIZOP_CDS_0119	OL631481.1	99.595	247	247	149818	3.88e-169	515
BJJLIZOP_CDS_0119	PP129558.1	99.595	247	247	149967	3.88e-169	515
BJJLIZOP_CDS_0119	LR597654.1	99.595	247	247	150152	3.88e-169	515
BJJLIZOP_CDS_0119	OR062524.1	99.595	247	247	150431	3.88e-169	515
BJJLIZOP_CDS_0119	MW175890.1	99.595	247	247	150892	3.88e-169	515
BJJLIZOP_CDS_0119	MH252123.1	99.595	247	247	150925	3.88e-169	515
BJJLIZOP_CDS_0119	PQ826431.1	99.595	247	247	151106	3.88e-169	515
BJJLIZOP_CDS_0119	OP172791.1	99.595	247	247	151113	3.88e-169	515
BJJLIZOP_CDS_0119	MK373788.1	99.595	247	247	151194	3.88e-169	515
BJJLIZOP_CDS_0119	MT496970.1	99.595	247	247	151202	3.88e-169	515
BJJLIZOP_CDS_0119	PQ433349.1	99.595	247	247	151245	3.88e-169	515
BJJLIZOP_CDS_0119	OP595145.1	99.595	247	247	151363	3.88e-169	515
BJJLIZOP_CDS_0119	OL505078.1	99.595	247	247	151425	3.88e-169	515
BJJLIZOP_CDS_0119	MH051333.1	99.595	247	247	151671	3.88e-169	515
BJJLIZOP_CDS_0119	PV191315.1	99.595	247	247	151674	3.88e-169	515
BJJLIZOP_CDS_0119	OR062529.1	99.595	247	247	151980	3.88e-169	515
BJJLIZOP_CDS_0119	OR062526.1	99.595	247	247	151980	3.88e-169	515
BJJLIZOP_CDS_0119	OP172792.1	99.595	247	247	151993	3.88e-169	515
BJJLIZOP_CDS_0119	LR746137.1	99.595	247	247	152148	3.88e-169	515
BJJLIZOP_CDS_0119	OM362897.1	99.595	247	247	152401	3.88e-169	515
BJJLIZOP_CDS_0119	OR352955.1	99.595	247	247	152808	3.88e-169	515
BJJLIZOP_CDS_0119	OM386667.1	99.595	247	247	156300	3.88e-169	515
BJJLIZOP_CDS_0119	OR786310.1	99.190	247	247	149880	7.35e-169	514
BJJLIZOP_CDS_0119	OQ031492.1	99.190	247	247	149246	1.01e-168	514
BJJLIZOP_CDS_0119	MZ726793.1	99.190	247	247	151660	1.01e-168	514
BJJLIZOP_CDS_0119	MT944117.1	99.190	247	247	152343	1.01e-168	514
BJJLIZOP_CDS_0119	OR544956.1	99.190	247	247	130723	1.81e-168	513
BJJLIZOP_CDS_0119	MN850618.1	99.190	247	247	150473	1.81e-168	513
BJJLIZOP_CDS_0119	MN850648.1	99.190	247	247	149335	2.05e-168	513
BJJLIZOP_CDS_0119	OM386659.1	98.785	247	247	149194	3.84e-168	512
BJJLIZOP_CDS_0119	OL739525.1	98.785	247	247	151825	4.03e-168	512
BJJLIZOP_CDS_0119	OR352956.1	97.976	247	247	149254	1.80e-166	507
BJJLIZOP_CDS_0119	OZ035728.1	97.976	247	247	149471	1.80e-166	507
BJJLIZOP_CDS_0119	OR067838.1	97.976	247	247	149856	1.80e-166	507
BJJLIZOP_CDS_0119	MN850565.1	97.976	247	247	150947	1.80e-166	507
BJJLIZOP_CDS_0119	MN850571.1	97.976	247	247	151514	1.80e-166	507
BJJLIZOP_CDS_0119	PV730300.1	97.976	247	247	146712	2.82e-166	507
BJJLIZOP_CDS_0119	MN850598.1	97.571	247	247	144998	2.98e-166	506
BJJLIZOP_CDS_0119	OZ035771.1	97.571	247	247	144811	7.55e-166	505
BJJLIZOP_CDS_0120	OZ035771.1	100.000	102	102	144811	1.32e-64	208
BJJLIZOP_CDS_0120	OR352956.1	99.020	102	102	149254	3.53e-64	207
BJJLIZOP_CDS_0120	MN850598.1	99.020	102	102	144998	3.77e-64	207
BJJLIZOP_CDS_0120	OR067838.1	99.020	102	102	149856	3.77e-64	207
BJJLIZOP_CDS_0120	OR544956.1	98.039	102	102	130723	1.82e-63	205
BJJLIZOP_CDS_0120	OZ035743.1	98.039	102	102	142881	1.82e-63	205
BJJLIZOP_CDS_0120	JX561091.1	98.039	102	102	147737	1.82e-63	205
BJJLIZOP_CDS_0120	OR437326.1	98.039	102	102	148445	1.82e-63	205
BJJLIZOP_CDS_0120	OM386659.1	98.039	102	102	149194	1.82e-63	205
BJJLIZOP_CDS_0120	KX664695.3	98.039	102	102	149268	1.82e-63	205
BJJLIZOP_CDS_0120	MN850648.1	98.039	102	102	149335	1.82e-63	205
BJJLIZOP_CDS_0120	MH160766.1	98.039	102	102	149803	1.82e-63	205
BJJLIZOP_CDS_0120	KX552041.2	98.039	102	102	149813	1.82e-63	205
BJJLIZOP_CDS_0120	OR786310.1	98.039	102	102	149880	1.82e-63	205
BJJLIZOP_CDS_0120	PP129558.1	98.039	102	102	149967	1.82e-63	205
BJJLIZOP_CDS_0120	LR597654.1	98.039	102	102	150152	1.82e-63	205
BJJLIZOP_CDS_0120	OR062524.1	98.039	102	102	150431	1.82e-63	205
BJJLIZOP_CDS_0120	MN850618.1	98.039	102	102	150473	1.82e-63	205
BJJLIZOP_CDS_0120	MW175890.1	98.039	102	102	150892	1.82e-63	205
BJJLIZOP_CDS_0120	MH252123.1	98.039	102	102	150925	1.82e-63	205
BJJLIZOP_CDS_0120	PQ826431.1	98.039	102	102	151106	1.82e-63	205
BJJLIZOP_CDS_0120	OP172791.1	98.039	102	102	151113	1.82e-63	205
BJJLIZOP_CDS_0120	MK373788.1	98.039	102	102	151194	1.82e-63	205
BJJLIZOP_CDS_0120	MT496970.1	98.039	102	102	151202	1.82e-63	205
BJJLIZOP_CDS_0120	PQ433349.1	98.039	102	102	151245	1.82e-63	205
BJJLIZOP_CDS_0120	OP595145.1	98.039	102	102	151363	1.82e-63	205
BJJLIZOP_CDS_0120	OL505078.1	98.039	102	102	151425	1.82e-63	205
BJJLIZOP_CDS_0120	MH051333.1	98.039	102	102	151671	1.82e-63	205
BJJLIZOP_CDS_0120	PV191315.1	98.039	102	102	151674	1.82e-63	205
BJJLIZOP_CDS_0120	OL739525.1	98.039	102	102	151825	1.82e-63	205
BJJLIZOP_CDS_0120	OR062529.1	98.039	102	102	151980	1.82e-63	205
BJJLIZOP_CDS_0120	OR062526.1	98.039	102	102	151980	1.82e-63	205
BJJLIZOP_CDS_0120	OP172792.1	98.039	102	102	151993	1.82e-63	205
BJJLIZOP_CDS_0120	LR746137.1	98.039	102	102	152148	1.82e-63	205
BJJLIZOP_CDS_0120	OM362897.1	98.039	102	102	152401	1.82e-63	205
BJJLIZOP_CDS_0120	OR352955.1	98.039	102	102	152808	1.82e-63	205
BJJLIZOP_CDS_0120	OM386667.1	98.039	102	102	156300	1.82e-63	205
BJJLIZOP_CDS_0120	OZ035728.1	98.039	102	102	149471	1.85e-63	205
BJJLIZOP_CDS_0120	OL631481.1	98.039	102	102	149818	1.85e-63	205
BJJLIZOP_CDS_0120	MN850565.1	98.039	102	102	150947	1.85e-63	205
BJJLIZOP_CDS_0120	MN850571.1	98.039	102	102	151514	1.85e-63	205
BJJLIZOP_CDS_0120	PV730300.1	97.059	102	102	146712	2.27e-63	204
BJJLIZOP_CDS_0120	OM386656.1	97.059	102	102	149073	5.12e-63	203
BJJLIZOP_CDS_0120	OQ031492.1	97.059	102	102	149246	8.56e-63	203
BJJLIZOP_CDS_0120	MZ726793.1	97.059	102	102	151660	8.56e-63	203
BJJLIZOP_CDS_0120	MT944117.1	97.059	102	102	152343	8.56e-63	203
BJJLIZOP_CDS_0121	OR544956.1	100.000	193	193	130723	1.26e-131	405
BJJLIZOP_CDS_0121	OZ035743.1	100.000	193	193	142881	1.26e-131	405
BJJLIZOP_CDS_0121	OZ035771.1	100.000	193	193	144811	1.26e-131	405
BJJLIZOP_CDS_0121	JX561091.1	100.000	193	193	147737	1.26e-131	405
BJJLIZOP_CDS_0121	OR437326.1	100.000	193	193	148445	1.26e-131	405
BJJLIZOP_CDS_0121	OM386656.1	100.000	193	193	149073	1.26e-131	405
BJJLIZOP_CDS_0121	OM386659.1	100.000	193	193	149194	1.26e-131	405
BJJLIZOP_CDS_0121	MN850648.1	100.000	193	193	149335	1.26e-131	405
BJJLIZOP_CDS_0121	OZ035728.1	100.000	193	193	149471	1.26e-131	405
BJJLIZOP_CDS_0121	MH160766.1	100.000	193	193	149803	1.26e-131	405
BJJLIZOP_CDS_0121	KX552041.2	100.000	193	193	149813	1.26e-131	405
BJJLIZOP_CDS_0121	OL631481.1	100.000	193	193	149818	1.26e-131	405
BJJLIZOP_CDS_0121	OR786310.1	100.000	193	193	149880	1.26e-131	405
BJJLIZOP_CDS_0121	PP129558.1	100.000	193	193	149967	1.26e-131	405
BJJLIZOP_CDS_0121	LR597654.1	100.000	193	193	150152	1.26e-131	405
BJJLIZOP_CDS_0121	OR062524.1	100.000	193	193	150431	1.26e-131	405
BJJLIZOP_CDS_0121	MN850618.1	100.000	193	193	150473	1.26e-131	405
BJJLIZOP_CDS_0121	MW175890.1	100.000	193	193	150892	1.26e-131	405
BJJLIZOP_CDS_0121	MH252123.1	100.000	193	193	150925	1.26e-131	405
BJJLIZOP_CDS_0121	MN850565.1	100.000	193	193	150947	1.26e-131	405
BJJLIZOP_CDS_0121	OP172791.1	100.000	193	193	151113	1.26e-131	405
BJJLIZOP_CDS_0121	MK373788.1	100.000	193	193	151194	1.26e-131	405
BJJLIZOP_CDS_0121	MT496970.1	100.000	193	193	151202	1.26e-131	405
BJJLIZOP_CDS_0121	OP595145.1	100.000	193	193	151363	1.26e-131	405
BJJLIZOP_CDS_0121	MN850571.1	100.000	193	193	151514	1.26e-131	405
BJJLIZOP_CDS_0121	MH051333.1	100.000	193	193	151671	1.26e-131	405
BJJLIZOP_CDS_0121	OL739525.1	100.000	193	193	151825	1.26e-131	405
BJJLIZOP_CDS_0121	OR062529.1	100.000	193	193	151980	1.26e-131	405
BJJLIZOP_CDS_0121	OR062526.1	100.000	193	193	151980	1.26e-131	405
BJJLIZOP_CDS_0121	OP172792.1	100.000	193	193	151993	1.26e-131	405
BJJLIZOP_CDS_0121	LR746137.1	100.000	193	193	152148	1.26e-131	405
BJJLIZOP_CDS_0121	MT944117.1	100.000	193	193	152343	1.26e-131	405
BJJLIZOP_CDS_0121	OM362897.1	100.000	193	193	152401	1.26e-131	405
BJJLIZOP_CDS_0121	OR352955.1	100.000	193	193	152808	1.26e-131	405
BJJLIZOP_CDS_0121	PQ826431.1	99.482	193	193	151106	3.72e-131	403
BJJLIZOP_CDS_0121	PQ433349.1	99.482	193	193	151245	3.72e-131	403
BJJLIZOP_CDS_0121	OQ031492.1	99.482	193	193	149246	4.02e-131	403
BJJLIZOP_CDS_0121	MZ726793.1	99.482	193	193	151660	4.02e-131	403
BJJLIZOP_CDS_0121	PV730300.1	99.482	193	193	146712	4.87e-131	403
BJJLIZOP_CDS_0121	KX664695.3	99.482	193	193	149268	6.03e-131	403
BJJLIZOP_CDS_0121	OM386667.1	99.482	193	193	156300	6.03e-131	403
BJJLIZOP_CDS_0121	OL505078.1	99.482	193	193	151425	7.46e-131	402
BJJLIZOP_CDS_0121	PV191315.1	99.482	193	193	151674	7.46e-131	402
BJJLIZOP_CDS_0121	MN850598.1	98.964	193	193	144998	1.45e-130	402
BJJLIZOP_CDS_0121	OR352956.1	98.964	193	193	149254	1.45e-130	402
BJJLIZOP_CDS_0121	OR067838.1	98.446	193	193	149856	3.38e-130	400
BJJLIZOP_CDS_0122	OZ035743.1	100.000	149	149	142881	6.58e-99	308
BJJLIZOP_CDS_0122	OZ035771.1	100.000	149	149	144811	6.58e-99	308
BJJLIZOP_CDS_0122	JX561091.1	100.000	149	149	147737	6.58e-99	308
BJJLIZOP_CDS_0122	OR437326.1	100.000	149	149	148445	6.58e-99	308
BJJLIZOP_CDS_0122	OM386656.1	100.000	149	149	149073	6.58e-99	308
BJJLIZOP_CDS_0122	OM386659.1	100.000	149	149	149194	6.58e-99	308
BJJLIZOP_CDS_0122	KX664695.3	100.000	149	149	149268	6.58e-99	308
BJJLIZOP_CDS_0122	MN850648.1	100.000	149	149	149335	6.58e-99	308
BJJLIZOP_CDS_0122	OZ035728.1	100.000	149	149	149471	6.58e-99	308
BJJLIZOP_CDS_0122	MH160766.1	100.000	149	149	149803	6.58e-99	308
BJJLIZOP_CDS_0122	KX552041.2	100.000	149	149	149813	6.58e-99	308
BJJLIZOP_CDS_0122	OR786310.1	100.000	149	149	149880	6.58e-99	308
BJJLIZOP_CDS_0122	LR597654.1	100.000	149	149	150152	6.58e-99	308
BJJLIZOP_CDS_0122	OR062524.1	100.000	149	149	150431	6.58e-99	308
BJJLIZOP_CDS_0122	MN850618.1	100.000	149	149	150473	6.58e-99	308
BJJLIZOP_CDS_0122	MN850565.1	100.000	149	149	150947	6.58e-99	308
BJJLIZOP_CDS_0122	PQ826431.1	100.000	149	149	151106	6.58e-99	308
BJJLIZOP_CDS_0122	OP172791.1	100.000	149	149	151113	6.58e-99	308
BJJLIZOP_CDS_0122	MT496970.1	100.000	149	149	151202	6.58e-99	308
BJJLIZOP_CDS_0122	PQ433349.1	100.000	149	149	151245	6.58e-99	308
BJJLIZOP_CDS_0122	MH051333.1	100.000	149	149	151671	6.58e-99	308
BJJLIZOP_CDS_0122	OR062529.1	100.000	149	149	151980	6.58e-99	308
BJJLIZOP_CDS_0122	OR062526.1	100.000	149	149	151980	6.58e-99	308
BJJLIZOP_CDS_0122	OP172792.1	100.000	149	149	151993	6.58e-99	308
BJJLIZOP_CDS_0122	OR352955.1	100.000	149	149	152808	6.58e-99	308
BJJLIZOP_CDS_0122	OM386667.1	100.000	149	149	156300	6.58e-99	308
BJJLIZOP_CDS_0122	OR544956.1	99.329	149	149	130723	3.35e-98	306
BJJLIZOP_CDS_0122	PV730300.1	99.329	149	149	146712	3.35e-98	306
BJJLIZOP_CDS_0122	OL631481.1	99.329	149	149	149818	3.35e-98	306
BJJLIZOP_CDS_0122	PP129558.1	99.329	149	149	149967	3.35e-98	306
BJJLIZOP_CDS_0122	MW175890.1	99.329	149	149	150892	3.35e-98	306
BJJLIZOP_CDS_0122	MK373788.1	99.329	149	149	151194	3.35e-98	306
BJJLIZOP_CDS_0122	OP595145.1	99.329	149	149	151363	3.35e-98	306
BJJLIZOP_CDS_0122	OL505078.1	99.329	149	149	151425	3.35e-98	306
BJJLIZOP_CDS_0122	OL739525.1	99.329	149	149	151825	3.35e-98	306
BJJLIZOP_CDS_0122	MN850571.1	98.658	149	149	151514	5.18e-98	306
BJJLIZOP_CDS_0122	PV191315.1	98.658	149	149	151674	5.18e-98	306
BJJLIZOP_CDS_0122	OQ031492.1	98.658	149	149	149246	8.32e-98	305
BJJLIZOP_CDS_0122	MZ726793.1	98.658	149	149	151660	8.32e-98	305
BJJLIZOP_CDS_0122	LR746137.1	98.658	149	149	152148	8.32e-98	305
BJJLIZOP_CDS_0122	MT944117.1	98.658	149	149	152343	8.32e-98	305
BJJLIZOP_CDS_0122	OM362897.1	98.658	149	149	152401	8.32e-98	305
BJJLIZOP_CDS_0122	MH252123.1	98.658	149	149	150925	1.36e-97	305
BJJLIZOP_CDS_0122	MN850598.1	98.658	149	149	144998	2.82e-97	304
BJJLIZOP_CDS_0122	OR352956.1	97.987	149	149	149254	9.73e-97	302
BJJLIZOP_CDS_0122	OR067838.1	97.987	149	149	149856	9.74e-97	302
BJJLIZOP_CDS_0123	PV730300.1	100.000	96	96	146712	6.26e-61	197
BJJLIZOP_CDS_0123	OR437326.1	100.000	96	96	148445	6.26e-61	197
BJJLIZOP_CDS_0123	OM386656.1	100.000	96	96	149073	6.26e-61	197
BJJLIZOP_CDS_0123	OM386659.1	100.000	96	96	149194	6.26e-61	197
BJJLIZOP_CDS_0123	OQ031492.1	100.000	96	96	149246	6.26e-61	197
BJJLIZOP_CDS_0123	MN850648.1	100.000	96	96	149335	6.26e-61	197
BJJLIZOP_CDS_0123	MH160766.1	100.000	96	96	149803	6.26e-61	197
BJJLIZOP_CDS_0123	KX552041.2	100.000	96	96	149813	6.26e-61	197
BJJLIZOP_CDS_0123	OL631481.1	100.000	96	96	149818	6.26e-61	197
BJJLIZOP_CDS_0123	OR786310.1	100.000	96	96	149880	6.26e-61	197
BJJLIZOP_CDS_0123	PP129558.1	100.000	96	96	149967	6.26e-61	197
BJJLIZOP_CDS_0123	MN850618.1	100.000	96	96	150473	6.26e-61	197
BJJLIZOP_CDS_0123	MH252123.1	100.000	96	96	150925	6.26e-61	197
BJJLIZOP_CDS_0123	PQ826431.1	100.000	96	96	151106	6.26e-61	197
BJJLIZOP_CDS_0123	OP172791.1	100.000	96	96	151113	6.26e-61	197
BJJLIZOP_CDS_0123	MT496970.1	100.000	96	96	151202	6.26e-61	197
BJJLIZOP_CDS_0123	OP595145.1	100.000	96	96	151363	6.26e-61	197
BJJLIZOP_CDS_0123	MN850571.1	100.000	96	96	151514	6.26e-61	197
BJJLIZOP_CDS_0123	MZ726793.1	100.000	96	96	151660	6.26e-61	197
BJJLIZOP_CDS_0123	MH051333.1	100.000	96	96	151671	6.26e-61	197
BJJLIZOP_CDS_0123	PV191315.1	100.000	96	96	151674	6.26e-61	197
BJJLIZOP_CDS_0123	OL739525.1	100.000	96	96	151825	6.26e-61	197
BJJLIZOP_CDS_0123	OP172792.1	100.000	96	96	151993	6.26e-61	197
BJJLIZOP_CDS_0123	LR746137.1	100.000	96	96	152148	6.26e-61	197
BJJLIZOP_CDS_0123	MT944117.1	100.000	96	96	152343	6.26e-61	197
BJJLIZOP_CDS_0123	OM362897.1	100.000	96	96	152401	6.26e-61	197
BJJLIZOP_CDS_0123	OR352955.1	100.000	96	96	152808	6.26e-61	197
BJJLIZOP_CDS_0123	OL505078.1	98.958	96	96	151425	1.65e-60	196
BJJLIZOP_CDS_0123	OR544956.1	98.958	96	96	130723	2.55e-60	196
BJJLIZOP_CDS_0123	MW175890.1	98.958	96	96	150892	2.55e-60	196
BJJLIZOP_CDS_0123	OZ035771.1	98.958	96	96	144811	3.48e-60	195
BJJLIZOP_CDS_0123	MN850598.1	98.958	96	96	144998	3.48e-60	195
BJJLIZOP_CDS_0123	OR352956.1	98.958	96	96	149254	3.48e-60	195
BJJLIZOP_CDS_0123	KX664695.3	98.958	96	96	149268	3.48e-60	195
BJJLIZOP_CDS_0123	OR067838.1	98.958	96	96	149856	3.48e-60	195
BJJLIZOP_CDS_0123	MK373788.1	98.958	96	96	151194	3.48e-60	195
BJJLIZOP_CDS_0123	OM386667.1	98.958	96	96	156300	3.48e-60	195
BJJLIZOP_CDS_0123	JX561091.1	98.958	96	96	147737	5.23e-60	194
BJJLIZOP_CDS_0123	OZ035728.1	98.958	96	96	149471	5.23e-60	194
BJJLIZOP_CDS_0123	LR597654.1	98.958	96	96	150152	5.23e-60	194
BJJLIZOP_CDS_0123	OR062524.1	98.958	96	96	150431	5.23e-60	194
BJJLIZOP_CDS_0123	MN850565.1	98.958	96	96	150947	5.23e-60	194
BJJLIZOP_CDS_0123	PQ433349.1	98.958	96	96	151245	5.23e-60	194
BJJLIZOP_CDS_0123	OR062529.1	98.958	96	96	151980	5.23e-60	194
BJJLIZOP_CDS_0123	OR062526.1	98.958	96	96	151980	5.23e-60	194
BJJLIZOP_CDS_0123	OZ035743.1	97.917	96	96	142881	2.22e-59	193
BJJLIZOP_CDS_0124	OZ035771.1	95.385	65	65	144811	7.51e-24	90.1
BJJLIZOP_CDS_0124	MN850598.1	95.385	65	65	144998	7.51e-24	90.1
BJJLIZOP_CDS_0124	KX664695.3	95.385	65	65	149268	7.51e-24	90.1
BJJLIZOP_CDS_0124	MK373788.1	95.385	65	65	151194	7.51e-24	90.1
BJJLIZOP_CDS_0124	OM386667.1	95.385	65	65	156300	7.51e-24	90.1
BJJLIZOP_CDS_0124	OZ035743.1	98.462	65	65	142881	2.54e-23	88.6
BJJLIZOP_CDS_0124	PV730300.1	98.462	65	65	146712	2.54e-23	88.6
BJJLIZOP_CDS_0124	OM386656.1	98.462	65	65	149073	2.54e-23	88.6
BJJLIZOP_CDS_0124	OM386659.1	98.462	65	65	149194	2.54e-23	88.6
BJJLIZOP_CDS_0124	OZ035728.1	98.462	65	65	149471	2.54e-23	88.6
BJJLIZOP_CDS_0124	MH160766.1	98.462	65	65	149803	2.54e-23	88.6
BJJLIZOP_CDS_0124	OL631481.1	98.462	65	65	149818	2.54e-23	88.6
BJJLIZOP_CDS_0124	OR067838.1	98.462	65	65	149856	2.54e-23	88.6
BJJLIZOP_CDS_0124	OR786310.1	98.462	65	65	149880	2.54e-23	88.6
BJJLIZOP_CDS_0124	LR597654.1	98.462	65	65	150152	2.54e-23	88.6
BJJLIZOP_CDS_0124	OR062524.1	98.462	65	65	150431	2.54e-23	88.6
BJJLIZOP_CDS_0124	MN850565.1	98.462	65	65	150947	2.54e-23	88.6
BJJLIZOP_CDS_0124	PQ826431.1	98.462	65	65	151106	2.54e-23	88.6
BJJLIZOP_CDS_0124	OP172791.1	98.462	65	65	151113	2.54e-23	88.6
BJJLIZOP_CDS_0124	MT496970.1	98.462	65	65	151202	2.54e-23	88.6
BJJLIZOP_CDS_0124	PQ433349.1	98.462	65	65	151245	2.54e-23	88.6
BJJLIZOP_CDS_0124	OP595145.1	98.462	65	65	151363	2.54e-23	88.6
BJJLIZOP_CDS_0124	OL505078.1	98.462	65	65	151425	2.54e-23	88.6
BJJLIZOP_CDS_0124	MN850571.1	98.462	65	65	151514	2.54e-23	88.6
BJJLIZOP_CDS_0124	MH051333.1	98.462	65	65	151671	2.54e-23	88.6
BJJLIZOP_CDS_0124	OL739525.1	98.462	65	65	151825	2.54e-23	88.6
BJJLIZOP_CDS_0124	OR062529.1	98.462	65	65	151980	2.54e-23	88.6
BJJLIZOP_CDS_0124	OR062526.1	98.462	65	65	151980	2.54e-23	88.6
BJJLIZOP_CDS_0124	OP172792.1	98.462	65	65	151993	2.54e-23	88.6
BJJLIZOP_CDS_0124	OR352955.1	98.462	65	65	152808	2.54e-23	88.6
BJJLIZOP_CDS_0124	OR352956.1	93.846	65	65	149254	5.32e-23	87.8
BJJLIZOP_CDS_0124	OR544956.1	95.385	65	65	130723	5.96e-22	84.7
BJJLIZOP_CDS_0124	JX561091.1	95.385	65	65	147737	5.96e-22	84.7
BJJLIZOP_CDS_0124	OR437326.1	95.385	65	65	148445	5.96e-22	84.7
BJJLIZOP_CDS_0124	OQ031492.1	95.385	65	65	149246	5.96e-22	84.7
BJJLIZOP_CDS_0124	MN850648.1	95.385	65	65	149335	5.96e-22	84.7
BJJLIZOP_CDS_0124	KX552041.2	95.385	65	65	149813	5.96e-22	84.7
BJJLIZOP_CDS_0124	PP129558.1	95.385	65	65	149967	5.96e-22	84.7
BJJLIZOP_CDS_0124	MN850618.1	95.385	65	65	150473	5.96e-22	84.7
BJJLIZOP_CDS_0124	MW175890.1	95.385	65	65	150892	5.96e-22	84.7
BJJLIZOP_CDS_0124	MH252123.1	95.385	65	65	150925	5.96e-22	84.7
BJJLIZOP_CDS_0124	MZ726793.1	95.385	65	65	151660	5.96e-22	84.7
BJJLIZOP_CDS_0124	PV191315.1	95.385	65	65	151674	5.96e-22	84.7
BJJLIZOP_CDS_0124	LR746137.1	95.385	65	65	152148	5.96e-22	84.7
BJJLIZOP_CDS_0124	MT944117.1	95.385	65	65	152343	5.96e-22	84.7
BJJLIZOP_CDS_0124	OM362897.1	95.385	65	65	152401	5.96e-22	84.7
BJJLIZOP_CDS_0125	OR544956.1	100.000	89	89	130723	5.84e-56	182
BJJLIZOP_CDS_0125	OM386659.1	100.000	89	89	149194	5.84e-56	182
BJJLIZOP_CDS_0125	MN850648.1	100.000	89	89	149335	5.84e-56	182
BJJLIZOP_CDS_0125	OL631481.1	100.000	89	89	149818	5.84e-56	182
BJJLIZOP_CDS_0125	PP129558.1	100.000	89	89	149967	5.84e-56	182
BJJLIZOP_CDS_0125	MN850618.1	100.000	89	89	150473	5.84e-56	182
BJJLIZOP_CDS_0125	MW175890.1	100.000	89	89	150892	5.84e-56	182
BJJLIZOP_CDS_0125	MH252123.1	100.000	89	89	150925	5.84e-56	182
BJJLIZOP_CDS_0125	OL505078.1	100.000	89	89	151425	5.84e-56	182
BJJLIZOP_CDS_0125	MN850571.1	100.000	89	89	151514	5.84e-56	182
BJJLIZOP_CDS_0125	MZ726793.1	100.000	89	89	151660	5.84e-56	182
BJJLIZOP_CDS_0125	PV191315.1	100.000	89	89	151674	5.84e-56	182
BJJLIZOP_CDS_0125	MT944117.1	100.000	89	89	152343	5.84e-56	182
BJJLIZOP_CDS_0125	OM362897.1	100.000	89	89	152401	5.84e-56	182
BJJLIZOP_CDS_0125	OR352955.1	100.000	89	89	152808	5.84e-56	182
BJJLIZOP_CDS_0125	OR437326.1	98.876	89	89	148445	2.14e-55	181
BJJLIZOP_CDS_0125	KX552041.2	98.876	89	89	149813	2.14e-55	181
BJJLIZOP_CDS_0125	LR597654.1	98.876	89	89	150152	2.14e-55	181
BJJLIZOP_CDS_0125	JX561091.1	97.753	89	89	147737	4.93e-55	180
BJJLIZOP_CDS_0125	OQ031492.1	98.876	89	89	149246	5.88e-55	180
BJJLIZOP_CDS_0125	OZ035728.1	97.753	89	89	149471	1.58e-54	179
BJJLIZOP_CDS_0125	KX664695.3	96.629	89	89	149268	4.92e-54	177
BJJLIZOP_CDS_0125	OM386667.1	96.629	89	89	156300	4.92e-54	177
BJJLIZOP_CDS_0125	LR746137.1	67.033	91	89	152148	3.89e-31	112
BJJLIZOP_CDS_0125	PQ826431.1	67.033	91	89	151106	1.08e-30	110
BJJLIZOP_CDS_0125	OZ035771.1	67.033	91	89	144811	1.14e-30	110
BJJLIZOP_CDS_0125	MN850598.1	67.033	91	89	144998	1.14e-30	110
BJJLIZOP_CDS_0125	OR352956.1	67.033	91	89	149254	1.14e-30	110
BJJLIZOP_CDS_0125	MK373788.1	67.033	91	89	151194	1.14e-30	110
BJJLIZOP_CDS_0125	PQ433349.1	67.033	91	89	151245	1.14e-30	110
BJJLIZOP_CDS_0125	MH160766.1	67.033	91	89	149803	1.84e-30	110
BJJLIZOP_CDS_0125	MH051333.1	67.033	91	89	151671	1.84e-30	110
BJJLIZOP_CDS_0125	OZ035743.1	67.033	91	89	142881	1.88e-30	110
BJJLIZOP_CDS_0125	PV730300.1	67.033	91	89	146712	1.88e-30	110
BJJLIZOP_CDS_0125	OR067838.1	67.033	91	89	149856	1.88e-30	110
BJJLIZOP_CDS_0125	OR786310.1	67.033	91	89	149880	1.88e-30	110
BJJLIZOP_CDS_0125	MN850565.1	67.033	91	89	150947	1.88e-30	110
BJJLIZOP_CDS_0125	MT496970.1	67.033	91	89	151202	1.88e-30	110
BJJLIZOP_CDS_0125	OL739525.1	67.033	91	89	151825	1.88e-30	110
BJJLIZOP_CDS_0125	OM386656.1	63.918	97	89	149073	2.24e-30	110
BJJLIZOP_CDS_0125	OR062524.1	67.033	91	89	150431	2.26e-30	110
BJJLIZOP_CDS_0125	OR062529.1	67.033	91	89	151980	2.26e-30	110
BJJLIZOP_CDS_0125	OR062526.1	67.033	91	89	151980	2.26e-30	110
BJJLIZOP_CDS_0125	OP172791.1	63.918	97	89	151113	2.39e-30	109
BJJLIZOP_CDS_0125	OP595145.1	67.033	91	89	151363	2.39e-30	109
BJJLIZOP_CDS_0125	OP172792.1	63.918	97	89	151993	2.39e-30	109
BJJLIZOP_CDS_0126	OR544956.1	100.000	72	72	130723	6.30e-44	147
BJJLIZOP_CDS_0126	JX561091.1	100.000	72	72	147737	6.30e-44	147
BJJLIZOP_CDS_0126	OR437326.1	100.000	72	72	148445	6.30e-44	147
BJJLIZOP_CDS_0126	OM386659.1	100.000	72	72	149194	6.30e-44	147
BJJLIZOP_CDS_0126	OL631481.1	100.000	72	72	149818	6.30e-44	147
BJJLIZOP_CDS_0126	PP129558.1	100.000	72	72	149967	6.30e-44	147
BJJLIZOP_CDS_0126	LR597654.1	100.000	72	72	150152	6.30e-44	147
BJJLIZOP_CDS_0126	MN850618.1	100.000	72	72	150473	6.30e-44	147
BJJLIZOP_CDS_0126	MW175890.1	100.000	72	72	150892	6.30e-44	147
BJJLIZOP_CDS_0126	OP595145.1	100.000	72	72	151363	6.30e-44	147
BJJLIZOP_CDS_0126	OL505078.1	100.000	72	72	151425	6.30e-44	147
BJJLIZOP_CDS_0126	PV191315.1	100.000	72	72	151674	6.30e-44	147
BJJLIZOP_CDS_0126	OM362897.1	100.000	72	72	152401	6.30e-44	147
BJJLIZOP_CDS_0126	OR352955.1	100.000	72	72	152808	6.30e-44	147
BJJLIZOP_CDS_0126	OQ031492.1	98.611	72	72	149246	8.51e-44	147
BJJLIZOP_CDS_0126	MZ726793.1	98.611	72	72	151660	8.51e-44	147
BJJLIZOP_CDS_0126	MT944117.1	98.611	72	72	152343	8.51e-44	147
BJJLIZOP_CDS_0126	KX552041.2	98.611	72	72	149813	2.02e-43	146
BJJLIZOP_CDS_0126	OZ035728.1	97.222	72	72	149471	2.86e-43	145
BJJLIZOP_CDS_0126	KX664695.3	97.222	72	72	149268	8.84e-43	144
BJJLIZOP_CDS_0126	OM386667.1	97.222	72	72	156300	8.84e-43	144
BJJLIZOP_CDS_0126	LR746137.1	98.611	72	72	152148	1.45e-42	144
BJJLIZOP_CDS_0126	OZ035743.1	97.222	72	72	142881	4.60e-42	142
BJJLIZOP_CDS_0126	OZ035771.1	97.222	72	72	144811	4.60e-42	142
BJJLIZOP_CDS_0126	MN850598.1	97.222	72	72	144998	4.60e-42	142
BJJLIZOP_CDS_0126	PV730300.1	97.222	72	72	146712	4.60e-42	142
BJJLIZOP_CDS_0126	OM386656.1	97.222	72	72	149073	4.60e-42	142
BJJLIZOP_CDS_0126	OR352956.1	97.222	72	72	149254	4.60e-42	142
BJJLIZOP_CDS_0126	MN850648.1	97.222	72	72	149335	4.60e-42	142
BJJLIZOP_CDS_0126	MH160766.1	97.222	72	72	149803	4.60e-42	142
BJJLIZOP_CDS_0126	OR067838.1	97.222	72	72	149856	4.60e-42	142
BJJLIZOP_CDS_0126	OR786310.1	97.222	72	72	149880	4.60e-42	142
BJJLIZOP_CDS_0126	OR062524.1	97.222	72	72	150431	4.60e-42	142
BJJLIZOP_CDS_0126	MH252123.1	97.222	72	72	150925	4.60e-42	142
BJJLIZOP_CDS_0126	MN850565.1	97.222	72	72	150947	4.60e-42	142
BJJLIZOP_CDS_0126	PQ826431.1	97.222	72	72	151106	4.60e-42	142
BJJLIZOP_CDS_0126	OP172791.1	97.222	72	72	151113	4.60e-42	142
BJJLIZOP_CDS_0126	MK373788.1	97.222	72	72	151194	4.60e-42	142
BJJLIZOP_CDS_0126	MT496970.1	97.222	72	72	151202	4.60e-42	142
BJJLIZOP_CDS_0126	PQ433349.1	97.222	72	72	151245	4.60e-42	142
BJJLIZOP_CDS_0126	MN850571.1	97.222	72	72	151514	4.60e-42	142
BJJLIZOP_CDS_0126	MH051333.1	97.222	72	72	151671	4.60e-42	142
BJJLIZOP_CDS_0126	OL739525.1	97.222	72	72	151825	4.60e-42	142
BJJLIZOP_CDS_0126	OR062529.1	97.222	72	72	151980	4.60e-42	142
BJJLIZOP_CDS_0126	OR062526.1	97.222	72	72	151980	4.60e-42	142
BJJLIZOP_CDS_0126	OP172792.1	97.222	72	72	151993	4.60e-42	142
BJJLIZOP_CDS_0127	OR544956.1	100.000	90	90	130723	1.19e-57	187
BJJLIZOP_CDS_0127	OZ035743.1	100.000	90	90	142881	1.19e-57	187
BJJLIZOP_CDS_0127	OZ035771.1	100.000	90	90	144811	1.19e-57	187
BJJLIZOP_CDS_0127	MN850598.1	100.000	90	90	144998	1.19e-57	187
BJJLIZOP_CDS_0127	JX561091.1	100.000	90	90	147737	1.19e-57	187
BJJLIZOP_CDS_0127	OR437326.1	100.000	90	90	148445	1.19e-57	187
BJJLIZOP_CDS_0127	OM386656.1	100.000	90	90	149073	1.19e-57	187
BJJLIZOP_CDS_0127	OM386659.1	100.000	90	90	149194	1.19e-57	187
BJJLIZOP_CDS_0127	OQ031492.1	100.000	90	90	149246	1.19e-57	187
BJJLIZOP_CDS_0127	OR352956.1	100.000	90	90	149254	1.19e-57	187
BJJLIZOP_CDS_0127	KX664695.3	100.000	90	90	149268	1.19e-57	187
BJJLIZOP_CDS_0127	MN850648.1	100.000	90	90	149335	1.19e-57	187
BJJLIZOP_CDS_0127	OZ035728.1	100.000	90	90	149471	1.19e-57	187
BJJLIZOP_CDS_0127	MH160766.1	100.000	90	90	149803	1.19e-57	187
BJJLIZOP_CDS_0127	KX552041.2	100.000	90	90	149813	1.19e-57	187
BJJLIZOP_CDS_0127	OL631481.1	100.000	90	90	149818	1.19e-57	187
BJJLIZOP_CDS_0127	OR067838.1	100.000	90	90	149856	1.19e-57	187
BJJLIZOP_CDS_0127	OR786310.1	100.000	90	90	149880	1.19e-57	187
BJJLIZOP_CDS_0127	PP129558.1	100.000	90	90	149967	1.19e-57	187
BJJLIZOP_CDS_0127	LR597654.1	100.000	90	90	150152	1.19e-57	187
BJJLIZOP_CDS_0127	OR062524.1	100.000	90	90	150431	1.19e-57	187
BJJLIZOP_CDS_0127	MN850618.1	100.000	90	90	150473	1.19e-57	187
BJJLIZOP_CDS_0127	MW175890.1	100.000	90	90	150892	1.19e-57	187
BJJLIZOP_CDS_0127	MH252123.1	100.000	90	90	150925	1.19e-57	187
BJJLIZOP_CDS_0127	MN850565.1	100.000	90	90	150947	1.19e-57	187
BJJLIZOP_CDS_0127	PQ826431.1	100.000	90	90	151106	1.19e-57	187
BJJLIZOP_CDS_0127	OP172791.1	100.000	90	90	151113	1.19e-57	187
BJJLIZOP_CDS_0127	MK373788.1	100.000	90	90	151194	1.19e-57	187
BJJLIZOP_CDS_0127	MT496970.1	100.000	90	90	151202	1.19e-57	187
BJJLIZOP_CDS_0127	PQ433349.1	100.000	90	90	151245	1.19e-57	187
BJJLIZOP_CDS_0127	OP595145.1	100.000	90	90	151363	1.19e-57	187
BJJLIZOP_CDS_0127	OL505078.1	100.000	90	90	151425	1.19e-57	187
BJJLIZOP_CDS_0127	MN850571.1	100.000	90	90	151514	1.19e-57	187
BJJLIZOP_CDS_0127	MZ726793.1	100.000	90	90	151660	1.19e-57	187
BJJLIZOP_CDS_0127	MH051333.1	100.000	90	90	151671	1.19e-57	187
BJJLIZOP_CDS_0127	PV191315.1	100.000	90	90	151674	1.19e-57	187
BJJLIZOP_CDS_0127	OL739525.1	100.000	90	90	151825	1.19e-57	187
BJJLIZOP_CDS_0127	OR062529.1	100.000	90	90	151980	1.19e-57	187
BJJLIZOP_CDS_0127	OR062526.1	100.000	90	90	151980	1.19e-57	187
BJJLIZOP_CDS_0127	LR746137.1	100.000	90	90	152148	1.19e-57	187
BJJLIZOP_CDS_0127	MT944117.1	100.000	90	90	152343	1.19e-57	187
BJJLIZOP_CDS_0127	OM362897.1	100.000	90	90	152401	1.19e-57	187
BJJLIZOP_CDS_0127	OR352955.1	100.000	90	90	152808	1.19e-57	187
BJJLIZOP_CDS_0127	OM386667.1	100.000	90	90	156300	1.19e-57	187
BJJLIZOP_CDS_0127	PV730300.1	98.889	90	90	146712	9.85e-57	185
BJJLIZOP_CDS_0127	OP172792.1	97.778	90	90	151993	1.22e-56	184
BJJLIZOP_CDS_0128	OQ031492.1	99.681	313	313	149246	0.0	654
BJJLIZOP_CDS_0128	OR437326.1	99.681	313	313	148445	0.0	654
BJJLIZOP_CDS_0128	OR352955.1	99.681	313	313	152808	0.0	654
BJJLIZOP_CDS_0128	MN850618.1	99.681	313	313	150473	0.0	654
BJJLIZOP_CDS_0128	OR544956.1	99.361	313	313	130723	0.0	652
BJJLIZOP_CDS_0128	OP595145.1	99.361	313	313	151363	0.0	652
BJJLIZOP_CDS_0128	OR786310.1	99.042	313	313	149880	0.0	652
BJJLIZOP_CDS_0128	PQ826431.1	99.361	313	313	151106	0.0	651
BJJLIZOP_CDS_0128	OM386659.1	99.361	313	313	149194	0.0	651
BJJLIZOP_CDS_0128	OL739525.1	98.722	313	313	151825	0.0	650
BJJLIZOP_CDS_0128	MZ726793.1	99.361	313	313	151660	0.0	650
BJJLIZOP_CDS_0128	MT944117.1	99.361	313	313	152343	0.0	650
BJJLIZOP_CDS_0128	MW175890.1	99.042	313	313	150892	0.0	650
BJJLIZOP_CDS_0128	OL505078.1	99.042	313	313	151425	0.0	650
BJJLIZOP_CDS_0128	MH252123.1	99.042	313	313	150925	0.0	650
BJJLIZOP_CDS_0128	JX561091.1	99.042	313	313	147737	0.0	650
BJJLIZOP_CDS_0128	PQ433349.1	99.042	313	313	151245	0.0	649
BJJLIZOP_CDS_0128	OZ035743.1	99.042	313	313	142881	0.0	649
BJJLIZOP_CDS_0128	OZ035728.1	99.042	313	313	149471	0.0	649
BJJLIZOP_CDS_0128	OR062529.1	99.042	313	313	151980	0.0	649
BJJLIZOP_CDS_0128	OR062526.1	99.042	313	313	151980	0.0	649
BJJLIZOP_CDS_0128	OR062524.1	99.042	313	313	150431	0.0	649
BJJLIZOP_CDS_0128	MT496970.1	99.042	313	313	151202	0.0	649
BJJLIZOP_CDS_0128	MK373788.1	99.042	313	313	151194	0.0	649
BJJLIZOP_CDS_0128	MH051333.1	99.042	313	313	151671	0.0	649
BJJLIZOP_CDS_0128	OP172792.1	98.403	313	313	151993	0.0	649
BJJLIZOP_CDS_0128	PV730300.1	98.722	313	313	146712	0.0	648
BJJLIZOP_CDS_0128	MN850565.1	98.403	313	313	150947	0.0	648
BJJLIZOP_CDS_0128	LR746137.1	98.722	313	313	152148	0.0	648
BJJLIZOP_CDS_0128	OM362897.1	98.722	313	313	152401	0.0	647
BJJLIZOP_CDS_0128	MN850648.1	98.722	313	313	149335	0.0	647
BJJLIZOP_CDS_0128	MN850598.1	97.764	313	313	144998	0.0	647
BJJLIZOP_CDS_0128	LR597654.1	98.722	313	313	150152	0.0	647
BJJLIZOP_CDS_0128	PV191315.1	98.722	313	313	151674	0.0	647
BJJLIZOP_CDS_0128	MH160766.1	98.722	313	313	149803	0.0	647
BJJLIZOP_CDS_0128	PP129558.1	98.403	313	313	149967	0.0	646
BJJLIZOP_CDS_0128	KX552041.2	98.722	313	313	149813	0.0	646
BJJLIZOP_CDS_0128	OL631481.1	98.083	313	313	149818	0.0	645
BJJLIZOP_CDS_0128	OP172791.1	98.403	313	313	151113	0.0	645
BJJLIZOP_CDS_0128	OM386656.1	98.403	313	313	149073	0.0	644
BJJLIZOP_CDS_0128	OR352956.1	97.444	313	313	149254	0.0	643
BJJLIZOP_CDS_0128	OM386667.1	97.125	313	313	156300	0.0	642
BJJLIZOP_CDS_0128	KX664695.3	97.125	313	313	149268	0.0	642
BJJLIZOP_CDS_0128	OZ035771.1	95.161	310	313	144811	0.0	622
BJJLIZOP_CDS_0128	MN850571.1	94.516	310	313	151514	0.0	621
BJJLIZOP_CDS_0128	OR067838.1	94.631	298	313	149856	0.0	585
BJJLIZOP_CDS_0128	OR067838.1	88.571	35	313	149856	4.31e-14	70.9
BJJLIZOP_CDS_0129	OR352955.1	100.000	131	131	152808	9.67e-87	273
BJJLIZOP_CDS_0129	MN850598.1	99.237	131	131	144998	1.28e-86	273
BJJLIZOP_CDS_0129	JX561091.1	99.237	131	131	147737	1.28e-86	273
BJJLIZOP_CDS_0129	OR437326.1	99.237	131	131	148445	1.28e-86	273
BJJLIZOP_CDS_0129	OM386659.1	99.237	131	131	149194	1.28e-86	273
BJJLIZOP_CDS_0129	OQ031492.1	99.237	131	131	149246	1.28e-86	273
BJJLIZOP_CDS_0129	OR067838.1	99.237	131	131	149856	1.28e-86	273
BJJLIZOP_CDS_0129	PQ826431.1	99.237	131	131	151106	1.28e-86	273
BJJLIZOP_CDS_0129	OL505078.1	99.237	131	131	151425	1.28e-86	273
BJJLIZOP_CDS_0129	MZ726793.1	99.237	131	131	151660	1.28e-86	273
BJJLIZOP_CDS_0129	MT944117.1	99.237	131	131	152343	1.28e-86	273
BJJLIZOP_CDS_0129	OZ035743.1	98.473	131	131	142881	6.27e-86	271
BJJLIZOP_CDS_0129	OM386656.1	98.473	131	131	149073	6.27e-86	271
BJJLIZOP_CDS_0129	KX664695.3	98.473	131	131	149268	6.27e-86	271
BJJLIZOP_CDS_0129	MN850648.1	98.473	131	131	149335	6.27e-86	271
BJJLIZOP_CDS_0129	OZ035728.1	98.473	131	131	149471	6.27e-86	271
BJJLIZOP_CDS_0129	MH160766.1	98.473	131	131	149803	6.27e-86	271
BJJLIZOP_CDS_0129	KX552041.2	98.473	131	131	149813	6.27e-86	271
BJJLIZOP_CDS_0129	OL631481.1	98.473	131	131	149818	6.27e-86	271
BJJLIZOP_CDS_0129	OR786310.1	98.473	131	131	149880	6.27e-86	271
BJJLIZOP_CDS_0129	LR597654.1	98.473	131	131	150152	6.27e-86	271
BJJLIZOP_CDS_0129	OR062524.1	98.473	131	131	150431	6.27e-86	271
BJJLIZOP_CDS_0129	MH252123.1	98.473	131	131	150925	6.27e-86	271
BJJLIZOP_CDS_0129	MN850565.1	98.473	131	131	150947	6.27e-86	271
BJJLIZOP_CDS_0129	OP172791.1	98.473	131	131	151113	6.27e-86	271
BJJLIZOP_CDS_0129	MK373788.1	98.473	131	131	151194	6.27e-86	271
BJJLIZOP_CDS_0129	MT496970.1	98.473	131	131	151202	6.27e-86	271
BJJLIZOP_CDS_0129	OP595145.1	98.473	131	131	151363	6.27e-86	271
BJJLIZOP_CDS_0129	MH051333.1	98.473	131	131	151671	6.27e-86	271
BJJLIZOP_CDS_0129	OL739525.1	98.473	131	131	151825	6.27e-86	271
BJJLIZOP_CDS_0129	OR062529.1	98.473	131	131	151980	6.27e-86	271
BJJLIZOP_CDS_0129	OR062526.1	98.473	131	131	151980	6.27e-86	271
BJJLIZOP_CDS_0129	OM386667.1	98.473	131	131	156300	6.27e-86	271
BJJLIZOP_CDS_0129	PV730300.1	97.710	131	131	146712	1.08e-85	270
BJJLIZOP_CDS_0129	OP172792.1	97.710	131	131	151993	1.31e-85	270
BJJLIZOP_CDS_0129	LR746137.1	97.710	131	131	152148	1.87e-85	269
BJJLIZOP_CDS_0129	OR544956.1	97.710	131	131	130723	2.19e-85	269
BJJLIZOP_CDS_0129	MN850618.1	97.710	131	131	150473	2.19e-85	269
BJJLIZOP_CDS_0129	PQ433349.1	97.710	131	131	151245	2.39e-85	269
BJJLIZOP_CDS_0129	MW175890.1	97.710	131	131	150892	2.43e-85	269
BJJLIZOP_CDS_0129	PV191315.1	97.710	131	131	151674	2.43e-85	269
BJJLIZOP_CDS_0129	OM362897.1	97.710	131	131	152401	2.43e-85	269
BJJLIZOP_CDS_0129	OR352956.1	97.710	131	131	149254	3.38e-85	268
BJJLIZOP_CDS_0129	PP129558.1	96.947	131	131	149967	9.18e-85	267
BJJLIZOP_CDS_0129	OZ035771.1	60.317	126	131	144811	3.66e-51	171
BJJLIZOP_CDS_0129	MN850571.1	60.317	126	131	151514	3.66e-51	171
BJJLIZOP_CDS_0130	PP129558.1	99.119	227	227	149967	9.79e-146	447
BJJLIZOP_CDS_0130	OL505078.1	99.559	227	227	151425	1.01e-145	447
BJJLIZOP_CDS_0130	OR544956.1	99.559	227	227	130723	1.11e-145	447
BJJLIZOP_CDS_0130	MN850598.1	99.559	227	227	144998	1.11e-145	447
BJJLIZOP_CDS_0130	PV730300.1	99.559	227	227	146712	1.11e-145	447
BJJLIZOP_CDS_0130	JX561091.1	99.559	227	227	147737	1.11e-145	447
BJJLIZOP_CDS_0130	OR437326.1	99.559	227	227	148445	1.11e-145	447
BJJLIZOP_CDS_0130	OM386656.1	99.559	227	227	149073	1.11e-145	447
BJJLIZOP_CDS_0130	OM386659.1	99.559	227	227	149194	1.11e-145	447
BJJLIZOP_CDS_0130	OQ031492.1	99.559	227	227	149246	1.11e-145	447
BJJLIZOP_CDS_0130	OR352956.1	99.559	227	227	149254	1.11e-145	447
BJJLIZOP_CDS_0130	KX664695.3	99.559	227	227	149268	1.11e-145	447
BJJLIZOP_CDS_0130	MN850648.1	99.559	227	227	149335	1.11e-145	447
BJJLIZOP_CDS_0130	OZ035728.1	99.559	227	227	149471	1.11e-145	447
BJJLIZOP_CDS_0130	MH160766.1	99.559	227	227	149803	1.11e-145	447
BJJLIZOP_CDS_0130	KX552041.2	99.559	227	227	149813	1.11e-145	447
BJJLIZOP_CDS_0130	OL631481.1	99.559	227	227	149818	1.11e-145	447
BJJLIZOP_CDS_0130	OR067838.1	99.559	227	227	149856	1.11e-145	447
BJJLIZOP_CDS_0130	LR597654.1	99.559	227	227	150152	1.11e-145	447
BJJLIZOP_CDS_0130	MN850618.1	99.559	227	227	150473	1.11e-145	447
BJJLIZOP_CDS_0130	MW175890.1	99.559	227	227	150892	1.11e-145	447
BJJLIZOP_CDS_0130	MH252123.1	99.559	227	227	150925	1.11e-145	447
BJJLIZOP_CDS_0130	MN850565.1	99.559	227	227	150947	1.11e-145	447
BJJLIZOP_CDS_0130	PQ826431.1	99.559	227	227	151106	1.11e-145	447
BJJLIZOP_CDS_0130	MK373788.1	99.559	227	227	151194	1.11e-145	447
BJJLIZOP_CDS_0130	MT496970.1	99.559	227	227	151202	1.11e-145	447
BJJLIZOP_CDS_0130	PQ433349.1	99.559	227	227	151245	1.11e-145	447
BJJLIZOP_CDS_0130	OP595145.1	99.559	227	227	151363	1.11e-145	447
BJJLIZOP_CDS_0130	MZ726793.1	99.559	227	227	151660	1.11e-145	447
BJJLIZOP_CDS_0130	MH051333.1	99.559	227	227	151671	1.11e-145	447
BJJLIZOP_CDS_0130	PV191315.1	99.559	227	227	151674	1.11e-145	447
BJJLIZOP_CDS_0130	LR746137.1	99.559	227	227	152148	1.11e-145	447
BJJLIZOP_CDS_0130	OM362897.1	99.559	227	227	152401	1.11e-145	447
BJJLIZOP_CDS_0130	OM386667.1	99.559	227	227	156300	1.11e-145	447
BJJLIZOP_CDS_0130	OZ035771.1	99.559	227	227	144811	2.41e-145	446
BJJLIZOP_CDS_0130	OR062524.1	99.119	227	227	150431	2.84e-145	446
BJJLIZOP_CDS_0130	OR062529.1	99.119	227	227	151980	2.84e-145	446
BJJLIZOP_CDS_0130	OR062526.1	99.119	227	227	151980	2.84e-145	446
BJJLIZOP_CDS_0130	OZ035743.1	99.119	227	227	142881	3.07e-145	445
BJJLIZOP_CDS_0130	MT944117.1	99.119	227	227	152343	3.55e-145	445
BJJLIZOP_CDS_0130	OP172791.1	99.119	227	227	151113	4.60e-145	445
BJJLIZOP_CDS_0130	OR352955.1	99.119	227	227	152808	4.69e-145	445
BJJLIZOP_CDS_0130	OR786310.1	99.119	227	227	149880	6.10e-145	444
BJJLIZOP_CDS_0130	OL739525.1	99.119	227	227	151825	6.10e-145	444
BJJLIZOP_CDS_0130	OP172792.1	99.119	227	227	151993	9.60e-145	444
BJJLIZOP_CDS_0130	MN850571.1	99.119	227	227	151514	1.68e-144	443
BJJLIZOP_CDS_0131	KX664695.3	99.512	205	205	149268	4.31e-139	427
BJJLIZOP_CDS_0131	OZ035728.1	99.512	205	205	149471	4.31e-139	427
BJJLIZOP_CDS_0131	OL631481.1	99.512	205	205	149818	4.31e-139	427
BJJLIZOP_CDS_0131	OM386667.1	99.512	205	205	156300	4.31e-139	427
BJJLIZOP_CDS_0131	MZ726793.1	75.799	219	205	151660	4.54e-105	329
BJJLIZOP_CDS_0131	MT944117.1	75.799	219	205	152343	4.54e-105	329
BJJLIZOP_CDS_0131	OQ031492.1	75.122	205	205	149246	3.71e-98	309
BJJLIZOP_CDS_0131	OR544956.1	71.689	219	205	130723	2.97e-96	304
BJJLIZOP_CDS_0131	MN850618.1	70.776	219	205	150473	6.25e-96	303
BJJLIZOP_CDS_0131	OR786310.1	70.776	219	205	149880	6.69e-96	303
BJJLIZOP_CDS_0131	PQ826431.1	70.776	219	205	151106	6.69e-96	303
BJJLIZOP_CDS_0131	MT496970.1	70.776	219	205	151202	6.69e-96	303
BJJLIZOP_CDS_0131	OL739525.1	70.776	219	205	151825	6.69e-96	303
BJJLIZOP_CDS_0131	MN850571.1	70.183	218	205	151514	7.16e-96	303
BJJLIZOP_CDS_0131	OM362897.1	70.183	218	205	152401	7.16e-96	303
BJJLIZOP_CDS_0131	JX561091.1	70.320	219	205	147737	9.76e-96	302
BJJLIZOP_CDS_0131	LR746137.1	70.320	219	205	152148	9.76e-96	302
BJJLIZOP_CDS_0131	PV730300.1	70.776	219	205	146712	1.29e-95	302
BJJLIZOP_CDS_0131	OZ035743.1	70.320	219	205	142881	1.36e-95	302
BJJLIZOP_CDS_0131	MK373788.1	70.320	219	205	151194	1.36e-95	302
BJJLIZOP_CDS_0131	MN850598.1	70.320	219	205	144998	1.46e-95	302
BJJLIZOP_CDS_0131	OM386656.1	70.320	219	205	149073	1.46e-95	302
BJJLIZOP_CDS_0131	OR352956.1	70.320	219	205	149254	1.46e-95	302
BJJLIZOP_CDS_0131	MN850648.1	70.320	219	205	149335	1.46e-95	302
BJJLIZOP_CDS_0131	MH160766.1	70.320	219	205	149803	1.46e-95	302
BJJLIZOP_CDS_0131	KX552041.2	70.320	219	205	149813	1.46e-95	302
BJJLIZOP_CDS_0131	OR067838.1	70.320	219	205	149856	1.46e-95	302
BJJLIZOP_CDS_0131	LR597654.1	70.320	219	205	150152	1.46e-95	302
BJJLIZOP_CDS_0131	MH252123.1	70.320	219	205	150925	1.46e-95	302
BJJLIZOP_CDS_0131	OP172791.1	70.320	219	205	151113	1.46e-95	302
BJJLIZOP_CDS_0131	PQ433349.1	70.320	219	205	151245	1.46e-95	302
BJJLIZOP_CDS_0131	OP595145.1	70.320	219	205	151363	1.46e-95	302
BJJLIZOP_CDS_0131	OR352955.1	70.320	219	205	152808	1.46e-95	302
BJJLIZOP_CDS_0131	OM386659.1	70.320	219	205	149194	1.74e-95	301
BJJLIZOP_CDS_0131	PV191315.1	69.406	219	205	151674	3.37e-95	301
BJJLIZOP_CDS_0131	OZ035771.1	69.725	218	205	144811	4.20e-95	301
BJJLIZOP_CDS_0131	MW175890.1	70.776	219	205	150892	5.51e-95	300
BJJLIZOP_CDS_0131	OR437326.1	69.863	219	205	148445	6.69e-95	300
BJJLIZOP_CDS_0131	OL505078.1	69.863	219	205	151425	6.69e-95	300
BJJLIZOP_CDS_0131	MH051333.1	69.863	219	205	151671	7.09e-95	300
BJJLIZOP_CDS_0131	OR062524.1	69.863	219	205	150431	1.18e-94	299
BJJLIZOP_CDS_0131	OR062529.1	69.863	219	205	151980	1.18e-94	299
BJJLIZOP_CDS_0131	OR062526.1	69.863	219	205	151980	1.18e-94	299
BJJLIZOP_CDS_0131	MN850565.1	69.406	219	205	150947	1.40e-94	299
BJJLIZOP_CDS_0131	OP172792.1	68.950	219	205	151993	6.19e-94	297
BJJLIZOP_CDS_0131	PP129558.1	80.180	111	205	149967	3.82e-56	189
BJJLIZOP_CDS_0131	PP129558.1	66.355	107	205	149967	3.47e-36	132
BJJLIZOP_CDS_0132	JX561091.1	100.000	141	163	147737	9.46e-80	254
BJJLIZOP_CDS_0132	PP129558.1	100.000	141	163	149967	9.46e-80	254
BJJLIZOP_CDS_0132	OM362897.1	100.000	141	163	152401	9.46e-80	254
BJJLIZOP_CDS_0132	MW175890.1	99.291	141	163	150892	2.49e-79	253
BJJLIZOP_CDS_0132	PV730300.1	99.291	141	163	146712	4.50e-79	253
BJJLIZOP_CDS_0132	LR746137.1	95.205	146	163	152148	1.91e-77	248
BJJLIZOP_CDS_0132	OZ035743.1	87.943	141	163	142881	1.21e-67	220
BJJLIZOP_CDS_0132	MN850648.1	87.943	141	163	149335	1.21e-67	220
BJJLIZOP_CDS_0132	MH160766.1	87.943	141	163	149803	1.21e-67	220
BJJLIZOP_CDS_0132	KX552041.2	87.943	141	163	149813	1.21e-67	220
BJJLIZOP_CDS_0132	OR067838.1	87.943	141	163	149856	1.21e-67	220
BJJLIZOP_CDS_0132	LR597654.1	87.943	141	163	150152	1.21e-67	220
BJJLIZOP_CDS_0132	OR062524.1	87.943	141	163	150431	1.21e-67	220
BJJLIZOP_CDS_0132	OP172791.1	87.943	141	163	151113	1.21e-67	220
BJJLIZOP_CDS_0132	MT496970.1	87.943	141	163	151202	1.21e-67	220
BJJLIZOP_CDS_0132	OP595145.1	87.943	141	163	151363	1.21e-67	220
BJJLIZOP_CDS_0132	OL505078.1	87.943	141	163	151425	1.21e-67	220
BJJLIZOP_CDS_0132	MH051333.1	87.943	141	163	151671	1.21e-67	220
BJJLIZOP_CDS_0132	PV191315.1	87.943	141	163	151674	1.21e-67	220
BJJLIZOP_CDS_0132	OR062529.1	87.943	141	163	151980	1.21e-67	220
BJJLIZOP_CDS_0132	OR062526.1	87.943	141	163	151980	1.21e-67	220
BJJLIZOP_CDS_0132	MN850598.1	87.234	141	163	144998	1.71e-67	219
BJJLIZOP_CDS_0132	OM386659.1	87.234	141	163	149194	1.71e-67	219
BJJLIZOP_CDS_0132	OR352956.1	87.234	141	163	149254	1.71e-67	219
BJJLIZOP_CDS_0132	OR786310.1	87.234	141	163	149880	1.71e-67	219
BJJLIZOP_CDS_0132	MN850618.1	87.234	141	163	150473	1.71e-67	219
BJJLIZOP_CDS_0132	PQ826431.1	87.234	141	163	151106	1.71e-67	219
BJJLIZOP_CDS_0132	OL739525.1	87.234	141	163	151825	1.71e-67	219
BJJLIZOP_CDS_0132	OL631481.1	87.234	141	163	149818	2.43e-67	219
BJJLIZOP_CDS_0132	MK373788.1	87.234	141	163	151194	2.67e-67	219
BJJLIZOP_CDS_0132	OM386656.1	87.234	141	163	149073	3.27e-67	219
BJJLIZOP_CDS_0132	MN850571.1	87.234	141	163	151514	5.26e-67	218
BJJLIZOP_CDS_0132	OR352955.1	87.234	141	163	152808	8.06e-67	218
BJJLIZOP_CDS_0132	MH252123.1	86.525	141	163	150925	8.88e-67	218
BJJLIZOP_CDS_0132	MZ726793.1	86.525	141	163	151660	8.88e-67	218
BJJLIZOP_CDS_0132	OP172792.1	85.816	141	163	151993	1.77e-66	216
BJJLIZOP_CDS_0132	OZ035728.1	85.816	141	163	149471	2.70e-66	216
BJJLIZOP_CDS_0132	MN850565.1	87.234	141	163	150947	3.07e-66	216
BJJLIZOP_CDS_0132	MT944117.1	85.816	141	163	152343	2.48e-65	213
BJJLIZOP_CDS_0132	OR437326.1	76.389	144	163	148445	2.97e-62	204
BJJLIZOP_CDS_0132	KX664695.3	68.750	144	163	149268	1.04e-53	180
BJJLIZOP_CDS_0132	OM386667.1	68.750	144	163	156300	1.04e-53	180
BJJLIZOP_CDS_0132	OZ035771.1	66.667	144	163	144811	4.72e-52	175
BJJLIZOP_CDS_0132	PQ433349.1	86.916	107	163	151245	7.02e-46	157
BJJLIZOP_CDS_0132	PQ433349.1	90.909	33	163	151245	1.25e-12	62.8
BJJLIZOP_CDS_0132	OQ031492.1	56.944	144	163	149246	6.97e-45	155
BJJLIZOP_CDS_0132	OR544956.1	100.000	80	163	130723	1.08e-34	125
BJJLIZOP_CDS_0133	OR437326.1	99.624	266	266	148445	0.0	550
BJJLIZOP_CDS_0133	OM362897.1	99.624	266	266	152401	0.0	550
BJJLIZOP_CDS_0133	OQ031492.1	98.872	266	266	149246	2.07e-180	548
BJJLIZOP_CDS_0133	OZ035728.1	98.872	266	266	149471	2.07e-180	548
BJJLIZOP_CDS_0133	MZ726793.1	98.872	266	266	151660	2.07e-180	548
BJJLIZOP_CDS_0133	MT944117.1	98.872	266	266	152343	2.07e-180	548
BJJLIZOP_CDS_0133	JX561091.1	98.872	266	266	147737	4.39e-180	547
BJJLIZOP_CDS_0133	PP129558.1	98.872	266	266	149967	4.39e-180	547
BJJLIZOP_CDS_0133	MW175890.1	98.872	266	266	150892	4.39e-180	547
BJJLIZOP_CDS_0133	LR746137.1	98.496	266	266	152148	2.81e-179	545
BJJLIZOP_CDS_0133	KX664695.3	92.481	266	266	149268	1.43e-168	514
BJJLIZOP_CDS_0133	OM386667.1	92.481	266	266	156300	1.43e-168	514
BJJLIZOP_CDS_0133	MN850598.1	80.827	266	266	144998	4.18e-150	461
BJJLIZOP_CDS_0133	OR352956.1	80.827	266	266	149254	4.18e-150	461
BJJLIZOP_CDS_0133	OR067838.1	80.827	266	266	149856	4.18e-150	461
BJJLIZOP_CDS_0133	MH252123.1	80.827	266	266	150925	4.18e-150	461
BJJLIZOP_CDS_0133	MN850565.1	80.827	266	266	150947	4.18e-150	461
BJJLIZOP_CDS_0133	PQ433349.1	80.827	266	266	151245	4.18e-150	461
BJJLIZOP_CDS_0133	OZ035771.1	80.075	266	266	144811	1.31e-148	457
BJJLIZOP_CDS_0133	OL631481.1	74.908	271	266	149818	3.92e-139	430
BJJLIZOP_CDS_0133	MN850571.1	74.908	271	266	151514	3.92e-139	430
BJJLIZOP_CDS_0133	OP172792.1	72.527	273	266	151993	1.53e-130	405
BJJLIZOP_CDS_0133	LR597654.1	71.062	273	266	150152	1.40e-128	400
BJJLIZOP_CDS_0133	KX552041.2	71.062	273	266	149813	1.87e-128	399
BJJLIZOP_CDS_0133	OM386659.1	71.062	273	266	149194	3.86e-128	398
BJJLIZOP_CDS_0133	OR786310.1	71.062	273	266	149880	3.86e-128	398
BJJLIZOP_CDS_0133	OL739525.1	71.062	273	266	151825	3.86e-128	398
BJJLIZOP_CDS_0133	MN850618.1	69.963	273	266	150473	5.01e-128	398
BJJLIZOP_CDS_0133	PV730300.1	70.696	273	266	146712	5.36e-128	398
BJJLIZOP_CDS_0133	OM386656.1	70.696	273	266	149073	5.36e-128	398
BJJLIZOP_CDS_0133	OR062524.1	70.696	273	266	150431	5.36e-128	398
BJJLIZOP_CDS_0133	PQ826431.1	70.696	273	266	151106	5.36e-128	398
BJJLIZOP_CDS_0133	OP172791.1	70.696	273	266	151113	5.36e-128	398
BJJLIZOP_CDS_0133	MK373788.1	70.696	273	266	151194	5.36e-128	398
BJJLIZOP_CDS_0133	MT496970.1	70.696	273	266	151202	5.36e-128	398
BJJLIZOP_CDS_0133	OP595145.1	70.696	273	266	151363	5.36e-128	398
BJJLIZOP_CDS_0133	MH051333.1	70.696	273	266	151671	5.36e-128	398
BJJLIZOP_CDS_0133	OR062529.1	70.696	273	266	151980	5.36e-128	398
BJJLIZOP_CDS_0133	OR062526.1	70.696	273	266	151980	5.36e-128	398
BJJLIZOP_CDS_0133	OR352955.1	70.696	273	266	152808	5.36e-128	398
BJJLIZOP_CDS_0133	MN850648.1	70.330	273	266	149335	6.20e-128	398
BJJLIZOP_CDS_0133	PV191315.1	69.963	273	266	151674	8.95e-128	397
BJJLIZOP_CDS_0133	OZ035743.1	70.696	273	266	142881	1.74e-127	396
BJJLIZOP_CDS_0133	MH160766.1	70.330	273	266	149803	4.91e-127	395
BJJLIZOP_CDS_0133	OL505078.1	75.912	137	266	151425	1.40e-105	218
BJJLIZOP_CDS_0133	OL505078.1	64.706	136	266	151425	1.40e-105	181
BJJLIZOP_CDS_0134	OZ035743.1	100.000	90	90	142881	4.49e-57	186
BJJLIZOP_CDS_0134	PV730300.1	100.000	90	90	146712	4.49e-57	186
BJJLIZOP_CDS_0134	JX561091.1	100.000	90	90	147737	4.49e-57	186
BJJLIZOP_CDS_0134	OR437326.1	100.000	90	90	148445	4.49e-57	186
BJJLIZOP_CDS_0134	OM386656.1	100.000	90	90	149073	4.49e-57	186
BJJLIZOP_CDS_0134	OM386659.1	100.000	90	90	149194	4.49e-57	186
BJJLIZOP_CDS_0134	OQ031492.1	100.000	90	90	149246	4.49e-57	186
BJJLIZOP_CDS_0134	OR352956.1	100.000	90	90	149254	4.49e-57	186
BJJLIZOP_CDS_0134	MN850648.1	100.000	90	90	149335	4.49e-57	186
BJJLIZOP_CDS_0134	OZ035728.1	100.000	90	90	149471	4.49e-57	186
BJJLIZOP_CDS_0134	MH160766.1	100.000	90	90	149803	4.49e-57	186
BJJLIZOP_CDS_0134	KX552041.2	100.000	90	90	149813	4.49e-57	186
BJJLIZOP_CDS_0134	OL631481.1	100.000	90	90	149818	4.49e-57	186
BJJLIZOP_CDS_0134	OR067838.1	100.000	90	90	149856	4.49e-57	186
BJJLIZOP_CDS_0134	PP129558.1	100.000	90	90	149967	4.49e-57	186
BJJLIZOP_CDS_0134	LR597654.1	100.000	90	90	150152	4.49e-57	186
BJJLIZOP_CDS_0134	OR062524.1	100.000	90	90	150431	4.49e-57	186
BJJLIZOP_CDS_0134	MN850618.1	100.000	90	90	150473	4.49e-57	186
BJJLIZOP_CDS_0134	MW175890.1	100.000	90	90	150892	4.49e-57	186
BJJLIZOP_CDS_0134	MH252123.1	100.000	90	90	150925	4.49e-57	186
BJJLIZOP_CDS_0134	MN850565.1	100.000	90	90	150947	4.49e-57	186
BJJLIZOP_CDS_0134	OP172791.1	100.000	90	90	151113	4.49e-57	186
BJJLIZOP_CDS_0134	MK373788.1	100.000	90	90	151194	4.49e-57	186
BJJLIZOP_CDS_0134	MT496970.1	100.000	90	90	151202	4.49e-57	186
BJJLIZOP_CDS_0134	PQ433349.1	100.000	90	90	151245	4.49e-57	186
BJJLIZOP_CDS_0134	OP595145.1	100.000	90	90	151363	4.49e-57	186
BJJLIZOP_CDS_0134	MZ726793.1	100.000	90	90	151660	4.49e-57	186
BJJLIZOP_CDS_0134	PV191315.1	100.000	90	90	151674	4.49e-57	186
BJJLIZOP_CDS_0134	OR062529.1	100.000	90	90	151980	4.49e-57	186
BJJLIZOP_CDS_0134	OR062526.1	100.000	90	90	151980	4.49e-57	186
BJJLIZOP_CDS_0134	OP172792.1	100.000	90	90	151993	4.49e-57	186
BJJLIZOP_CDS_0134	LR746137.1	100.000	90	90	152148	4.49e-57	186
BJJLIZOP_CDS_0134	MT944117.1	100.000	90	90	152343	4.49e-57	186
BJJLIZOP_CDS_0134	OM362897.1	100.000	90	90	152401	4.49e-57	186
BJJLIZOP_CDS_0134	OR352955.1	100.000	90	90	152808	4.49e-57	186
BJJLIZOP_CDS_0134	OZ035771.1	98.889	90	90	144811	1.42e-56	184
BJJLIZOP_CDS_0134	MN850571.1	98.889	90	90	151514	1.42e-56	184
BJJLIZOP_CDS_0134	MN850598.1	98.889	90	90	144998	1.55e-56	184
BJJLIZOP_CDS_0134	KX664695.3	98.889	90	90	149268	1.71e-56	184
BJJLIZOP_CDS_0134	OM386667.1	98.889	90	90	156300	1.71e-56	184
BJJLIZOP_CDS_0134	MH051333.1	98.889	90	90	151671	1.80e-56	184
BJJLIZOP_CDS_0134	OL505078.1	98.889	90	90	151425	2.33e-56	184
BJJLIZOP_CDS_0134	PQ826431.1	98.889	90	90	151106	2.78e-56	184
BJJLIZOP_CDS_0134	OR786310.1	98.889	90	90	149880	9.25e-56	182
BJJLIZOP_CDS_0134	OL739525.1	98.889	90	90	151825	9.25e-56	182
BJJLIZOP_CDS_0134	OR544956.1	85.556	90	90	130723	4.24e-45	152
BJJLIZOP_CDS_0135	OZ035743.1	100.000	67	67	142881	1.73e-42	143
BJJLIZOP_CDS_0135	PV730300.1	100.000	67	67	146712	1.73e-42	143
BJJLIZOP_CDS_0135	JX561091.1	100.000	67	67	147737	1.73e-42	143
BJJLIZOP_CDS_0135	OM386659.1	100.000	67	67	149194	1.73e-42	143
BJJLIZOP_CDS_0135	KX664695.3	100.000	67	67	149268	1.73e-42	143
BJJLIZOP_CDS_0135	MN850648.1	100.000	67	67	149335	1.73e-42	143
BJJLIZOP_CDS_0135	OZ035728.1	100.000	67	67	149471	1.73e-42	143
BJJLIZOP_CDS_0135	MH160766.1	100.000	67	67	149803	1.73e-42	143
BJJLIZOP_CDS_0135	KX552041.2	100.000	67	67	149813	1.73e-42	143
BJJLIZOP_CDS_0135	OL631481.1	100.000	67	67	149818	1.73e-42	143
BJJLIZOP_CDS_0135	OR786310.1	100.000	67	67	149880	1.73e-42	143
BJJLIZOP_CDS_0135	PP129558.1	100.000	67	67	149967	1.73e-42	143
BJJLIZOP_CDS_0135	LR597654.1	100.000	67	67	150152	1.73e-42	143
BJJLIZOP_CDS_0135	MN850618.1	100.000	67	67	150473	1.73e-42	143
BJJLIZOP_CDS_0135	OP172791.1	100.000	67	67	151113	1.73e-42	143
BJJLIZOP_CDS_0135	MK373788.1	100.000	67	67	151194	1.73e-42	143
BJJLIZOP_CDS_0135	OP595145.1	100.000	67	67	151363	1.73e-42	143
BJJLIZOP_CDS_0135	OL505078.1	100.000	67	67	151425	1.73e-42	143
BJJLIZOP_CDS_0135	MZ726793.1	100.000	67	67	151660	1.73e-42	143
BJJLIZOP_CDS_0135	MH051333.1	100.000	67	67	151671	1.73e-42	143
BJJLIZOP_CDS_0135	PV191315.1	100.000	67	67	151674	1.73e-42	143
BJJLIZOP_CDS_0135	OL739525.1	100.000	67	67	151825	1.73e-42	143
BJJLIZOP_CDS_0135	LR746137.1	100.000	67	67	152148	1.73e-42	143
BJJLIZOP_CDS_0135	MT944117.1	100.000	67	67	152343	1.73e-42	143
BJJLIZOP_CDS_0135	OM362897.1	100.000	67	67	152401	1.73e-42	143
BJJLIZOP_CDS_0135	OM386667.1	100.000	67	67	156300	1.73e-42	143
BJJLIZOP_CDS_0135	MT496970.1	100.000	67	67	151202	1.80e-42	143
BJJLIZOP_CDS_0135	OR062524.1	100.000	67	67	150431	2.28e-42	142
BJJLIZOP_CDS_0135	OR062529.1	100.000	67	67	151980	2.28e-42	142
BJJLIZOP_CDS_0135	OR062526.1	100.000	67	67	151980	2.28e-42	142
BJJLIZOP_CDS_0135	OQ031492.1	100.000	67	67	149246	2.39e-42	142
BJJLIZOP_CDS_0135	PQ826431.1	98.507	67	67	151106	5.95e-42	141
BJJLIZOP_CDS_0135	OR544956.1	98.507	67	67	130723	1.44e-41	140
BJJLIZOP_CDS_0135	MW175890.1	98.507	67	67	150892	1.44e-41	140
BJJLIZOP_CDS_0135	OP172792.1	98.507	67	67	151993	1.65e-41	140
BJJLIZOP_CDS_0135	OM386656.1	98.507	67	67	149073	3.01e-41	139
BJJLIZOP_CDS_0135	OR352955.1	98.507	67	67	152808	3.01e-41	139
BJJLIZOP_CDS_0135	MN850598.1	95.522	67	67	144998	3.92e-41	139
BJJLIZOP_CDS_0135	OZ035771.1	95.522	67	67	144811	4.07e-41	139
BJJLIZOP_CDS_0135	MN850571.1	95.522	67	67	151514	4.07e-41	139
BJJLIZOP_CDS_0135	PQ433349.1	95.522	67	67	151245	9.95e-41	138
BJJLIZOP_CDS_0135	OR352956.1	95.522	67	67	149254	1.38e-40	137
BJJLIZOP_CDS_0135	OR067838.1	95.522	67	67	149856	1.38e-40	137
BJJLIZOP_CDS_0135	MN850565.1	95.522	67	67	150947	1.38e-40	137
BJJLIZOP_CDS_0135	MH252123.1	95.522	67	67	150925	1.82e-40	137
BJJLIZOP_CDS_0135	OR437326.1	97.015	67	67	148445	2.58e-40	137
BJJLIZOP_CDS_0136	OZ035743.1	100.000	93	93	142881	2.97e-60	195
BJJLIZOP_CDS_0136	JX561091.1	100.000	93	93	147737	2.97e-60	195
BJJLIZOP_CDS_0136	OM386656.1	100.000	93	93	149073	2.97e-60	195
BJJLIZOP_CDS_0136	OM386659.1	100.000	93	93	149194	2.97e-60	195
BJJLIZOP_CDS_0136	KX664695.3	100.000	93	93	149268	2.97e-60	195
BJJLIZOP_CDS_0136	MN850648.1	100.000	93	93	149335	2.97e-60	195
BJJLIZOP_CDS_0136	MH160766.1	100.000	93	93	149803	2.97e-60	195
BJJLIZOP_CDS_0136	KX552041.2	100.000	93	93	149813	2.97e-60	195
BJJLIZOP_CDS_0136	OL631481.1	100.000	93	93	149818	2.97e-60	195
BJJLIZOP_CDS_0136	LR597654.1	100.000	93	93	150152	2.97e-60	195
BJJLIZOP_CDS_0136	PQ826431.1	100.000	93	93	151106	2.97e-60	195
BJJLIZOP_CDS_0136	OP172791.1	100.000	93	93	151113	2.97e-60	195
BJJLIZOP_CDS_0136	MK373788.1	100.000	93	93	151194	2.97e-60	195
BJJLIZOP_CDS_0136	MT496970.1	100.000	93	93	151202	2.97e-60	195
BJJLIZOP_CDS_0136	OL505078.1	100.000	93	93	151425	2.97e-60	195
BJJLIZOP_CDS_0136	MH051333.1	100.000	93	93	151671	2.97e-60	195
BJJLIZOP_CDS_0136	OR352955.1	100.000	93	93	152808	2.97e-60	195
BJJLIZOP_CDS_0136	OM386667.1	100.000	93	93	156300	2.97e-60	195
BJJLIZOP_CDS_0136	OR437326.1	98.925	93	93	148445	8.07e-60	194
BJJLIZOP_CDS_0136	OR786310.1	98.925	93	93	149880	8.07e-60	194
BJJLIZOP_CDS_0136	PP129558.1	98.925	93	93	149967	8.07e-60	194
BJJLIZOP_CDS_0136	MW175890.1	98.925	93	93	150892	8.07e-60	194
BJJLIZOP_CDS_0136	OL739525.1	98.925	93	93	151825	8.07e-60	194
BJJLIZOP_CDS_0136	OZ035728.1	97.849	93	93	149471	2.24e-59	192
BJJLIZOP_CDS_0136	MT944117.1	97.849	93	93	152343	2.24e-59	192
BJJLIZOP_CDS_0136	PV730300.1	98.925	93	93	146712	2.42e-59	192
BJJLIZOP_CDS_0136	OQ031492.1	98.925	93	93	149246	2.42e-59	192
BJJLIZOP_CDS_0136	OR062524.1	98.925	93	93	150431	2.42e-59	192
BJJLIZOP_CDS_0136	MN850618.1	98.925	93	93	150473	2.42e-59	192
BJJLIZOP_CDS_0136	OP595145.1	98.925	93	93	151363	2.42e-59	192
BJJLIZOP_CDS_0136	MZ726793.1	98.925	93	93	151660	2.42e-59	192
BJJLIZOP_CDS_0136	PV191315.1	98.925	93	93	151674	2.42e-59	192
BJJLIZOP_CDS_0136	OR062529.1	98.925	93	93	151980	2.42e-59	192
BJJLIZOP_CDS_0136	OR062526.1	98.925	93	93	151980	2.42e-59	192
BJJLIZOP_CDS_0136	OM362897.1	98.925	93	93	152401	2.42e-59	192
BJJLIZOP_CDS_0136	LR746137.1	97.849	93	93	152148	5.15e-59	192
BJJLIZOP_CDS_0136	OR544956.1	97.849	93	93	130723	7.30e-59	191
BJJLIZOP_CDS_0136	OZ035771.1	96.774	93	93	144811	1.31e-58	191
BJJLIZOP_CDS_0136	MN850598.1	96.774	93	93	144998	1.31e-58	191
BJJLIZOP_CDS_0136	OR067838.1	96.774	93	93	149856	1.31e-58	191
BJJLIZOP_CDS_0136	MN850565.1	96.774	93	93	150947	1.31e-58	191
BJJLIZOP_CDS_0136	MN850571.1	96.774	93	93	151514	2.92e-58	189
BJJLIZOP_CDS_0136	MH252123.1	96.774	93	93	150925	2.24e-57	187
BJJLIZOP_CDS_0136	PQ433349.1	96.774	93	93	151245	2.24e-57	187
BJJLIZOP_CDS_0136	OR352956.1	95.699	93	93	149254	3.46e-57	186
BJJLIZOP_CDS_0136	OP172792.1	94.624	93	93	151993	8.45e-57	185
BJJLIZOP_CDS_0137	OL631481.1	100.000	57	57	149818	3.57e-35	122
BJJLIZOP_CDS_0137	OR544956.1	100.000	57	57	130723	3.64e-35	122
BJJLIZOP_CDS_0137	OZ035743.1	100.000	57	57	142881	3.64e-35	122
BJJLIZOP_CDS_0137	MN850598.1	100.000	57	57	144998	3.64e-35	122
BJJLIZOP_CDS_0137	PV730300.1	100.000	57	57	146712	3.64e-35	122
BJJLIZOP_CDS_0137	JX561091.1	100.000	57	57	147737	3.64e-35	122
BJJLIZOP_CDS_0137	OR437326.1	100.000	57	57	148445	3.64e-35	122
BJJLIZOP_CDS_0137	OM386656.1	100.000	57	57	149073	3.64e-35	122
BJJLIZOP_CDS_0137	OM386659.1	100.000	57	57	149194	3.64e-35	122
BJJLIZOP_CDS_0137	OQ031492.1	100.000	57	57	149246	3.64e-35	122
BJJLIZOP_CDS_0137	OR352956.1	100.000	57	57	149254	3.64e-35	122
BJJLIZOP_CDS_0137	KX664695.3	100.000	57	57	149268	3.64e-35	122
BJJLIZOP_CDS_0137	MN850648.1	100.000	57	57	149335	3.64e-35	122
BJJLIZOP_CDS_0137	OZ035728.1	100.000	57	57	149471	3.64e-35	122
BJJLIZOP_CDS_0137	MH160766.1	100.000	57	57	149803	3.64e-35	122
BJJLIZOP_CDS_0137	KX552041.2	100.000	57	57	149813	3.64e-35	122
BJJLIZOP_CDS_0137	OR786310.1	100.000	57	57	149880	3.64e-35	122
BJJLIZOP_CDS_0137	PP129558.1	100.000	57	57	149967	3.64e-35	122
BJJLIZOP_CDS_0137	LR597654.1	100.000	57	57	150152	3.64e-35	122
BJJLIZOP_CDS_0137	OR062524.1	100.000	57	57	150431	3.64e-35	122
BJJLIZOP_CDS_0137	MN850618.1	100.000	57	57	150473	3.64e-35	122
BJJLIZOP_CDS_0137	MW175890.1	100.000	57	57	150892	3.64e-35	122
BJJLIZOP_CDS_0137	MH252123.1	100.000	57	57	150925	3.64e-35	122
BJJLIZOP_CDS_0137	MN850565.1	100.000	57	57	150947	3.64e-35	122
BJJLIZOP_CDS_0137	PQ826431.1	100.000	57	57	151106	3.64e-35	122
BJJLIZOP_CDS_0137	OP172791.1	100.000	57	57	151113	3.64e-35	122
BJJLIZOP_CDS_0137	MK373788.1	100.000	57	57	151194	3.64e-35	122
BJJLIZOP_CDS_0137	MT496970.1	100.000	57	57	151202	3.64e-35	122
BJJLIZOP_CDS_0137	PQ433349.1	100.000	57	57	151245	3.64e-35	122
BJJLIZOP_CDS_0137	OP595145.1	100.000	57	57	151363	3.64e-35	122
BJJLIZOP_CDS_0137	OL505078.1	100.000	57	57	151425	3.64e-35	122
BJJLIZOP_CDS_0137	MN850571.1	100.000	57	57	151514	3.64e-35	122
BJJLIZOP_CDS_0137	MH051333.1	100.000	57	57	151671	3.64e-35	122
BJJLIZOP_CDS_0137	PV191315.1	100.000	57	57	151674	3.64e-35	122
BJJLIZOP_CDS_0137	OL739525.1	100.000	57	57	151825	3.64e-35	122
BJJLIZOP_CDS_0137	OR062529.1	100.000	57	57	151980	3.64e-35	122
BJJLIZOP_CDS_0137	OR062526.1	100.000	57	57	151980	3.64e-35	122
BJJLIZOP_CDS_0137	LR746137.1	100.000	57	57	152148	3.64e-35	122
BJJLIZOP_CDS_0137	MT944117.1	100.000	57	57	152343	3.64e-35	122
BJJLIZOP_CDS_0137	OM362897.1	100.000	57	57	152401	3.64e-35	122
BJJLIZOP_CDS_0137	OR352955.1	100.000	57	57	152808	3.64e-35	122
BJJLIZOP_CDS_0137	OM386667.1	100.000	57	57	156300	3.64e-35	122
BJJLIZOP_CDS_0137	OP172792.1	98.246	57	57	151993	1.24e-34	120
BJJLIZOP_CDS_0137	OZ035771.1	98.246	57	57	144811	2.33e-34	119
BJJLIZOP_CDS_0137	OR067838.1	98.276	58	57	149856	1.25e-33	117
BJJLIZOP_CDS_0137	MZ726793.1	98.246	57	57	151660	7.13e-33	115
BJJLIZOP_CDS_0138	OM386667.1	100.000	33	33	156300	3.31e-15	63.9
BJJLIZOP_CDS_0138	OR352955.1	100.000	33	33	152808	3.31e-15	63.9
BJJLIZOP_CDS_0138	OM362897.1	100.000	33	33	152401	3.31e-15	63.9
BJJLIZOP_CDS_0138	MT944117.1	100.000	33	33	152343	3.31e-15	63.9
BJJLIZOP_CDS_0138	LR746137.1	100.000	33	33	152148	3.31e-15	63.9
BJJLIZOP_CDS_0138	OR062529.1	100.000	33	33	151980	3.31e-15	63.9
BJJLIZOP_CDS_0138	OR062526.1	100.000	33	33	151980	3.31e-15	63.9
BJJLIZOP_CDS_0138	OL739525.1	100.000	33	33	151825	3.31e-15	63.9
BJJLIZOP_CDS_0138	PV191315.1	100.000	33	33	151674	3.31e-15	63.9
BJJLIZOP_CDS_0138	MH051333.1	100.000	33	33	151671	3.31e-15	63.9
BJJLIZOP_CDS_0138	MZ726793.1	100.000	33	33	151660	3.31e-15	63.9
BJJLIZOP_CDS_0138	MN850571.1	100.000	33	33	151514	3.31e-15	63.9
BJJLIZOP_CDS_0138	OL505078.1	100.000	33	33	151425	3.31e-15	63.9
BJJLIZOP_CDS_0138	OP595145.1	100.000	33	33	151363	3.31e-15	63.9
BJJLIZOP_CDS_0138	MT496970.1	100.000	33	33	151202	3.31e-15	63.9
BJJLIZOP_CDS_0138	MK373788.1	100.000	33	33	151194	3.31e-15	63.9
BJJLIZOP_CDS_0138	OP172791.1	100.000	33	33	151113	3.31e-15	63.9
BJJLIZOP_CDS_0138	PQ826431.1	100.000	33	33	151106	3.31e-15	63.9
BJJLIZOP_CDS_0138	MN850565.1	100.000	33	33	150947	3.31e-15	63.9
BJJLIZOP_CDS_0138	MH252123.1	100.000	33	33	150925	3.31e-15	63.9
BJJLIZOP_CDS_0138	MW175890.1	100.000	33	33	150892	3.31e-15	63.9
BJJLIZOP_CDS_0138	MN850618.1	100.000	33	33	150473	3.31e-15	63.9
BJJLIZOP_CDS_0138	OR062524.1	100.000	33	33	150431	3.31e-15	63.9
BJJLIZOP_CDS_0138	LR597654.1	100.000	33	33	150152	3.31e-15	63.9
BJJLIZOP_CDS_0138	PP129558.1	100.000	33	33	149967	3.31e-15	63.9
BJJLIZOP_CDS_0138	OR786310.1	100.000	33	33	149880	3.31e-15	63.9
BJJLIZOP_CDS_0138	OR067838.1	100.000	33	33	149856	3.31e-15	63.9
BJJLIZOP_CDS_0138	OL631481.1	100.000	33	33	149818	3.31e-15	63.9
BJJLIZOP_CDS_0138	KX552041.2	100.000	33	33	149813	3.31e-15	63.9
BJJLIZOP_CDS_0138	MH160766.1	100.000	33	33	149803	3.31e-15	63.9
BJJLIZOP_CDS_0138	MN850648.1	100.000	33	33	149335	3.31e-15	63.9
BJJLIZOP_CDS_0138	KX664695.3	100.000	33	33	149268	3.31e-15	63.9
BJJLIZOP_CDS_0138	OR352956.1	100.000	33	33	149254	3.31e-15	63.9
BJJLIZOP_CDS_0138	OQ031492.1	100.000	33	33	149246	3.31e-15	63.9
BJJLIZOP_CDS_0138	OM386659.1	100.000	33	33	149194	3.31e-15	63.9
BJJLIZOP_CDS_0138	OM386656.1	100.000	33	33	149073	3.31e-15	63.9
BJJLIZOP_CDS_0138	OR437326.1	100.000	33	33	148445	3.31e-15	63.9
BJJLIZOP_CDS_0138	JX561091.1	100.000	33	33	147737	3.31e-15	63.9
BJJLIZOP_CDS_0138	PV730300.1	100.000	33	33	146712	3.31e-15	63.9
BJJLIZOP_CDS_0138	MN850598.1	100.000	33	33	144998	3.31e-15	63.9
BJJLIZOP_CDS_0138	OZ035771.1	100.000	33	33	144811	3.31e-15	63.9
BJJLIZOP_CDS_0138	OZ035743.1	100.000	33	33	142881	3.31e-15	63.9
BJJLIZOP_CDS_0138	OR544956.1	100.000	33	33	130723	3.31e-15	63.9
BJJLIZOP_CDS_0138	OZ035728.1	96.970	33	33	149471	4.71e-15	63.5
BJJLIZOP_CDS_0138	OP172792.1	96.970	33	33	151993	8.14e-15	62.8
BJJLIZOP_CDS_0138	PQ433349.1	96.970	33	33	151245	4.96e-14	60.5
BJJLIZOP_CDS_0139	MK373788.1	100.000	202	202	151194	1.53e-136	419
BJJLIZOP_CDS_0139	OR544956.1	99.505	202	202	130723	6.35e-136	417
BJJLIZOP_CDS_0139	OZ035728.1	99.505	202	202	149471	6.35e-136	417
BJJLIZOP_CDS_0139	OR067838.1	99.505	202	202	149856	6.35e-136	417
BJJLIZOP_CDS_0139	PP129558.1	99.505	202	202	149967	6.35e-136	417
BJJLIZOP_CDS_0139	OR062524.1	99.505	202	202	150431	6.35e-136	417
BJJLIZOP_CDS_0139	MN850618.1	99.505	202	202	150473	6.35e-136	417
BJJLIZOP_CDS_0139	MW175890.1	99.505	202	202	150892	6.35e-136	417
BJJLIZOP_CDS_0139	MZ726793.1	99.505	202	202	151660	6.35e-136	417
BJJLIZOP_CDS_0139	OR062529.1	99.505	202	202	151980	6.35e-136	417
BJJLIZOP_CDS_0139	OR062526.1	99.505	202	202	151980	6.35e-136	417
BJJLIZOP_CDS_0139	MT944117.1	99.505	202	202	152343	6.35e-136	417
BJJLIZOP_CDS_0139	OM362897.1	99.505	202	202	152401	6.35e-136	417
BJJLIZOP_CDS_0139	OL505078.1	99.010	202	202	151425	1.02e-135	417
BJJLIZOP_CDS_0139	OR437326.1	99.010	202	202	148445	2.66e-135	416
BJJLIZOP_CDS_0139	OZ035743.1	99.010	202	202	142881	2.85e-135	416
BJJLIZOP_CDS_0139	OM386656.1	99.010	202	202	149073	2.85e-135	416
BJJLIZOP_CDS_0139	OM386659.1	99.010	202	202	149194	2.85e-135	416
BJJLIZOP_CDS_0139	OR352956.1	99.010	202	202	149254	2.85e-135	416
BJJLIZOP_CDS_0139	KX664695.3	99.010	202	202	149268	2.85e-135	416
BJJLIZOP_CDS_0139	MN850648.1	99.010	202	202	149335	2.85e-135	416
BJJLIZOP_CDS_0139	MH160766.1	99.010	202	202	149803	2.85e-135	416
BJJLIZOP_CDS_0139	KX552041.2	99.010	202	202	149813	2.85e-135	416
BJJLIZOP_CDS_0139	OL631481.1	99.010	202	202	149818	2.85e-135	416
BJJLIZOP_CDS_0139	OR786310.1	99.010	202	202	149880	2.85e-135	416
BJJLIZOP_CDS_0139	LR597654.1	99.010	202	202	150152	2.85e-135	416
BJJLIZOP_CDS_0139	MH252123.1	99.010	202	202	150925	2.85e-135	416
BJJLIZOP_CDS_0139	MT496970.1	99.010	202	202	151202	2.85e-135	416
BJJLIZOP_CDS_0139	PQ433349.1	99.010	202	202	151245	2.85e-135	416
BJJLIZOP_CDS_0139	MH051333.1	99.010	202	202	151671	2.85e-135	416
BJJLIZOP_CDS_0139	OL739525.1	99.010	202	202	151825	2.85e-135	416
BJJLIZOP_CDS_0139	OR352955.1	99.010	202	202	152808	2.85e-135	416
BJJLIZOP_CDS_0139	OM386667.1	99.010	202	202	156300	2.85e-135	416
BJJLIZOP_CDS_0139	OQ031492.1	99.010	202	202	149246	7.64e-135	414
BJJLIZOP_CDS_0139	MN850565.1	98.515	202	202	150947	8.02e-135	414
BJJLIZOP_CDS_0139	PQ826431.1	98.515	202	202	151106	1.26e-134	414
BJJLIZOP_CDS_0139	OP172791.1	98.515	202	202	151113	1.26e-134	414
BJJLIZOP_CDS_0139	JX561091.1	98.515	202	202	147737	1.76e-134	413
BJJLIZOP_CDS_0139	OZ035771.1	98.515	202	202	144811	2.01e-134	413
BJJLIZOP_CDS_0139	MN850598.1	98.020	202	202	144998	2.32e-134	413
BJJLIZOP_CDS_0139	PV191315.1	98.515	202	202	151674	3.32e-134	412
BJJLIZOP_CDS_0139	PV730300.1	97.030	202	202	146712	6.42e-133	409
BJJLIZOP_CDS_0139	OP595145.1	97.030	202	202	151363	6.94e-133	409
BJJLIZOP_CDS_0139	LR746137.1	97.030	202	202	152148	8.92e-133	408
BJJLIZOP_CDS_0139	MN850571.1	96.535	202	202	151514	1.67e-132	407
BJJLIZOP_CDS_0139	OP172792.1	96.535	202	202	151993	2.15e-132	407
BJJLIZOP_CDS_0140	OR544956.1	100.000	87	87	130723	5.50e-55	180
BJJLIZOP_CDS_0140	OZ035771.1	100.000	87	87	144811	5.50e-55	180
BJJLIZOP_CDS_0140	MN850598.1	100.000	87	87	144998	5.50e-55	180
BJJLIZOP_CDS_0140	PV730300.1	100.000	87	87	146712	5.50e-55	180
BJJLIZOP_CDS_0140	JX561091.1	100.000	87	87	147737	5.50e-55	180
BJJLIZOP_CDS_0140	OR437326.1	100.000	87	87	148445	5.50e-55	180
BJJLIZOP_CDS_0140	OQ031492.1	100.000	87	87	149246	5.50e-55	180
BJJLIZOP_CDS_0140	OZ035728.1	100.000	87	87	149471	5.50e-55	180
BJJLIZOP_CDS_0140	OR067838.1	100.000	87	87	149856	5.50e-55	180
BJJLIZOP_CDS_0140	PP129558.1	100.000	87	87	149967	5.50e-55	180
BJJLIZOP_CDS_0140	OR062524.1	100.000	87	87	150431	5.50e-55	180
BJJLIZOP_CDS_0140	MN850618.1	100.000	87	87	150473	5.50e-55	180
BJJLIZOP_CDS_0140	MW175890.1	100.000	87	87	150892	5.50e-55	180
BJJLIZOP_CDS_0140	MH252123.1	100.000	87	87	150925	5.50e-55	180
BJJLIZOP_CDS_0140	PQ826431.1	100.000	87	87	151106	5.50e-55	180
BJJLIZOP_CDS_0140	OL505078.1	100.000	87	87	151425	5.50e-55	180
BJJLIZOP_CDS_0140	MN850571.1	100.000	87	87	151514	5.50e-55	180
BJJLIZOP_CDS_0140	MZ726793.1	100.000	87	87	151660	5.50e-55	180
BJJLIZOP_CDS_0140	PV191315.1	100.000	87	87	151674	5.50e-55	180
BJJLIZOP_CDS_0140	OR062529.1	100.000	87	87	151980	5.50e-55	180
BJJLIZOP_CDS_0140	OR062526.1	100.000	87	87	151980	5.50e-55	180
BJJLIZOP_CDS_0140	OP172792.1	100.000	87	87	151993	5.50e-55	180
BJJLIZOP_CDS_0140	LR746137.1	100.000	87	87	152148	5.50e-55	180
BJJLIZOP_CDS_0140	MT944117.1	100.000	87	87	152343	5.50e-55	180
BJJLIZOP_CDS_0140	OM362897.1	100.000	87	87	152401	5.50e-55	180
BJJLIZOP_CDS_0140	OL631481.1	98.851	87	87	149818	1.94e-54	178
BJJLIZOP_CDS_0140	OR786310.1	98.851	87	87	149880	1.94e-54	178
BJJLIZOP_CDS_0140	OL739525.1	98.851	87	87	151825	1.94e-54	178
BJJLIZOP_CDS_0140	OZ035743.1	98.851	87	87	142881	2.57e-54	178
BJJLIZOP_CDS_0140	OM386656.1	98.851	87	87	149073	2.57e-54	178
BJJLIZOP_CDS_0140	OM386659.1	98.851	87	87	149194	2.57e-54	178
BJJLIZOP_CDS_0140	OR352956.1	98.851	87	87	149254	2.57e-54	178
BJJLIZOP_CDS_0140	KX664695.3	98.851	87	87	149268	2.57e-54	178
BJJLIZOP_CDS_0140	MN850648.1	98.851	87	87	149335	2.57e-54	178
BJJLIZOP_CDS_0140	MH160766.1	98.851	87	87	149803	2.57e-54	178
BJJLIZOP_CDS_0140	KX552041.2	98.851	87	87	149813	2.57e-54	178
BJJLIZOP_CDS_0140	LR597654.1	98.851	87	87	150152	2.57e-54	178
BJJLIZOP_CDS_0140	OP172791.1	98.851	87	87	151113	2.57e-54	178
BJJLIZOP_CDS_0140	MK373788.1	98.851	87	87	151194	2.57e-54	178
BJJLIZOP_CDS_0140	MT496970.1	98.851	87	87	151202	2.57e-54	178
BJJLIZOP_CDS_0140	PQ433349.1	98.851	87	87	151245	2.57e-54	178
BJJLIZOP_CDS_0140	OP595145.1	98.851	87	87	151363	2.57e-54	178
BJJLIZOP_CDS_0140	OR352955.1	98.851	87	87	152808	2.57e-54	178
BJJLIZOP_CDS_0140	OM386667.1	98.851	87	87	156300	2.57e-54	178
BJJLIZOP_CDS_0140	MN850565.1	97.701	87	87	150947	7.77e-54	176
BJJLIZOP_CDS_0140	MH051333.1	97.701	87	87	151671	8.64e-54	176
BJJLIZOP_CDS_0141	OM386667.1	98.182	55	55	156300	2.81e-32	113
BJJLIZOP_CDS_0141	OR352955.1	98.182	55	55	152808	2.81e-32	113
BJJLIZOP_CDS_0141	OM362897.1	98.182	55	55	152401	2.81e-32	113
BJJLIZOP_CDS_0141	MT944117.1	98.182	55	55	152343	2.81e-32	113
BJJLIZOP_CDS_0141	LR746137.1	98.182	55	55	152148	2.81e-32	113
BJJLIZOP_CDS_0141	OP172792.1	98.182	55	55	151993	2.81e-32	113
BJJLIZOP_CDS_0141	OR062529.1	98.182	55	55	151980	2.81e-32	113
BJJLIZOP_CDS_0141	OR062526.1	98.182	55	55	151980	2.81e-32	113
BJJLIZOP_CDS_0141	OL739525.1	98.182	55	55	151825	2.81e-32	113
BJJLIZOP_CDS_0141	PV191315.1	98.182	55	55	151674	2.81e-32	113
BJJLIZOP_CDS_0141	MH051333.1	98.182	55	55	151671	2.81e-32	113
BJJLIZOP_CDS_0141	MN850571.1	98.182	55	55	151514	2.81e-32	113
BJJLIZOP_CDS_0141	OL505078.1	98.182	55	55	151425	2.81e-32	113
BJJLIZOP_CDS_0141	OP595145.1	98.182	55	55	151363	2.81e-32	113
BJJLIZOP_CDS_0141	PQ433349.1	98.182	55	55	151245	2.81e-32	113
BJJLIZOP_CDS_0141	MT496970.1	98.182	55	55	151202	2.81e-32	113
BJJLIZOP_CDS_0141	MK373788.1	98.182	55	55	151194	2.81e-32	113
BJJLIZOP_CDS_0141	OP172791.1	98.182	55	55	151113	2.81e-32	113
BJJLIZOP_CDS_0141	PQ826431.1	98.182	55	55	151106	2.81e-32	113
BJJLIZOP_CDS_0141	MN850565.1	98.182	55	55	150947	2.81e-32	113
BJJLIZOP_CDS_0141	MH252123.1	98.182	55	55	150925	2.81e-32	113
BJJLIZOP_CDS_0141	MW175890.1	98.182	55	55	150892	2.81e-32	113
BJJLIZOP_CDS_0141	MN850618.1	98.182	55	55	150473	2.81e-32	113
BJJLIZOP_CDS_0141	OR062524.1	98.182	55	55	150431	2.81e-32	113
BJJLIZOP_CDS_0141	LR597654.1	98.182	55	55	150152	2.81e-32	113
BJJLIZOP_CDS_0141	PP129558.1	98.182	55	55	149967	2.81e-32	113
BJJLIZOP_CDS_0141	OR786310.1	98.182	55	55	149880	2.81e-32	113
BJJLIZOP_CDS_0141	OR067838.1	98.182	55	55	149856	2.81e-32	113
BJJLIZOP_CDS_0141	KX552041.2	98.182	55	55	149813	2.81e-32	113
BJJLIZOP_CDS_0141	OZ035728.1	98.182	55	55	149471	2.81e-32	113
BJJLIZOP_CDS_0141	MN850648.1	98.182	55	55	149335	2.81e-32	113
BJJLIZOP_CDS_0141	KX664695.3	98.182	55	55	149268	2.81e-32	113
BJJLIZOP_CDS_0141	OR352956.1	98.182	55	55	149254	2.81e-32	113
BJJLIZOP_CDS_0141	OM386659.1	98.182	55	55	149194	2.81e-32	113
BJJLIZOP_CDS_0141	OM386656.1	98.182	55	55	149073	2.81e-32	113
BJJLIZOP_CDS_0141	JX561091.1	98.182	55	55	147737	2.81e-32	113
BJJLIZOP_CDS_0141	PV730300.1	98.182	55	55	146712	2.81e-32	113
BJJLIZOP_CDS_0141	MN850598.1	98.182	55	55	144998	2.81e-32	113
BJJLIZOP_CDS_0141	OZ035771.1	98.182	55	55	144811	2.81e-32	113
BJJLIZOP_CDS_0141	OR544956.1	98.182	55	55	130723	2.81e-32	113
BJJLIZOP_CDS_0141	MH160766.1	96.364	55	55	149803	3.79e-32	113
BJJLIZOP_CDS_0141	OQ031492.1	96.364	55	55	149246	7.06e-32	112
BJJLIZOP_CDS_0141	MZ726793.1	96.364	55	55	151660	7.06e-32	112
BJJLIZOP_CDS_0141	OL631481.1	96.364	55	55	149818	7.20e-32	112
BJJLIZOP_CDS_0141	OR437326.1	96.364	55	55	148445	1.37e-31	111
BJJLIZOP_CDS_0141	OZ035743.1	95.349	43	55	142881	6.53e-24	87.8
BJJLIZOP_CDS_0141	OZ035743.1	100.000	16	55	142881	6.53e-24	35.8
BJJLIZOP_CDS_0142	PV730300.1	100.000	149	149	146712	2.37e-96	301
BJJLIZOP_CDS_0142	OR437326.1	100.000	149	149	148445	2.37e-96	301
BJJLIZOP_CDS_0142	OM386656.1	100.000	149	149	149073	2.37e-96	301
BJJLIZOP_CDS_0142	OM386659.1	100.000	149	149	149194	2.37e-96	301
BJJLIZOP_CDS_0142	OR352956.1	100.000	149	149	149254	2.37e-96	301
BJJLIZOP_CDS_0142	KX664695.3	100.000	149	149	149268	2.37e-96	301
BJJLIZOP_CDS_0142	MN850648.1	100.000	149	149	149335	2.37e-96	301
BJJLIZOP_CDS_0142	OZ035728.1	100.000	149	149	149471	2.37e-96	301
BJJLIZOP_CDS_0142	MH160766.1	100.000	149	149	149803	2.37e-96	301
BJJLIZOP_CDS_0142	KX552041.2	100.000	149	149	149813	2.37e-96	301
BJJLIZOP_CDS_0142	OR067838.1	100.000	149	149	149856	2.37e-96	301
BJJLIZOP_CDS_0142	PP129558.1	100.000	149	149	149967	2.37e-96	301
BJJLIZOP_CDS_0142	LR597654.1	100.000	149	149	150152	2.37e-96	301
BJJLIZOP_CDS_0142	OR062524.1	100.000	149	149	150431	2.37e-96	301
BJJLIZOP_CDS_0142	MW175890.1	100.000	149	149	150892	2.37e-96	301
BJJLIZOP_CDS_0142	OP172791.1	100.000	149	149	151113	2.37e-96	301
BJJLIZOP_CDS_0142	MK373788.1	100.000	149	149	151194	2.37e-96	301
BJJLIZOP_CDS_0142	MT496970.1	100.000	149	149	151202	2.37e-96	301
BJJLIZOP_CDS_0142	PQ433349.1	100.000	149	149	151245	2.37e-96	301
BJJLIZOP_CDS_0142	OP595145.1	100.000	149	149	151363	2.37e-96	301
BJJLIZOP_CDS_0142	OL505078.1	100.000	149	149	151425	2.37e-96	301
BJJLIZOP_CDS_0142	MZ726793.1	100.000	149	149	151660	2.37e-96	301
BJJLIZOP_CDS_0142	MH051333.1	100.000	149	149	151671	2.37e-96	301
BJJLIZOP_CDS_0142	OR062529.1	100.000	149	149	151980	2.37e-96	301
BJJLIZOP_CDS_0142	OR062526.1	100.000	149	149	151980	2.37e-96	301
BJJLIZOP_CDS_0142	MT944117.1	100.000	149	149	152343	2.37e-96	301
BJJLIZOP_CDS_0142	OM362897.1	100.000	149	149	152401	2.37e-96	301
BJJLIZOP_CDS_0142	OR352955.1	100.000	149	149	152808	2.37e-96	301
BJJLIZOP_CDS_0142	OM386667.1	100.000	149	149	156300	2.37e-96	301
BJJLIZOP_CDS_0142	OZ035743.1	99.329	149	149	142881	3.96e-96	301
BJJLIZOP_CDS_0142	OZ035771.1	99.329	149	149	144811	3.96e-96	301
BJJLIZOP_CDS_0142	MN850598.1	99.329	149	149	144998	3.96e-96	301
BJJLIZOP_CDS_0142	PQ826431.1	99.329	149	149	151106	3.96e-96	301
BJJLIZOP_CDS_0142	MN850571.1	99.329	149	149	151514	3.96e-96	301
BJJLIZOP_CDS_0142	MN850618.1	98.658	149	149	150473	7.51e-96	300
BJJLIZOP_CDS_0142	MH252123.1	99.329	149	149	150925	8.11e-96	300
BJJLIZOP_CDS_0142	JX561091.1	99.329	149	149	147737	8.19e-96	300
BJJLIZOP_CDS_0142	OR786310.1	99.329	149	149	149880	8.19e-96	300
BJJLIZOP_CDS_0142	PV191315.1	99.329	149	149	151674	8.19e-96	300
BJJLIZOP_CDS_0142	OL739525.1	99.329	149	149	151825	8.19e-96	300
BJJLIZOP_CDS_0142	LR746137.1	99.329	149	149	152148	8.19e-96	300
BJJLIZOP_CDS_0142	OL631481.1	98.658	149	149	149818	2.12e-95	298
BJJLIZOP_CDS_0142	MN850565.1	97.987	149	149	150947	2.59e-95	298
BJJLIZOP_CDS_0142	OQ031492.1	98.658	149	149	149246	8.37e-95	297
BJJLIZOP_CDS_0142	OP172792.1	97.987	149	149	151993	9.77e-95	296
BJJLIZOP_CDS_0142	OR544956.1	95.302	149	149	130723	2.91e-90	284
BJJLIZOP_CDS_0143	OQ031492.1	100.000	65	65	149246	2.91e-31	111
BJJLIZOP_CDS_0143	MN850648.1	100.000	65	65	149335	2.91e-31	111
BJJLIZOP_CDS_0143	OR062524.1	100.000	65	65	150431	2.91e-31	111
BJJLIZOP_CDS_0143	MZ726793.1	100.000	65	65	151660	2.91e-31	111
BJJLIZOP_CDS_0143	OR062529.1	100.000	65	65	151980	2.91e-31	111
BJJLIZOP_CDS_0143	OR062526.1	100.000	65	65	151980	2.91e-31	111
BJJLIZOP_CDS_0143	OR352955.1	100.000	65	65	152808	2.91e-31	111
BJJLIZOP_CDS_0143	PP129558.1	98.462	65	65	149967	5.53e-31	110
BJJLIZOP_CDS_0143	MW175890.1	98.462	65	65	150892	5.53e-31	110
BJJLIZOP_CDS_0143	OM362897.1	98.462	65	65	152401	5.53e-31	110
BJJLIZOP_CDS_0143	OM386659.1	98.462	65	65	149194	1.01e-30	109
BJJLIZOP_CDS_0143	OR352956.1	98.462	65	65	149254	1.01e-30	109
BJJLIZOP_CDS_0143	KX664695.3	98.462	65	65	149268	1.01e-30	109
BJJLIZOP_CDS_0143	MH160766.1	98.462	65	65	149803	1.01e-30	109
BJJLIZOP_CDS_0143	KX552041.2	98.462	65	65	149813	1.01e-30	109
BJJLIZOP_CDS_0143	OR067838.1	98.462	65	65	149856	1.01e-30	109
BJJLIZOP_CDS_0143	LR597654.1	98.462	65	65	150152	1.01e-30	109
BJJLIZOP_CDS_0143	MH252123.1	98.462	65	65	150925	1.01e-30	109
BJJLIZOP_CDS_0143	OP172791.1	98.462	65	65	151113	1.01e-30	109
BJJLIZOP_CDS_0143	MT496970.1	98.462	65	65	151202	1.01e-30	109
BJJLIZOP_CDS_0143	PQ433349.1	98.462	65	65	151245	1.01e-30	109
BJJLIZOP_CDS_0143	OL505078.1	98.462	65	65	151425	1.01e-30	109
BJJLIZOP_CDS_0143	MH051333.1	98.462	65	65	151671	1.01e-30	109
BJJLIZOP_CDS_0143	OM386667.1	98.462	65	65	156300	1.01e-30	109
BJJLIZOP_CDS_0143	OZ035743.1	96.923	65	65	142881	3.34e-30	108
BJJLIZOP_CDS_0143	OZ035771.1	96.923	65	65	144811	3.34e-30	108
BJJLIZOP_CDS_0143	MN850598.1	96.923	65	65	144998	3.34e-30	108
BJJLIZOP_CDS_0143	MN850571.1	96.923	65	65	151514	3.34e-30	108
BJJLIZOP_CDS_0143	PV191315.1	96.923	65	65	151674	6.86e-30	107
BJJLIZOP_CDS_0143	LR746137.1	96.923	65	65	152148	6.86e-30	107
BJJLIZOP_CDS_0143	OP172792.1	96.923	65	65	151993	7.64e-30	107
BJJLIZOP_CDS_0143	PV730300.1	96.923	65	65	146712	7.86e-30	107
BJJLIZOP_CDS_0143	PQ826431.1	95.385	65	65	151106	9.46e-30	107
BJJLIZOP_CDS_0143	OR437326.1	96.923	65	65	148445	1.07e-29	106
BJJLIZOP_CDS_0143	OM386656.1	96.923	65	65	149073	1.07e-29	106
BJJLIZOP_CDS_0143	MK373788.1	96.923	65	65	151194	1.07e-29	106
BJJLIZOP_CDS_0143	OZ035728.1	95.385	65	65	149471	1.28e-29	106
BJJLIZOP_CDS_0143	MT944117.1	95.385	65	65	152343	1.28e-29	106
BJJLIZOP_CDS_0143	OP595145.1	95.385	65	65	151363	1.61e-29	106
BJJLIZOP_CDS_0143	OL631481.1	95.385	65	65	149818	3.55e-29	105
BJJLIZOP_CDS_0143	MN850565.1	95.385	65	65	150947	3.66e-29	105
BJJLIZOP_CDS_0143	JX561091.1	93.846	65	65	147737	5.83e-29	104
BJJLIZOP_CDS_0143	OR786310.1	93.846	65	65	149880	5.83e-29	104
BJJLIZOP_CDS_0143	OL739525.1	93.846	65	65	151825	5.83e-29	104
BJJLIZOP_CDS_0143	MN850618.1	92.308	65	65	150473	4.33e-28	102
BJJLIZOP_CDS_0143	OR544956.1	73.077	52	65	130723	2.60e-08	46.2
BJJLIZOP_CDS_0143	OR544956.1	90.000	20	65	130723	9.00e-07	41.6
BJJLIZOP_CDS_0144	OR544956.1	100.000	72	72	130723	4.90e-45	150
BJJLIZOP_CDS_0144	OZ035743.1	100.000	72	72	142881	4.90e-45	150
BJJLIZOP_CDS_0144	OZ035771.1	100.000	72	72	144811	4.90e-45	150
BJJLIZOP_CDS_0144	MN850598.1	100.000	72	72	144998	4.90e-45	150
BJJLIZOP_CDS_0144	JX561091.1	100.000	72	72	147737	4.90e-45	150
BJJLIZOP_CDS_0144	OR437326.1	100.000	72	72	148445	4.90e-45	150
BJJLIZOP_CDS_0144	OM386656.1	100.000	72	72	149073	4.90e-45	150
BJJLIZOP_CDS_0144	OM386659.1	100.000	72	72	149194	4.90e-45	150
BJJLIZOP_CDS_0144	OQ031492.1	100.000	72	72	149246	4.90e-45	150
BJJLIZOP_CDS_0144	OR352956.1	100.000	72	72	149254	4.90e-45	150
BJJLIZOP_CDS_0144	KX664695.3	100.000	72	72	149268	4.90e-45	150
BJJLIZOP_CDS_0144	MN850648.1	100.000	72	72	149335	4.90e-45	150
BJJLIZOP_CDS_0144	OZ035728.1	100.000	72	72	149471	4.90e-45	150
BJJLIZOP_CDS_0144	MH160766.1	100.000	72	72	149803	4.90e-45	150
BJJLIZOP_CDS_0144	KX552041.2	100.000	72	72	149813	4.90e-45	150
BJJLIZOP_CDS_0144	OL631481.1	100.000	72	72	149818	4.90e-45	150
BJJLIZOP_CDS_0144	OR067838.1	100.000	72	72	149856	4.90e-45	150
BJJLIZOP_CDS_0144	OR786310.1	100.000	72	72	149880	4.90e-45	150
BJJLIZOP_CDS_0144	PP129558.1	100.000	72	72	149967	4.90e-45	150
BJJLIZOP_CDS_0144	LR597654.1	100.000	72	72	150152	4.90e-45	150
BJJLIZOP_CDS_0144	OR062524.1	100.000	72	72	150431	4.90e-45	150
BJJLIZOP_CDS_0144	MN850618.1	100.000	72	72	150473	4.90e-45	150
BJJLIZOP_CDS_0144	MW175890.1	100.000	72	72	150892	4.90e-45	150
BJJLIZOP_CDS_0144	MN850565.1	100.000	72	72	150947	4.90e-45	150
BJJLIZOP_CDS_0144	PQ826431.1	100.000	72	72	151106	4.90e-45	150
BJJLIZOP_CDS_0144	MK373788.1	100.000	72	72	151194	4.90e-45	150
BJJLIZOP_CDS_0144	MT496970.1	100.000	72	72	151202	4.90e-45	150
BJJLIZOP_CDS_0144	PQ433349.1	100.000	72	72	151245	4.90e-45	150
BJJLIZOP_CDS_0144	OP595145.1	100.000	72	72	151363	4.90e-45	150
BJJLIZOP_CDS_0144	OL505078.1	100.000	72	72	151425	4.90e-45	150
BJJLIZOP_CDS_0144	MN850571.1	100.000	72	72	151514	4.90e-45	150
BJJLIZOP_CDS_0144	MZ726793.1	100.000	72	72	151660	4.90e-45	150
BJJLIZOP_CDS_0144	MH051333.1	100.000	72	72	151671	4.90e-45	150
BJJLIZOP_CDS_0144	PV191315.1	100.000	72	72	151674	4.90e-45	150
BJJLIZOP_CDS_0144	OL739525.1	100.000	72	72	151825	4.90e-45	150
BJJLIZOP_CDS_0144	OR062529.1	100.000	72	72	151980	4.90e-45	150
BJJLIZOP_CDS_0144	OR062526.1	100.000	72	72	151980	4.90e-45	150
BJJLIZOP_CDS_0144	OP172792.1	100.000	72	72	151993	4.90e-45	150
BJJLIZOP_CDS_0144	MT944117.1	100.000	72	72	152343	4.90e-45	150
BJJLIZOP_CDS_0144	OM362897.1	100.000	72	72	152401	4.90e-45	150
BJJLIZOP_CDS_0144	OR352955.1	100.000	72	72	152808	4.90e-45	150
BJJLIZOP_CDS_0144	OM386667.1	100.000	72	72	156300	4.90e-45	150
BJJLIZOP_CDS_0144	MH252123.1	100.000	72	72	150925	6.01e-45	150
BJJLIZOP_CDS_0144	PV730300.1	98.611	72	72	146712	8.12e-45	150
BJJLIZOP_CDS_0144	LR746137.1	98.611	72	72	152148	4.36e-44	148
BJJLIZOP_CDS_0144	OP172791.1	98.611	72	72	151113	4.62e-44	148
BJJLIZOP_CDS_0145	JX561091.1	100.000	71	71	147737	5.63e-44	147
BJJLIZOP_CDS_0145	OM386659.1	100.000	71	71	149194	5.63e-44	147
BJJLIZOP_CDS_0145	KX664695.3	100.000	71	71	149268	5.63e-44	147
BJJLIZOP_CDS_0145	MH160766.1	100.000	71	71	149803	5.63e-44	147
BJJLIZOP_CDS_0145	KX552041.2	100.000	71	71	149813	5.63e-44	147
BJJLIZOP_CDS_0145	OR786310.1	100.000	71	71	149880	5.63e-44	147
BJJLIZOP_CDS_0145	LR597654.1	100.000	71	71	150152	5.63e-44	147
BJJLIZOP_CDS_0145	MN850618.1	100.000	71	71	150473	5.63e-44	147
BJJLIZOP_CDS_0145	MK373788.1	100.000	71	71	151194	5.63e-44	147
BJJLIZOP_CDS_0145	MT496970.1	100.000	71	71	151202	5.63e-44	147
BJJLIZOP_CDS_0145	OL505078.1	100.000	71	71	151425	5.63e-44	147
BJJLIZOP_CDS_0145	MH051333.1	100.000	71	71	151671	5.63e-44	147
BJJLIZOP_CDS_0145	OL739525.1	100.000	71	71	151825	5.63e-44	147
BJJLIZOP_CDS_0145	OM386667.1	100.000	71	71	156300	5.63e-44	147
BJJLIZOP_CDS_0145	OP172791.1	98.592	71	71	151113	1.86e-43	146
BJJLIZOP_CDS_0145	OR437326.1	98.592	71	71	148445	2.21e-43	146
BJJLIZOP_CDS_0145	OZ035728.1	98.592	71	71	149471	2.21e-43	146
BJJLIZOP_CDS_0145	PV191315.1	98.592	71	71	151674	2.21e-43	146
BJJLIZOP_CDS_0145	OR352955.1	98.592	71	71	152808	2.21e-43	146
BJJLIZOP_CDS_0145	MN850648.1	98.592	71	71	149335	3.14e-43	145
BJJLIZOP_CDS_0145	OM386656.1	98.592	71	71	149073	4.68e-43	145
BJJLIZOP_CDS_0145	OR544956.1	98.592	71	71	130723	4.86e-43	145
BJJLIZOP_CDS_0145	OZ035743.1	98.592	71	71	142881	4.86e-43	145
BJJLIZOP_CDS_0145	OZ035771.1	98.592	71	71	144811	4.86e-43	145
BJJLIZOP_CDS_0145	MN850598.1	98.592	71	71	144998	4.86e-43	145
BJJLIZOP_CDS_0145	PV730300.1	98.592	71	71	146712	4.86e-43	145
BJJLIZOP_CDS_0145	OQ031492.1	98.592	71	71	149246	4.86e-43	145
BJJLIZOP_CDS_0145	OL631481.1	98.592	71	71	149818	4.86e-43	145
BJJLIZOP_CDS_0145	OR062524.1	98.592	71	71	150431	4.86e-43	145
BJJLIZOP_CDS_0145	MW175890.1	98.592	71	71	150892	4.86e-43	145
BJJLIZOP_CDS_0145	PQ433349.1	98.592	71	71	151245	4.86e-43	145
BJJLIZOP_CDS_0145	OP595145.1	98.592	71	71	151363	4.86e-43	145
BJJLIZOP_CDS_0145	MZ726793.1	98.592	71	71	151660	4.86e-43	145
BJJLIZOP_CDS_0145	OR062529.1	98.592	71	71	151980	4.86e-43	145
BJJLIZOP_CDS_0145	OR062526.1	98.592	71	71	151980	4.86e-43	145
BJJLIZOP_CDS_0145	LR746137.1	98.592	71	71	152148	4.86e-43	145
BJJLIZOP_CDS_0145	OM362897.1	98.592	71	71	152401	4.86e-43	145
BJJLIZOP_CDS_0145	OR067838.1	98.592	71	71	149856	6.97e-43	144
BJJLIZOP_CDS_0145	PP129558.1	98.592	71	71	149967	6.97e-43	144
BJJLIZOP_CDS_0145	MN850565.1	97.183	71	71	150947	7.68e-43	144
BJJLIZOP_CDS_0145	MN850571.1	97.183	71	71	151514	7.68e-43	144
BJJLIZOP_CDS_0145	OP172792.1	97.183	71	71	151993	7.68e-43	144
BJJLIZOP_CDS_0145	MT944117.1	97.183	71	71	152343	7.68e-43	144
BJJLIZOP_CDS_0145	OR352956.1	97.183	71	71	149254	1.67e-42	143
BJJLIZOP_CDS_0145	PQ826431.1	97.183	71	71	151106	1.67e-42	143
BJJLIZOP_CDS_0145	MH252123.1	97.183	71	71	150925	1.88e-42	143
BJJLIZOP_CDS_0146	MH051333.1	100.000	31	31	151671	1.10e-15	65.1
BJJLIZOP_CDS_0146	MT496970.1	100.000	31	31	151202	1.10e-15	65.1
BJJLIZOP_CDS_0146	PQ826431.1	100.000	31	31	151106	1.10e-15	65.1
BJJLIZOP_CDS_0146	LR597654.1	100.000	31	31	150152	1.10e-15	65.1
BJJLIZOP_CDS_0146	OM386659.1	100.000	31	31	149194	1.10e-15	65.1
BJJLIZOP_CDS_0146	OZ035771.1	100.000	31	31	144811	1.10e-15	65.1
BJJLIZOP_CDS_0146	KX552041.2	96.774	31	31	149813	2.60e-15	63.9
BJJLIZOP_CDS_0146	OR352955.1	96.774	31	31	152808	4.90e-15	63.2
BJJLIZOP_CDS_0146	LR746137.1	96.774	31	31	152148	4.90e-15	63.2
BJJLIZOP_CDS_0146	OR062529.1	96.774	31	31	151980	4.90e-15	63.2
BJJLIZOP_CDS_0146	OR062526.1	96.774	31	31	151980	4.90e-15	63.2
BJJLIZOP_CDS_0146	OL505078.1	96.774	31	31	151425	4.90e-15	63.2
BJJLIZOP_CDS_0146	OP595145.1	96.774	31	31	151363	4.90e-15	63.2
BJJLIZOP_CDS_0146	PQ433349.1	96.774	31	31	151245	4.90e-15	63.2
BJJLIZOP_CDS_0146	OP172791.1	96.774	31	31	151113	4.90e-15	63.2
BJJLIZOP_CDS_0146	MW175890.1	96.774	31	31	150892	4.90e-15	63.2
BJJLIZOP_CDS_0146	OR062524.1	96.774	31	31	150431	4.90e-15	63.2
BJJLIZOP_CDS_0146	PP129558.1	96.774	31	31	149967	4.90e-15	63.2
BJJLIZOP_CDS_0146	OR067838.1	96.774	31	31	149856	4.90e-15	63.2
BJJLIZOP_CDS_0146	OZ035728.1	96.774	31	31	149471	4.90e-15	63.2
BJJLIZOP_CDS_0146	MN850648.1	96.774	31	31	149335	4.90e-15	63.2
BJJLIZOP_CDS_0146	OM386656.1	96.774	31	31	149073	4.90e-15	63.2
BJJLIZOP_CDS_0146	JX561091.1	96.774	31	31	147737	4.90e-15	63.2
BJJLIZOP_CDS_0146	PV730300.1	96.774	31	31	146712	4.90e-15	63.2
BJJLIZOP_CDS_0146	OR544956.1	96.774	31	31	130723	4.90e-15	63.2
BJJLIZOP_CDS_0146	OM362897.1	93.548	31	31	152401	1.37e-14	62.0
BJJLIZOP_CDS_0146	MT944117.1	93.548	31	31	152343	1.37e-14	62.0
BJJLIZOP_CDS_0146	OQ031492.1	93.548	31	31	149246	1.37e-14	62.0
BJJLIZOP_CDS_0146	OM386667.1	93.548	31	31	156300	1.38e-14	62.0
BJJLIZOP_CDS_0146	MH252123.1	93.548	31	31	150925	1.38e-14	62.0
BJJLIZOP_CDS_0146	OL631481.1	93.548	31	31	149818	1.38e-14	62.0
BJJLIZOP_CDS_0146	KX664695.3	93.548	31	31	149268	1.38e-14	62.0
BJJLIZOP_CDS_0146	OR352956.1	93.548	31	31	149254	1.38e-14	62.0
BJJLIZOP_CDS_0146	MN850598.1	93.548	31	31	144998	1.38e-14	62.0
BJJLIZOP_CDS_0146	OZ035743.1	93.548	31	31	142881	1.38e-14	62.0
BJJLIZOP_CDS_0146	MZ726793.1	90.323	31	31	151660	5.58e-14	60.1
BJJLIZOP_CDS_0146	OL739525.1	93.548	31	31	151825	5.74e-14	60.1
BJJLIZOP_CDS_0146	MK373788.1	93.548	31	31	151194	5.74e-14	60.1
BJJLIZOP_CDS_0146	MN850618.1	93.548	31	31	150473	5.74e-14	60.1
BJJLIZOP_CDS_0146	OR786310.1	93.548	31	31	149880	5.74e-14	60.1
BJJLIZOP_CDS_0146	MH160766.1	93.548	31	31	149803	5.74e-14	60.1
BJJLIZOP_CDS_0146	OR437326.1	93.548	31	31	148445	5.74e-14	60.1
BJJLIZOP_CDS_0146	MN850565.1	90.323	31	31	150947	8.57e-14	59.7
BJJLIZOP_CDS_0146	PV191315.1	90.323	31	31	151674	1.54e-13	58.9
BJJLIZOP_CDS_0146	OP172792.1	90.323	31	31	151993	2.37e-13	58.5
BJJLIZOP_CDS_0146	MN850571.1	87.097	31	31	151514	2.66e-13	58.2
BJJLIZOP_CDS_0147	OZ035743.1	100.000	69	69	142881	3.62e-39	134
BJJLIZOP_CDS_0147	MN850598.1	100.000	69	69	144998	3.62e-39	134
BJJLIZOP_CDS_0147	JX561091.1	100.000	69	69	147737	3.62e-39	134
BJJLIZOP_CDS_0147	KX664695.3	100.000	69	69	149268	3.62e-39	134
BJJLIZOP_CDS_0147	MH252123.1	100.000	69	69	150925	3.62e-39	134
BJJLIZOP_CDS_0147	OP595145.1	100.000	69	69	151363	3.62e-39	134
BJJLIZOP_CDS_0147	OM386667.1	100.000	69	69	156300	3.62e-39	134
BJJLIZOP_CDS_0147	OR352956.1	98.551	69	69	149254	5.44e-39	133
BJJLIZOP_CDS_0147	OM386656.1	98.551	69	69	149073	1.20e-38	132
BJJLIZOP_CDS_0147	PV730300.1	97.101	69	69	146712	1.21e-38	132
BJJLIZOP_CDS_0147	MN850648.1	98.551	69	69	149335	1.38e-38	132
BJJLIZOP_CDS_0147	OZ035771.1	97.101	69	69	144811	2.38e-38	131
BJJLIZOP_CDS_0147	KX552041.2	97.101	69	69	149813	2.38e-38	131
BJJLIZOP_CDS_0147	LR597654.1	97.101	69	69	150152	2.38e-38	131
BJJLIZOP_CDS_0147	MH051333.1	97.101	69	69	151671	2.38e-38	131
BJJLIZOP_CDS_0147	PV191315.1	97.101	69	69	151674	2.38e-38	131
BJJLIZOP_CDS_0147	OR352955.1	97.101	69	69	152808	2.38e-38	131
BJJLIZOP_CDS_0147	OR544956.1	98.551	69	69	130723	2.95e-38	131
BJJLIZOP_CDS_0147	OL631481.1	98.551	69	69	149818	2.95e-38	131
BJJLIZOP_CDS_0147	MW175890.1	98.551	69	69	150892	2.95e-38	131
BJJLIZOP_CDS_0147	PQ433349.1	98.551	69	69	151245	2.95e-38	131
BJJLIZOP_CDS_0147	LR746137.1	98.551	69	69	152148	2.95e-38	131
BJJLIZOP_CDS_0147	OR437326.1	97.101	69	69	148445	3.91e-38	130
BJJLIZOP_CDS_0147	OM386659.1	97.101	69	69	149194	4.84e-38	130
BJJLIZOP_CDS_0147	OQ031492.1	97.101	69	69	149246	4.84e-38	130
BJJLIZOP_CDS_0147	OZ035728.1	97.101	69	69	149471	4.84e-38	130
BJJLIZOP_CDS_0147	MH160766.1	97.101	69	69	149803	4.84e-38	130
BJJLIZOP_CDS_0147	OR067838.1	97.101	69	69	149856	4.84e-38	130
BJJLIZOP_CDS_0147	OR786310.1	97.101	69	69	149880	4.84e-38	130
BJJLIZOP_CDS_0147	PP129558.1	97.101	69	69	149967	4.84e-38	130
BJJLIZOP_CDS_0147	OR062524.1	97.101	69	69	150431	4.84e-38	130
BJJLIZOP_CDS_0147	MN850618.1	97.101	69	69	150473	4.84e-38	130
BJJLIZOP_CDS_0147	PQ826431.1	97.101	69	69	151106	4.84e-38	130
BJJLIZOP_CDS_0147	OP172791.1	97.101	69	69	151113	4.84e-38	130
BJJLIZOP_CDS_0147	MK373788.1	97.101	69	69	151194	4.84e-38	130
BJJLIZOP_CDS_0147	MT496970.1	97.101	69	69	151202	4.84e-38	130
BJJLIZOP_CDS_0147	OL505078.1	97.101	69	69	151425	4.84e-38	130
BJJLIZOP_CDS_0147	MZ726793.1	97.101	69	69	151660	4.84e-38	130
BJJLIZOP_CDS_0147	OL739525.1	97.101	69	69	151825	4.84e-38	130
BJJLIZOP_CDS_0147	OR062529.1	97.101	69	69	151980	4.84e-38	130
BJJLIZOP_CDS_0147	OR062526.1	97.101	69	69	151980	4.84e-38	130
BJJLIZOP_CDS_0147	OP172792.1	97.101	69	69	151993	4.84e-38	130
BJJLIZOP_CDS_0147	MT944117.1	97.101	69	69	152343	4.84e-38	130
BJJLIZOP_CDS_0147	OM362897.1	97.101	69	69	152401	4.84e-38	130
BJJLIZOP_CDS_0147	MN850565.1	94.203	69	69	150947	8.11e-37	127
BJJLIZOP_CDS_0147	MN850571.1	94.203	69	69	151514	8.11e-37	127
BJJLIZOP_CDS_0148	OZ035728.1	97.842	139	139	149471	1.09e-89	282
BJJLIZOP_CDS_0148	MN850648.1	97.122	139	139	149335	1.24e-89	281
BJJLIZOP_CDS_0148	KX552041.2	97.122	139	139	149813	1.24e-89	281
BJJLIZOP_CDS_0148	MH051333.1	97.122	139	139	151671	1.24e-89	281
BJJLIZOP_CDS_0148	OR437326.1	97.122	139	139	148445	2.25e-89	281
BJJLIZOP_CDS_0148	PV730300.1	97.122	139	139	146712	4.55e-89	280
BJJLIZOP_CDS_0148	OR544956.1	96.403	139	139	130723	5.58e-89	280
BJJLIZOP_CDS_0148	OZ035743.1	96.403	139	139	142881	5.58e-89	280
BJJLIZOP_CDS_0148	MT496970.1	96.403	139	139	151202	5.58e-89	280
BJJLIZOP_CDS_0148	OP595145.1	96.403	139	139	151363	5.58e-89	280
BJJLIZOP_CDS_0148	OL631481.1	96.403	139	139	149818	5.97e-89	280
BJJLIZOP_CDS_0148	OM386656.1	97.122	139	139	149073	6.84e-89	280
BJJLIZOP_CDS_0148	OZ035771.1	95.683	139	139	144811	6.90e-89	280
BJJLIZOP_CDS_0148	LR597654.1	96.403	139	139	150152	8.46e-89	279
BJJLIZOP_CDS_0148	OR786310.1	97.122	139	139	149880	1.27e-88	279
BJJLIZOP_CDS_0148	PQ826431.1	97.122	139	139	151106	1.27e-88	279
BJJLIZOP_CDS_0148	OL505078.1	97.122	139	139	151425	1.27e-88	279
BJJLIZOP_CDS_0148	OL739525.1	97.122	139	139	151825	1.27e-88	279
BJJLIZOP_CDS_0148	OR062524.1	96.403	139	139	150431	1.37e-88	278
BJJLIZOP_CDS_0148	OR062529.1	96.403	139	139	151980	1.37e-88	278
BJJLIZOP_CDS_0148	OR062526.1	96.403	139	139	151980	1.37e-88	278
BJJLIZOP_CDS_0148	KX664695.3	95.683	139	139	149268	1.60e-88	278
BJJLIZOP_CDS_0148	OM386667.1	95.683	139	139	156300	1.60e-88	278
BJJLIZOP_CDS_0148	OQ031492.1	95.683	139	139	149246	1.72e-88	278
BJJLIZOP_CDS_0148	MW175890.1	95.683	139	139	150892	1.72e-88	278
BJJLIZOP_CDS_0148	MZ726793.1	95.683	139	139	151660	1.72e-88	278
BJJLIZOP_CDS_0148	PV191315.1	95.683	139	139	151674	1.72e-88	278
BJJLIZOP_CDS_0148	OR067838.1	95.683	139	139	149856	2.65e-88	278
BJJLIZOP_CDS_0148	PP129558.1	95.683	139	139	149967	2.65e-88	278
BJJLIZOP_CDS_0148	MH160766.1	95.683	139	139	149803	3.04e-88	278
BJJLIZOP_CDS_0148	MK373788.1	95.683	139	139	151194	3.04e-88	278
BJJLIZOP_CDS_0148	OP172791.1	96.403	139	139	151113	3.28e-88	278
BJJLIZOP_CDS_0148	OP172792.1	96.403	139	139	151993	3.28e-88	278
BJJLIZOP_CDS_0148	OM386659.1	95.683	139	139	149194	6.47e-88	276
BJJLIZOP_CDS_0148	MN850565.1	95.683	139	139	150947	7.77e-88	276
BJJLIZOP_CDS_0148	PQ433349.1	95.683	139	139	151245	7.77e-88	276
BJJLIZOP_CDS_0148	MN850571.1	95.683	139	139	151514	7.77e-88	276
BJJLIZOP_CDS_0148	MN850598.1	95.683	139	139	144998	1.24e-87	276
BJJLIZOP_CDS_0148	MN850618.1	94.245	139	139	150473	1.39e-87	276
BJJLIZOP_CDS_0148	JX561091.1	94.245	139	139	147737	3.66e-87	275
BJJLIZOP_CDS_0148	LR746137.1	94.245	139	139	152148	3.66e-87	275
BJJLIZOP_CDS_0148	MT944117.1	94.245	139	139	152343	3.66e-87	275
BJJLIZOP_CDS_0148	OM362897.1	94.245	139	139	152401	3.66e-87	275
BJJLIZOP_CDS_0148	OR352956.1	94.964	139	139	149254	4.36e-87	274
BJJLIZOP_CDS_0148	OR352955.1	94.245	139	139	152808	8.10e-87	273
BJJLIZOP_CDS_0148	MH252123.1	94.245	139	139	150925	1.12e-86	273
BJJLIZOP_CDS_0149	OM386656.1	100.000	44	44	149073	1.03e-14	63.2
BJJLIZOP_CDS_0149	OM386656.1	100.000	38	44	149073	1.19e-10	51.6
BJJLIZOP_CDS_0149	OM386667.1	100.000	44	44	156300	1.18e-14	62.8
BJJLIZOP_CDS_0149	OR352955.1	100.000	44	44	152808	1.18e-14	62.8
BJJLIZOP_CDS_0149	OM362897.1	100.000	44	44	152401	1.18e-14	62.8
BJJLIZOP_CDS_0149	MT944117.1	100.000	44	44	152343	1.18e-14	62.8
BJJLIZOP_CDS_0149	LR746137.1	100.000	44	44	152148	1.18e-14	62.8
BJJLIZOP_CDS_0149	OP172792.1	100.000	44	44	151993	1.18e-14	62.8
BJJLIZOP_CDS_0149	OR062529.1	100.000	44	44	151980	1.18e-14	62.8
BJJLIZOP_CDS_0149	OR062526.1	100.000	44	44	151980	1.18e-14	62.8
BJJLIZOP_CDS_0149	OL739525.1	100.000	44	44	151825	1.18e-14	62.8
BJJLIZOP_CDS_0149	PV191315.1	100.000	44	44	151674	1.18e-14	62.8
BJJLIZOP_CDS_0149	MH051333.1	100.000	44	44	151671	1.18e-14	62.8
BJJLIZOP_CDS_0149	MZ726793.1	100.000	44	44	151660	1.18e-14	62.8
BJJLIZOP_CDS_0149	MN850571.1	100.000	44	44	151514	1.18e-14	62.8
BJJLIZOP_CDS_0149	OL505078.1	100.000	44	44	151425	1.18e-14	62.8
BJJLIZOP_CDS_0149	OP595145.1	100.000	44	44	151363	1.18e-14	62.8
BJJLIZOP_CDS_0149	PQ433349.1	100.000	44	44	151245	1.18e-14	62.8
BJJLIZOP_CDS_0149	MT496970.1	100.000	44	44	151202	1.18e-14	62.8
BJJLIZOP_CDS_0149	OP172791.1	100.000	44	44	151113	1.18e-14	62.8
BJJLIZOP_CDS_0149	PQ826431.1	100.000	44	44	151106	1.18e-14	62.8
BJJLIZOP_CDS_0149	MN850565.1	100.000	44	44	150947	1.18e-14	62.8
BJJLIZOP_CDS_0149	MH252123.1	100.000	44	44	150925	1.18e-14	62.8
BJJLIZOP_CDS_0149	MW175890.1	100.000	44	44	150892	1.18e-14	62.8
BJJLIZOP_CDS_0149	MN850618.1	100.000	44	44	150473	1.18e-14	62.8
BJJLIZOP_CDS_0149	OR062524.1	100.000	44	44	150431	1.18e-14	62.8
BJJLIZOP_CDS_0149	LR597654.1	100.000	44	44	150152	1.18e-14	62.8
BJJLIZOP_CDS_0149	PP129558.1	100.000	44	44	149967	1.18e-14	62.8
BJJLIZOP_CDS_0149	OR786310.1	100.000	44	44	149880	1.18e-14	62.8
BJJLIZOP_CDS_0149	OR067838.1	100.000	44	44	149856	1.18e-14	62.8
BJJLIZOP_CDS_0149	OL631481.1	100.000	44	44	149818	1.18e-14	62.8
BJJLIZOP_CDS_0149	KX552041.2	100.000	44	44	149813	1.18e-14	62.8
BJJLIZOP_CDS_0149	MH160766.1	100.000	44	44	149803	1.18e-14	62.8
BJJLIZOP_CDS_0149	OZ035728.1	100.000	44	44	149471	1.18e-14	62.8
BJJLIZOP_CDS_0149	MN850648.1	100.000	44	44	149335	1.18e-14	62.8
BJJLIZOP_CDS_0149	KX664695.3	100.000	44	44	149268	1.18e-14	62.8
BJJLIZOP_CDS_0149	OR352956.1	100.000	44	44	149254	1.18e-14	62.8
BJJLIZOP_CDS_0149	OQ031492.1	100.000	44	44	149246	1.18e-14	62.8
BJJLIZOP_CDS_0149	OM386659.1	100.000	44	44	149194	1.18e-14	62.8
BJJLIZOP_CDS_0149	OR437326.1	100.000	44	44	148445	1.18e-14	62.8
BJJLIZOP_CDS_0149	JX561091.1	100.000	44	44	147737	1.18e-14	62.8
BJJLIZOP_CDS_0149	PV730300.1	100.000	44	44	146712	1.18e-14	62.8
BJJLIZOP_CDS_0149	MN850598.1	100.000	44	44	144998	1.18e-14	62.8
BJJLIZOP_CDS_0149	OZ035771.1	100.000	44	44	144811	1.18e-14	62.8
BJJLIZOP_CDS_0149	OZ035743.1	100.000	44	44	142881	1.18e-14	62.8
BJJLIZOP_CDS_0149	OR544956.1	100.000	44	44	130723	1.18e-14	62.8
BJJLIZOP_CDS_0149	MK373788.1	100.000	18	44	151194	1.02e-07	38.9
BJJLIZOP_CDS_0149	MK373788.1	100.000	13	44	151194	1.02e-07	29.3
BJJLIZOP_CDS_0150	OM386659.1	100.000	67	67	149194	9.77e-42	141
BJJLIZOP_CDS_0150	PP129558.1	100.000	67	67	149967	9.77e-42	141
BJJLIZOP_CDS_0150	MH252123.1	100.000	67	67	150925	9.77e-42	141
BJJLIZOP_CDS_0150	LR746137.1	97.015	67	67	152148	1.54e-40	137
BJJLIZOP_CDS_0150	OR352956.1	97.015	67	67	149254	2.58e-40	137
BJJLIZOP_CDS_0150	MN850565.1	97.015	67	67	150947	2.58e-40	137
BJJLIZOP_CDS_0150	OR437326.1	95.522	67	67	148445	3.52e-40	136
BJJLIZOP_CDS_0150	OQ031492.1	95.522	67	67	149246	3.52e-40	136
BJJLIZOP_CDS_0150	OR786310.1	95.522	67	67	149880	3.52e-40	136
BJJLIZOP_CDS_0150	MN850618.1	95.522	67	67	150473	3.52e-40	136
BJJLIZOP_CDS_0150	PQ826431.1	95.522	67	67	151106	3.52e-40	136
BJJLIZOP_CDS_0150	OP172791.1	95.522	67	67	151113	3.52e-40	136
BJJLIZOP_CDS_0150	MZ726793.1	95.522	67	67	151660	3.52e-40	136
BJJLIZOP_CDS_0150	PV191315.1	95.522	67	67	151674	3.52e-40	136
BJJLIZOP_CDS_0150	OL739525.1	95.522	67	67	151825	3.52e-40	136
BJJLIZOP_CDS_0150	OP172792.1	95.522	67	67	151993	3.52e-40	136
BJJLIZOP_CDS_0150	MT944117.1	95.522	67	67	152343	3.52e-40	136
BJJLIZOP_CDS_0150	OM362897.1	95.522	67	67	152401	3.52e-40	136
BJJLIZOP_CDS_0150	OR067838.1	97.015	67	67	149856	4.23e-40	136
BJJLIZOP_CDS_0150	OR352955.1	98.462	65	67	152808	8.85e-40	135
BJJLIZOP_CDS_0150	OZ035728.1	94.030	67	67	149471	9.57e-40	135
BJJLIZOP_CDS_0150	OM386656.1	95.522	67	67	149073	1.31e-39	135
BJJLIZOP_CDS_0150	OR544956.1	94.030	67	67	130723	1.51e-39	135
BJJLIZOP_CDS_0150	PV730300.1	94.030	67	67	146712	1.51e-39	135
BJJLIZOP_CDS_0150	MH160766.1	94.030	67	67	149803	1.51e-39	135
BJJLIZOP_CDS_0150	KX552041.2	94.030	67	67	149813	1.51e-39	135
BJJLIZOP_CDS_0150	LR597654.1	94.030	67	67	150152	1.51e-39	135
BJJLIZOP_CDS_0150	MW175890.1	94.030	67	67	150892	1.51e-39	135
BJJLIZOP_CDS_0150	MT496970.1	94.030	67	67	151202	1.51e-39	135
BJJLIZOP_CDS_0150	MH051333.1	94.030	67	67	151671	1.51e-39	135
BJJLIZOP_CDS_0150	MN850648.1	92.537	67	67	149335	2.50e-39	134
BJJLIZOP_CDS_0150	JX561091.1	94.030	67	67	147737	2.73e-39	134
BJJLIZOP_CDS_0150	MN850598.1	92.537	67	67	144998	1.18e-38	132
BJJLIZOP_CDS_0150	KX664695.3	92.537	67	67	149268	1.18e-38	132
BJJLIZOP_CDS_0150	OM386667.1	92.537	67	67	156300	1.18e-38	132
BJJLIZOP_CDS_0150	PQ433349.1	91.045	67	67	151245	2.02e-38	131
BJJLIZOP_CDS_0150	MN850571.1	91.045	67	67	151514	2.02e-38	131
BJJLIZOP_CDS_0150	OP595145.1	91.045	67	67	151363	3.25e-38	131
BJJLIZOP_CDS_0150	OZ035743.1	91.045	67	67	142881	4.48e-38	130
BJJLIZOP_CDS_0150	OZ035771.1	93.846	65	67	144811	5.55e-38	130
BJJLIZOP_CDS_0150	OL631481.1	95.312	64	67	149818	7.80e-38	130
BJJLIZOP_CDS_0150	OR062524.1	91.045	67	67	150431	1.01e-36	127
BJJLIZOP_CDS_0150	OR062529.1	91.045	67	67	151980	1.01e-36	127
BJJLIZOP_CDS_0150	OR062526.1	91.045	67	67	151980	1.01e-36	127
BJJLIZOP_CDS_0150	MK373788.1	88.060	67	67	151194	5.09e-34	119
BJJLIZOP_CDS_0150	OL505078.1	92.727	55	67	151425	2.88e-31	111
BJJLIZOP_CDS_0151	OM386656.1	99.107	112	112	149073	4.00e-73	233
BJJLIZOP_CDS_0151	OM386659.1	99.107	112	112	149194	4.00e-73	233
BJJLIZOP_CDS_0151	MH160766.1	99.107	112	112	149803	4.00e-73	233
BJJLIZOP_CDS_0151	MH160766.1	33.028	109	112	149803	8.95e-06	40.8
BJJLIZOP_CDS_0151	PP129558.1	99.107	112	112	149967	4.00e-73	233
BJJLIZOP_CDS_0151	PP129558.1	33.028	109	112	149967	8.95e-06	40.8
BJJLIZOP_CDS_0151	OR352955.1	99.107	112	112	152808	4.00e-73	233
BJJLIZOP_CDS_0151	MK373788.1	98.214	112	112	151194	1.03e-72	232
BJJLIZOP_CDS_0151	MK373788.1	31.776	107	112	151194	6.57e-06	41.2
BJJLIZOP_CDS_0151	OR062524.1	97.321	112	112	150431	3.03e-72	230
BJJLIZOP_CDS_0151	OR062529.1	97.321	112	112	151980	3.03e-72	230
BJJLIZOP_CDS_0151	OR062526.1	97.321	112	112	151980	3.03e-72	230
BJJLIZOP_CDS_0151	OL505078.1	96.429	112	112	151425	1.72e-71	228
BJJLIZOP_CDS_0151	OR352956.1	95.536	112	112	149254	1.97e-71	228
BJJLIZOP_CDS_0151	MN850648.1	96.429	112	112	149335	2.00e-71	228
BJJLIZOP_CDS_0151	MN850598.1	95.536	112	112	144998	4.23e-71	227
BJJLIZOP_CDS_0151	MN850565.1	94.643	112	112	150947	8.75e-71	226
BJJLIZOP_CDS_0151	OZ035743.1	94.643	112	112	142881	9.45e-71	226
BJJLIZOP_CDS_0151	PV730300.1	94.643	112	112	146712	9.45e-71	226
BJJLIZOP_CDS_0151	KX664695.3	94.643	112	112	149268	9.45e-71	226
BJJLIZOP_CDS_0151	KX552041.2	94.643	112	112	149813	9.45e-71	226
BJJLIZOP_CDS_0151	LR597654.1	94.643	112	112	150152	9.45e-71	226
BJJLIZOP_CDS_0151	PQ433349.1	94.643	112	112	151245	9.45e-71	226
BJJLIZOP_CDS_0151	MH051333.1	94.643	112	112	151671	9.45e-71	226
BJJLIZOP_CDS_0151	OM386667.1	94.643	112	112	156300	9.45e-71	226
BJJLIZOP_CDS_0151	OR544956.1	94.643	112	112	130723	1.17e-70	226
BJJLIZOP_CDS_0151	JX561091.1	94.643	112	112	147737	1.17e-70	226
BJJLIZOP_CDS_0151	OR437326.1	94.643	112	112	148445	1.17e-70	226
BJJLIZOP_CDS_0151	OQ031492.1	94.643	112	112	149246	1.17e-70	226
BJJLIZOP_CDS_0151	OZ035728.1	94.643	112	112	149471	1.17e-70	226
BJJLIZOP_CDS_0151	OR067838.1	94.643	112	112	149856	1.17e-70	226
BJJLIZOP_CDS_0151	OR786310.1	94.643	112	112	149880	1.17e-70	226
BJJLIZOP_CDS_0151	MN850618.1	94.643	112	112	150473	1.17e-70	226
BJJLIZOP_CDS_0151	MW175890.1	94.643	112	112	150892	1.17e-70	226
BJJLIZOP_CDS_0151	OP172791.1	94.643	112	112	151113	1.17e-70	226
BJJLIZOP_CDS_0151	OP595145.1	94.643	112	112	151363	1.17e-70	226
BJJLIZOP_CDS_0151	MZ726793.1	94.643	112	112	151660	1.17e-70	226
BJJLIZOP_CDS_0151	PV191315.1	94.643	112	112	151674	1.17e-70	226
BJJLIZOP_CDS_0151	OL739525.1	94.643	112	112	151825	1.17e-70	226
BJJLIZOP_CDS_0151	OP172792.1	94.643	112	112	151993	1.17e-70	226
BJJLIZOP_CDS_0151	MT944117.1	94.643	112	112	152343	1.17e-70	226
BJJLIZOP_CDS_0151	MT496970.1	93.750	112	112	151202	1.72e-70	225
BJJLIZOP_CDS_0151	MN850571.1	93.750	112	112	151514	2.35e-70	225
BJJLIZOP_CDS_0151	MN850571.1	33.028	109	112	151514	8.95e-06	40.8
BJJLIZOP_CDS_0151	LR746137.1	93.750	112	112	152148	5.01e-70	224
BJJLIZOP_CDS_0151	PQ826431.1	93.750	112	112	151106	5.15e-70	224
BJJLIZOP_CDS_0151	MH252123.1	92.857	112	112	150925	1.44e-69	223
BJJLIZOP_CDS_0151	OM362897.1	93.750	112	112	152401	1.80e-69	223
BJJLIZOP_CDS_0151	OL631481.1	92.793	111	112	149818	1.06e-68	220
BJJLIZOP_CDS_0151	OZ035771.1	88.060	67	112	144811	1.03e-36	129
BJJLIZOP_CDS_0151	OZ035771.1	70.667	75	112	144811	1.07e-27	103
BJJLIZOP_CDS_0152	OZ035743.1	100.000	203	203	142881	7.29e-138	423
BJJLIZOP_CDS_0152	MN850598.1	100.000	203	203	144998	7.29e-138	423
BJJLIZOP_CDS_0152	OR352956.1	100.000	203	203	149254	7.29e-138	423
BJJLIZOP_CDS_0152	LR597654.1	100.000	203	203	150152	7.29e-138	423
BJJLIZOP_CDS_0152	MN850565.1	100.000	203	203	150947	7.29e-138	423
BJJLIZOP_CDS_0152	MT496970.1	100.000	203	203	151202	7.29e-138	423
BJJLIZOP_CDS_0152	PQ433349.1	100.000	203	203	151245	7.29e-138	423
BJJLIZOP_CDS_0152	MH051333.1	100.000	203	203	151671	7.29e-138	423
BJJLIZOP_CDS_0152	OR544956.1	99.507	203	203	130723	9.47e-138	422
BJJLIZOP_CDS_0152	OQ031492.1	99.507	203	203	149246	9.47e-138	422
BJJLIZOP_CDS_0152	KX664695.3	99.507	203	203	149268	9.47e-138	422
BJJLIZOP_CDS_0152	KX552041.2	99.507	203	203	149813	9.47e-138	422
BJJLIZOP_CDS_0152	OR786310.1	99.507	203	203	149880	9.47e-138	422
BJJLIZOP_CDS_0152	MW175890.1	99.507	203	203	150892	9.47e-138	422
BJJLIZOP_CDS_0152	MK373788.1	99.507	203	203	151194	9.47e-138	422
BJJLIZOP_CDS_0152	MN850571.1	99.507	203	203	151514	9.47e-138	422
BJJLIZOP_CDS_0152	MZ726793.1	99.507	203	203	151660	9.47e-138	422
BJJLIZOP_CDS_0152	OL739525.1	99.507	203	203	151825	9.47e-138	422
BJJLIZOP_CDS_0152	LR746137.1	99.507	203	203	152148	9.47e-138	422
BJJLIZOP_CDS_0152	OM362897.1	99.507	203	203	152401	9.47e-138	422
BJJLIZOP_CDS_0152	OM386667.1	99.507	203	203	156300	9.47e-138	422
BJJLIZOP_CDS_0152	JX561091.1	99.015	203	203	147737	1.68e-137	422
BJJLIZOP_CDS_0152	MN850618.1	99.015	203	203	150473	1.68e-137	422
BJJLIZOP_CDS_0152	MT944117.1	99.015	203	203	152343	1.68e-137	422
BJJLIZOP_CDS_0152	MN850648.1	99.507	203	203	149335	1.92e-137	422
BJJLIZOP_CDS_0152	PQ826431.1	99.507	203	203	151106	1.92e-137	422
BJJLIZOP_CDS_0152	OP172791.1	99.507	203	203	151113	1.92e-137	422
BJJLIZOP_CDS_0152	OL505078.1	99.507	203	203	151425	1.92e-137	422
BJJLIZOP_CDS_0152	OP172792.1	99.507	203	203	151993	1.92e-137	422
BJJLIZOP_CDS_0152	OM386659.1	99.015	203	203	149194	3.46e-137	421
BJJLIZOP_CDS_0152	MH160766.1	99.015	203	203	149803	3.46e-137	421
BJJLIZOP_CDS_0152	PP129558.1	99.015	203	203	149967	3.46e-137	421
BJJLIZOP_CDS_0152	OR352955.1	99.015	203	203	152808	3.46e-137	421
BJJLIZOP_CDS_0152	OM386656.1	99.015	203	203	149073	3.71e-137	421
BJJLIZOP_CDS_0152	PV191315.1	98.522	203	203	151674	1.52e-136	419
BJJLIZOP_CDS_0152	OZ035771.1	99.015	203	203	144811	1.71e-136	419
BJJLIZOP_CDS_0152	MH252123.1	98.522	203	203	150925	2.91e-136	418
BJJLIZOP_CDS_0152	OL631481.1	98.030	203	203	149818	4.58e-136	418
BJJLIZOP_CDS_0152	PV730300.1	98.522	203	203	146712	7.66e-136	417
BJJLIZOP_CDS_0152	OR067838.1	96.552	203	203	149856	8.19e-135	414
BJJLIZOP_CDS_0152	OR062524.1	96.552	203	203	150431	8.20e-135	414
BJJLIZOP_CDS_0152	OR062529.1	96.552	203	203	151980	8.20e-135	414
BJJLIZOP_CDS_0152	OR062526.1	96.552	203	203	151980	8.20e-135	414
BJJLIZOP_CDS_0152	OR437326.1	99.459	185	203	148445	4.92e-123	380
BJJLIZOP_CDS_0152	OR437326.1	100.000	19	203	148445	1.60e-06	45.8
BJJLIZOP_CDS_0152	OP595145.1	99.180	122	203	151363	2.25e-114	250
BJJLIZOP_CDS_0152	OP595145.1	100.000	83	203	151363	2.25e-114	177
BJJLIZOP_CDS_0152	OZ035728.1	98.374	123	203	149471	1.62e-113	251
BJJLIZOP_CDS_0152	OZ035728.1	96.386	83	203	149471	1.62e-113	174
BJJLIZOP_CDS_0153	OZ035743.1	98.889	90	90	142881	1.67e-57	187
BJJLIZOP_CDS_0153	MN850598.1	98.889	90	90	144998	1.67e-57	187
BJJLIZOP_CDS_0153	JX561091.1	98.889	90	90	147737	1.67e-57	187
BJJLIZOP_CDS_0153	OM386656.1	98.889	90	90	149073	1.67e-57	187
BJJLIZOP_CDS_0153	OQ031492.1	98.889	90	90	149246	1.67e-57	187
BJJLIZOP_CDS_0153	OR352956.1	98.889	90	90	149254	1.67e-57	187
BJJLIZOP_CDS_0153	MN850648.1	98.889	90	90	149335	1.67e-57	187
BJJLIZOP_CDS_0153	OZ035728.1	98.889	90	90	149471	1.67e-57	187
BJJLIZOP_CDS_0153	MH160766.1	98.889	90	90	149803	1.67e-57	187
BJJLIZOP_CDS_0153	KX552041.2	98.889	90	90	149813	1.67e-57	187
BJJLIZOP_CDS_0153	OR786310.1	98.889	90	90	149880	1.67e-57	187
BJJLIZOP_CDS_0153	PP129558.1	98.889	90	90	149967	1.67e-57	187
BJJLIZOP_CDS_0153	LR597654.1	98.889	90	90	150152	1.67e-57	187
BJJLIZOP_CDS_0153	MN850618.1	98.889	90	90	150473	1.67e-57	187
BJJLIZOP_CDS_0153	MN850565.1	98.889	90	90	150947	1.67e-57	187
BJJLIZOP_CDS_0153	OP172791.1	98.889	90	90	151113	1.67e-57	187
BJJLIZOP_CDS_0153	MT496970.1	98.889	90	90	151202	1.67e-57	187
BJJLIZOP_CDS_0153	PQ433349.1	98.889	90	90	151245	1.67e-57	187
BJJLIZOP_CDS_0153	OP595145.1	98.889	90	90	151363	1.67e-57	187
BJJLIZOP_CDS_0153	OL505078.1	98.889	90	90	151425	1.67e-57	187
BJJLIZOP_CDS_0153	MZ726793.1	98.889	90	90	151660	1.67e-57	187
BJJLIZOP_CDS_0153	MH051333.1	98.889	90	90	151671	1.67e-57	187
BJJLIZOP_CDS_0153	PV191315.1	98.889	90	90	151674	1.67e-57	187
BJJLIZOP_CDS_0153	OL739525.1	98.889	90	90	151825	1.67e-57	187
BJJLIZOP_CDS_0153	OP172792.1	98.889	90	90	151993	1.67e-57	187
BJJLIZOP_CDS_0153	MT944117.1	98.889	90	90	152343	1.67e-57	187
BJJLIZOP_CDS_0153	PV730300.1	97.778	90	90	146712	4.07e-57	186
BJJLIZOP_CDS_0153	PQ826431.1	97.778	90	90	151106	6.12e-57	186
BJJLIZOP_CDS_0153	OR544956.1	97.778	90	90	130723	6.88e-57	185
BJJLIZOP_CDS_0153	OL631481.1	97.778	90	90	149818	6.88e-57	185
BJJLIZOP_CDS_0153	MW175890.1	97.778	90	90	150892	6.88e-57	185
BJJLIZOP_CDS_0153	MH252123.1	97.778	90	90	150925	6.88e-57	185
BJJLIZOP_CDS_0153	LR746137.1	97.778	90	90	152148	6.88e-57	185
BJJLIZOP_CDS_0153	MN850571.1	97.778	90	90	151514	7.29e-57	185
BJJLIZOP_CDS_0153	MK373788.1	97.778	90	90	151194	8.03e-57	185
BJJLIZOP_CDS_0153	OR437326.1	96.667	90	90	148445	9.75e-57	185
BJJLIZOP_CDS_0153	OZ035771.1	96.667	90	90	144811	2.25e-56	184
BJJLIZOP_CDS_0153	OM386659.1	96.667	90	90	149194	2.25e-56	184
BJJLIZOP_CDS_0153	KX664695.3	96.667	90	90	149268	2.25e-56	184
BJJLIZOP_CDS_0153	OR352955.1	96.667	90	90	152808	2.25e-56	184
BJJLIZOP_CDS_0153	OM386667.1	96.667	90	90	156300	2.25e-56	184
BJJLIZOP_CDS_0153	OM362897.1	96.667	90	90	152401	2.55e-56	184
BJJLIZOP_CDS_0153	OR062524.1	95.556	90	90	150431	1.23e-55	182
BJJLIZOP_CDS_0153	OR062529.1	95.556	90	90	151980	1.23e-55	182
BJJLIZOP_CDS_0153	OR062526.1	95.556	90	90	151980	1.23e-55	182
BJJLIZOP_CDS_0153	OR067838.1	97.297	74	90	149856	7.73e-45	151
BJJLIZOP_CDS_0154	MH160766.1	100.000	121	121	149803	3.80e-80	253
BJJLIZOP_CDS_0154	MH160766.1	34.259	108	121	149803	4.61e-07	45.1
BJJLIZOP_CDS_0154	MH160766.1	33.028	109	121	149803	6.13e-06	42.0
BJJLIZOP_CDS_0154	PP129558.1	100.000	121	121	149967	3.80e-80	253
BJJLIZOP_CDS_0154	PP129558.1	34.259	108	121	149967	2.56e-07	45.8
BJJLIZOP_CDS_0154	PP129558.1	33.028	109	121	149967	6.13e-06	42.0
BJJLIZOP_CDS_0154	MN850571.1	100.000	121	121	151514	3.80e-80	253
BJJLIZOP_CDS_0154	MN850571.1	34.259	108	121	151514	4.61e-07	45.1
BJJLIZOP_CDS_0154	MN850598.1	99.174	121	121	144998	1.07e-79	252
BJJLIZOP_CDS_0154	OM386656.1	99.174	121	121	149073	1.07e-79	252
BJJLIZOP_CDS_0154	OM386656.1	33.019	106	121	149073	7.93e-08	47.4
BJJLIZOP_CDS_0154	OM386656.1	34.259	108	121	149073	3.10e-07	45.4
BJJLIZOP_CDS_0154	OM386656.1	33.028	109	121	149073	6.13e-06	42.0
BJJLIZOP_CDS_0154	KX552041.2	99.174	121	121	149813	1.07e-79	252
BJJLIZOP_CDS_0154	KX552041.2	34.259	108	121	149813	4.84e-07	45.1
BJJLIZOP_CDS_0154	KX552041.2	33.333	105	121	149813	7.84e-07	44.3
BJJLIZOP_CDS_0154	LR597654.1	99.174	121	121	150152	1.07e-79	252
BJJLIZOP_CDS_0154	LR597654.1	34.259	108	121	150152	3.48e-07	45.4
BJJLIZOP_CDS_0154	LR597654.1	32.692	104	121	150152	3.52e-07	45.4
BJJLIZOP_CDS_0154	MH051333.1	99.174	121	121	151671	1.07e-79	252
BJJLIZOP_CDS_0154	MH051333.1	32.692	104	121	151671	2.21e-07	45.8
BJJLIZOP_CDS_0154	MH051333.1	35.185	108	121	151671	2.23e-07	45.8
BJJLIZOP_CDS_0154	OZ035728.1	98.347	121	121	149471	3.33e-79	251
BJJLIZOP_CDS_0154	OZ035728.1	32.692	104	121	149471	2.21e-07	45.8
BJJLIZOP_CDS_0154	OZ035728.1	30.841	107	121	149471	3.47e-06	42.4
BJJLIZOP_CDS_0154	OL631481.1	98.347	121	121	149818	3.33e-79	251
BJJLIZOP_CDS_0154	OL631481.1	34.694	98	121	149818	2.03e-08	48.9
BJJLIZOP_CDS_0154	KX664695.3	98.347	121	121	149268	3.85e-79	251
BJJLIZOP_CDS_0154	KX664695.3	34.259	108	121	149268	4.61e-07	45.1
BJJLIZOP_CDS_0154	OR544956.1	98.347	121	121	130723	4.45e-79	250
BJJLIZOP_CDS_0154	OZ035771.1	98.347	121	121	144811	4.45e-79	250
BJJLIZOP_CDS_0154	OZ035771.1	30.841	107	121	144811	2.94e-06	42.7
BJJLIZOP_CDS_0154	OM386659.1	98.347	121	121	149194	4.45e-79	250
BJJLIZOP_CDS_0154	OM386659.1	32.692	104	121	149194	1.99e-07	46.2
BJJLIZOP_CDS_0154	OM386659.1	29.907	107	121	149194	2.97e-06	42.7
BJJLIZOP_CDS_0154	OM386659.1	33.028	109	121	149194	6.13e-06	42.0
BJJLIZOP_CDS_0154	OQ031492.1	98.347	121	121	149246	4.45e-79	250
BJJLIZOP_CDS_0154	OQ031492.1	30.841	107	121	149246	3.90e-06	42.4
BJJLIZOP_CDS_0154	OR352956.1	98.347	121	121	149254	4.45e-79	250
BJJLIZOP_CDS_0154	OR352956.1	29.245	106	121	149254	3.88e-08	48.1
BJJLIZOP_CDS_0154	MN850648.1	98.347	121	121	149335	4.45e-79	250
BJJLIZOP_CDS_0154	MN850648.1	32.692	104	121	149335	2.21e-07	45.8
BJJLIZOP_CDS_0154	MN850648.1	30.841	107	121	149335	3.71e-06	42.4
BJJLIZOP_CDS_0154	OR067838.1	98.347	121	121	149856	4.45e-79	250
BJJLIZOP_CDS_0154	OR067838.1	33.019	106	121	149856	7.94e-08	47.4
BJJLIZOP_CDS_0154	OR067838.1	33.036	112	121	149856	1.79e-07	46.2
BJJLIZOP_CDS_0154	OR786310.1	98.347	121	121	149880	4.45e-79	250
BJJLIZOP_CDS_0154	OR786310.1	32.692	104	121	149880	1.99e-07	46.2
BJJLIZOP_CDS_0154	OR786310.1	34.259	108	121	149880	4.84e-07	45.1
BJJLIZOP_CDS_0154	MN850618.1	98.347	121	121	150473	4.45e-79	250
BJJLIZOP_CDS_0154	MW175890.1	98.347	121	121	150892	4.45e-79	250
BJJLIZOP_CDS_0154	MW175890.1	29.907	107	121	150892	6.56e-06	41.6
BJJLIZOP_CDS_0154	MH252123.1	98.347	121	121	150925	4.45e-79	250
BJJLIZOP_CDS_0154	MH252123.1	29.245	106	121	150925	3.78e-06	42.4
BJJLIZOP_CDS_0154	MN850565.1	98.347	121	121	150947	4.45e-79	250
BJJLIZOP_CDS_0154	MN850565.1	34.259	108	121	150947	4.61e-07	45.1
BJJLIZOP_CDS_0154	PQ826431.1	98.347	121	121	151106	4.45e-79	250
BJJLIZOP_CDS_0154	PQ826431.1	32.692	104	121	151106	1.99e-07	46.2
BJJLIZOP_CDS_0154	PQ826431.1	30.841	107	121	151106	3.71e-06	42.4
BJJLIZOP_CDS_0154	MT496970.1	98.347	121	121	151202	4.45e-79	250
BJJLIZOP_CDS_0154	MT496970.1	32.692	104	121	151202	3.76e-07	45.4
BJJLIZOP_CDS_0154	MT496970.1	30.841	107	121	151202	2.75e-06	42.7
BJJLIZOP_CDS_0154	PQ433349.1	98.347	121	121	151245	4.45e-79	250
BJJLIZOP_CDS_0154	PQ433349.1	30.841	107	121	151245	2.94e-06	42.7
BJJLIZOP_CDS_0154	MZ726793.1	98.347	121	121	151660	4.45e-79	250
BJJLIZOP_CDS_0154	MZ726793.1	33.333	108	121	151660	5.25e-06	42.0
BJJLIZOP_CDS_0154	PV191315.1	98.347	121	121	151674	4.45e-79	250
BJJLIZOP_CDS_0154	PV191315.1	30.841	107	121	151674	3.90e-06	42.4
BJJLIZOP_CDS_0154	OL739525.1	98.347	121	121	151825	4.45e-79	250
BJJLIZOP_CDS_0154	OL739525.1	32.692	104	121	151825	1.99e-07	46.2
BJJLIZOP_CDS_0154	OL739525.1	31.132	106	121	151825	1.80e-06	43.1
BJJLIZOP_CDS_0154	OL739525.1	29.630	108	121	151825	2.45e-06	42.7
BJJLIZOP_CDS_0154	LR746137.1	98.347	121	121	152148	4.45e-79	250
BJJLIZOP_CDS_0154	LR746137.1	33.333	105	121	152148	6.34e-07	44.7
BJJLIZOP_CDS_0154	LR746137.1	30.841	107	121	152148	3.47e-06	42.4
BJJLIZOP_CDS_0154	OM362897.1	98.347	121	121	152401	4.45e-79	250
BJJLIZOP_CDS_0154	OM362897.1	32.692	104	121	152401	2.21e-07	45.8
BJJLIZOP_CDS_0154	OM362897.1	30.841	107	121	152401	2.75e-06	42.7
BJJLIZOP_CDS_0154	OM386667.1	98.347	121	121	156300	4.45e-79	250
BJJLIZOP_CDS_0154	OM386667.1	32.692	104	121	156300	1.99e-07	46.2
BJJLIZOP_CDS_0154	OM386667.1	29.907	107	121	156300	2.97e-06	42.7
BJJLIZOP_CDS_0154	OR062524.1	97.521	121	121	150431	6.01e-79	250
BJJLIZOP_CDS_0154	OR062524.1	36.111	108	121	150431	2.90e-08	48.5
BJJLIZOP_CDS_0154	OR062524.1	32.692	104	121	150431	1.99e-07	46.2
BJJLIZOP_CDS_0154	OR062524.1	32.407	108	121	150431	9.10e-06	41.2
BJJLIZOP_CDS_0154	OR062529.1	97.521	121	121	151980	6.01e-79	250
BJJLIZOP_CDS_0154	OR062529.1	36.111	108	121	151980	2.90e-08	48.5
BJJLIZOP_CDS_0154	OR062529.1	32.692	104	121	151980	1.99e-07	46.2
BJJLIZOP_CDS_0154	OR062529.1	32.407	108	121	151980	9.10e-06	41.2
BJJLIZOP_CDS_0154	OR062526.1	97.521	121	121	151980	6.01e-79	250
BJJLIZOP_CDS_0154	OR062526.1	36.111	108	121	151980	2.90e-08	48.5
BJJLIZOP_CDS_0154	OR062526.1	32.692	104	121	151980	1.99e-07	46.2
BJJLIZOP_CDS_0154	OR062526.1	32.407	108	121	151980	9.10e-06	41.2
BJJLIZOP_CDS_0154	OP595145.1	97.521	121	121	151363	9.85e-79	249
BJJLIZOP_CDS_0154	OP595145.1	29.730	111	121	151363	1.87e-06	43.1
BJJLIZOP_CDS_0154	OR352955.1	97.521	121	121	152808	1.05e-78	249
BJJLIZOP_CDS_0154	OR352955.1	33.019	106	121	152808	7.94e-08	47.4
BJJLIZOP_CDS_0154	OR352955.1	34.259	108	121	152808	3.38e-07	45.4
BJJLIZOP_CDS_0154	OR352955.1	33.036	112	121	152808	4.21e-06	42.4
BJJLIZOP_CDS_0154	OZ035743.1	97.521	121	121	142881	1.24e-78	249
BJJLIZOP_CDS_0154	OZ035743.1	32.692	104	121	142881	1.97e-07	46.2
BJJLIZOP_CDS_0154	OZ035743.1	30.841	107	121	142881	3.47e-06	42.4
BJJLIZOP_CDS_0154	JX561091.1	97.521	121	121	147737	1.24e-78	249
BJJLIZOP_CDS_0154	JX561091.1	32.692	104	121	147737	2.21e-07	45.8
BJJLIZOP_CDS_0154	JX561091.1	30.841	107	121	147737	3.47e-06	42.4
BJJLIZOP_CDS_0154	MT944117.1	97.521	121	121	152343	1.24e-78	249
BJJLIZOP_CDS_0154	MT944117.1	34.259	108	121	152343	4.61e-07	45.1
BJJLIZOP_CDS_0154	PV730300.1	97.521	121	121	146712	1.37e-78	249
BJJLIZOP_CDS_0154	PV730300.1	30.189	106	121	146712	8.55e-07	44.3
BJJLIZOP_CDS_0154	PV730300.1	29.358	109	121	146712	3.00e-06	42.7
BJJLIZOP_CDS_0154	OR437326.1	97.521	121	121	148445	1.37e-78	249
BJJLIZOP_CDS_0154	OR437326.1	32.075	106	121	148445	1.33e-06	43.5
BJJLIZOP_CDS_0154	OR437326.1	29.630	108	121	148445	1.36e-06	43.5
BJJLIZOP_CDS_0154	OP172791.1	97.521	121	121	151113	1.58e-78	249
BJJLIZOP_CDS_0154	OP172791.1	32.692	104	121	151113	1.99e-07	46.2
BJJLIZOP_CDS_0154	OP172791.1	30.841	107	121	151113	3.47e-06	42.4
BJJLIZOP_CDS_0154	OP172792.1	97.521	121	121	151993	1.58e-78	249
BJJLIZOP_CDS_0154	OP172792.1	33.654	104	121	151993	1.11e-07	46.6
BJJLIZOP_CDS_0154	OP172792.1	30.841	107	121	151993	3.47e-06	42.4
BJJLIZOP_CDS_0154	MK373788.1	99.174	121	121	151194	6.98e-78	247
BJJLIZOP_CDS_0154	MK373788.1	35.185	108	121	151194	4.53e-08	47.8
BJJLIZOP_CDS_0154	MK373788.1	32.692	104	121	151194	2.21e-07	45.8
BJJLIZOP_CDS_0154	MK373788.1	33.028	109	121	151194	7.02e-06	41.6
BJJLIZOP_CDS_0154	OL505078.1	97.980	99	121	151425	1.13e-63	206
BJJLIZOP_CDS_0154	OL505078.1	33.673	98	121	151425	5.60e-08	47.8
BJJLIZOP_CDS_0154	OL505078.1	91.304	23	121	151425	1.16e-07	46.6
BJJLIZOP_CDS_0155	MN850571.1	100.000	136	136	151514	6.09e-89	280
BJJLIZOP_CDS_0155	OM386656.1	99.265	136	136	149073	2.06e-88	278
BJJLIZOP_CDS_0155	MH160766.1	99.265	136	136	149803	2.06e-88	278
BJJLIZOP_CDS_0155	KX664695.3	98.529	136	136	149268	3.01e-88	277
BJJLIZOP_CDS_0155	KX552041.2	97.059	136	136	149813	1.48e-86	273
BJJLIZOP_CDS_0155	LR597654.1	97.059	136	136	150152	1.48e-86	273
BJJLIZOP_CDS_0155	MH051333.1	97.059	136	136	151671	1.48e-86	273
BJJLIZOP_CDS_0155	OL631481.1	96.324	136	136	149818	5.84e-86	271
BJJLIZOP_CDS_0155	OR067838.1	94.853	136	136	149856	7.68e-85	268
BJJLIZOP_CDS_0155	MN850618.1	94.853	136	136	150473	1.05e-84	267
BJJLIZOP_CDS_0155	MW175890.1	94.853	136	136	150892	1.05e-84	267
BJJLIZOP_CDS_0155	MZ726793.1	94.853	136	136	151660	1.05e-84	267
BJJLIZOP_CDS_0155	PV191315.1	94.853	136	136	151674	1.05e-84	267
BJJLIZOP_CDS_0155	OP172791.1	94.853	136	136	151113	2.63e-84	266
BJJLIZOP_CDS_0155	OP172792.1	94.853	136	136	151993	2.63e-84	266
BJJLIZOP_CDS_0155	OZ035743.1	94.118	136	136	142881	2.98e-84	266
BJJLIZOP_CDS_0155	OZ035771.1	94.118	136	136	144811	2.98e-84	266
BJJLIZOP_CDS_0155	MN850598.1	94.118	136	136	144998	2.98e-84	266
BJJLIZOP_CDS_0155	PV730300.1	94.118	136	136	146712	2.98e-84	266
BJJLIZOP_CDS_0155	OM386659.1	94.118	136	136	149194	2.98e-84	266
BJJLIZOP_CDS_0155	OR786310.1	94.118	136	136	149880	2.98e-84	266
BJJLIZOP_CDS_0155	OR062524.1	94.118	136	136	150431	2.98e-84	266
BJJLIZOP_CDS_0155	MH252123.1	94.118	136	136	150925	2.98e-84	266
BJJLIZOP_CDS_0155	MN850565.1	94.118	136	136	150947	2.98e-84	266
BJJLIZOP_CDS_0155	PQ433349.1	94.118	136	136	151245	2.98e-84	266
BJJLIZOP_CDS_0155	OP595145.1	94.118	136	136	151363	2.98e-84	266
BJJLIZOP_CDS_0155	OL739525.1	94.118	136	136	151825	2.98e-84	266
BJJLIZOP_CDS_0155	OR062529.1	94.118	136	136	151980	2.98e-84	266
BJJLIZOP_CDS_0155	OR062526.1	94.118	136	136	151980	2.98e-84	266
BJJLIZOP_CDS_0155	OM362897.1	94.118	136	136	152401	2.98e-84	266
BJJLIZOP_CDS_0155	OR352955.1	94.118	136	136	152808	2.98e-84	266
BJJLIZOP_CDS_0155	OM386667.1	94.118	136	136	156300	2.98e-84	266
BJJLIZOP_CDS_0155	MT496970.1	94.118	136	136	151202	3.80e-84	266
BJJLIZOP_CDS_0155	OZ035728.1	93.382	136	136	149471	4.61e-84	265
BJJLIZOP_CDS_0155	PP129558.1	93.382	136	136	149967	4.61e-84	265
BJJLIZOP_CDS_0155	OQ031492.1	94.118	136	136	149246	6.05e-84	265
BJJLIZOP_CDS_0155	OL505078.1	94.118	136	136	151425	6.17e-84	265
BJJLIZOP_CDS_0155	MN850648.1	94.118	136	136	149335	8.41e-84	265
BJJLIZOP_CDS_0155	JX561091.1	93.382	136	136	147737	9.08e-84	265
BJJLIZOP_CDS_0155	MT944117.1	93.382	136	136	152343	9.08e-84	265
BJJLIZOP_CDS_0155	OR352956.1	93.382	136	136	149254	2.03e-83	264
BJJLIZOP_CDS_0155	LR746137.1	93.382	136	136	152148	3.70e-83	263
BJJLIZOP_CDS_0155	OR437326.1	93.382	136	136	148445	3.81e-83	263
BJJLIZOP_CDS_0155	PQ826431.1	93.382	136	136	151106	1.76e-82	261
BJJLIZOP_CDS_0155	MK373788.1	90.441	136	136	151194	3.89e-79	251
BJJLIZOP_CDS_0155	OR544956.1	87.023	131	136	130723	5.77e-73	234
BJJLIZOP_CDS_0156	OR544956.1	100.000	223	223	130723	1.03e-147	452
BJJLIZOP_CDS_0156	OZ035743.1	100.000	223	223	142881	1.03e-147	452
BJJLIZOP_CDS_0156	OZ035771.1	100.000	223	223	144811	1.03e-147	452
BJJLIZOP_CDS_0156	MN850598.1	100.000	223	223	144998	1.03e-147	452
BJJLIZOP_CDS_0156	JX561091.1	100.000	223	223	147737	1.03e-147	452
BJJLIZOP_CDS_0156	OR437326.1	100.000	223	223	148445	1.03e-147	452
BJJLIZOP_CDS_0156	OM386656.1	100.000	223	223	149073	1.03e-147	452
BJJLIZOP_CDS_0156	OQ031492.1	100.000	223	223	149246	1.03e-147	452
BJJLIZOP_CDS_0156	OR352956.1	100.000	223	223	149254	1.03e-147	452
BJJLIZOP_CDS_0156	KX664695.3	100.000	223	223	149268	1.03e-147	452
BJJLIZOP_CDS_0156	MN850648.1	100.000	223	223	149335	1.03e-147	452
BJJLIZOP_CDS_0156	OZ035728.1	100.000	223	223	149471	1.03e-147	452
BJJLIZOP_CDS_0156	MH160766.1	100.000	223	223	149803	1.03e-147	452
BJJLIZOP_CDS_0156	KX552041.2	100.000	223	223	149813	1.03e-147	452
BJJLIZOP_CDS_0156	OL631481.1	100.000	223	223	149818	1.03e-147	452
BJJLIZOP_CDS_0156	OR067838.1	100.000	223	223	149856	1.03e-147	452
BJJLIZOP_CDS_0156	OR786310.1	100.000	223	223	149880	1.03e-147	452
BJJLIZOP_CDS_0156	PP129558.1	100.000	223	223	149967	1.03e-147	452
BJJLIZOP_CDS_0156	LR597654.1	100.000	223	223	150152	1.03e-147	452
BJJLIZOP_CDS_0156	OR062524.1	100.000	223	223	150431	1.03e-147	452
BJJLIZOP_CDS_0156	MW175890.1	100.000	223	223	150892	1.03e-147	452
BJJLIZOP_CDS_0156	MH252123.1	100.000	223	223	150925	1.03e-147	452
BJJLIZOP_CDS_0156	MN850565.1	100.000	223	223	150947	1.03e-147	452
BJJLIZOP_CDS_0156	PQ826431.1	100.000	223	223	151106	1.03e-147	452
BJJLIZOP_CDS_0156	OP172791.1	100.000	223	223	151113	1.03e-147	452
BJJLIZOP_CDS_0156	MT496970.1	100.000	223	223	151202	1.03e-147	452
BJJLIZOP_CDS_0156	PQ433349.1	100.000	223	223	151245	1.03e-147	452
BJJLIZOP_CDS_0156	OP595145.1	100.000	223	223	151363	1.03e-147	452
BJJLIZOP_CDS_0156	OL505078.1	100.000	223	223	151425	1.03e-147	452
BJJLIZOP_CDS_0156	MN850571.1	100.000	223	223	151514	1.03e-147	452
BJJLIZOP_CDS_0156	MZ726793.1	100.000	223	223	151660	1.03e-147	452
BJJLIZOP_CDS_0156	MH051333.1	100.000	223	223	151671	1.03e-147	452
BJJLIZOP_CDS_0156	PV191315.1	100.000	223	223	151674	1.03e-147	452
BJJLIZOP_CDS_0156	OL739525.1	100.000	223	223	151825	1.03e-147	452
BJJLIZOP_CDS_0156	OR062529.1	100.000	223	223	151980	1.03e-147	452
BJJLIZOP_CDS_0156	OR062526.1	100.000	223	223	151980	1.03e-147	452
BJJLIZOP_CDS_0156	OP172792.1	100.000	223	223	151993	1.03e-147	452
BJJLIZOP_CDS_0156	LR746137.1	100.000	223	223	152148	1.03e-147	452
BJJLIZOP_CDS_0156	MT944117.1	100.000	223	223	152343	1.03e-147	452
BJJLIZOP_CDS_0156	OM362897.1	100.000	223	223	152401	1.03e-147	452
BJJLIZOP_CDS_0156	OR352955.1	100.000	223	223	152808	1.03e-147	452
BJJLIZOP_CDS_0156	OM386659.1	99.552	223	223	149194	3.31e-147	451
BJJLIZOP_CDS_0156	OM386667.1	99.552	223	223	156300	3.32e-147	451
BJJLIZOP_CDS_0156	PV730300.1	99.552	223	223	146712	3.91e-147	451
BJJLIZOP_CDS_0156	MN850618.1	99.552	223	223	150473	3.91e-147	451
BJJLIZOP_CDS_0156	MK373788.1	90.751	173	223	151194	3.00e-96	305
BJJLIZOP_CDS_0156	MK373788.1	56.579	76	223	151194	1.91e-13	67.0
BJJLIZOP_CDS_0157	OZ035771.1	100.000	70	70	144811	1.17e-44	149
BJJLIZOP_CDS_0157	KX664695.3	100.000	70	70	149268	1.17e-44	149
BJJLIZOP_CDS_0157	MH160766.1	100.000	70	70	149803	1.17e-44	149
BJJLIZOP_CDS_0157	OL631481.1	100.000	70	70	149818	1.17e-44	149
BJJLIZOP_CDS_0157	MN850565.1	100.000	70	70	150947	1.17e-44	149
BJJLIZOP_CDS_0157	MN850571.1	100.000	70	70	151514	1.17e-44	149
BJJLIZOP_CDS_0157	MH051333.1	100.000	70	70	151671	1.17e-44	149
BJJLIZOP_CDS_0157	LR597654.1	98.571	70	70	150152	4.66e-44	147
BJJLIZOP_CDS_0157	PV730300.1	97.143	70	70	146712	9.75e-44	147
BJJLIZOP_CDS_0157	OR786310.1	97.143	70	70	149880	2.43e-43	145
BJJLIZOP_CDS_0157	PQ826431.1	97.143	70	70	151106	2.43e-43	145
BJJLIZOP_CDS_0157	OP172791.1	97.143	70	70	151113	2.43e-43	145
BJJLIZOP_CDS_0157	MT496970.1	97.143	70	70	151202	2.43e-43	145
BJJLIZOP_CDS_0157	OL739525.1	97.143	70	70	151825	2.43e-43	145
BJJLIZOP_CDS_0157	OP172792.1	97.143	70	70	151993	2.43e-43	145
BJJLIZOP_CDS_0157	PQ433349.1	97.143	70	70	151245	5.65e-43	144
BJJLIZOP_CDS_0157	OR544956.1	95.714	70	70	130723	1.15e-42	144
BJJLIZOP_CDS_0157	OZ035743.1	95.714	70	70	142881	1.15e-42	144
BJJLIZOP_CDS_0157	MN850598.1	95.714	70	70	144998	1.15e-42	144
BJJLIZOP_CDS_0157	JX561091.1	95.714	70	70	147737	1.15e-42	144
BJJLIZOP_CDS_0157	OM386656.1	95.714	70	70	149073	1.15e-42	144
BJJLIZOP_CDS_0157	OM386659.1	95.714	70	70	149194	1.15e-42	144
BJJLIZOP_CDS_0157	OQ031492.1	95.714	70	70	149246	1.15e-42	144
BJJLIZOP_CDS_0157	OZ035728.1	95.714	70	70	149471	1.15e-42	144
BJJLIZOP_CDS_0157	OR067838.1	95.714	70	70	149856	1.15e-42	144
BJJLIZOP_CDS_0157	PP129558.1	95.714	70	70	149967	1.15e-42	144
BJJLIZOP_CDS_0157	MN850618.1	95.714	70	70	150473	1.15e-42	144
BJJLIZOP_CDS_0157	MW175890.1	95.714	70	70	150892	1.15e-42	144
BJJLIZOP_CDS_0157	MH252123.1	95.714	70	70	150925	1.15e-42	144
BJJLIZOP_CDS_0157	MZ726793.1	95.714	70	70	151660	1.15e-42	144
BJJLIZOP_CDS_0157	PV191315.1	95.714	70	70	151674	1.15e-42	144
BJJLIZOP_CDS_0157	LR746137.1	95.714	70	70	152148	1.15e-42	144
BJJLIZOP_CDS_0157	MT944117.1	95.714	70	70	152343	1.15e-42	144
BJJLIZOP_CDS_0157	OR352955.1	95.714	70	70	152808	1.15e-42	144
BJJLIZOP_CDS_0157	OM386667.1	95.714	70	70	156300	1.15e-42	144
BJJLIZOP_CDS_0157	OR437326.1	94.286	70	70	148445	1.63e-42	143
BJJLIZOP_CDS_0157	OR352956.1	94.286	70	70	149254	1.63e-42	143
BJJLIZOP_CDS_0157	OP595145.1	94.286	70	70	151363	3.15e-42	142
BJJLIZOP_CDS_0157	OR062524.1	94.286	70	70	150431	4.34e-42	142
BJJLIZOP_CDS_0157	OR062529.1	94.286	70	70	151980	4.34e-42	142
BJJLIZOP_CDS_0157	OR062526.1	94.286	70	70	151980	4.34e-42	142
BJJLIZOP_CDS_0157	OM362897.1	94.286	70	70	152401	4.88e-42	142
BJJLIZOP_CDS_0157	MN850648.1	94.286	70	70	149335	5.38e-42	142
BJJLIZOP_CDS_0157	OL505078.1	92.857	70	70	151425	4.42e-41	139
BJJLIZOP_CDS_0157	MK373788.1	85.106	47	70	151194	8.24e-28	89.0
BJJLIZOP_CDS_0157	MK373788.1	85.714	28	70	151194	8.24e-28	47.8
BJJLIZOP_CDS_0158	OZ035771.1	100.000	107	107	144811	2.67e-57	187
BJJLIZOP_CDS_0158	MN850598.1	100.000	107	107	144998	2.67e-57	187
BJJLIZOP_CDS_0158	PV730300.1	100.000	107	107	146712	2.67e-57	187
BJJLIZOP_CDS_0158	OM386656.1	100.000	107	107	149073	2.67e-57	187
BJJLIZOP_CDS_0158	OM386659.1	100.000	107	107	149194	2.67e-57	187
BJJLIZOP_CDS_0158	KX664695.3	100.000	107	107	149268	2.67e-57	187
BJJLIZOP_CDS_0158	OZ035728.1	100.000	107	107	149471	2.67e-57	187
BJJLIZOP_CDS_0158	MH160766.1	100.000	107	107	149803	2.67e-57	187
BJJLIZOP_CDS_0158	OL631481.1	100.000	107	107	149818	2.67e-57	187
BJJLIZOP_CDS_0158	OR786310.1	100.000	107	107	149880	2.67e-57	187
BJJLIZOP_CDS_0158	PP129558.1	100.000	107	107	149967	2.67e-57	187
BJJLIZOP_CDS_0158	LR597654.1	100.000	107	107	150152	2.67e-57	187
BJJLIZOP_CDS_0158	MN850618.1	100.000	107	107	150473	2.67e-57	187
BJJLIZOP_CDS_0158	MH252123.1	100.000	107	107	150925	2.67e-57	187
BJJLIZOP_CDS_0158	MN850565.1	100.000	107	107	150947	2.67e-57	187
BJJLIZOP_CDS_0158	PQ433349.1	100.000	107	107	151245	2.67e-57	187
BJJLIZOP_CDS_0158	OP595145.1	100.000	107	107	151363	2.67e-57	187
BJJLIZOP_CDS_0158	MN850571.1	100.000	107	107	151514	2.67e-57	187
BJJLIZOP_CDS_0158	MH051333.1	100.000	107	107	151671	2.67e-57	187
BJJLIZOP_CDS_0158	OL739525.1	100.000	107	107	151825	2.67e-57	187
BJJLIZOP_CDS_0158	OR352955.1	100.000	107	107	152808	2.67e-57	187
BJJLIZOP_CDS_0158	OM386667.1	100.000	107	107	156300	2.67e-57	187
BJJLIZOP_CDS_0158	OR352956.1	99.065	107	107	149254	9.16e-57	186
BJJLIZOP_CDS_0158	PQ826431.1	98.131	107	107	151106	2.42e-56	185
BJJLIZOP_CDS_0158	MT496970.1	98.131	107	107	151202	2.42e-56	185
BJJLIZOP_CDS_0158	OR544956.1	98.131	107	107	130723	2.71e-56	184
BJJLIZOP_CDS_0158	OR437326.1	98.131	107	107	148445	2.71e-56	184
BJJLIZOP_CDS_0158	MW175890.1	98.131	107	107	150892	2.71e-56	184
BJJLIZOP_CDS_0158	PV191315.1	98.131	107	107	151674	2.71e-56	184
BJJLIZOP_CDS_0158	OQ031492.1	98.131	107	107	149246	3.43e-56	184
BJJLIZOP_CDS_0158	MZ726793.1	98.131	107	107	151660	3.43e-56	184
BJJLIZOP_CDS_0158	OZ035743.1	98.131	107	107	142881	6.13e-56	184
BJJLIZOP_CDS_0158	MN850648.1	98.131	107	107	149335	6.13e-56	184
BJJLIZOP_CDS_0158	MK373788.1	98.131	107	107	151194	6.13e-56	184
BJJLIZOP_CDS_0158	OL505078.1	98.131	107	107	151425	6.13e-56	184
BJJLIZOP_CDS_0158	OM362897.1	98.131	107	107	152401	6.13e-56	184
BJJLIZOP_CDS_0158	OR067838.1	98.131	107	107	149856	7.89e-56	183
BJJLIZOP_CDS_0158	LR746137.1	98.131	107	107	152148	1.01e-55	183
BJJLIZOP_CDS_0158	OP172791.1	98.131	107	107	151113	1.23e-55	182
BJJLIZOP_CDS_0158	OP172792.1	98.131	107	107	151993	1.23e-55	182
BJJLIZOP_CDS_0158	OR062524.1	97.196	107	107	150431	1.76e-55	182
BJJLIZOP_CDS_0158	OR062529.1	97.196	107	107	151980	1.76e-55	182
BJJLIZOP_CDS_0158	OR062526.1	97.196	107	107	151980	1.76e-55	182
BJJLIZOP_CDS_0158	JX561091.1	99.048	105	107	147737	2.00e-55	182
BJJLIZOP_CDS_0158	MT944117.1	96.262	107	107	152343	7.48e-55	181
BJJLIZOP_CDS_0159	JX561091.1	100.000	99	99	147737	7.04e-65	209
BJJLIZOP_CDS_0159	OZ035728.1	100.000	99	99	149471	7.04e-65	209
BJJLIZOP_CDS_0159	MH160766.1	100.000	99	99	149803	7.04e-65	209
BJJLIZOP_CDS_0159	PP129558.1	100.000	99	99	149967	7.04e-65	209
BJJLIZOP_CDS_0159	LR597654.1	100.000	99	99	150152	7.04e-65	209
BJJLIZOP_CDS_0159	OL505078.1	100.000	99	99	151425	7.04e-65	209
BJJLIZOP_CDS_0159	MN850571.1	100.000	99	99	151514	7.04e-65	209
BJJLIZOP_CDS_0159	MH051333.1	100.000	99	99	151671	7.04e-65	209
BJJLIZOP_CDS_0159	OM362897.1	100.000	99	99	152401	7.04e-65	209
BJJLIZOP_CDS_0159	MN850648.1	98.990	99	99	149335	4.32e-64	206
BJJLIZOP_CDS_0159	OR786310.1	98.990	99	99	149880	4.32e-64	206
BJJLIZOP_CDS_0159	MT496970.1	98.990	99	99	151202	4.32e-64	206
BJJLIZOP_CDS_0159	OL739525.1	98.990	99	99	151825	4.32e-64	206
BJJLIZOP_CDS_0159	OZ035771.1	98.990	99	99	144811	6.81e-64	206
BJJLIZOP_CDS_0159	MN850565.1	98.990	99	99	150947	6.81e-64	206
BJJLIZOP_CDS_0159	PQ826431.1	97.980	99	99	151106	1.83e-63	204
BJJLIZOP_CDS_0159	OR067838.1	97.980	99	99	149856	2.18e-63	204
BJJLIZOP_CDS_0159	KX664695.3	97.980	99	99	149268	2.35e-63	204
BJJLIZOP_CDS_0159	OP595145.1	97.980	99	99	151363	2.62e-63	204
BJJLIZOP_CDS_0159	MK373788.1	96.970	99	99	151194	3.31e-63	204
BJJLIZOP_CDS_0159	MT944117.1	95.960	99	99	152343	6.58e-63	203
BJJLIZOP_CDS_0159	OP172791.1	96.970	99	99	151113	6.77e-63	203
BJJLIZOP_CDS_0159	OP172792.1	96.970	99	99	151993	6.77e-63	203
BJJLIZOP_CDS_0159	OQ031492.1	96.970	99	99	149246	1.17e-62	202
BJJLIZOP_CDS_0159	MN850618.1	96.970	99	99	150473	1.17e-62	202
BJJLIZOP_CDS_0159	MZ726793.1	96.970	99	99	151660	1.17e-62	202
BJJLIZOP_CDS_0159	OR352956.1	96.970	99	99	149254	1.57e-62	202
BJJLIZOP_CDS_0159	MH252123.1	96.970	99	99	150925	1.57e-62	202
BJJLIZOP_CDS_0159	OR544956.1	95.960	99	99	130723	1.95e-62	202
BJJLIZOP_CDS_0159	OR437326.1	95.960	99	99	148445	1.95e-62	202
BJJLIZOP_CDS_0159	PV191315.1	95.960	99	99	151674	1.95e-62	202
BJJLIZOP_CDS_0159	OM386656.1	96.970	99	99	149073	1.97e-62	202
BJJLIZOP_CDS_0159	OM386659.1	96.970	99	99	149194	1.97e-62	202
BJJLIZOP_CDS_0159	OL631481.1	96.970	99	99	149818	1.97e-62	202
BJJLIZOP_CDS_0159	OR352955.1	96.970	99	99	152808	1.97e-62	202
BJJLIZOP_CDS_0159	OM386667.1	96.970	99	99	156300	1.97e-62	202
BJJLIZOP_CDS_0159	PV730300.1	95.960	99	99	146712	6.55e-62	200
BJJLIZOP_CDS_0159	MN850598.1	95.960	99	99	144998	7.57e-62	200
BJJLIZOP_CDS_0159	OR062524.1	95.960	99	99	150431	7.57e-62	200
BJJLIZOP_CDS_0159	PQ433349.1	95.960	99	99	151245	7.57e-62	200
BJJLIZOP_CDS_0159	OR062529.1	95.960	99	99	151980	7.57e-62	200
BJJLIZOP_CDS_0159	OR062526.1	95.960	99	99	151980	7.57e-62	200
BJJLIZOP_CDS_0159	LR746137.1	95.960	99	99	152148	7.57e-62	200
BJJLIZOP_CDS_0159	MW175890.1	93.939	99	99	150892	2.91e-61	198
BJJLIZOP_CDS_0159	OZ035743.1	97.872	47	99	142881	7.82e-27	100
BJJLIZOP_CDS_0159	KX552041.2	40.000	100	99	149813	6.57e-21	83.6
BJJLIZOP_CDS_0160	OM386656.1	100.000	184	184	149073	6.99e-117	362
BJJLIZOP_CDS_0160	OM386659.1	100.000	184	184	149194	6.99e-117	362
BJJLIZOP_CDS_0160	KX552041.2	100.000	184	184	149813	6.99e-117	362
BJJLIZOP_CDS_0160	OM386667.1	100.000	184	184	156300	6.99e-117	362
BJJLIZOP_CDS_0160	OZ035728.1	99.457	184	184	149471	9.34e-117	362
BJJLIZOP_CDS_0160	MH051333.1	99.457	184	184	151671	9.34e-117	362
BJJLIZOP_CDS_0160	OM362897.1	99.457	184	184	152401	9.34e-117	362
BJJLIZOP_CDS_0160	JX561091.1	99.457	184	184	147737	3.07e-116	360
BJJLIZOP_CDS_0160	MH160766.1	99.457	184	184	149803	3.07e-116	360
BJJLIZOP_CDS_0160	OL505078.1	99.457	184	184	151425	3.07e-116	360
BJJLIZOP_CDS_0160	MN850571.1	99.457	184	184	151514	1.31e-115	358
BJJLIZOP_CDS_0160	LR597654.1	98.913	184	184	150152	2.86e-108	337
BJJLIZOP_CDS_0160	MK373788.1	100.000	159	184	151194	1.94e-107	335
BJJLIZOP_CDS_0160	PP129558.1	79.348	184	184	149967	2.12e-83	266
BJJLIZOP_CDS_0160	MN850648.1	93.421	76	184	149335	1.83e-45	157
BJJLIZOP_CDS_0160	OR786310.1	93.421	76	184	149880	1.83e-45	157
BJJLIZOP_CDS_0160	OL739525.1	93.421	76	184	151825	1.83e-45	157
BJJLIZOP_CDS_0160	OR437326.1	92.105	76	184	148445	1.90e-44	154
BJJLIZOP_CDS_0160	OR544956.1	92.105	76	184	130723	2.16e-44	154
BJJLIZOP_CDS_0160	OQ031492.1	92.105	76	184	149246	2.16e-44	154
BJJLIZOP_CDS_0160	MN850618.1	92.105	76	184	150473	2.16e-44	154
BJJLIZOP_CDS_0160	MW175890.1	92.105	76	184	150892	2.16e-44	154
BJJLIZOP_CDS_0160	OP172791.1	92.105	76	184	151113	2.16e-44	154
BJJLIZOP_CDS_0160	MT496970.1	92.105	76	184	151202	2.16e-44	154
BJJLIZOP_CDS_0160	MZ726793.1	92.105	76	184	151660	2.16e-44	154
BJJLIZOP_CDS_0160	PV191315.1	92.105	76	184	151674	2.16e-44	154
BJJLIZOP_CDS_0160	OP172792.1	92.105	76	184	151993	2.16e-44	154
BJJLIZOP_CDS_0160	MT944117.1	92.105	76	184	152343	2.91e-44	154
BJJLIZOP_CDS_0160	OZ035771.1	90.789	76	184	144811	7.95e-44	152
BJJLIZOP_CDS_0160	OR352956.1	90.789	76	184	149254	7.95e-44	152
BJJLIZOP_CDS_0160	OL631481.1	90.789	76	184	149818	7.95e-44	152
BJJLIZOP_CDS_0160	OP595145.1	90.789	76	184	151363	7.95e-44	152
BJJLIZOP_CDS_0160	OR352955.1	90.789	76	184	152808	7.95e-44	152
BJJLIZOP_CDS_0160	MN850598.1	90.789	76	184	144998	8.43e-44	152
BJJLIZOP_CDS_0160	OR067838.1	90.789	76	184	149856	8.43e-44	152
BJJLIZOP_CDS_0160	OR062524.1	90.789	76	184	150431	8.43e-44	152
BJJLIZOP_CDS_0160	PQ433349.1	90.789	76	184	151245	8.43e-44	152
BJJLIZOP_CDS_0160	OR062529.1	90.789	76	184	151980	8.43e-44	152
BJJLIZOP_CDS_0160	OR062526.1	90.789	76	184	151980	8.43e-44	152
BJJLIZOP_CDS_0160	LR746137.1	90.789	76	184	152148	8.43e-44	152
BJJLIZOP_CDS_0160	PQ826431.1	89.474	76	184	151106	1.67e-43	152
BJJLIZOP_CDS_0160	PV730300.1	89.474	76	184	146712	1.95e-43	152
BJJLIZOP_CDS_0160	MH252123.1	89.474	76	184	150925	2.13e-43	151
BJJLIZOP_CDS_0160	KX664695.3	89.474	76	184	149268	2.34e-42	149
BJJLIZOP_CDS_0160	MN850565.1	89.474	76	184	150947	2.34e-42	149
BJJLIZOP_CDS_0161	KX552041.2	100.000	73	73	149813	1.54e-46	155
BJJLIZOP_CDS_0161	LR597654.1	100.000	73	73	150152	1.54e-46	155
BJJLIZOP_CDS_0161	MN850571.1	100.000	73	73	151514	1.54e-46	155
BJJLIZOP_CDS_0161	OZ035728.1	98.630	73	73	149471	4.06e-46	154
BJJLIZOP_CDS_0161	PP129558.1	98.630	73	73	149967	4.06e-46	154
BJJLIZOP_CDS_0161	MK373788.1	98.630	73	73	151194	4.06e-46	154
BJJLIZOP_CDS_0161	MH051333.1	98.630	73	73	151671	4.06e-46	154
BJJLIZOP_CDS_0161	OM362897.1	98.630	73	73	152401	4.06e-46	154
BJJLIZOP_CDS_0161	MN850598.1	86.301	73	73	144998	2.06e-41	140
BJJLIZOP_CDS_0161	OR352956.1	84.932	73	73	149254	4.36e-41	139
BJJLIZOP_CDS_0161	OR067838.1	84.932	73	73	149856	5.83e-41	139
BJJLIZOP_CDS_0161	MN850565.1	84.932	73	73	150947	5.83e-41	139
BJJLIZOP_CDS_0161	OM386656.1	84.932	73	73	149073	1.67e-40	137
BJJLIZOP_CDS_0161	OM386659.1	84.932	73	73	149194	1.67e-40	137
BJJLIZOP_CDS_0161	KX664695.3	84.932	73	73	149268	1.67e-40	137
BJJLIZOP_CDS_0161	OM386667.1	84.932	73	73	156300	1.67e-40	137
BJJLIZOP_CDS_0161	PQ433349.1	84.932	73	73	151245	1.73e-40	137
BJJLIZOP_CDS_0161	MH160766.1	75.342	73	73	149803	6.87e-36	124
BJJLIZOP_CDS_0161	MH252123.1	75.342	73	73	150925	6.87e-36	124
BJJLIZOP_CDS_0161	OR352955.1	75.342	73	73	152808	6.87e-36	124
BJJLIZOP_CDS_0161	OR544956.1	54.795	73	73	130723	8.75e-19	76.3
BJJLIZOP_CDS_0161	JX561091.1	54.795	73	73	147737	8.75e-19	76.3
BJJLIZOP_CDS_0161	OR437326.1	54.795	73	73	148445	8.75e-19	76.3
BJJLIZOP_CDS_0161	MN850618.1	54.795	73	73	150473	8.75e-19	76.3
BJJLIZOP_CDS_0161	MW175890.1	54.795	73	73	150892	8.75e-19	76.3
BJJLIZOP_CDS_0161	MZ726793.1	54.795	73	73	151660	8.75e-19	76.3
BJJLIZOP_CDS_0161	PV191315.1	54.795	73	73	151674	8.75e-19	76.3
BJJLIZOP_CDS_0161	MT944117.1	54.795	73	73	152343	8.75e-19	76.3
BJJLIZOP_CDS_0161	MN850648.1	54.930	71	73	149335	1.37e-18	75.5
BJJLIZOP_CDS_0161	OL631481.1	54.930	71	73	149818	1.37e-18	75.5
BJJLIZOP_CDS_0161	OR786310.1	54.930	71	73	149880	1.37e-18	75.5
BJJLIZOP_CDS_0161	PQ826431.1	54.930	71	73	151106	1.37e-18	75.5
BJJLIZOP_CDS_0161	OP172791.1	54.930	71	73	151113	1.37e-18	75.5
BJJLIZOP_CDS_0161	MT496970.1	54.930	71	73	151202	1.37e-18	75.5
BJJLIZOP_CDS_0161	OP595145.1	54.930	71	73	151363	1.37e-18	75.5
BJJLIZOP_CDS_0161	OL505078.1	54.930	71	73	151425	1.37e-18	75.5
BJJLIZOP_CDS_0161	OL739525.1	54.930	71	73	151825	1.37e-18	75.5
BJJLIZOP_CDS_0161	OP172792.1	54.930	71	73	151993	1.37e-18	75.5
BJJLIZOP_CDS_0161	PV730300.1	53.425	73	73	146712	4.92e-18	73.9
BJJLIZOP_CDS_0161	LR746137.1	53.521	71	73	152148	1.57e-17	72.8
BJJLIZOP_CDS_0161	OR062524.1	52.113	71	73	150431	5.52e-16	68.2
BJJLIZOP_CDS_0161	OR062529.1	52.113	71	73	151980	5.52e-16	68.2
BJJLIZOP_CDS_0161	OR062526.1	52.113	71	73	151980	5.52e-16	68.2
BJJLIZOP_CDS_0161	OQ031492.1	70.370	27	73	149246	9.56e-08	45.1
BJJLIZOP_CDS_0162	OR544956.1	100.000	75	75	130723	3.04e-46	154
BJJLIZOP_CDS_0162	JX561091.1	100.000	75	75	147737	3.04e-46	154
BJJLIZOP_CDS_0162	OQ031492.1	100.000	75	75	149246	3.04e-46	154
BJJLIZOP_CDS_0162	OZ035728.1	100.000	75	75	149471	3.04e-46	154
BJJLIZOP_CDS_0162	KX552041.2	100.000	75	75	149813	3.04e-46	154
BJJLIZOP_CDS_0162	PP129558.1	100.000	75	75	149967	3.04e-46	154
BJJLIZOP_CDS_0162	MN850618.1	100.000	75	75	150473	3.04e-46	154
BJJLIZOP_CDS_0162	MW175890.1	100.000	75	75	150892	3.04e-46	154
BJJLIZOP_CDS_0162	MK373788.1	100.000	75	75	151194	3.04e-46	154
BJJLIZOP_CDS_0162	MK373788.1	100.000	33	75	151194	1.96e-17	72.4
BJJLIZOP_CDS_0162	MN850571.1	100.000	75	75	151514	3.04e-46	154
BJJLIZOP_CDS_0162	MZ726793.1	100.000	75	75	151660	3.04e-46	154
BJJLIZOP_CDS_0162	MH051333.1	100.000	75	75	151671	3.04e-46	154
BJJLIZOP_CDS_0162	PV191315.1	100.000	75	75	151674	3.04e-46	154
BJJLIZOP_CDS_0162	MT944117.1	100.000	75	75	152343	3.04e-46	154
BJJLIZOP_CDS_0162	OM362897.1	100.000	75	75	152401	3.04e-46	154
BJJLIZOP_CDS_0162	MH160766.1	98.667	75	75	149803	1.15e-45	152
BJJLIZOP_CDS_0162	OR352955.1	98.667	75	75	152808	1.15e-45	152
BJJLIZOP_CDS_0162	MN850598.1	97.333	75	75	144998	4.09e-45	151
BJJLIZOP_CDS_0162	OR067838.1	97.333	75	75	149856	4.09e-45	151
BJJLIZOP_CDS_0162	PQ433349.1	97.333	75	75	151245	4.09e-45	151
BJJLIZOP_CDS_0162	OR062524.1	82.667	75	75	150431	4.48e-38	131
BJJLIZOP_CDS_0162	OR062529.1	82.667	75	75	151980	4.48e-38	131
BJJLIZOP_CDS_0162	OR062526.1	82.667	75	75	151980	4.48e-38	131
BJJLIZOP_CDS_0162	LR746137.1	82.667	75	75	152148	4.48e-38	131
BJJLIZOP_CDS_0162	PV730300.1	94.667	75	75	146712	3.38e-37	128
BJJLIZOP_CDS_0162	OM386656.1	96.000	75	75	149073	3.38e-37	128
BJJLIZOP_CDS_0162	OM386659.1	96.000	75	75	149194	3.38e-37	128
BJJLIZOP_CDS_0162	OR352956.1	96.000	75	75	149254	3.38e-37	128
BJJLIZOP_CDS_0162	KX664695.3	96.000	75	75	149268	3.38e-37	128
BJJLIZOP_CDS_0162	MN850565.1	96.000	75	75	150947	3.38e-37	128
BJJLIZOP_CDS_0162	OM386667.1	96.000	75	75	156300	3.38e-37	128
BJJLIZOP_CDS_0162	MH252123.1	94.667	75	75	150925	8.66e-37	127
BJJLIZOP_CDS_0162	LR597654.1	94.667	75	75	150152	9.74e-37	127
BJJLIZOP_CDS_0162	OL631481.1	92.000	75	75	149818	1.90e-35	123
BJJLIZOP_CDS_0162	OR786310.1	92.000	75	75	149880	1.90e-35	123
BJJLIZOP_CDS_0162	PQ826431.1	92.000	75	75	151106	1.90e-35	123
BJJLIZOP_CDS_0162	OP172791.1	92.000	75	75	151113	1.90e-35	123
BJJLIZOP_CDS_0162	MT496970.1	92.000	75	75	151202	1.90e-35	123
BJJLIZOP_CDS_0162	OP595145.1	92.000	75	75	151363	1.90e-35	123
BJJLIZOP_CDS_0162	OL505078.1	92.000	75	75	151425	1.90e-35	123
BJJLIZOP_CDS_0162	OL739525.1	92.000	75	75	151825	1.90e-35	123
BJJLIZOP_CDS_0162	OR437326.1	94.545	55	75	148445	7.17e-35	108
BJJLIZOP_CDS_0162	OR437326.1	100.000	25	75	148445	7.17e-35	51.6
BJJLIZOP_CDS_0162	MN850648.1	90.667	75	75	149335	2.60e-34	120
BJJLIZOP_CDS_0162	OP172792.1	90.667	75	75	151993	2.60e-34	120
BJJLIZOP_CDS_0163	MN850571.1	100.000	108	108	151514	4.31e-72	230
BJJLIZOP_CDS_0163	MN850571.1	40.000	105	108	151514	1.63e-16	71.6
BJJLIZOP_CDS_0163	MN850571.1	35.965	114	108	151514	6.26e-10	52.8
BJJLIZOP_CDS_0163	OZ035728.1	98.148	108	108	149471	1.22e-71	228
BJJLIZOP_CDS_0163	OZ035728.1	40.000	105	108	149471	1.75e-16	71.2
BJJLIZOP_CDS_0163	OZ035728.1	40.385	104	108	149471	1.53e-15	68.6
BJJLIZOP_CDS_0163	OZ035728.1	35.965	114	108	149471	2.85e-10	53.5
BJJLIZOP_CDS_0163	OZ035728.1	29.524	105	108	149471	3.53e-06	42.0
BJJLIZOP_CDS_0163	KX552041.2	98.148	108	108	149813	1.22e-71	228
BJJLIZOP_CDS_0163	KX552041.2	40.000	105	108	149813	1.75e-16	71.2
BJJLIZOP_CDS_0163	KX552041.2	39.423	104	108	149813	5.16e-15	67.0
BJJLIZOP_CDS_0163	KX552041.2	35.965	114	108	149813	6.26e-10	52.8
BJJLIZOP_CDS_0163	KX552041.2	32.432	111	108	149813	1.34e-09	51.6
BJJLIZOP_CDS_0163	PP129558.1	98.148	108	108	149967	1.22e-71	228
BJJLIZOP_CDS_0163	PP129558.1	40.000	105	108	149967	5.09e-17	72.8
BJJLIZOP_CDS_0163	PP129558.1	35.345	116	108	149967	3.85e-10	53.1
BJJLIZOP_CDS_0163	MH051333.1	97.222	108	108	151671	6.57e-71	226
BJJLIZOP_CDS_0163	MH051333.1	40.000	105	108	151671	1.63e-16	71.6
BJJLIZOP_CDS_0163	MH051333.1	40.385	104	108	151671	1.53e-15	68.6
BJJLIZOP_CDS_0163	MH051333.1	36.842	114	108	151671	1.49e-10	54.3
BJJLIZOP_CDS_0163	PQ433349.1	96.296	108	108	151245	1.21e-69	223
BJJLIZOP_CDS_0163	PQ433349.1	40.000	105	108	151245	1.75e-16	71.2
BJJLIZOP_CDS_0163	PQ433349.1	35.345	116	108	151245	1.72e-10	54.3
BJJLIZOP_CDS_0163	OM362897.1	95.370	108	108	152401	3.67e-69	221
BJJLIZOP_CDS_0163	OM362897.1	40.000	105	108	152401	1.75e-16	71.2
BJJLIZOP_CDS_0163	OM362897.1	40.385	104	108	152401	1.53e-15	68.6
BJJLIZOP_CDS_0163	OM362897.1	35.345	116	108	152401	1.72e-10	54.3
BJJLIZOP_CDS_0163	OM362897.1	29.524	105	108	152401	4.64e-06	41.6
BJJLIZOP_CDS_0163	MN850598.1	95.370	108	108	144998	6.07e-69	221
BJJLIZOP_CDS_0163	OR067838.1	95.370	108	108	149856	6.07e-69	221
BJJLIZOP_CDS_0163	OR067838.1	40.000	105	108	149856	1.63e-16	71.6
BJJLIZOP_CDS_0163	OR067838.1	40.385	104	108	149856	1.53e-15	68.6
BJJLIZOP_CDS_0163	OR067838.1	35.965	114	108	149856	7.32e-10	52.4
BJJLIZOP_CDS_0163	OR067838.1	29.524	105	108	149856	3.78e-06	42.0
BJJLIZOP_CDS_0163	OR352955.1	96.296	108	108	152808	7.23e-69	221
BJJLIZOP_CDS_0163	OR352955.1	50.459	109	108	152808	1.46e-34	122
BJJLIZOP_CDS_0163	OR352955.1	40.000	105	108	152808	2.19e-16	71.2
BJJLIZOP_CDS_0163	OR352955.1	40.385	104	108	152808	1.53e-15	68.6
BJJLIZOP_CDS_0163	OR352955.1	35.965	114	108	152808	5.36e-10	52.8
BJJLIZOP_CDS_0163	MH160766.1	94.444	108	108	149803	8.44e-69	220
BJJLIZOP_CDS_0163	MH160766.1	48.624	109	108	149803	2.53e-33	119
BJJLIZOP_CDS_0163	MH160766.1	40.000	105	108	149803	1.63e-16	71.6
BJJLIZOP_CDS_0163	MH160766.1	35.965	114	108	149803	6.26e-10	52.8
BJJLIZOP_CDS_0163	OM386656.1	94.444	108	108	149073	1.15e-68	220
BJJLIZOP_CDS_0163	OM386656.1	40.000	105	108	149073	1.63e-16	71.6
BJJLIZOP_CDS_0163	OM386656.1	40.385	104	108	149073	1.53e-15	68.6
BJJLIZOP_CDS_0163	OM386656.1	35.965	114	108	149073	7.91e-10	52.4
BJJLIZOP_CDS_0163	KX664695.3	94.444	108	108	149268	1.15e-68	220
BJJLIZOP_CDS_0163	KX664695.3	39.423	104	108	149268	8.29e-16	69.3
BJJLIZOP_CDS_0163	KX664695.3	35.965	114	108	149268	6.26e-10	52.8
BJJLIZOP_CDS_0163	MN850565.1	94.444	108	108	150947	1.15e-68	220
BJJLIZOP_CDS_0163	MN850565.1	40.000	105	108	150947	8.62e-16	69.3
BJJLIZOP_CDS_0163	MN850565.1	35.965	114	108	150947	6.26e-10	52.8
BJJLIZOP_CDS_0163	JX561091.1	95.370	108	108	147737	4.02e-68	218
BJJLIZOP_CDS_0163	JX561091.1	51.376	109	108	147737	1.71e-35	125
BJJLIZOP_CDS_0163	JX561091.1	40.000	105	108	147737	1.63e-16	71.6
BJJLIZOP_CDS_0163	JX561091.1	40.385	104	108	147737	1.53e-15	68.6
BJJLIZOP_CDS_0163	JX561091.1	35.965	114	108	147737	2.85e-10	53.5
BJJLIZOP_CDS_0163	JX561091.1	29.524	105	108	147737	3.78e-06	42.0
BJJLIZOP_CDS_0163	OQ031492.1	95.370	108	108	149246	4.02e-68	218
BJJLIZOP_CDS_0163	OQ031492.1	40.000	105	108	149246	1.75e-16	71.2
BJJLIZOP_CDS_0163	OQ031492.1	35.088	114	108	149246	5.16e-10	52.8
BJJLIZOP_CDS_0163	OQ031492.1	29.524	105	108	149246	3.53e-06	42.0
BJJLIZOP_CDS_0163	MW175890.1	95.370	108	108	150892	4.02e-68	218
BJJLIZOP_CDS_0163	MW175890.1	51.376	109	108	150892	1.71e-35	125
BJJLIZOP_CDS_0163	MW175890.1	40.000	105	108	150892	1.75e-16	71.2
BJJLIZOP_CDS_0163	MW175890.1	35.088	114	108	150892	5.97e-10	52.8
BJJLIZOP_CDS_0163	MW175890.1	29.524	105	108	150892	3.53e-06	42.0
BJJLIZOP_CDS_0163	MZ726793.1	95.370	108	108	151660	4.02e-68	218
BJJLIZOP_CDS_0163	MZ726793.1	51.376	109	108	151660	1.08e-35	126
BJJLIZOP_CDS_0163	MZ726793.1	40.000	105	108	151660	1.75e-16	71.2
BJJLIZOP_CDS_0163	MZ726793.1	35.965	114	108	151660	2.03e-10	53.9
BJJLIZOP_CDS_0163	MZ726793.1	29.524	105	108	151660	3.53e-06	42.0
BJJLIZOP_CDS_0163	MT944117.1	95.370	108	108	152343	4.02e-68	218
BJJLIZOP_CDS_0163	MT944117.1	50.459	109	108	152343	9.60e-35	123
BJJLIZOP_CDS_0163	MT944117.1	40.000	105	108	152343	1.75e-16	71.2
BJJLIZOP_CDS_0163	MT944117.1	35.965	114	108	152343	6.26e-10	52.8
BJJLIZOP_CDS_0163	MT944117.1	29.524	105	108	152343	3.78e-06	42.0
BJJLIZOP_CDS_0163	MK373788.1	93.519	108	108	151194	5.81e-68	218
BJJLIZOP_CDS_0163	MK373788.1	40.000	105	108	151194	1.63e-16	71.6
BJJLIZOP_CDS_0163	MK373788.1	40.385	104	108	151194	1.53e-15	68.6
BJJLIZOP_CDS_0163	MK373788.1	36.842	114	108	151194	6.77e-10	52.8
BJJLIZOP_CDS_0163	OM386659.1	93.519	108	108	149194	7.55e-68	218
BJJLIZOP_CDS_0163	OM386659.1	40.000	105	108	149194	1.75e-16	71.2
BJJLIZOP_CDS_0163	OM386659.1	40.385	104	108	149194	1.24e-15	68.9
BJJLIZOP_CDS_0163	OM386659.1	35.345	116	108	149194	1.01e-10	55.1
BJJLIZOP_CDS_0163	OM386667.1	93.519	108	108	156300	7.55e-68	218
BJJLIZOP_CDS_0163	OM386667.1	40.000	105	108	156300	1.75e-16	71.2
BJJLIZOP_CDS_0163	OM386667.1	40.385	104	108	156300	1.24e-15	68.9
BJJLIZOP_CDS_0163	OM386667.1	35.345	116	108	156300	1.01e-10	55.1
BJJLIZOP_CDS_0163	PV191315.1	94.444	108	108	151674	1.00e-67	217
BJJLIZOP_CDS_0163	PV191315.1	51.376	109	108	151674	1.71e-35	125
BJJLIZOP_CDS_0163	PV191315.1	40.000	105	108	151674	1.75e-16	71.2
BJJLIZOP_CDS_0163	PV191315.1	35.088	114	108	151674	5.16e-10	52.8
BJJLIZOP_CDS_0163	PV191315.1	29.524	105	108	151674	3.78e-06	42.0
BJJLIZOP_CDS_0163	OL631481.1	93.519	108	108	149818	1.16e-67	217
BJJLIZOP_CDS_0163	OL631481.1	51.376	109	108	149818	4.96e-35	124
BJJLIZOP_CDS_0163	OL631481.1	40.000	105	108	149818	1.75e-16	71.2
BJJLIZOP_CDS_0163	OL631481.1	38.614	101	108	149818	7.70e-14	63.9
BJJLIZOP_CDS_0163	OL631481.1	29.524	105	108	149818	2.15e-06	42.7
BJJLIZOP_CDS_0163	LR597654.1	92.593	108	108	150152	1.75e-67	216
BJJLIZOP_CDS_0163	LR597654.1	40.000	105	108	150152	1.63e-16	71.6
BJJLIZOP_CDS_0163	LR597654.1	39.423	104	108	150152	5.47e-15	67.0
BJJLIZOP_CDS_0163	LR597654.1	35.965	114	108	150152	4.72e-10	53.1
BJJLIZOP_CDS_0163	OR437326.1	94.444	108	108	148445	7.15e-67	215
BJJLIZOP_CDS_0163	OR437326.1	51.376	109	108	148445	1.71e-35	125
BJJLIZOP_CDS_0163	OR437326.1	40.952	105	108	148445	5.40e-17	72.8
BJJLIZOP_CDS_0163	OR437326.1	33.929	112	108	148445	1.51e-11	57.4
BJJLIZOP_CDS_0163	OR437326.1	30.088	113	108	148445	6.92e-08	47.0
BJJLIZOP_CDS_0163	OR437326.1	29.524	105	108	148445	3.78e-06	42.0
BJJLIZOP_CDS_0163	OR544956.1	93.519	108	108	130723	7.80e-67	215
BJJLIZOP_CDS_0163	OR544956.1	51.376	109	108	130723	1.71e-35	125
BJJLIZOP_CDS_0163	OR544956.1	40.000	105	108	130723	1.75e-16	71.2
BJJLIZOP_CDS_0163	OR544956.1	29.524	105	108	130723	3.53e-06	42.0
BJJLIZOP_CDS_0163	MN850618.1	93.519	108	108	150473	7.80e-67	215
BJJLIZOP_CDS_0163	MN850618.1	51.376	109	108	150473	1.08e-35	126
BJJLIZOP_CDS_0163	MN850618.1	40.000	105	108	150473	1.75e-16	71.2
BJJLIZOP_CDS_0163	MN850618.1	30.769	117	108	150473	4.04e-10	53.1
BJJLIZOP_CDS_0163	MN850618.1	29.524	105	108	150473	3.78e-06	42.0
BJJLIZOP_CDS_0163	OR352956.1	92.593	108	108	149254	1.15e-66	214
BJJLIZOP_CDS_0163	OR352956.1	40.000	105	108	149254	1.63e-16	71.6
BJJLIZOP_CDS_0163	OR352956.1	35.714	112	108	149254	1.63e-12	60.1
BJJLIZOP_CDS_0163	OR062524.1	90.741	108	108	150431	4.78e-66	213
BJJLIZOP_CDS_0163	OR062524.1	50.926	108	108	150431	2.39e-34	122
BJJLIZOP_CDS_0163	OR062524.1	40.000	105	108	150431	1.75e-16	71.2
BJJLIZOP_CDS_0163	OR062524.1	40.385	104	108	150431	1.24e-15	68.9
BJJLIZOP_CDS_0163	OR062524.1	35.965	114	108	150431	9.70e-10	52.0
BJJLIZOP_CDS_0163	OR062529.1	90.741	108	108	151980	4.78e-66	213
BJJLIZOP_CDS_0163	OR062529.1	50.926	108	108	151980	2.39e-34	122
BJJLIZOP_CDS_0163	OR062529.1	40.000	105	108	151980	1.75e-16	71.2
BJJLIZOP_CDS_0163	OR062529.1	40.385	104	108	151980	1.24e-15	68.9
BJJLIZOP_CDS_0163	OR062529.1	35.965	114	108	151980	9.70e-10	52.0
BJJLIZOP_CDS_0163	OR062526.1	90.741	108	108	151980	4.78e-66	213
BJJLIZOP_CDS_0163	OR062526.1	50.926	108	108	151980	2.39e-34	122
BJJLIZOP_CDS_0163	OR062526.1	40.000	105	108	151980	1.75e-16	71.2
BJJLIZOP_CDS_0163	OR062526.1	40.385	104	108	151980	1.24e-15	68.9
BJJLIZOP_CDS_0163	OR062526.1	35.965	114	108	151980	9.70e-10	52.0
BJJLIZOP_CDS_0163	LR746137.1	90.741	108	108	152148	4.78e-66	213
BJJLIZOP_CDS_0163	LR746137.1	50.459	109	108	152148	1.46e-34	122
BJJLIZOP_CDS_0163	LR746137.1	40.000	105	108	152148	1.63e-16	71.6
BJJLIZOP_CDS_0163	LR746137.1	41.346	104	108	152148	5.84e-16	69.7
BJJLIZOP_CDS_0163	LR746137.1	35.965	114	108	152148	2.46e-10	53.9
BJJLIZOP_CDS_0163	OL505078.1	92.593	108	108	151425	1.06e-65	211
BJJLIZOP_CDS_0163	OL505078.1	51.376	109	108	151425	4.50e-35	124
BJJLIZOP_CDS_0163	OL505078.1	40.000	105	108	151425	1.75e-16	71.2
BJJLIZOP_CDS_0163	OL505078.1	37.143	105	108	151425	5.27e-14	64.3
BJJLIZOP_CDS_0163	OL505078.1	29.524	105	108	151425	3.57e-06	42.0
BJJLIZOP_CDS_0163	MN850648.1	91.667	108	108	149335	7.72e-65	209
BJJLIZOP_CDS_0163	MN850648.1	51.376	109	108	149335	9.51e-35	123
BJJLIZOP_CDS_0163	MN850648.1	40.000	105	108	149335	1.75e-16	71.2
BJJLIZOP_CDS_0163	MN850648.1	40.385	104	108	149335	1.53e-15	68.6
BJJLIZOP_CDS_0163	MN850648.1	35.965	114	108	149335	3.43e-10	53.5
BJJLIZOP_CDS_0163	OR786310.1	91.667	108	108	149880	9.46e-65	209
BJJLIZOP_CDS_0163	OR786310.1	51.376	109	108	149880	9.51e-35	123
BJJLIZOP_CDS_0163	OR786310.1	40.000	105	108	149880	1.75e-16	71.2
BJJLIZOP_CDS_0163	OR786310.1	40.385	104	108	149880	1.24e-15	68.9
BJJLIZOP_CDS_0163	OR786310.1	35.965	114	108	149880	6.26e-10	52.8
BJJLIZOP_CDS_0163	OR786310.1	29.524	105	108	149880	3.53e-06	42.0
BJJLIZOP_CDS_0163	OP172791.1	91.667	108	108	151113	9.46e-65	209
BJJLIZOP_CDS_0163	OP172791.1	51.887	106	108	151113	5.30e-34	121
BJJLIZOP_CDS_0163	OP172791.1	40.000	105	108	151113	1.59e-16	71.6
BJJLIZOP_CDS_0163	OP172791.1	40.385	104	108	151113	1.24e-15	68.9
BJJLIZOP_CDS_0163	OP172791.1	35.965	114	108	151113	2.85e-10	53.5
BJJLIZOP_CDS_0163	OP172791.1	29.524	105	108	151113	3.78e-06	42.0
BJJLIZOP_CDS_0163	MT496970.1	91.667	108	108	151202	9.46e-65	209
BJJLIZOP_CDS_0163	MT496970.1	51.376	109	108	151202	4.96e-35	124
BJJLIZOP_CDS_0163	MT496970.1	40.000	105	108	151202	1.75e-16	71.2
BJJLIZOP_CDS_0163	MT496970.1	39.423	104	108	151202	1.59e-14	65.9
BJJLIZOP_CDS_0163	MT496970.1	35.345	116	108	151202	1.72e-10	54.3
BJJLIZOP_CDS_0163	MT496970.1	29.524	105	108	151202	3.37e-06	42.0
BJJLIZOP_CDS_0163	OP595145.1	91.667	108	108	151363	9.46e-65	209
BJJLIZOP_CDS_0163	OP595145.1	51.376	109	108	151363	4.96e-35	124
BJJLIZOP_CDS_0163	OP595145.1	40.000	105	108	151363	1.75e-16	71.2
BJJLIZOP_CDS_0163	OP595145.1	35.965	114	108	151363	2.85e-10	53.5
BJJLIZOP_CDS_0163	OP595145.1	29.524	105	108	151363	3.78e-06	42.0
BJJLIZOP_CDS_0163	OL739525.1	91.667	108	108	151825	9.46e-65	209
BJJLIZOP_CDS_0163	OL739525.1	51.376	109	108	151825	9.51e-35	123
BJJLIZOP_CDS_0163	OL739525.1	40.000	105	108	151825	1.75e-16	71.2
BJJLIZOP_CDS_0163	OL739525.1	40.385	104	108	151825	1.24e-15	68.9
BJJLIZOP_CDS_0163	OL739525.1	35.455	110	108	151825	4.94e-12	58.5
BJJLIZOP_CDS_0163	OL739525.1	30.088	113	108	151825	7.92e-08	46.6
BJJLIZOP_CDS_0163	OL739525.1	29.524	105	108	151825	3.53e-06	42.0
BJJLIZOP_CDS_0163	OP172792.1	91.667	108	108	151993	9.46e-65	209
BJJLIZOP_CDS_0163	OP172792.1	51.887	106	108	151993	5.30e-34	121
BJJLIZOP_CDS_0163	OP172792.1	40.000	105	108	151993	1.59e-16	71.6
BJJLIZOP_CDS_0163	OP172792.1	39.423	104	108	151993	4.37e-15	67.4
BJJLIZOP_CDS_0163	OP172792.1	35.965	114	108	151993	2.85e-10	53.5
BJJLIZOP_CDS_0163	OP172792.1	29.524	105	108	151993	3.78e-06	42.0
BJJLIZOP_CDS_0163	PQ826431.1	89.815	108	108	151106	9.06e-64	206
BJJLIZOP_CDS_0163	PQ826431.1	51.376	109	108	151106	4.96e-35	124
BJJLIZOP_CDS_0163	PQ826431.1	40.000	105	108	151106	1.75e-16	71.2
BJJLIZOP_CDS_0163	PQ826431.1	40.385	104	108	151106	1.24e-15	68.9
BJJLIZOP_CDS_0163	PQ826431.1	35.965	114	108	151106	3.43e-10	53.5
BJJLIZOP_CDS_0163	PQ826431.1	29.524	105	108	151106	2.59e-06	42.4
BJJLIZOP_CDS_0163	MH252123.1	51.376	109	108	150925	1.71e-35	125
BJJLIZOP_CDS_0163	MH252123.1	40.000	105	108	150925	1.75e-16	71.2
BJJLIZOP_CDS_0163	MH252123.1	34.821	112	108	150925	1.92e-12	59.7
BJJLIZOP_CDS_0163	MH252123.1	33.913	115	108	150925	1.49e-08	48.9
BJJLIZOP_CDS_0163	PV730300.1	51.376	109	108	146712	3.93e-35	124
BJJLIZOP_CDS_0163	PV730300.1	40.000	105	108	146712	1.75e-16	71.2
BJJLIZOP_CDS_0163	PV730300.1	35.714	112	108	146712	7.35e-13	60.8
BJJLIZOP_CDS_0163	PV730300.1	29.565	115	108	146712	4.73e-07	44.3
BJJLIZOP_CDS_0163	OZ035743.1	40.000	105	108	142881	1.63e-16	71.6
BJJLIZOP_CDS_0163	OZ035743.1	40.385	104	108	142881	8.87e-16	69.3
BJJLIZOP_CDS_0163	OZ035743.1	35.965	114	108	142881	2.85e-10	53.5
BJJLIZOP_CDS_0163	OZ035771.1	35.345	116	108	144811	1.72e-10	54.3
BJJLIZOP_CDS_0164	OZ035728.1	100.000	90	90	149471	1.63e-56	184
BJJLIZOP_CDS_0164	KX552041.2	100.000	90	90	149813	1.63e-56	184
BJJLIZOP_CDS_0164	PP129558.1	100.000	90	90	149967	1.63e-56	184
BJJLIZOP_CDS_0164	MN850571.1	100.000	90	90	151514	1.63e-56	184
BJJLIZOP_CDS_0164	MH051333.1	100.000	90	90	151671	1.63e-56	184
BJJLIZOP_CDS_0164	OM386656.1	98.889	90	90	149073	4.83e-56	183
BJJLIZOP_CDS_0164	KX664695.3	98.889	90	90	149268	4.83e-56	183
BJJLIZOP_CDS_0164	MN850565.1	98.889	90	90	150947	4.83e-56	183
BJJLIZOP_CDS_0164	JX561091.1	98.889	90	90	147737	1.97e-55	181
BJJLIZOP_CDS_0164	OR437326.1	98.889	90	90	148445	1.97e-55	181
BJJLIZOP_CDS_0164	OQ031492.1	98.889	90	90	149246	1.97e-55	181
BJJLIZOP_CDS_0164	MH160766.1	98.889	90	90	149803	1.97e-55	181
BJJLIZOP_CDS_0164	OL631481.1	98.889	90	90	149818	1.97e-55	181
BJJLIZOP_CDS_0164	MW175890.1	98.889	90	90	150892	1.97e-55	181
BJJLIZOP_CDS_0164	MZ726793.1	98.889	90	90	151660	1.97e-55	181
BJJLIZOP_CDS_0164	PV191315.1	98.889	90	90	151674	1.97e-55	181
BJJLIZOP_CDS_0164	LR746137.1	98.889	90	90	152148	1.97e-55	181
BJJLIZOP_CDS_0164	MT944117.1	98.889	90	90	152343	1.97e-55	181
BJJLIZOP_CDS_0164	MN850648.1	97.778	90	90	149335	4.86e-55	180
BJJLIZOP_CDS_0164	OR786310.1	97.778	90	90	149880	4.86e-55	180
BJJLIZOP_CDS_0164	PQ826431.1	97.778	90	90	151106	4.86e-55	180
BJJLIZOP_CDS_0164	OP172791.1	97.778	90	90	151113	4.86e-55	180
BJJLIZOP_CDS_0164	MT496970.1	97.778	90	90	151202	4.86e-55	180
BJJLIZOP_CDS_0164	PQ433349.1	97.778	90	90	151245	4.86e-55	180
BJJLIZOP_CDS_0164	OP595145.1	97.778	90	90	151363	4.86e-55	180
BJJLIZOP_CDS_0164	OL739525.1	97.778	90	90	151825	4.86e-55	180
BJJLIZOP_CDS_0164	OP172792.1	97.778	90	90	151993	4.86e-55	180
BJJLIZOP_CDS_0164	OR352955.1	97.778	90	90	152808	4.86e-55	180
BJJLIZOP_CDS_0164	OL505078.1	98.889	90	90	151425	5.62e-55	180
BJJLIZOP_CDS_0164	OR062524.1	97.778	90	90	150431	6.69e-55	180
BJJLIZOP_CDS_0164	OR062529.1	97.778	90	90	151980	6.69e-55	180
BJJLIZOP_CDS_0164	OR062526.1	97.778	90	90	151980	6.69e-55	180
BJJLIZOP_CDS_0164	OR544956.1	97.778	90	90	130723	2.25e-54	178
BJJLIZOP_CDS_0164	MN850618.1	97.778	90	90	150473	2.25e-54	178
BJJLIZOP_CDS_0164	OM362897.1	96.667	90	90	152401	9.28e-54	176
BJJLIZOP_CDS_0165	MN850598.1	100.000	65	65	144998	8.02e-39	132
BJJLIZOP_CDS_0165	OM386656.1	100.000	65	65	149073	8.02e-39	132
BJJLIZOP_CDS_0165	OM386659.1	100.000	65	65	149194	8.02e-39	132
BJJLIZOP_CDS_0165	OZ035728.1	100.000	65	65	149471	8.02e-39	132
BJJLIZOP_CDS_0165	MH160766.1	100.000	65	65	149803	8.02e-39	132
BJJLIZOP_CDS_0165	KX552041.2	100.000	65	65	149813	8.02e-39	132
BJJLIZOP_CDS_0165	OL631481.1	100.000	65	65	149818	8.02e-39	132
BJJLIZOP_CDS_0165	OR067838.1	100.000	65	65	149856	8.02e-39	132
BJJLIZOP_CDS_0165	PP129558.1	100.000	65	65	149967	8.02e-39	132
BJJLIZOP_CDS_0165	LR597654.1	100.000	65	65	150152	8.02e-39	132
BJJLIZOP_CDS_0165	MK373788.1	100.000	65	65	151194	8.02e-39	132
BJJLIZOP_CDS_0165	PQ433349.1	100.000	65	65	151245	8.02e-39	132
BJJLIZOP_CDS_0165	OL505078.1	100.000	65	65	151425	8.02e-39	132
BJJLIZOP_CDS_0165	MN850571.1	100.000	65	65	151514	8.02e-39	132
BJJLIZOP_CDS_0165	MH051333.1	100.000	65	65	151671	8.02e-39	132
BJJLIZOP_CDS_0165	LR746137.1	100.000	65	65	152148	8.02e-39	132
BJJLIZOP_CDS_0165	OR352955.1	100.000	65	65	152808	8.02e-39	132
BJJLIZOP_CDS_0165	OM386667.1	100.000	65	65	156300	8.02e-39	132
BJJLIZOP_CDS_0165	MN850565.1	98.462	65	65	150947	1.57e-38	132
BJJLIZOP_CDS_0165	OR352956.1	98.462	65	65	149254	1.75e-38	131
BJJLIZOP_CDS_0165	OR437326.1	98.462	65	65	148445	1.87e-38	131
BJJLIZOP_CDS_0165	MW175890.1	98.462	65	65	150892	1.87e-38	131
BJJLIZOP_CDS_0165	PV191315.1	98.462	65	65	151674	1.87e-38	131
BJJLIZOP_CDS_0165	JX561091.1	98.462	65	65	147737	3.19e-38	130
BJJLIZOP_CDS_0165	OQ031492.1	98.462	65	65	149246	3.19e-38	130
BJJLIZOP_CDS_0165	MN850618.1	98.462	65	65	150473	3.19e-38	130
BJJLIZOP_CDS_0165	MT944117.1	98.462	65	65	152343	3.19e-38	130
BJJLIZOP_CDS_0165	OR786310.1	98.462	65	65	149880	4.89e-38	130
BJJLIZOP_CDS_0165	OR062524.1	98.462	65	65	150431	4.89e-38	130
BJJLIZOP_CDS_0165	PQ826431.1	98.462	65	65	151106	4.89e-38	130
BJJLIZOP_CDS_0165	OP172791.1	98.462	65	65	151113	4.89e-38	130
BJJLIZOP_CDS_0165	OP595145.1	98.462	65	65	151363	4.89e-38	130
BJJLIZOP_CDS_0165	OL739525.1	98.462	65	65	151825	4.89e-38	130
BJJLIZOP_CDS_0165	OR062529.1	98.462	65	65	151980	4.89e-38	130
BJJLIZOP_CDS_0165	OR062526.1	98.462	65	65	151980	4.89e-38	130
BJJLIZOP_CDS_0165	OP172792.1	98.462	65	65	151993	4.89e-38	130
BJJLIZOP_CDS_0165	OM362897.1	98.462	65	65	152401	4.89e-38	130
BJJLIZOP_CDS_0165	OR544956.1	96.923	65	65	130723	7.28e-38	130
BJJLIZOP_CDS_0165	MZ726793.1	96.923	65	65	151660	9.46e-38	129
BJJLIZOP_CDS_0165	MT496970.1	96.923	65	65	151202	1.48e-37	129
BJJLIZOP_CDS_0165	MN850648.1	96.923	65	65	149335	2.10e-37	128
BJJLIZOP_CDS_0165	KX664695.3	95.385	65	65	149268	4.44e-37	127
BJJLIZOP_CDS_0165	PV730300.1	92.727	55	65	146712	1.15e-28	103
BJJLIZOP_CDS_0165	MH252123.1	92.727	55	65	150925	1.15e-28	103
BJJLIZOP_CDS_0166	OR352956.1	100.000	120	120	149254	6.62e-70	224
BJJLIZOP_CDS_0166	OM386656.1	100.000	120	120	149073	1.11e-69	223
BJJLIZOP_CDS_0166	OZ035728.1	100.000	120	120	149471	1.11e-69	223
BJJLIZOP_CDS_0166	KX552041.2	100.000	120	120	149813	1.11e-69	223
BJJLIZOP_CDS_0166	PP129558.1	100.000	120	120	149967	1.11e-69	223
BJJLIZOP_CDS_0166	PQ433349.1	100.000	120	120	151245	1.11e-69	223
BJJLIZOP_CDS_0166	MN850571.1	100.000	120	120	151514	1.11e-69	223
BJJLIZOP_CDS_0166	MH051333.1	100.000	120	120	151671	1.11e-69	223
BJJLIZOP_CDS_0166	MN850598.1	100.000	120	120	144998	1.13e-69	223
BJJLIZOP_CDS_0166	LR597654.1	100.000	120	120	150152	1.98e-69	223
BJJLIZOP_CDS_0166	MK373788.1	100.000	120	120	151194	1.98e-69	223
BJJLIZOP_CDS_0166	OM386659.1	100.000	120	120	149194	2.20e-69	223
BJJLIZOP_CDS_0166	KX664695.3	100.000	120	120	149268	2.20e-69	223
BJJLIZOP_CDS_0166	MN850618.1	100.000	120	120	150473	2.20e-69	223
BJJLIZOP_CDS_0166	MN850565.1	100.000	120	120	150947	2.20e-69	223
BJJLIZOP_CDS_0166	OM386667.1	100.000	120	120	156300	2.20e-69	223
BJJLIZOP_CDS_0166	JX561091.1	99.167	120	120	147737	3.54e-69	222
BJJLIZOP_CDS_0166	OQ031492.1	99.167	120	120	149246	3.54e-69	222
BJJLIZOP_CDS_0166	OR067838.1	99.167	120	120	149856	3.54e-69	222
BJJLIZOP_CDS_0166	MZ726793.1	99.167	120	120	151660	3.54e-69	222
BJJLIZOP_CDS_0166	MT944117.1	99.167	120	120	152343	4.42e-69	222
BJJLIZOP_CDS_0166	OR544956.1	99.167	120	120	130723	1.64e-68	220
BJJLIZOP_CDS_0166	LR746137.1	98.333	120	120	152148	1.14e-67	218
BJJLIZOP_CDS_0166	OM362897.1	98.333	120	120	152401	1.14e-67	218
BJJLIZOP_CDS_0166	MH160766.1	98.333	120	120	149803	1.19e-67	218
BJJLIZOP_CDS_0166	OR062524.1	98.333	120	120	150431	1.22e-67	218
BJJLIZOP_CDS_0166	OR062529.1	98.333	120	120	151980	1.22e-67	218
BJJLIZOP_CDS_0166	OR062526.1	98.333	120	120	151980	1.22e-67	218
BJJLIZOP_CDS_0166	OR352955.1	98.333	120	120	152808	1.22e-67	218
BJJLIZOP_CDS_0166	MH252123.1	97.500	120	120	150925	3.43e-67	216
BJJLIZOP_CDS_0166	OL631481.1	97.500	120	120	149818	4.16e-67	216
BJJLIZOP_CDS_0166	OL505078.1	97.500	120	120	151425	6.20e-67	216
BJJLIZOP_CDS_0166	MN850648.1	97.500	120	120	149335	7.17e-67	216
BJJLIZOP_CDS_0166	MW175890.1	97.500	120	120	150892	7.45e-67	215
BJJLIZOP_CDS_0166	PV191315.1	97.500	120	120	151674	7.45e-67	215
BJJLIZOP_CDS_0166	OR786310.1	97.500	120	120	149880	7.89e-67	215
BJJLIZOP_CDS_0166	PQ826431.1	97.500	120	120	151106	7.89e-67	215
BJJLIZOP_CDS_0166	OP172791.1	97.500	120	120	151113	7.89e-67	215
BJJLIZOP_CDS_0166	MT496970.1	97.500	120	120	151202	7.89e-67	215
BJJLIZOP_CDS_0166	OP595145.1	97.500	120	120	151363	7.89e-67	215
BJJLIZOP_CDS_0166	OL739525.1	97.500	120	120	151825	7.89e-67	215
BJJLIZOP_CDS_0166	OP172792.1	97.500	120	120	151993	7.89e-67	215
BJJLIZOP_CDS_0166	OR437326.1	97.500	120	120	148445	9.77e-67	215
BJJLIZOP_CDS_0166	PV730300.1	97.500	120	120	146712	1.56e-66	214
BJJLIZOP_CDS_0167	OQ031492.1	100.000	87	87	149246	4.72e-56	183
BJJLIZOP_CDS_0167	JX561091.1	100.000	87	87	147737	1.50e-55	181
BJJLIZOP_CDS_0167	OM386656.1	100.000	87	87	149073	1.50e-55	181
BJJLIZOP_CDS_0167	KX664695.3	100.000	87	87	149268	1.50e-55	181
BJJLIZOP_CDS_0167	MN850648.1	100.000	87	87	149335	1.50e-55	181
BJJLIZOP_CDS_0167	OZ035728.1	100.000	87	87	149471	1.50e-55	181
BJJLIZOP_CDS_0167	KX552041.2	100.000	87	87	149813	1.50e-55	181
BJJLIZOP_CDS_0167	OL631481.1	100.000	87	87	149818	1.50e-55	181
BJJLIZOP_CDS_0167	PP129558.1	100.000	87	87	149967	1.50e-55	181
BJJLIZOP_CDS_0167	LR597654.1	100.000	87	87	150152	1.50e-55	181
BJJLIZOP_CDS_0167	MN850565.1	100.000	87	87	150947	1.50e-55	181
BJJLIZOP_CDS_0167	MK373788.1	100.000	87	87	151194	1.50e-55	181
BJJLIZOP_CDS_0167	MN850571.1	100.000	87	87	151514	1.50e-55	181
BJJLIZOP_CDS_0167	MZ726793.1	100.000	87	87	151660	1.50e-55	181
BJJLIZOP_CDS_0167	MH051333.1	100.000	87	87	151671	1.50e-55	181
BJJLIZOP_CDS_0167	MT944117.1	100.000	87	87	152343	1.50e-55	181
BJJLIZOP_CDS_0167	OR544956.1	98.851	87	87	130723	4.27e-55	180
BJJLIZOP_CDS_0167	MH160766.1	98.851	87	87	149803	4.27e-55	180
BJJLIZOP_CDS_0167	OR786310.1	98.851	87	87	149880	4.27e-55	180
BJJLIZOP_CDS_0167	PQ826431.1	98.851	87	87	151106	4.27e-55	180
BJJLIZOP_CDS_0167	OP172791.1	98.851	87	87	151113	4.27e-55	180
BJJLIZOP_CDS_0167	MT496970.1	98.851	87	87	151202	4.27e-55	180
BJJLIZOP_CDS_0167	OP595145.1	98.851	87	87	151363	4.27e-55	180
BJJLIZOP_CDS_0167	OL505078.1	98.851	87	87	151425	4.27e-55	180
BJJLIZOP_CDS_0167	OL739525.1	98.851	87	87	151825	4.27e-55	180
BJJLIZOP_CDS_0167	OP172792.1	98.851	87	87	151993	4.27e-55	180
BJJLIZOP_CDS_0167	LR746137.1	98.851	87	87	152148	4.27e-55	180
BJJLIZOP_CDS_0167	MN850598.1	98.851	87	87	144998	4.53e-55	180
BJJLIZOP_CDS_0167	PV730300.1	98.851	87	87	146712	4.53e-55	180
BJJLIZOP_CDS_0167	OM386659.1	98.851	87	87	149194	4.53e-55	180
BJJLIZOP_CDS_0167	OR067838.1	98.851	87	87	149856	4.53e-55	180
BJJLIZOP_CDS_0167	OR062524.1	98.851	87	87	150431	4.53e-55	180
BJJLIZOP_CDS_0167	MW175890.1	98.851	87	87	150892	4.53e-55	180
BJJLIZOP_CDS_0167	PQ433349.1	98.851	87	87	151245	4.53e-55	180
BJJLIZOP_CDS_0167	PV191315.1	98.851	87	87	151674	4.53e-55	180
BJJLIZOP_CDS_0167	OR062529.1	98.851	87	87	151980	4.53e-55	180
BJJLIZOP_CDS_0167	OR062526.1	98.851	87	87	151980	4.53e-55	180
BJJLIZOP_CDS_0167	OM386667.1	98.851	87	87	156300	4.53e-55	180
BJJLIZOP_CDS_0167	OR437326.1	98.851	87	87	148445	5.34e-55	180
BJJLIZOP_CDS_0167	MN850618.1	97.701	87	87	150473	5.66e-55	180
BJJLIZOP_CDS_0167	OM362897.1	97.701	87	87	152401	5.66e-55	180
BJJLIZOP_CDS_0167	OR352956.1	97.701	87	87	149254	6.06e-55	179
BJJLIZOP_CDS_0167	MH252123.1	97.701	87	87	150925	1.42e-54	179
BJJLIZOP_CDS_0167	OR352955.1	97.701	87	87	152808	2.31e-54	178
BJJLIZOP_CDS_0167	OZ035743.1	100.000	82	87	142881	4.99e-52	171
BJJLIZOP_CDS_0168	OM386656.1	100.000	148	148	149073	8.69e-99	308
BJJLIZOP_CDS_0168	OZ035728.1	100.000	148	148	149471	8.69e-99	308
BJJLIZOP_CDS_0168	KX552041.2	100.000	148	148	149813	8.69e-99	308
BJJLIZOP_CDS_0168	PP129558.1	100.000	148	148	149967	8.69e-99	308
BJJLIZOP_CDS_0168	MN850571.1	100.000	148	148	151514	8.69e-99	308
BJJLIZOP_CDS_0168	MH051333.1	99.324	148	148	151671	3.12e-98	306
BJJLIZOP_CDS_0168	OM386659.1	98.649	148	148	149194	9.32e-98	305
BJJLIZOP_CDS_0168	KX664695.3	98.649	148	148	149268	9.32e-98	305
BJJLIZOP_CDS_0168	MN850565.1	98.649	148	148	150947	9.32e-98	305
BJJLIZOP_CDS_0168	OM386667.1	98.649	148	148	156300	9.32e-98	305
BJJLIZOP_CDS_0168	OR352955.1	97.973	148	148	152808	4.83e-97	303
BJJLIZOP_CDS_0168	MW175890.1	96.622	148	148	150892	2.93e-96	301
BJJLIZOP_CDS_0168	PV191315.1	96.622	148	148	151674	2.93e-96	301
BJJLIZOP_CDS_0168	OR352956.1	96.622	148	148	149254	3.59e-96	301
BJJLIZOP_CDS_0168	PV730300.1	96.622	148	148	146712	5.49e-96	300
BJJLIZOP_CDS_0168	PQ433349.1	95.946	148	148	151245	5.83e-95	297
BJJLIZOP_CDS_0168	PQ826431.1	95.270	148	148	151106	6.94e-95	297
BJJLIZOP_CDS_0168	MH252123.1	96.622	148	148	150925	8.43e-95	297
BJJLIZOP_CDS_0168	MN850598.1	96.622	148	148	144998	1.09e-94	296
BJJLIZOP_CDS_0168	MT496970.1	95.270	148	148	151202	1.29e-94	296
BJJLIZOP_CDS_0168	OL739525.1	95.270	148	148	151825	1.29e-94	296
BJJLIZOP_CDS_0168	OR067838.1	94.595	148	148	149856	2.20e-94	296
BJJLIZOP_CDS_0168	LR746137.1	94.595	148	148	152148	2.72e-94	295
BJJLIZOP_CDS_0168	OM362897.1	94.595	148	148	152401	3.89e-94	295
BJJLIZOP_CDS_0168	OP172791.1	93.919	148	148	151113	1.05e-93	294
BJJLIZOP_CDS_0168	OP172792.1	93.919	148	148	151993	1.05e-93	294
BJJLIZOP_CDS_0168	MN850648.1	93.919	148	148	149335	2.55e-93	293
BJJLIZOP_CDS_0168	OR786310.1	86.486	148	148	149880	4.15e-86	272
BJJLIZOP_CDS_0168	OP595145.1	85.430	151	148	151363	8.16e-83	263
BJJLIZOP_CDS_0168	OL505078.1	84.106	151	148	151425	1.20e-81	259
BJJLIZOP_CDS_0168	OR437326.1	83.444	151	148	148445	6.56e-81	257
BJJLIZOP_CDS_0168	OZ035743.1	82.781	151	148	142881	7.90e-80	254
BJJLIZOP_CDS_0168	MT944117.1	82.781	151	148	152343	1.48e-79	253
BJJLIZOP_CDS_0168	MZ726793.1	82.781	151	148	151660	3.16e-79	252
BJJLIZOP_CDS_0168	JX561091.1	82.119	151	148	147737	4.10e-79	252
BJJLIZOP_CDS_0168	MN850618.1	82.119	151	148	150473	7.33e-79	251
BJJLIZOP_CDS_0168	OQ031492.1	94.915	118	148	149246	3.94e-75	241
BJJLIZOP_CDS_0168	OR062524.1	73.684	152	148	150431	1.27e-70	228
BJJLIZOP_CDS_0168	OR062529.1	73.684	152	148	151980	1.27e-70	228
BJJLIZOP_CDS_0168	OR062526.1	73.684	152	148	151980	1.27e-70	228
BJJLIZOP_CDS_0168	MH160766.1	71.711	152	148	149803	2.00e-68	221
BJJLIZOP_CDS_0168	LR597654.1	71.711	152	148	150152	2.00e-68	221
BJJLIZOP_CDS_0168	MK373788.1	71.711	152	148	151194	2.00e-68	221
BJJLIZOP_CDS_0168	OR544956.1	95.413	109	148	130723	3.24e-68	221
BJJLIZOP_CDS_0168	OL631481.1	97.143	70	148	149818	7.24e-66	148
BJJLIZOP_CDS_0168	OL631481.1	67.778	90	148	149818	7.24e-66	117
BJJLIZOP_CDS_0169	OM386656.1	100.000	132	132	149073	3.36e-85	268
BJJLIZOP_CDS_0169	OZ035728.1	100.000	132	132	149471	3.36e-85	268
BJJLIZOP_CDS_0169	KX552041.2	100.000	132	132	149813	3.36e-85	268
BJJLIZOP_CDS_0169	PP129558.1	100.000	132	132	149967	3.36e-85	268
BJJLIZOP_CDS_0169	MH051333.1	100.000	132	132	151671	3.36e-85	268
BJJLIZOP_CDS_0169	OR544956.1	99.242	132	132	130723	4.72e-85	268
BJJLIZOP_CDS_0169	MN850648.1	99.242	132	132	149335	4.72e-85	268
BJJLIZOP_CDS_0169	MW175890.1	99.242	132	132	150892	4.72e-85	268
BJJLIZOP_CDS_0169	OP595145.1	99.242	132	132	151363	4.72e-85	268
BJJLIZOP_CDS_0169	PV191315.1	99.242	132	132	151674	4.72e-85	268
BJJLIZOP_CDS_0169	MT944117.1	99.242	132	132	152343	4.72e-85	268
BJJLIZOP_CDS_0169	OM386659.1	98.485	132	132	149194	1.20e-84	267
BJJLIZOP_CDS_0169	MT496970.1	98.485	132	132	151202	1.20e-84	267
BJJLIZOP_CDS_0169	OL739525.1	98.485	132	132	151825	1.20e-84	267
BJJLIZOP_CDS_0169	OM362897.1	98.485	132	132	152401	1.20e-84	267
BJJLIZOP_CDS_0169	OM386667.1	98.485	132	132	156300	1.20e-84	267
BJJLIZOP_CDS_0169	OR437326.1	98.485	132	132	148445	1.45e-84	267
BJJLIZOP_CDS_0169	OQ031492.1	98.485	132	132	149246	1.45e-84	267
BJJLIZOP_CDS_0169	MN850618.1	98.485	132	132	150473	1.45e-84	267
BJJLIZOP_CDS_0169	MH252123.1	98.485	132	132	150925	1.45e-84	267
BJJLIZOP_CDS_0169	MZ726793.1	98.485	132	132	151660	1.45e-84	267
BJJLIZOP_CDS_0169	OR352955.1	98.485	132	132	152808	1.45e-84	267
BJJLIZOP_CDS_0169	JX561091.1	98.485	132	132	147737	1.61e-84	266
BJJLIZOP_CDS_0169	OR786310.1	98.485	132	132	149880	1.61e-84	266
BJJLIZOP_CDS_0169	PQ826431.1	98.485	132	132	151106	1.61e-84	266
BJJLIZOP_CDS_0169	OL631481.1	98.485	132	132	149818	2.31e-84	266
BJJLIZOP_CDS_0169	OP172791.1	97.727	132	132	151113	4.01e-84	265
BJJLIZOP_CDS_0169	OP172792.1	97.727	132	132	151993	4.01e-84	265
BJJLIZOP_CDS_0169	MN850598.1	97.727	132	132	144998	4.55e-84	265
BJJLIZOP_CDS_0169	PV730300.1	97.727	132	132	146712	6.90e-84	265
BJJLIZOP_CDS_0169	KX664695.3	96.970	132	132	149268	1.08e-83	264
BJJLIZOP_CDS_0169	MN850565.1	96.970	132	132	150947	1.08e-83	264
BJJLIZOP_CDS_0169	MH160766.1	96.970	132	132	149803	2.63e-83	263
BJJLIZOP_CDS_0169	MK373788.1	96.970	132	132	151194	2.63e-83	263
BJJLIZOP_CDS_0169	LR597654.1	96.212	132	132	150152	1.06e-82	261
BJJLIZOP_CDS_0169	OR062524.1	95.455	132	132	150431	1.23e-82	261
BJJLIZOP_CDS_0169	OR062529.1	95.455	132	132	151980	1.23e-82	261
BJJLIZOP_CDS_0169	OR062526.1	95.455	132	132	151980	1.23e-82	261
BJJLIZOP_CDS_0169	OZ035743.1	96.970	132	132	142881	3.42e-82	260
BJJLIZOP_CDS_0169	OR352956.1	96.970	132	132	149254	3.42e-82	260
BJJLIZOP_CDS_0169	OR067838.1	96.970	132	132	149856	3.42e-82	260
BJJLIZOP_CDS_0169	PQ433349.1	96.970	132	132	151245	3.42e-82	260
BJJLIZOP_CDS_0169	MN850571.1	96.970	132	132	151514	3.42e-82	260
BJJLIZOP_CDS_0169	OL505078.1	96.212	132	132	151425	7.22e-82	259
BJJLIZOP_CDS_0169	LR746137.1	100.000	105	132	152148	3.62e-67	217
BJJLIZOP_CDS_0169	LR746137.1	98.529	68	132	152148	1.82e-37	132
BJJLIZOP_CDS_0170	KX552041.2	100.000	68	68	149813	6.34e-42	141
BJJLIZOP_CDS_0170	MN850571.1	98.529	68	68	151514	9.26e-42	141
BJJLIZOP_CDS_0170	OZ035728.1	97.059	68	68	149471	2.07e-41	140
BJJLIZOP_CDS_0170	MH051333.1	97.059	68	68	151671	2.07e-41	140
BJJLIZOP_CDS_0170	LR746137.1	97.059	68	68	152148	2.07e-41	140
BJJLIZOP_CDS_0170	PQ826431.1	97.059	68	68	151106	3.21e-41	139
BJJLIZOP_CDS_0170	OM362897.1	97.059	68	68	152401	3.21e-41	139
BJJLIZOP_CDS_0170	MN850598.1	95.588	68	68	144998	7.69e-41	138
BJJLIZOP_CDS_0170	OM386656.1	95.588	68	68	149073	7.69e-41	138
BJJLIZOP_CDS_0170	MH160766.1	95.588	68	68	149803	7.69e-41	138
BJJLIZOP_CDS_0170	OL631481.1	95.588	68	68	149818	7.69e-41	138
BJJLIZOP_CDS_0170	LR597654.1	95.588	68	68	150152	7.69e-41	138
BJJLIZOP_CDS_0170	MK373788.1	95.588	68	68	151194	7.69e-41	138
BJJLIZOP_CDS_0170	OR352955.1	95.588	68	68	152808	8.40e-41	138
BJJLIZOP_CDS_0170	MN850648.1	95.588	68	68	149335	8.48e-41	138
BJJLIZOP_CDS_0170	OR786310.1	95.588	68	68	149880	8.48e-41	138
BJJLIZOP_CDS_0170	OP172791.1	95.588	68	68	151113	8.48e-41	138
BJJLIZOP_CDS_0170	OL505078.1	95.588	68	68	151425	8.48e-41	138
BJJLIZOP_CDS_0170	OL739525.1	95.588	68	68	151825	8.48e-41	138
BJJLIZOP_CDS_0170	OP172792.1	95.588	68	68	151993	8.48e-41	138
BJJLIZOP_CDS_0170	OZ035743.1	95.588	68	68	142881	8.56e-41	138
BJJLIZOP_CDS_0170	OR062524.1	94.118	68	68	150431	1.19e-40	138
BJJLIZOP_CDS_0170	OR062529.1	94.118	68	68	151980	1.19e-40	138
BJJLIZOP_CDS_0170	OR062526.1	94.118	68	68	151980	1.19e-40	138
BJJLIZOP_CDS_0170	MN850618.1	95.588	68	68	150473	1.43e-40	137
BJJLIZOP_CDS_0170	MN850565.1	94.118	68	68	150947	1.48e-40	137
BJJLIZOP_CDS_0170	PV730300.1	95.588	68	68	146712	1.92e-40	137
BJJLIZOP_CDS_0170	MH252123.1	95.588	68	68	150925	1.92e-40	137
BJJLIZOP_CDS_0170	OP595145.1	95.588	68	68	151363	1.92e-40	137
BJJLIZOP_CDS_0170	MT944117.1	95.588	68	68	152343	1.92e-40	137
BJJLIZOP_CDS_0170	MT496970.1	94.118	68	68	151202	1.99e-40	137
BJJLIZOP_CDS_0170	OM386659.1	94.118	68	68	149194	3.34e-40	137
BJJLIZOP_CDS_0170	OQ031492.1	94.118	68	68	149246	3.34e-40	137
BJJLIZOP_CDS_0170	MZ726793.1	94.118	68	68	151660	3.34e-40	137
BJJLIZOP_CDS_0170	OM386667.1	94.118	68	68	156300	3.34e-40	137
BJJLIZOP_CDS_0170	PV191315.1	95.588	68	68	151674	6.98e-40	135
BJJLIZOP_CDS_0170	KX664695.3	94.118	68	68	149268	8.07e-40	135
BJJLIZOP_CDS_0170	PQ433349.1	94.118	68	68	151245	8.07e-40	135
BJJLIZOP_CDS_0170	OR352956.1	94.118	68	68	149254	1.12e-39	135
BJJLIZOP_CDS_0170	JX561091.1	94.118	68	68	147737	1.71e-39	134
BJJLIZOP_CDS_0170	OR437326.1	94.118	68	68	148445	2.01e-39	134
BJJLIZOP_CDS_0170	PP129558.1	92.647	68	68	149967	4.33e-39	133
BJJLIZOP_CDS_0170	OR067838.1	91.176	68	68	149856	1.06e-38	132
BJJLIZOP_CDS_0170	MW175890.1	92.647	68	68	150892	1.38e-38	132
BJJLIZOP_CDS_0170	OR544956.1	92.647	68	68	130723	2.22e-38	131
BJJLIZOP_CDS_0171	OZ035743.1	100.000	73	73	142881	1.38e-43	146
BJJLIZOP_CDS_0171	PV730300.1	100.000	73	73	146712	1.38e-43	146
BJJLIZOP_CDS_0171	PV730300.1	36.620	71	73	146712	2.65e-07	43.5
BJJLIZOP_CDS_0171	OR437326.1	100.000	73	73	148445	1.38e-43	146
BJJLIZOP_CDS_0171	OR437326.1	38.028	71	73	148445	6.52e-09	48.1
BJJLIZOP_CDS_0171	MN850648.1	100.000	73	73	149335	1.38e-43	146
BJJLIZOP_CDS_0171	KX552041.2	100.000	73	73	149813	1.38e-43	146
BJJLIZOP_CDS_0171	KX552041.2	36.620	71	73	149813	1.40e-07	44.3
BJJLIZOP_CDS_0171	OR786310.1	100.000	73	73	149880	1.38e-43	146
BJJLIZOP_CDS_0171	OR786310.1	36.620	71	73	149880	8.75e-08	45.1
BJJLIZOP_CDS_0171	MH252123.1	100.000	73	73	150925	1.38e-43	146
BJJLIZOP_CDS_0171	MH252123.1	41.096	73	73	150925	3.38e-12	57.4
BJJLIZOP_CDS_0171	MH252123.1	35.714	70	73	150925	1.39e-08	47.4
BJJLIZOP_CDS_0171	MN850565.1	100.000	73	73	150947	1.38e-43	146
BJJLIZOP_CDS_0171	MN850565.1	38.028	71	73	150947	6.52e-09	48.1
BJJLIZOP_CDS_0171	PQ826431.1	100.000	73	73	151106	1.38e-43	146
BJJLIZOP_CDS_0171	OP172791.1	100.000	73	73	151113	1.38e-43	146
BJJLIZOP_CDS_0171	OP172791.1	36.620	71	73	151113	8.75e-08	45.1
BJJLIZOP_CDS_0171	MT496970.1	100.000	73	73	151202	1.38e-43	146
BJJLIZOP_CDS_0171	MT496970.1	36.620	71	73	151202	8.75e-08	45.1
BJJLIZOP_CDS_0171	OP595145.1	100.000	73	73	151363	1.38e-43	146
BJJLIZOP_CDS_0171	OP595145.1	36.620	71	73	151363	8.75e-08	45.1
BJJLIZOP_CDS_0171	MN850571.1	100.000	73	73	151514	1.38e-43	146
BJJLIZOP_CDS_0171	MN850571.1	36.620	71	73	151514	8.75e-08	45.1
BJJLIZOP_CDS_0171	OL739525.1	100.000	73	73	151825	1.38e-43	146
BJJLIZOP_CDS_0171	OL739525.1	36.620	71	73	151825	8.75e-08	45.1
BJJLIZOP_CDS_0171	OP172792.1	100.000	73	73	151993	1.38e-43	146
BJJLIZOP_CDS_0171	OP172792.1	36.620	71	73	151993	8.75e-08	45.1
BJJLIZOP_CDS_0171	LR746137.1	100.000	73	73	152148	1.38e-43	146
BJJLIZOP_CDS_0171	OM362897.1	100.000	73	73	152401	1.38e-43	146
BJJLIZOP_CDS_0171	OM362897.1	38.028	71	73	152401	9.74e-09	47.8
BJJLIZOP_CDS_0171	JX561091.1	98.630	73	73	147737	1.88e-43	146
BJJLIZOP_CDS_0171	JX561091.1	38.028	71	73	147737	9.74e-09	47.8
BJJLIZOP_CDS_0171	MN850618.1	98.630	73	73	150473	3.27e-43	145
BJJLIZOP_CDS_0171	MN850618.1	36.620	71	73	150473	8.75e-08	45.1
BJJLIZOP_CDS_0171	PV191315.1	98.630	73	73	151674	3.27e-43	145
BJJLIZOP_CDS_0171	PV191315.1	36.620	71	73	151674	8.75e-08	45.1
BJJLIZOP_CDS_0171	MT944117.1	98.630	73	73	152343	3.33e-43	145
BJJLIZOP_CDS_0171	OR544956.1	97.260	73	73	130723	3.93e-43	145
BJJLIZOP_CDS_0171	OM386659.1	97.260	73	73	149194	3.93e-43	145
BJJLIZOP_CDS_0171	OM386659.1	36.620	71	73	149194	8.75e-08	45.1
BJJLIZOP_CDS_0171	OQ031492.1	97.260	73	73	149246	3.93e-43	145
BJJLIZOP_CDS_0171	OQ031492.1	38.028	71	73	149246	9.74e-09	47.8
BJJLIZOP_CDS_0171	OR062524.1	97.260	73	73	150431	3.93e-43	145
BJJLIZOP_CDS_0171	MW175890.1	97.260	73	73	150892	3.93e-43	145
BJJLIZOP_CDS_0171	MW175890.1	36.620	71	73	150892	8.75e-08	45.1
BJJLIZOP_CDS_0171	MZ726793.1	97.260	73	73	151660	3.93e-43	145
BJJLIZOP_CDS_0171	MZ726793.1	36.620	71	73	151660	8.75e-08	45.1
BJJLIZOP_CDS_0171	OR062529.1	97.260	73	73	151980	3.93e-43	145
BJJLIZOP_CDS_0171	OR062526.1	97.260	73	73	151980	3.93e-43	145
BJJLIZOP_CDS_0171	OM386667.1	97.260	73	73	156300	3.93e-43	145
BJJLIZOP_CDS_0171	OM386667.1	36.620	71	73	156300	8.75e-08	45.1
BJJLIZOP_CDS_0171	OL505078.1	98.630	73	73	151425	5.31e-43	145
BJJLIZOP_CDS_0171	OL505078.1	36.620	71	73	151425	8.75e-08	45.1
BJJLIZOP_CDS_0171	OR352955.1	98.630	73	73	152808	5.31e-43	145
BJJLIZOP_CDS_0171	OR352955.1	36.620	71	73	152808	8.75e-08	45.1
BJJLIZOP_CDS_0171	OR352956.1	97.260	73	73	149254	1.19e-42	144
BJJLIZOP_CDS_0171	OR352956.1	36.620	71	73	149254	6.09e-08	45.4
BJJLIZOP_CDS_0171	KX664695.3	97.260	73	73	149268	1.19e-42	144
BJJLIZOP_CDS_0171	KX664695.3	36.620	71	73	149268	8.75e-08	45.1
BJJLIZOP_CDS_0171	PP129558.1	97.260	73	73	149967	1.19e-42	144
BJJLIZOP_CDS_0171	PP129558.1	38.028	71	73	149967	9.74e-09	47.8
BJJLIZOP_CDS_0171	PQ433349.1	97.260	73	73	151245	1.19e-42	144
BJJLIZOP_CDS_0171	PQ433349.1	35.211	71	73	151245	4.73e-07	42.7
BJJLIZOP_CDS_0171	OR067838.1	95.890	73	73	149856	3.23e-42	142
BJJLIZOP_CDS_0171	OR067838.1	36.620	71	73	149856	8.75e-08	45.1
BJJLIZOP_CDS_0171	MN850598.1	95.890	73	73	144998	4.90e-42	142
BJJLIZOP_CDS_0171	OM386656.1	95.890	73	73	149073	4.90e-42	142
BJJLIZOP_CDS_0171	OM386656.1	36.620	71	73	149073	8.75e-08	45.1
BJJLIZOP_CDS_0171	OZ035728.1	95.890	73	73	149471	4.90e-42	142
BJJLIZOP_CDS_0171	OZ035728.1	38.028	71	73	149471	9.74e-09	47.8
BJJLIZOP_CDS_0171	MH160766.1	95.890	73	73	149803	4.90e-42	142
BJJLIZOP_CDS_0171	MH160766.1	36.620	71	73	149803	8.75e-08	45.1
BJJLIZOP_CDS_0171	OL631481.1	95.890	73	73	149818	4.90e-42	142
BJJLIZOP_CDS_0171	OL631481.1	36.620	71	73	149818	2.38e-07	43.9
BJJLIZOP_CDS_0171	LR597654.1	95.890	73	73	150152	4.90e-42	142
BJJLIZOP_CDS_0171	LR597654.1	36.620	71	73	150152	1.40e-07	44.3
BJJLIZOP_CDS_0171	MK373788.1	95.890	73	73	151194	4.90e-42	142
BJJLIZOP_CDS_0171	MK373788.1	36.620	71	73	151194	1.40e-07	44.3
BJJLIZOP_CDS_0171	MH051333.1	95.890	73	73	151671	4.90e-42	142
BJJLIZOP_CDS_0171	MH051333.1	36.620	71	73	151671	1.40e-07	44.3
BJJLIZOP_CDS_0171	OZ035771.1	38.028	71	73	144811	9.74e-09	47.8
BJJLIZOP_CDS_0172	KX552041.2	100.000	62	62	149813	5.46e-36	124
BJJLIZOP_CDS_0172	OR062524.1	100.000	62	62	150431	5.46e-36	124
BJJLIZOP_CDS_0172	OR062529.1	100.000	62	62	151980	5.46e-36	124
BJJLIZOP_CDS_0172	OR062526.1	100.000	62	62	151980	5.46e-36	124
BJJLIZOP_CDS_0172	MW175890.1	98.387	62	62	150892	3.50e-35	122
BJJLIZOP_CDS_0172	OP172791.1	98.387	62	62	151113	3.50e-35	122
BJJLIZOP_CDS_0172	MT496970.1	98.387	62	62	151202	3.50e-35	122
BJJLIZOP_CDS_0172	OL505078.1	98.387	62	62	151425	3.50e-35	122
BJJLIZOP_CDS_0172	OP172792.1	98.387	62	62	151993	3.50e-35	122
BJJLIZOP_CDS_0172	OL739525.1	96.774	62	62	151825	1.21e-34	120
BJJLIZOP_CDS_0172	OZ035743.1	96.774	62	62	142881	2.26e-34	120
BJJLIZOP_CDS_0172	OM386656.1	96.774	62	62	149073	2.26e-34	120
BJJLIZOP_CDS_0172	OR352956.1	96.774	62	62	149254	2.26e-34	120
BJJLIZOP_CDS_0172	MN850648.1	96.774	62	62	149335	2.26e-34	120
BJJLIZOP_CDS_0172	MH160766.1	96.774	62	62	149803	2.26e-34	120
BJJLIZOP_CDS_0172	OR067838.1	96.774	62	62	149856	2.26e-34	120
BJJLIZOP_CDS_0172	OR786310.1	96.774	62	62	149880	2.26e-34	120
BJJLIZOP_CDS_0172	MN850565.1	96.774	62	62	150947	2.26e-34	120
BJJLIZOP_CDS_0172	PQ826431.1	96.774	62	62	151106	2.26e-34	120
BJJLIZOP_CDS_0172	MK373788.1	96.774	62	62	151194	2.26e-34	120
BJJLIZOP_CDS_0172	PQ433349.1	96.774	62	62	151245	2.26e-34	120
BJJLIZOP_CDS_0172	OP595145.1	96.774	62	62	151363	2.26e-34	120
BJJLIZOP_CDS_0172	MN850571.1	96.774	62	62	151514	2.26e-34	120
BJJLIZOP_CDS_0172	MH051333.1	96.774	62	62	151671	2.26e-34	120
BJJLIZOP_CDS_0172	PV191315.1	96.774	62	62	151674	2.26e-34	120
BJJLIZOP_CDS_0172	LR746137.1	96.774	62	62	152148	2.26e-34	120
BJJLIZOP_CDS_0172	MT944117.1	96.774	62	62	152343	2.26e-34	120
BJJLIZOP_CDS_0172	OR352955.1	96.774	62	62	152808	2.26e-34	120
BJJLIZOP_CDS_0172	MH252123.1	96.774	62	62	150925	2.54e-34	119
BJJLIZOP_CDS_0172	JX561091.1	95.161	62	62	147737	3.78e-34	119
BJJLIZOP_CDS_0172	OZ035728.1	96.774	62	62	149471	4.73e-34	119
BJJLIZOP_CDS_0172	PP129558.1	95.161	62	62	149967	6.21e-34	118
BJJLIZOP_CDS_0172	OL631481.1	95.161	62	62	149818	1.10e-33	117
BJJLIZOP_CDS_0172	OM386659.1	95.161	62	62	149194	3.24e-33	116
BJJLIZOP_CDS_0172	LR597654.1	95.161	62	62	150152	3.24e-33	116
BJJLIZOP_CDS_0172	MN850618.1	95.161	62	62	150473	3.24e-33	116
BJJLIZOP_CDS_0172	OM386667.1	95.161	62	62	156300	3.24e-33	116
BJJLIZOP_CDS_0172	KX664695.3	95.161	62	62	149268	3.61e-33	116
BJJLIZOP_CDS_0172	PV730300.1	93.548	62	62	146712	1.49e-32	114
BJJLIZOP_CDS_0172	OR437326.1	93.548	62	62	148445	1.49e-32	114
BJJLIZOP_CDS_0172	OQ031492.1	93.548	62	62	149246	1.49e-32	114
BJJLIZOP_CDS_0172	MZ726793.1	93.548	62	62	151660	1.49e-32	114
BJJLIZOP_CDS_0172	OM362897.1	93.548	62	62	152401	1.49e-32	114
BJJLIZOP_CDS_0172	OR544956.1	93.478	46	62	130723	1.78e-23	89.0
BJJLIZOP_CDS_0173	OR786310.1	98.485	66	66	149880	5.00e-30	107
BJJLIZOP_CDS_0173	OZ035743.1	98.485	66	66	142881	5.41e-30	107
BJJLIZOP_CDS_0173	JX561091.1	98.485	66	66	147737	5.41e-30	107
BJJLIZOP_CDS_0173	OM386656.1	98.485	66	66	149073	5.41e-30	107
BJJLIZOP_CDS_0173	OQ031492.1	98.485	66	66	149246	5.41e-30	107
BJJLIZOP_CDS_0173	MN850648.1	98.485	66	66	149335	5.41e-30	107
BJJLIZOP_CDS_0173	OZ035728.1	98.485	66	66	149471	5.41e-30	107
BJJLIZOP_CDS_0173	MH160766.1	98.485	66	66	149803	5.41e-30	107
BJJLIZOP_CDS_0173	LR597654.1	98.485	66	66	150152	5.41e-30	107
BJJLIZOP_CDS_0173	MH252123.1	98.485	66	66	150925	5.41e-30	107
BJJLIZOP_CDS_0173	MZ726793.1	98.485	66	66	151660	5.41e-30	107
BJJLIZOP_CDS_0173	MH051333.1	98.485	66	66	151671	5.41e-30	107
BJJLIZOP_CDS_0173	MT944117.1	98.485	66	66	152343	5.41e-30	107
BJJLIZOP_CDS_0173	OR352955.1	98.485	66	66	152808	5.41e-30	107
BJJLIZOP_CDS_0173	PV730300.1	96.970	66	66	146712	5.62e-30	107
BJJLIZOP_CDS_0173	PQ826431.1	96.970	66	66	151106	5.62e-30	107
BJJLIZOP_CDS_0173	OP172791.1	96.970	66	66	151113	5.62e-30	107
BJJLIZOP_CDS_0173	OP172792.1	96.970	66	66	151993	5.62e-30	107
BJJLIZOP_CDS_0173	KX552041.2	100.000	66	66	149813	6.08e-30	107
BJJLIZOP_CDS_0173	KX552041.2	50.000	38	66	149813	2.96e-06	40.4
BJJLIZOP_CDS_0173	OR062524.1	100.000	66	66	150431	6.08e-30	107
BJJLIZOP_CDS_0173	OR062529.1	100.000	66	66	151980	6.08e-30	107
BJJLIZOP_CDS_0173	OR062526.1	100.000	66	66	151980	6.08e-30	107
BJJLIZOP_CDS_0173	OL739525.1	98.485	66	66	151825	7.38e-30	107
BJJLIZOP_CDS_0173	OM386659.1	98.485	66	66	149194	7.45e-30	107
BJJLIZOP_CDS_0173	MW175890.1	98.485	66	66	150892	7.45e-30	107
BJJLIZOP_CDS_0173	MT496970.1	98.485	66	66	151202	7.45e-30	107
BJJLIZOP_CDS_0173	OP595145.1	98.485	66	66	151363	7.45e-30	107
BJJLIZOP_CDS_0173	PV191315.1	98.485	66	66	151674	7.45e-30	107
BJJLIZOP_CDS_0173	LR746137.1	98.485	66	66	152148	7.45e-30	107
BJJLIZOP_CDS_0173	OM362897.1	98.485	66	66	152401	7.45e-30	107
BJJLIZOP_CDS_0173	OM386667.1	98.485	66	66	156300	7.45e-30	107
BJJLIZOP_CDS_0173	OR437326.1	96.970	66	66	148445	7.67e-30	107
BJJLIZOP_CDS_0173	OL505078.1	93.939	66	66	151425	1.58e-29	106
BJJLIZOP_CDS_0173	OL631481.1	100.000	50	66	149818	1.70e-29	106
BJJLIZOP_CDS_0173	KX664695.3	92.424	66	66	149268	5.16e-29	104
BJJLIZOP_CDS_0173	MN850565.1	95.455	66	66	150947	5.69e-29	104
BJJLIZOP_CDS_0173	OR352956.1	93.939	66	66	149254	5.86e-29	104
BJJLIZOP_CDS_0173	PQ433349.1	93.939	66	66	151245	5.86e-29	104
BJJLIZOP_CDS_0173	MN850571.1	93.939	66	66	151514	5.86e-29	104
BJJLIZOP_CDS_0173	MK373788.1	92.424	66	66	151194	6.71e-29	104
BJJLIZOP_CDS_0173	OR067838.1	93.939	66	66	149856	6.78e-29	104
BJJLIZOP_CDS_0173	PP129558.1	93.939	66	66	149967	6.78e-29	104
BJJLIZOP_CDS_0173	OR544956.1	100.000	50	66	130723	7.69e-29	104
BJJLIZOP_CDS_0173	MN850618.1	100.000	50	66	150473	7.69e-29	104
BJJLIZOP_CDS_0174	OR544956.1	100.000	104	104	130723	1.24e-68	219
BJJLIZOP_CDS_0174	OR544956.1	39.450	109	104	130723	1.12e-16	71.6
BJJLIZOP_CDS_0174	OR544956.1	38.462	104	104	130723	1.10e-14	66.2
BJJLIZOP_CDS_0174	PV730300.1	100.000	104	104	146712	1.24e-68	219
BJJLIZOP_CDS_0174	PV730300.1	39.623	106	104	146712	7.78e-16	69.3
BJJLIZOP_CDS_0174	PV730300.1	35.870	92	104	146712	1.17e-07	46.2
BJJLIZOP_CDS_0174	OM386659.1	100.000	104	104	149194	1.24e-68	219
BJJLIZOP_CDS_0174	OM386659.1	38.532	109	104	149194	3.09e-16	70.5
BJJLIZOP_CDS_0174	OM386659.1	36.364	99	104	149194	2.29e-10	53.9
BJJLIZOP_CDS_0174	OM386659.1	30.252	119	104	149194	1.19e-06	43.1
BJJLIZOP_CDS_0174	OQ031492.1	100.000	104	104	149246	1.24e-68	219
BJJLIZOP_CDS_0174	OQ031492.1	40.367	109	104	149246	1.69e-17	73.9
BJJLIZOP_CDS_0174	OQ031492.1	30.252	119	104	149246	2.27e-06	42.4
BJJLIZOP_CDS_0174	MN850648.1	100.000	104	104	149335	1.24e-68	219
BJJLIZOP_CDS_0174	MN850648.1	39.450	109	104	149335	2.20e-16	70.9
BJJLIZOP_CDS_0174	MN850648.1	38.679	106	104	149335	3.44e-16	70.5
BJJLIZOP_CDS_0174	MN850648.1	36.364	99	104	149335	4.99e-10	52.8
BJJLIZOP_CDS_0174	MN850648.1	30.252	119	104	149335	3.36e-06	42.0
BJJLIZOP_CDS_0174	OZ035728.1	100.000	104	104	149471	1.24e-68	219
BJJLIZOP_CDS_0174	OZ035728.1	39.450	109	104	149471	6.03e-17	72.4
BJJLIZOP_CDS_0174	OZ035728.1	36.364	99	104	149471	4.99e-10	52.8
BJJLIZOP_CDS_0174	OZ035728.1	30.252	119	104	149471	2.87e-06	42.0
BJJLIZOP_CDS_0174	KX552041.2	100.000	104	104	149813	1.24e-68	219
BJJLIZOP_CDS_0174	KX552041.2	39.450	109	104	149813	6.03e-17	72.4
BJJLIZOP_CDS_0174	KX552041.2	35.354	99	104	149813	1.62e-09	51.2
BJJLIZOP_CDS_0174	KX552041.2	30.252	119	104	149813	3.13e-06	42.0
BJJLIZOP_CDS_0174	OL631481.1	100.000	104	104	149818	1.24e-68	219
BJJLIZOP_CDS_0174	OL631481.1	38.532	109	104	149818	1.10e-15	68.9
BJJLIZOP_CDS_0174	OL631481.1	37.736	106	104	149818	2.10e-15	68.2
BJJLIZOP_CDS_0174	OL631481.1	34.862	109	104	149818	4.00e-06	41.6
BJJLIZOP_CDS_0174	OR786310.1	100.000	104	104	149880	1.24e-68	219
BJJLIZOP_CDS_0174	OR786310.1	40.367	109	104	149880	7.91e-17	72.0
BJJLIZOP_CDS_0174	OR786310.1	38.679	106	104	149880	3.44e-16	70.5
BJJLIZOP_CDS_0174	OR786310.1	36.364	99	104	149880	2.29e-10	53.9
BJJLIZOP_CDS_0174	OR786310.1	30.252	119	104	149880	3.13e-06	42.0
BJJLIZOP_CDS_0174	OR062524.1	100.000	104	104	150431	1.24e-68	219
BJJLIZOP_CDS_0174	OR062524.1	40.000	105	104	150431	1.98e-15	68.2
BJJLIZOP_CDS_0174	OR062524.1	38.462	104	104	150431	7.66e-15	66.6
BJJLIZOP_CDS_0174	OR062524.1	36.364	99	104	150431	2.29e-10	53.9
BJJLIZOP_CDS_0174	OR062524.1	31.092	119	104	150431	2.56e-06	42.4
BJJLIZOP_CDS_0174	MN850618.1	100.000	104	104	150473	1.24e-68	219
BJJLIZOP_CDS_0174	MN850618.1	39.450	109	104	150473	1.12e-16	71.6
BJJLIZOP_CDS_0174	MN850618.1	38.679	106	104	150473	4.56e-16	70.1
BJJLIZOP_CDS_0174	MN850618.1	31.148	122	104	150473	2.74e-06	42.0
BJJLIZOP_CDS_0174	MW175890.1	100.000	104	104	150892	1.24e-68	219
BJJLIZOP_CDS_0174	MW175890.1	40.367	109	104	150892	1.69e-17	73.9
BJJLIZOP_CDS_0174	MW175890.1	38.462	104	104	150892	1.10e-14	66.2
BJJLIZOP_CDS_0174	MW175890.1	31.092	119	104	150892	4.19e-07	44.3
BJJLIZOP_CDS_0174	MH252123.1	100.000	104	104	150925	1.24e-68	219
BJJLIZOP_CDS_0174	MH252123.1	37.736	106	104	150925	6.95e-15	66.6
BJJLIZOP_CDS_0174	MH252123.1	36.667	90	104	150925	1.01e-08	48.9
BJJLIZOP_CDS_0174	PQ826431.1	100.000	104	104	151106	1.24e-68	219
BJJLIZOP_CDS_0174	PQ826431.1	39.450	109	104	151106	3.34e-16	70.5
BJJLIZOP_CDS_0174	PQ826431.1	37.736	106	104	151106	2.10e-15	68.2
BJJLIZOP_CDS_0174	PQ826431.1	36.364	99	104	151106	2.29e-10	53.9
BJJLIZOP_CDS_0174	PQ826431.1	30.252	119	104	151106	3.36e-06	42.0
BJJLIZOP_CDS_0174	MT496970.1	100.000	104	104	151202	1.24e-68	219
BJJLIZOP_CDS_0174	MT496970.1	40.367	109	104	151202	7.91e-17	72.0
BJJLIZOP_CDS_0174	MT496970.1	37.736	106	104	151202	2.10e-15	68.2
BJJLIZOP_CDS_0174	MT496970.1	35.000	100	104	151202	3.02e-09	50.4
BJJLIZOP_CDS_0174	MT496970.1	30.252	119	104	151202	2.02e-06	42.4
BJJLIZOP_CDS_0174	OP595145.1	100.000	104	104	151363	1.24e-68	219
BJJLIZOP_CDS_0174	OP595145.1	40.367	109	104	151363	7.91e-17	72.0
BJJLIZOP_CDS_0174	OP595145.1	37.736	106	104	151363	2.10e-15	68.2
BJJLIZOP_CDS_0174	OP595145.1	32.203	118	104	151363	3.13e-06	42.0
BJJLIZOP_CDS_0174	OL505078.1	100.000	104	104	151425	1.24e-68	219
BJJLIZOP_CDS_0174	OL505078.1	40.367	109	104	151425	3.85e-17	73.2
BJJLIZOP_CDS_0174	OL505078.1	37.736	106	104	151425	1.55e-15	68.6
BJJLIZOP_CDS_0174	OL505078.1	34.259	108	104	151425	1.58e-07	45.8
BJJLIZOP_CDS_0174	MZ726793.1	100.000	104	104	151660	1.24e-68	219
BJJLIZOP_CDS_0174	MZ726793.1	40.367	109	104	151660	1.69e-17	73.9
BJJLIZOP_CDS_0174	MZ726793.1	38.679	106	104	151660	4.56e-16	70.1
BJJLIZOP_CDS_0174	MZ726793.1	30.252	119	104	151660	2.99e-06	42.0
BJJLIZOP_CDS_0174	PV191315.1	100.000	104	104	151674	1.24e-68	219
BJJLIZOP_CDS_0174	PV191315.1	40.367	109	104	151674	2.56e-17	73.6
BJJLIZOP_CDS_0174	PV191315.1	38.462	104	104	151674	1.10e-14	66.2
BJJLIZOP_CDS_0174	PV191315.1	30.252	119	104	151674	2.27e-06	42.4
BJJLIZOP_CDS_0174	OR062529.1	100.000	104	104	151980	1.24e-68	219
BJJLIZOP_CDS_0174	OR062529.1	40.000	105	104	151980	1.98e-15	68.2
BJJLIZOP_CDS_0174	OR062529.1	38.462	104	104	151980	7.66e-15	66.6
BJJLIZOP_CDS_0174	OR062529.1	36.364	99	104	151980	2.29e-10	53.9
BJJLIZOP_CDS_0174	OR062529.1	31.092	119	104	151980	2.56e-06	42.4
BJJLIZOP_CDS_0174	OR062526.1	100.000	104	104	151980	1.24e-68	219
BJJLIZOP_CDS_0174	OR062526.1	40.000	105	104	151980	1.98e-15	68.2
BJJLIZOP_CDS_0174	OR062526.1	38.462	104	104	151980	7.66e-15	66.6
BJJLIZOP_CDS_0174	OR062526.1	36.364	99	104	151980	2.29e-10	53.9
BJJLIZOP_CDS_0174	OR062526.1	31.092	119	104	151980	2.56e-06	42.4
BJJLIZOP_CDS_0174	MT944117.1	100.000	104	104	152343	1.24e-68	219
BJJLIZOP_CDS_0174	MT944117.1	40.367	109	104	152343	1.69e-17	73.9
BJJLIZOP_CDS_0174	MT944117.1	38.679	106	104	152343	3.09e-16	70.5
BJJLIZOP_CDS_0174	MT944117.1	30.252	119	104	152343	3.13e-06	42.0
BJJLIZOP_CDS_0174	OM362897.1	100.000	104	104	152401	1.24e-68	219
BJJLIZOP_CDS_0174	OM362897.1	40.367	109	104	152401	3.40e-17	73.2
BJJLIZOP_CDS_0174	OM362897.1	36.364	99	104	152401	4.99e-10	52.8
BJJLIZOP_CDS_0174	OM362897.1	30.252	119	104	152401	2.02e-06	42.4
BJJLIZOP_CDS_0174	OM386667.1	100.000	104	104	156300	1.24e-68	219
BJJLIZOP_CDS_0174	OM386667.1	38.532	109	104	156300	3.09e-16	70.5
BJJLIZOP_CDS_0174	OM386667.1	36.364	99	104	156300	2.29e-10	53.9
BJJLIZOP_CDS_0174	OM386667.1	30.252	119	104	156300	1.19e-06	43.1
BJJLIZOP_CDS_0174	OR437326.1	99.038	104	104	148445	3.17e-68	218
BJJLIZOP_CDS_0174	OR437326.1	40.367	109	104	148445	4.08e-17	72.8
BJJLIZOP_CDS_0174	OR437326.1	38.462	104	104	148445	1.10e-14	66.2
BJJLIZOP_CDS_0174	OR437326.1	33.645	107	104	148445	2.64e-08	47.8
BJJLIZOP_CDS_0174	OP172791.1	99.038	104	104	151113	3.39e-68	218
BJJLIZOP_CDS_0174	OP172791.1	40.367	109	104	151113	7.91e-17	72.0
BJJLIZOP_CDS_0174	OP172791.1	36.792	106	104	151113	5.68e-14	63.9
BJJLIZOP_CDS_0174	OP172791.1	36.364	99	104	151113	2.29e-10	53.9
BJJLIZOP_CDS_0174	OP172791.1	30.252	119	104	151113	2.87e-06	42.0
BJJLIZOP_CDS_0174	OP172792.1	99.038	104	104	151993	3.39e-68	218
BJJLIZOP_CDS_0174	OP172792.1	40.367	109	104	151993	7.91e-17	72.0
BJJLIZOP_CDS_0174	OP172792.1	36.792	106	104	151993	5.68e-14	63.9
BJJLIZOP_CDS_0174	OP172792.1	36.364	99	104	151993	6.74e-10	52.4
BJJLIZOP_CDS_0174	OP172792.1	30.252	119	104	151993	2.87e-06	42.0
BJJLIZOP_CDS_0174	OZ035743.1	99.038	104	104	142881	3.59e-68	218
BJJLIZOP_CDS_0174	OZ035743.1	36.364	99	104	142881	2.38e-10	53.5
BJJLIZOP_CDS_0174	OZ035743.1	30.252	119	104	142881	2.87e-06	42.0
BJJLIZOP_CDS_0174	JX561091.1	99.038	104	104	147737	3.59e-68	218
BJJLIZOP_CDS_0174	JX561091.1	40.367	109	104	147737	1.69e-17	73.9
BJJLIZOP_CDS_0174	JX561091.1	38.462	104	104	147737	1.10e-14	66.2
BJJLIZOP_CDS_0174	JX561091.1	36.364	99	104	147737	4.99e-10	52.8
BJJLIZOP_CDS_0174	JX561091.1	30.252	119	104	147737	2.87e-06	42.0
BJJLIZOP_CDS_0174	OM386656.1	99.038	104	104	149073	3.59e-68	218
BJJLIZOP_CDS_0174	OM386656.1	38.532	109	104	149073	1.51e-15	68.6
BJJLIZOP_CDS_0174	OM386656.1	36.364	99	104	149073	4.99e-10	52.8
BJJLIZOP_CDS_0174	OM386656.1	30.252	119	104	149073	7.67e-06	40.8
BJJLIZOP_CDS_0174	MH160766.1	99.038	104	104	149803	3.59e-68	218
BJJLIZOP_CDS_0174	MH160766.1	39.450	109	104	149803	1.06e-16	71.6
BJJLIZOP_CDS_0174	MH160766.1	38.679	106	104	149803	1.33e-15	68.6
BJJLIZOP_CDS_0174	MH160766.1	30.252	119	104	149803	3.13e-06	42.0
BJJLIZOP_CDS_0174	LR597654.1	99.038	104	104	150152	3.59e-68	218
BJJLIZOP_CDS_0174	LR597654.1	38.532	109	104	150152	1.76e-16	71.2
BJJLIZOP_CDS_0174	LR597654.1	36.082	97	104	150152	1.12e-09	51.6
BJJLIZOP_CDS_0174	LR597654.1	30.252	119	104	150152	3.13e-06	42.0
BJJLIZOP_CDS_0174	MH051333.1	99.038	104	104	151671	3.59e-68	218
BJJLIZOP_CDS_0174	MH051333.1	39.450	109	104	151671	6.84e-17	72.4
BJJLIZOP_CDS_0174	MH051333.1	36.364	99	104	151671	4.99e-10	52.8
BJJLIZOP_CDS_0174	LR746137.1	99.038	104	104	152148	3.59e-68	218
BJJLIZOP_CDS_0174	LR746137.1	40.000	105	104	152148	1.98e-15	68.2
BJJLIZOP_CDS_0174	LR746137.1	38.462	104	104	152148	1.18e-14	65.9
BJJLIZOP_CDS_0174	LR746137.1	37.374	99	104	152148	1.09e-10	54.7
BJJLIZOP_CDS_0174	LR746137.1	31.092	119	104	152148	6.68e-07	43.9
BJJLIZOP_CDS_0174	PQ433349.1	100.000	103	104	151245	5.95e-68	218
BJJLIZOP_CDS_0174	PQ433349.1	39.450	109	104	151245	2.28e-16	70.9
BJJLIZOP_CDS_0174	PQ433349.1	30.252	119	104	151245	2.02e-06	42.4
BJJLIZOP_CDS_0174	OR352955.1	98.077	104	104	152808	7.36e-68	218
BJJLIZOP_CDS_0174	OR352955.1	41.284	109	104	152808	2.50e-18	76.3
BJJLIZOP_CDS_0174	OR352955.1	37.736	106	104	152808	4.85e-15	67.0
BJJLIZOP_CDS_0174	OR352955.1	36.364	99	104	152808	4.99e-10	52.8
BJJLIZOP_CDS_0174	OR352955.1	30.252	119	104	152808	3.32e-06	42.0
BJJLIZOP_CDS_0174	OR352956.1	99.029	103	104	149254	1.78e-67	216
BJJLIZOP_CDS_0174	OR352956.1	37.615	109	104	149254	3.45e-15	67.4
BJJLIZOP_CDS_0174	OR352956.1	28.889	90	104	149254	2.52e-07	45.1
BJJLIZOP_CDS_0174	OR067838.1	99.029	103	104	149856	1.78e-67	216
BJJLIZOP_CDS_0174	OR067838.1	40.367	109	104	149856	4.07e-18	75.9
BJJLIZOP_CDS_0174	OR067838.1	36.364	99	104	149856	4.99e-10	52.8
BJJLIZOP_CDS_0174	OR067838.1	32.203	118	104	149856	8.53e-06	40.8
BJJLIZOP_CDS_0174	MK373788.1	99.029	103	104	151194	1.78e-67	216
BJJLIZOP_CDS_0174	MK373788.1	38.532	109	104	151194	3.09e-16	70.5
BJJLIZOP_CDS_0174	MK373788.1	36.364	99	104	151194	4.99e-10	52.8
BJJLIZOP_CDS_0174	MK373788.1	31.092	119	104	151194	2.23e-06	42.4
BJJLIZOP_CDS_0174	MN850571.1	99.029	103	104	151514	1.78e-67	216
BJJLIZOP_CDS_0174	MN850571.1	39.450	109	104	151514	6.58e-17	72.4
BJJLIZOP_CDS_0174	MN850571.1	30.252	119	104	151514	3.13e-06	42.0
BJJLIZOP_CDS_0174	OL739525.1	99.038	104	104	151825	2.31e-67	216
BJJLIZOP_CDS_0174	OL739525.1	40.367	109	104	151825	7.91e-17	72.0
BJJLIZOP_CDS_0174	OL739525.1	38.679	106	104	151825	3.44e-16	70.5
BJJLIZOP_CDS_0174	OL739525.1	36.364	99	104	151825	2.29e-10	53.9
BJJLIZOP_CDS_0174	OL739525.1	32.710	107	104	151825	4.07e-07	44.7
BJJLIZOP_CDS_0174	PP129558.1	98.058	103	104	149967	5.37e-67	215
BJJLIZOP_CDS_0174	PP129558.1	39.450	109	104	149967	6.03e-17	72.4
BJJLIZOP_CDS_0174	PP129558.1	30.252	119	104	149967	4.76e-06	41.6
BJJLIZOP_CDS_0174	MN850565.1	99.029	103	104	150947	8.98e-67	214
BJJLIZOP_CDS_0174	MN850565.1	38.532	109	104	150947	1.51e-15	68.6
BJJLIZOP_CDS_0174	MN850565.1	30.252	119	104	150947	3.13e-06	42.0
BJJLIZOP_CDS_0174	KX664695.3	98.058	103	104	149268	1.09e-66	214
BJJLIZOP_CDS_0174	KX664695.3	38.532	109	104	149268	1.51e-15	68.6
BJJLIZOP_CDS_0174	KX664695.3	30.252	119	104	149268	3.13e-06	42.0
BJJLIZOP_CDS_0174	MN850598.1	40.367	109	104	144998	4.07e-18	75.9
BJJLIZOP_CDS_0174	OZ035771.1	30.252	119	104	144811	2.02e-06	42.4
BJJLIZOP_CDS_0175	MK373788.1	100.000	58	58	151194	1.04e-33	117
BJJLIZOP_CDS_0175	MN850571.1	100.000	58	58	151514	1.04e-33	117
BJJLIZOP_CDS_0175	JX561091.1	98.276	58	58	147737	2.96e-33	116
BJJLIZOP_CDS_0175	OR067838.1	98.276	58	58	149856	3.02e-33	116
BJJLIZOP_CDS_0175	OZ035743.1	98.276	58	58	142881	3.67e-33	116
BJJLIZOP_CDS_0175	OM386656.1	98.276	58	58	149073	3.67e-33	116
BJJLIZOP_CDS_0175	MH160766.1	98.276	58	58	149803	3.67e-33	116
BJJLIZOP_CDS_0175	LR597654.1	98.276	58	58	150152	3.67e-33	116
BJJLIZOP_CDS_0175	OR352956.1	98.276	58	58	149254	5.21e-33	115
BJJLIZOP_CDS_0175	PP129558.1	98.276	58	58	149967	5.21e-33	115
BJJLIZOP_CDS_0175	PP129558.1	100.000	23	58	149967	3.36e-09	48.1
BJJLIZOP_CDS_0175	OZ035728.1	98.276	58	58	149471	5.31e-33	115
BJJLIZOP_CDS_0175	MN850618.1	98.276	58	58	150473	5.31e-33	115
BJJLIZOP_CDS_0175	OR062524.1	98.276	58	58	150431	5.79e-33	115
BJJLIZOP_CDS_0175	MH252123.1	98.276	58	58	150925	5.79e-33	115
BJJLIZOP_CDS_0175	MN850565.1	98.276	58	58	150947	5.79e-33	115
BJJLIZOP_CDS_0175	PQ433349.1	98.276	58	58	151245	5.79e-33	115
BJJLIZOP_CDS_0175	OR062529.1	98.276	58	58	151980	5.79e-33	115
BJJLIZOP_CDS_0175	OR062526.1	98.276	58	58	151980	5.79e-33	115
BJJLIZOP_CDS_0175	MT944117.1	98.276	58	58	152343	5.79e-33	115
BJJLIZOP_CDS_0175	KX664695.3	98.276	58	58	149268	5.96e-33	115
BJJLIZOP_CDS_0175	KX552041.2	96.552	58	58	149813	8.22e-33	115
BJJLIZOP_CDS_0175	OQ031492.1	96.552	58	58	149246	1.24e-32	114
BJJLIZOP_CDS_0175	OR544956.1	96.552	58	58	130723	1.25e-32	114
BJJLIZOP_CDS_0175	MN850648.1	96.552	58	58	149335	1.25e-32	114
BJJLIZOP_CDS_0175	OR786310.1	96.552	58	58	149880	1.25e-32	114
BJJLIZOP_CDS_0175	MW175890.1	96.552	58	58	150892	1.25e-32	114
BJJLIZOP_CDS_0175	OL505078.1	96.552	58	58	151425	1.25e-32	114
BJJLIZOP_CDS_0175	OL739525.1	96.552	58	58	151825	1.25e-32	114
BJJLIZOP_CDS_0175	PV730300.1	96.552	58	58	146712	1.70e-32	114
BJJLIZOP_CDS_0175	MH051333.1	96.552	58	58	151671	1.70e-32	114
BJJLIZOP_CDS_0175	OR352955.1	96.552	58	58	152808	1.70e-32	114
BJJLIZOP_CDS_0175	LR746137.1	96.552	58	58	152148	1.74e-32	114
BJJLIZOP_CDS_0175	OR437326.1	96.552	58	58	148445	1.79e-32	114
BJJLIZOP_CDS_0175	MZ726793.1	96.552	58	58	151660	1.79e-32	114
BJJLIZOP_CDS_0175	OM386659.1	96.552	58	58	149194	1.99e-32	114
BJJLIZOP_CDS_0175	PQ826431.1	96.552	58	58	151106	1.99e-32	114
BJJLIZOP_CDS_0175	OP172791.1	96.552	58	58	151113	1.99e-32	114
BJJLIZOP_CDS_0175	MT496970.1	96.552	58	58	151202	1.99e-32	114
BJJLIZOP_CDS_0175	OP595145.1	96.552	58	58	151363	1.99e-32	114
BJJLIZOP_CDS_0175	PV191315.1	96.552	58	58	151674	1.99e-32	114
BJJLIZOP_CDS_0175	OP172792.1	96.552	58	58	151993	1.99e-32	114
BJJLIZOP_CDS_0175	OM362897.1	96.552	58	58	152401	1.99e-32	114
BJJLIZOP_CDS_0175	OM386667.1	96.552	58	58	156300	1.99e-32	114
BJJLIZOP_CDS_0175	OL631481.1	94.828	58	58	149818	6.15e-32	112
BJJLIZOP_CDS_0176	MH160766.1	99.160	119	119	149803	1.21e-78	249
BJJLIZOP_CDS_0176	PV191315.1	97.479	119	119	151674	1.04e-77	246
BJJLIZOP_CDS_0176	KX664695.3	97.479	119	119	149268	1.67e-77	246
BJJLIZOP_CDS_0176	LR597654.1	97.479	119	119	150152	1.84e-77	246
BJJLIZOP_CDS_0176	MT944117.1	96.639	119	119	152343	5.00e-77	244
BJJLIZOP_CDS_0176	OL505078.1	96.639	119	119	151425	5.10e-77	244
BJJLIZOP_CDS_0176	OM386656.1	95.798	119	119	149073	1.02e-76	243
BJJLIZOP_CDS_0176	LR746137.1	96.639	119	119	152148	1.24e-76	243
BJJLIZOP_CDS_0176	MT496970.1	96.639	119	119	151202	1.26e-76	243
BJJLIZOP_CDS_0176	OZ035743.1	95.798	119	119	142881	1.71e-76	243
BJJLIZOP_CDS_0176	OM386659.1	94.118	119	119	149194	4.59e-74	236
BJJLIZOP_CDS_0176	OM386667.1	94.118	119	119	156300	4.59e-74	236
BJJLIZOP_CDS_0176	OM362897.1	95.652	23	119	152401	2.35e-09	51.6
BJJLIZOP_CDS_0176	MN850565.1	95.652	23	119	150947	2.59e-09	51.2
BJJLIZOP_CDS_0176	PQ433349.1	95.652	23	119	151245	2.59e-09	51.2
BJJLIZOP_CDS_0176	KX552041.2	95.652	23	119	149813	2.61e-09	51.2
BJJLIZOP_CDS_0176	OR062524.1	95.652	23	119	150431	2.61e-09	51.2
BJJLIZOP_CDS_0176	MW175890.1	95.652	23	119	150892	2.61e-09	51.2
BJJLIZOP_CDS_0176	MH252123.1	95.652	23	119	150925	2.61e-09	51.2
BJJLIZOP_CDS_0176	OR062529.1	95.652	23	119	151980	2.61e-09	51.2
BJJLIZOP_CDS_0176	OR062526.1	95.652	23	119	151980	2.61e-09	51.2
BJJLIZOP_CDS_0176	OP595145.1	95.652	23	119	151363	2.66e-09	51.2
BJJLIZOP_CDS_0176	PQ826431.1	91.304	23	119	151106	1.87e-08	48.9
BJJLIZOP_CDS_0176	OP172792.1	91.304	23	119	151993	1.87e-08	48.9
BJJLIZOP_CDS_0176	MN850571.1	91.304	23	119	151514	1.98e-08	48.9
BJJLIZOP_CDS_0176	MN850648.1	91.304	23	119	149335	2.06e-08	48.9
BJJLIZOP_CDS_0176	OR786310.1	91.304	23	119	149880	2.06e-08	48.9
BJJLIZOP_CDS_0176	OL739525.1	91.304	23	119	151825	2.06e-08	48.9
BJJLIZOP_CDS_0176	OP172791.1	86.957	23	119	151113	5.97e-08	47.4
BJJLIZOP_CDS_0177	OM386659.1	100.000	63	63	149194	1.21e-37	129
BJJLIZOP_CDS_0177	KX664695.3	100.000	63	63	149268	1.21e-37	129
BJJLIZOP_CDS_0177	OM386667.1	100.000	63	63	156300	1.21e-37	129
BJJLIZOP_CDS_0177	LR597654.1	98.413	63	63	150152	5.03e-37	127
BJJLIZOP_CDS_0177	OZ035743.1	98.413	63	63	142881	6.17e-37	127
BJJLIZOP_CDS_0177	PV191315.1	98.413	63	63	151674	6.17e-37	127
BJJLIZOP_CDS_0177	LR746137.1	98.413	63	63	152148	6.17e-37	127
BJJLIZOP_CDS_0177	MT944117.1	98.413	63	63	152343	6.17e-37	127
BJJLIZOP_CDS_0177	OM386656.1	96.825	63	63	149073	9.01e-37	126
BJJLIZOP_CDS_0177	MH160766.1	96.825	63	63	149803	1.45e-36	126
BJJLIZOP_CDS_0177	MT496970.1	95.238	63	63	151202	7.79e-36	124
BJJLIZOP_CDS_0177	OL505078.1	95.238	63	63	151425	7.79e-36	124
BJJLIZOP_CDS_0177	MK373788.1	80.769	26	63	151194	2.03e-07	43.5
BJJLIZOP_CDS_0177	OR067838.1	80.769	26	63	149856	3.29e-07	42.7
BJJLIZOP_CDS_0178	OR067838.1	100.000	65	65	149856	6.00e-40	135
BJJLIZOP_CDS_0178	MN850571.1	100.000	64	65	151514	1.71e-39	134
BJJLIZOP_CDS_0178	LR597654.1	98.462	65	65	150152	2.48e-39	134
BJJLIZOP_CDS_0178	OZ035743.1	100.000	64	65	142881	2.50e-39	134
BJJLIZOP_CDS_0178	LR746137.1	100.000	64	65	152148	2.50e-39	134
BJJLIZOP_CDS_0178	MK373788.1	98.462	65	65	151194	5.77e-39	133
BJJLIZOP_CDS_0178	MN850565.1	96.923	65	65	150947	6.80e-39	132
BJJLIZOP_CDS_0178	PQ433349.1	96.923	65	65	151245	6.80e-39	132
BJJLIZOP_CDS_0178	OM362897.1	96.923	65	65	152401	7.87e-39	132
BJJLIZOP_CDS_0178	OM386656.1	96.923	65	65	149073	9.56e-39	132
BJJLIZOP_CDS_0178	OQ031492.1	96.923	65	65	149246	9.56e-39	132
BJJLIZOP_CDS_0178	KX664695.3	96.923	65	65	149268	9.56e-39	132
BJJLIZOP_CDS_0178	MH160766.1	96.923	65	65	149803	9.56e-39	132
BJJLIZOP_CDS_0178	PV191315.1	96.923	65	65	151674	9.56e-39	132
BJJLIZOP_CDS_0178	OP595145.1	98.438	64	65	151363	1.58e-38	132
BJJLIZOP_CDS_0178	MN850648.1	98.438	64	65	149335	3.41e-38	130
BJJLIZOP_CDS_0178	OR786310.1	98.438	64	65	149880	3.41e-38	130
BJJLIZOP_CDS_0178	OL739525.1	98.438	64	65	151825	3.41e-38	130
BJJLIZOP_CDS_0178	KX552041.2	98.438	64	65	149813	3.91e-38	130
BJJLIZOP_CDS_0178	OR062524.1	98.438	64	65	150431	3.91e-38	130
BJJLIZOP_CDS_0178	MH252123.1	98.438	64	65	150925	3.91e-38	130
BJJLIZOP_CDS_0178	PQ826431.1	98.438	64	65	151106	3.91e-38	130
BJJLIZOP_CDS_0178	OP172791.1	98.438	64	65	151113	3.91e-38	130
BJJLIZOP_CDS_0178	OR062529.1	98.438	64	65	151980	3.91e-38	130
BJJLIZOP_CDS_0178	OR062526.1	98.438	64	65	151980	3.91e-38	130
BJJLIZOP_CDS_0178	OP172792.1	98.438	64	65	151993	3.91e-38	130
BJJLIZOP_CDS_0178	OM386659.1	98.438	64	65	149194	5.08e-38	130
BJJLIZOP_CDS_0178	MT496970.1	98.438	64	65	151202	5.08e-38	130
BJJLIZOP_CDS_0178	OL505078.1	98.438	64	65	151425	5.08e-38	130
BJJLIZOP_CDS_0178	OM386667.1	98.438	64	65	156300	5.08e-38	130
BJJLIZOP_CDS_0178	MW175890.1	96.875	64	65	150892	5.94e-38	130
BJJLIZOP_CDS_0178	MT944117.1	96.875	64	65	152343	1.70e-37	129
BJJLIZOP_CDS_0179	PP129558.1	100.000	61	62	149967	2.49e-18	74.3
BJJLIZOP_CDS_0179	MH051333.1	100.000	61	62	151671	2.49e-18	74.3
BJJLIZOP_CDS_0179	MT944117.1	100.000	61	62	152343	2.49e-18	74.3
BJJLIZOP_CDS_0179	OR352955.1	100.000	61	62	152808	2.49e-18	74.3
BJJLIZOP_CDS_0179	JX561091.1	100.000	61	62	147737	2.59e-18	74.3
BJJLIZOP_CDS_0179	OM386659.1	100.000	61	62	149194	2.59e-18	74.3
BJJLIZOP_CDS_0179	OL631481.1	100.000	61	62	149818	2.59e-18	74.3
BJJLIZOP_CDS_0179	OR067838.1	100.000	61	62	149856	2.59e-18	74.3
BJJLIZOP_CDS_0179	LR597654.1	100.000	61	62	150152	2.59e-18	74.3
BJJLIZOP_CDS_0179	OM386667.1	100.000	61	62	156300	2.59e-18	74.3
BJJLIZOP_CDS_0179	OM386656.1	100.000	61	62	149073	2.91e-18	73.9
BJJLIZOP_CDS_0179	MH160766.1	100.000	61	62	149803	2.91e-18	73.9
BJJLIZOP_CDS_0179	PV730300.1	100.000	61	62	146712	3.72e-18	73.9
BJJLIZOP_CDS_0179	MN850648.1	100.000	61	62	149335	3.72e-18	73.9
BJJLIZOP_CDS_0179	OR786310.1	100.000	61	62	149880	3.72e-18	73.9
BJJLIZOP_CDS_0179	PQ826431.1	100.000	61	62	151106	3.72e-18	73.9
BJJLIZOP_CDS_0179	MK373788.1	100.000	61	62	151194	3.72e-18	73.9
BJJLIZOP_CDS_0179	MN850571.1	100.000	61	62	151514	3.72e-18	73.9
BJJLIZOP_CDS_0179	OL739525.1	100.000	61	62	151825	3.72e-18	73.9
BJJLIZOP_CDS_0179	OM362897.1	100.000	61	62	152401	3.72e-18	73.9
BJJLIZOP_CDS_0179	MT496970.1	98.361	61	62	151202	6.42e-18	73.2
BJJLIZOP_CDS_0179	PQ433349.1	98.361	61	62	151245	6.42e-18	73.2
BJJLIZOP_CDS_0179	KX552041.2	98.361	61	62	149813	6.95e-18	73.2
BJJLIZOP_CDS_0179	OR062524.1	98.361	61	62	150431	6.95e-18	73.2
BJJLIZOP_CDS_0179	OR062529.1	98.361	61	62	151980	6.95e-18	73.2
BJJLIZOP_CDS_0179	OR062526.1	98.361	61	62	151980	6.95e-18	73.2
BJJLIZOP_CDS_0179	MN850565.1	98.361	61	62	150947	7.51e-18	72.8
BJJLIZOP_CDS_0179	OR544956.1	98.361	61	62	130723	9.87e-18	72.8
BJJLIZOP_CDS_0179	OR437326.1	98.361	61	62	148445	9.87e-18	72.8
BJJLIZOP_CDS_0179	OZ035728.1	98.361	61	62	149471	9.87e-18	72.8
BJJLIZOP_CDS_0179	MN850618.1	98.361	61	62	150473	9.87e-18	72.8
BJJLIZOP_CDS_0179	MW175890.1	98.361	61	62	150892	9.87e-18	72.8
BJJLIZOP_CDS_0179	OP172791.1	98.361	61	62	151113	9.87e-18	72.8
BJJLIZOP_CDS_0179	OP595145.1	98.361	61	62	151363	9.87e-18	72.8
BJJLIZOP_CDS_0179	OL505078.1	98.361	61	62	151425	9.87e-18	72.8
BJJLIZOP_CDS_0179	MZ726793.1	98.361	61	62	151660	9.87e-18	72.8
BJJLIZOP_CDS_0179	PV191315.1	98.361	61	62	151674	9.87e-18	72.8
BJJLIZOP_CDS_0179	OP172792.1	98.361	61	62	151993	9.87e-18	72.8
BJJLIZOP_CDS_0179	OR352956.1	98.361	61	62	149254	9.96e-18	72.4
BJJLIZOP_CDS_0179	OQ031492.1	96.721	61	62	149246	1.08e-17	72.4
BJJLIZOP_CDS_0179	LR746137.1	98.361	61	62	152148	1.30e-17	72.4
BJJLIZOP_CDS_0179	OZ035743.1	98.361	61	62	142881	2.49e-17	71.6
BJJLIZOP_CDS_0179	KX664695.3	96.721	61	62	149268	2.52e-17	71.6
BJJLIZOP_CDS_0179	MH252123.1	95.082	61	62	150925	6.89e-16	67.4
BJJLIZOP_CDS_0180	OM386659.1	100.000	69	69	149194	6.76e-43	144
BJJLIZOP_CDS_0180	KX664695.3	100.000	69	69	149268	6.76e-43	144
BJJLIZOP_CDS_0180	KX552041.2	100.000	69	69	149813	6.76e-43	144
BJJLIZOP_CDS_0180	OL631481.1	100.000	69	69	149818	6.76e-43	144
BJJLIZOP_CDS_0180	LR597654.1	100.000	69	69	150152	6.76e-43	144
BJJLIZOP_CDS_0180	OR062524.1	100.000	69	69	150431	6.76e-43	144
BJJLIZOP_CDS_0180	MH051333.1	100.000	69	69	151671	6.76e-43	144
BJJLIZOP_CDS_0180	OR062529.1	100.000	69	69	151980	6.76e-43	144
BJJLIZOP_CDS_0180	OR062526.1	100.000	69	69	151980	6.76e-43	144
BJJLIZOP_CDS_0180	OR352955.1	100.000	69	69	152808	6.76e-43	144
BJJLIZOP_CDS_0180	OM386667.1	100.000	69	69	156300	6.76e-43	144
BJJLIZOP_CDS_0180	OM386656.1	98.551	69	69	149073	3.92e-42	142
BJJLIZOP_CDS_0180	MH160766.1	98.551	69	69	149803	3.92e-42	142
BJJLIZOP_CDS_0180	MN850565.1	98.551	69	69	150947	3.92e-42	142
BJJLIZOP_CDS_0180	OZ035743.1	97.101	69	69	142881	5.78e-42	142
BJJLIZOP_CDS_0180	JX561091.1	97.101	69	69	147737	5.78e-42	142
BJJLIZOP_CDS_0180	OR067838.1	97.101	69	69	149856	5.78e-42	142
BJJLIZOP_CDS_0180	MK373788.1	97.101	69	69	151194	1.11e-41	141
BJJLIZOP_CDS_0180	OR352956.1	94.203	69	69	149254	4.28e-41	139
BJJLIZOP_CDS_0180	MT496970.1	94.203	69	69	151202	4.28e-41	139
BJJLIZOP_CDS_0180	MT944117.1	94.203	69	69	152343	4.28e-41	139
BJJLIZOP_CDS_0180	PQ433349.1	94.203	69	69	151245	5.24e-41	139
BJJLIZOP_CDS_0180	PP129558.1	92.754	69	69	149967	1.96e-40	137
BJJLIZOP_CDS_0181	JX561091.1	100.000	99	99	147737	1.65e-64	207
BJJLIZOP_CDS_0181	OM386656.1	100.000	99	99	149073	1.65e-64	207
BJJLIZOP_CDS_0181	OQ031492.1	100.000	99	99	149246	1.65e-64	207
BJJLIZOP_CDS_0181	OR352956.1	100.000	99	99	149254	1.65e-64	207
BJJLIZOP_CDS_0181	KX664695.3	100.000	99	99	149268	1.65e-64	207
BJJLIZOP_CDS_0181	MN850648.1	100.000	99	99	149335	1.65e-64	207
BJJLIZOP_CDS_0181	OZ035728.1	100.000	99	99	149471	1.65e-64	207
BJJLIZOP_CDS_0181	OZ035728.1	31.068	103	99	149471	9.50e-06	40.4
BJJLIZOP_CDS_0181	MH160766.1	100.000	99	99	149803	1.65e-64	207
BJJLIZOP_CDS_0181	KX552041.2	100.000	99	99	149813	1.65e-64	207
BJJLIZOP_CDS_0181	LR597654.1	100.000	99	99	150152	1.65e-64	207
BJJLIZOP_CDS_0181	OR062524.1	100.000	99	99	150431	1.65e-64	207
BJJLIZOP_CDS_0181	MN850565.1	100.000	99	99	150947	1.65e-64	207
BJJLIZOP_CDS_0181	PQ826431.1	100.000	99	99	151106	1.65e-64	207
BJJLIZOP_CDS_0181	PQ433349.1	100.000	99	99	151245	1.65e-64	207
BJJLIZOP_CDS_0181	OP595145.1	100.000	99	99	151363	1.65e-64	207
BJJLIZOP_CDS_0181	MH051333.1	100.000	99	99	151671	1.65e-64	207
BJJLIZOP_CDS_0181	MH051333.1	31.068	103	99	151671	9.50e-06	40.4
BJJLIZOP_CDS_0181	OR062529.1	100.000	99	99	151980	1.65e-64	207
BJJLIZOP_CDS_0181	OR062526.1	100.000	99	99	151980	1.65e-64	207
BJJLIZOP_CDS_0181	LR746137.1	100.000	99	99	152148	1.65e-64	207
BJJLIZOP_CDS_0181	MT944117.1	100.000	99	99	152343	1.65e-64	207
BJJLIZOP_CDS_0181	OR352955.1	100.000	99	99	152808	1.65e-64	207
BJJLIZOP_CDS_0181	PV730300.1	98.990	99	99	146712	2.41e-64	207
BJJLIZOP_CDS_0181	OP172791.1	98.990	99	99	151113	2.41e-64	207
BJJLIZOP_CDS_0181	MK373788.1	98.990	99	99	151194	2.41e-64	207
BJJLIZOP_CDS_0181	MT496970.1	98.990	99	99	151202	2.41e-64	207
BJJLIZOP_CDS_0181	MN850571.1	98.990	99	99	151514	2.41e-64	207
BJJLIZOP_CDS_0181	OP172792.1	98.990	99	99	151993	2.41e-64	207
BJJLIZOP_CDS_0181	OR544956.1	98.990	99	99	130723	7.79e-64	206
BJJLIZOP_CDS_0181	OZ035743.1	98.990	99	99	142881	7.80e-64	206
BJJLIZOP_CDS_0181	OL631481.1	98.990	99	99	149818	7.80e-64	206
BJJLIZOP_CDS_0181	OR067838.1	98.990	99	99	149856	7.80e-64	206
BJJLIZOP_CDS_0181	PP129558.1	98.990	99	99	149967	7.80e-64	206
BJJLIZOP_CDS_0181	MW175890.1	98.990	99	99	150892	7.80e-64	206
BJJLIZOP_CDS_0181	MZ726793.1	98.990	99	99	151660	7.80e-64	206
BJJLIZOP_CDS_0181	OM386659.1	98.990	99	99	149194	1.54e-63	205
BJJLIZOP_CDS_0181	OM386667.1	98.990	99	99	156300	1.54e-63	205
BJJLIZOP_CDS_0181	MH252123.1	96.970	99	99	150925	1.79e-63	204
BJJLIZOP_CDS_0181	OR437326.1	96.970	99	99	148445	1.54e-62	202
BJJLIZOP_CDS_0181	OR786310.1	96.970	99	99	149880	1.54e-62	202
BJJLIZOP_CDS_0181	MN850618.1	96.970	99	99	150473	1.54e-62	202
BJJLIZOP_CDS_0181	PV191315.1	96.970	99	99	151674	1.54e-62	202
BJJLIZOP_CDS_0181	OL739525.1	96.970	99	99	151825	1.54e-62	202
BJJLIZOP_CDS_0181	OM362897.1	96.970	99	99	152401	1.54e-62	202
BJJLIZOP_CDS_0181	OL505078.1	95.960	99	99	151425	2.56e-62	201
BJJLIZOP_CDS_0182	KX552041.2	96.552	145	145	149813	8.34e-91	285
BJJLIZOP_CDS_0182	OM386659.1	95.862	145	145	149194	1.63e-90	285
BJJLIZOP_CDS_0182	OM386667.1	95.862	145	145	156300	1.63e-90	285
BJJLIZOP_CDS_0182	KX664695.3	95.862	145	145	149268	4.72e-90	283
BJJLIZOP_CDS_0182	MH051333.1	95.862	145	145	151671	4.72e-90	283
BJJLIZOP_CDS_0182	JX561091.1	95.172	145	145	147737	5.15e-90	283
BJJLIZOP_CDS_0182	OR352956.1	95.172	145	145	149254	6.19e-90	283
BJJLIZOP_CDS_0182	MN850648.1	95.172	145	145	149335	6.19e-90	283
BJJLIZOP_CDS_0182	OL631481.1	95.172	145	145	149818	6.19e-90	283
BJJLIZOP_CDS_0182	LR597654.1	95.172	145	145	150152	6.19e-90	283
BJJLIZOP_CDS_0182	OR062524.1	95.172	145	145	150431	6.19e-90	283
BJJLIZOP_CDS_0182	MN850565.1	95.172	145	145	150947	6.19e-90	283
BJJLIZOP_CDS_0182	MT496970.1	95.172	145	145	151202	6.19e-90	283
BJJLIZOP_CDS_0182	PQ433349.1	95.172	145	145	151245	6.19e-90	283
BJJLIZOP_CDS_0182	OL505078.1	95.172	145	145	151425	6.19e-90	283
BJJLIZOP_CDS_0182	PV191315.1	95.172	145	145	151674	6.19e-90	283
BJJLIZOP_CDS_0182	OR062529.1	95.172	145	145	151980	6.19e-90	283
BJJLIZOP_CDS_0182	OR062526.1	95.172	145	145	151980	6.19e-90	283
BJJLIZOP_CDS_0182	OM362897.1	95.172	145	145	152401	1.02e-89	282
BJJLIZOP_CDS_0182	PQ826431.1	94.483	145	145	151106	1.14e-89	282
BJJLIZOP_CDS_0182	OR067838.1	94.483	145	145	149856	1.15e-89	282
BJJLIZOP_CDS_0182	MN850571.1	95.862	145	145	151514	1.47e-89	281
BJJLIZOP_CDS_0182	OL739525.1	94.483	145	145	151825	1.58e-89	281
BJJLIZOP_CDS_0182	LR746137.1	94.483	145	145	152148	1.73e-89	281
BJJLIZOP_CDS_0182	MH160766.1	94.483	145	145	149803	3.54e-89	281
BJJLIZOP_CDS_0182	OP595145.1	94.483	145	145	151363	3.54e-89	281
BJJLIZOP_CDS_0182	OR786310.1	94.483	145	145	149880	3.97e-89	280
BJJLIZOP_CDS_0182	MZ726793.1	94.483	145	145	151660	4.96e-89	280
BJJLIZOP_CDS_0182	MH252123.1	94.483	145	145	150925	5.52e-89	280
BJJLIZOP_CDS_0182	OP172791.1	94.483	145	145	151113	5.52e-89	280
BJJLIZOP_CDS_0182	OP172792.1	94.483	145	145	151993	5.52e-89	280
BJJLIZOP_CDS_0182	PP129558.1	94.483	145	145	149967	1.11e-88	279
BJJLIZOP_CDS_0182	OM386656.1	94.483	145	145	149073	1.25e-88	279
BJJLIZOP_CDS_0182	MK373788.1	94.483	145	145	151194	1.25e-88	279
BJJLIZOP_CDS_0182	OR352955.1	94.483	145	145	152808	1.25e-88	279
BJJLIZOP_CDS_0182	MW175890.1	93.793	145	145	150892	1.53e-88	279
BJJLIZOP_CDS_0182	PV730300.1	93.793	145	145	146712	1.98e-88	278
BJJLIZOP_CDS_0182	OZ035743.1	93.793	145	145	142881	2.92e-88	278
BJJLIZOP_CDS_0182	OR544956.1	93.793	145	145	130723	2.98e-88	278
BJJLIZOP_CDS_0182	OR437326.1	92.414	145	145	148445	6.48e-87	274
BJJLIZOP_CDS_0182	MT944117.1	92.414	145	145	152343	8.74e-87	274
BJJLIZOP_CDS_0182	MN850618.1	92.414	145	145	150473	2.59e-86	272
BJJLIZOP_CDS_0182	OQ031492.1	91.724	145	145	149246	8.51e-86	271
BJJLIZOP_CDS_0182	OZ035728.1	91.034	145	145	149471	1.45e-85	270
BJJLIZOP_CDS_0183	KX664695.3	97.368	152	152	149268	6.85e-98	306
BJJLIZOP_CDS_0183	OM386656.1	96.053	152	152	149073	3.62e-97	304
BJJLIZOP_CDS_0183	MK373788.1	96.053	152	152	151194	3.62e-97	304
BJJLIZOP_CDS_0183	MH051333.1	96.053	152	152	151671	3.62e-97	304
BJJLIZOP_CDS_0183	OR067838.1	96.053	152	152	149856	4.15e-97	303
BJJLIZOP_CDS_0183	OR437326.1	92.763	152	152	148445	8.80e-94	294
BJJLIZOP_CDS_0183	OR437326.1	27.152	151	152	148445	6.17e-11	57.4
BJJLIZOP_CDS_0183	MH252123.1	91.447	152	152	150925	1.69e-92	290
BJJLIZOP_CDS_0183	PP129558.1	92.763	152	152	149967	5.71e-92	289
BJJLIZOP_CDS_0183	PV191315.1	90.789	152	152	151674	1.49e-90	285
BJJLIZOP_CDS_0183	MW175890.1	90.789	152	152	150892	1.68e-90	285
BJJLIZOP_CDS_0183	OQ031492.1	90.789	152	152	149246	3.33e-90	284
BJJLIZOP_CDS_0183	OP595145.1	90.789	152	152	151363	3.33e-90	284
BJJLIZOP_CDS_0183	OP595145.1	27.564	156	152	151363	2.23e-11	58.5
BJJLIZOP_CDS_0183	MT496970.1	90.132	152	152	151202	5.90e-90	283
BJJLIZOP_CDS_0183	MT496970.1	26.923	156	152	151202	9.32e-11	56.6
BJJLIZOP_CDS_0183	MZ726793.1	90.132	152	152	151660	8.12e-90	283
BJJLIZOP_CDS_0183	MZ726793.1	27.564	156	152	151660	4.41e-11	57.8
BJJLIZOP_CDS_0183	PQ826431.1	90.132	152	152	151106	1.11e-89	282
BJJLIZOP_CDS_0183	PQ826431.1	26.923	156	152	151106	2.75e-11	58.2
BJJLIZOP_CDS_0183	OL739525.1	89.474	152	152	151825	2.86e-89	281
BJJLIZOP_CDS_0183	OL739525.1	26.923	156	152	151825	1.90e-10	55.8
BJJLIZOP_CDS_0183	MN850648.1	89.474	152	152	149335	3.12e-89	281
BJJLIZOP_CDS_0183	MN850648.1	27.564	156	152	149335	2.08e-11	58.5
BJJLIZOP_CDS_0183	OR786310.1	89.474	152	152	149880	3.12e-89	281
BJJLIZOP_CDS_0183	OR786310.1	26.923	156	152	149880	1.90e-10	55.8
BJJLIZOP_CDS_0183	OM386659.1	95.395	152	152	149194	2.00e-88	279
BJJLIZOP_CDS_0183	OM386659.1	27.564	156	152	149194	2.23e-11	58.5
BJJLIZOP_CDS_0183	OM386667.1	95.395	152	152	156300	2.00e-88	279
BJJLIZOP_CDS_0183	OM386667.1	27.564	156	152	156300	2.23e-11	58.5
BJJLIZOP_CDS_0183	OR062524.1	93.421	152	152	150431	1.39e-87	276
BJJLIZOP_CDS_0183	OR062529.1	93.421	152	152	151980	1.39e-87	276
BJJLIZOP_CDS_0183	OR062526.1	93.421	152	152	151980	1.39e-87	276
BJJLIZOP_CDS_0183	OZ035728.1	93.421	152	152	149471	5.29e-87	275
BJJLIZOP_CDS_0183	PQ433349.1	92.763	152	152	151245	2.28e-86	273
BJJLIZOP_CDS_0183	KX552041.2	93.421	152	152	149813	1.12e-85	271
BJJLIZOP_CDS_0183	OP172791.1	93.421	152	152	151113	1.12e-85	271
BJJLIZOP_CDS_0183	OP172791.1	28.205	156	152	151113	2.50e-11	58.5
BJJLIZOP_CDS_0183	OL505078.1	93.421	152	152	151425	1.12e-85	271
BJJLIZOP_CDS_0183	OL505078.1	27.564	156	152	151425	1.59e-11	58.9
BJJLIZOP_CDS_0183	OP172792.1	93.421	152	152	151993	1.12e-85	271
BJJLIZOP_CDS_0183	OP172792.1	28.205	156	152	151993	2.50e-11	58.5
BJJLIZOP_CDS_0183	OZ035743.1	92.763	152	152	142881	2.24e-85	270
BJJLIZOP_CDS_0183	OZ035743.1	26.282	156	152	142881	3.82e-11	57.8
BJJLIZOP_CDS_0183	MH160766.1	92.763	152	152	149803	2.24e-85	270
BJJLIZOP_CDS_0183	LR597654.1	92.763	152	152	150152	2.24e-85	270
BJJLIZOP_CDS_0183	OR352955.1	92.763	152	152	152808	2.24e-85	270
BJJLIZOP_CDS_0183	OM362897.1	92.763	152	152	152401	2.86e-85	270
BJJLIZOP_CDS_0183	LR746137.1	92.763	152	152	152148	3.86e-85	270
BJJLIZOP_CDS_0183	LR746137.1	26.923	156	152	152148	8.95e-12	59.7
BJJLIZOP_CDS_0183	MN850618.1	92.105	152	152	150473	2.86e-84	267
BJJLIZOP_CDS_0183	MN850618.1	28.205	156	152	150473	1.35e-11	59.3
BJJLIZOP_CDS_0183	OR352956.1	92.105	152	152	149254	3.72e-84	266
BJJLIZOP_CDS_0183	OR544956.1	92.000	150	152	130723	6.16e-83	263
BJJLIZOP_CDS_0183	OL631481.1	90.789	152	152	149818	8.84e-82	260
BJJLIZOP_CDS_0183	MT944117.1	88.235	119	152	152343	8.25e-66	214
BJJLIZOP_CDS_0183	MT944117.1	88.372	43	152	152343	1.91e-20	84.7
BJJLIZOP_CDS_0183	JX561091.1	69.388	147	152	147737	4.82e-60	197
BJJLIZOP_CDS_0183	MN850571.1	100.000	28	152	151514	2.43e-11	58.5
BJJLIZOP_CDS_0184	KX664695.3	95.425	153	153	149268	9.37e-83	263
BJJLIZOP_CDS_0184	OM362897.1	93.464	153	153	152401	2.75e-81	258
BJJLIZOP_CDS_0184	MZ726793.1	94.040	151	153	151660	3.21e-81	258
BJJLIZOP_CDS_0184	PV191315.1	94.040	151	153	151674	3.21e-81	258
BJJLIZOP_CDS_0184	MW175890.1	94.040	151	153	150892	8.71e-81	257
BJJLIZOP_CDS_0184	OP172791.1	94.040	151	153	151113	8.71e-81	257
BJJLIZOP_CDS_0184	OP172792.1	94.040	151	153	151993	8.71e-81	257
BJJLIZOP_CDS_0184	MT944117.1	93.377	151	153	152343	2.00e-80	256
BJJLIZOP_CDS_0184	MH252123.1	92.715	151	153	150925	2.19e-80	256
BJJLIZOP_CDS_0184	OM386656.1	93.464	153	153	149073	3.65e-80	255
BJJLIZOP_CDS_0184	KX552041.2	93.464	153	153	149813	3.65e-80	255
BJJLIZOP_CDS_0184	OL631481.1	93.464	153	153	149818	3.65e-80	255
BJJLIZOP_CDS_0184	OR067838.1	92.810	153	153	149856	6.53e-80	254
BJJLIZOP_CDS_0184	MH051333.1	92.810	153	153	151671	1.13e-79	254
BJJLIZOP_CDS_0184	OR437326.1	93.377	151	153	148445	1.22e-79	254
BJJLIZOP_CDS_0184	OQ031492.1	91.503	153	153	149246	1.40e-79	253
BJJLIZOP_CDS_0184	LR597654.1	92.157	153	153	150152	1.42e-79	253
BJJLIZOP_CDS_0184	OZ035728.1	92.157	153	153	149471	1.95e-79	253
BJJLIZOP_CDS_0184	PQ826431.1	92.715	151	153	151106	3.23e-79	253
BJJLIZOP_CDS_0184	MH160766.1	92.810	153	153	149803	5.14e-79	252
BJJLIZOP_CDS_0184	MT496970.1	92.715	151	153	151202	5.14e-79	252
BJJLIZOP_CDS_0184	OL505078.1	92.715	151	153	151425	8.92e-79	251
BJJLIZOP_CDS_0184	OP595145.1	92.053	151	153	151363	1.34e-78	251
BJJLIZOP_CDS_0184	OL739525.1	92.053	151	153	151825	1.41e-78	251
BJJLIZOP_CDS_0184	PP129558.1	90.850	153	153	149967	1.55e-78	251
BJJLIZOP_CDS_0184	MN850565.1	92.715	151	153	150947	1.81e-78	250
BJJLIZOP_CDS_0184	OR786310.1	92.053	151	153	149880	5.72e-78	249
BJJLIZOP_CDS_0184	MN850648.1	92.053	151	153	149335	1.61e-77	248
BJJLIZOP_CDS_0184	PV730300.1	90.728	151	153	146712	1.87e-75	242
BJJLIZOP_CDS_0184	OR352955.1	55.556	153	153	152808	1.73e-37	133
BJJLIZOP_CDS_0184	MK373788.1	51.634	153	153	151194	8.38e-37	131
BJJLIZOP_CDS_0184	JX561091.1	51.634	153	153	147737	1.28e-36	130
BJJLIZOP_CDS_0184	OR062524.1	51.656	151	153	150431	4.03e-36	129
BJJLIZOP_CDS_0184	MN850618.1	51.656	151	153	150473	4.03e-36	129
BJJLIZOP_CDS_0184	OR062529.1	51.656	151	153	151980	4.03e-36	129
BJJLIZOP_CDS_0184	OR062526.1	51.656	151	153	151980	4.03e-36	129
BJJLIZOP_CDS_0184	OM386659.1	50.993	151	153	149194	1.13e-35	128
BJJLIZOP_CDS_0184	OM386667.1	50.993	151	153	156300	1.13e-35	128
BJJLIZOP_CDS_0184	PQ433349.1	50.980	153	153	151245	1.99e-35	127
BJJLIZOP_CDS_0184	LR746137.1	50.993	151	153	152148	2.63e-35	127
BJJLIZOP_CDS_0184	OR352956.1	52.318	151	153	149254	2.26e-34	124
BJJLIZOP_CDS_0184	OZ035743.1	49.669	151	153	142881	3.85e-34	124
BJJLIZOP_CDS_0184	MN850571.1	48.980	147	153	151514	2.80e-33	121
BJJLIZOP_CDS_0184	OZ035771.1	47.619	63	153	144811	3.71e-13	63.9
BJJLIZOP_CDS_0185	OZ035771.1	100.000	79	79	144811	3.31e-50	166
BJJLIZOP_CDS_0185	JX561091.1	100.000	79	79	147737	3.31e-50	166
BJJLIZOP_CDS_0185	OM386659.1	100.000	79	79	149194	3.31e-50	166
BJJLIZOP_CDS_0185	OQ031492.1	100.000	79	79	149246	3.31e-50	166
BJJLIZOP_CDS_0185	OZ035728.1	100.000	79	79	149471	3.31e-50	166
BJJLIZOP_CDS_0185	MH160766.1	100.000	79	79	149803	3.31e-50	166
BJJLIZOP_CDS_0185	KX552041.2	100.000	79	79	149813	3.31e-50	166
BJJLIZOP_CDS_0185	MN850618.1	100.000	79	79	150473	3.31e-50	166
BJJLIZOP_CDS_0185	MW175890.1	100.000	79	79	150892	3.31e-50	166
BJJLIZOP_CDS_0185	MH252123.1	100.000	79	79	150925	3.31e-50	166
BJJLIZOP_CDS_0185	OP172791.1	100.000	79	79	151113	3.31e-50	166
BJJLIZOP_CDS_0185	MN850571.1	100.000	79	79	151514	3.31e-50	166
BJJLIZOP_CDS_0185	MZ726793.1	100.000	79	79	151660	3.31e-50	166
BJJLIZOP_CDS_0185	MH051333.1	100.000	79	79	151671	3.31e-50	166
BJJLIZOP_CDS_0185	PV191315.1	100.000	79	79	151674	3.31e-50	166
BJJLIZOP_CDS_0185	OP172792.1	100.000	79	79	151993	3.31e-50	166
BJJLIZOP_CDS_0185	OM386667.1	100.000	79	79	156300	3.31e-50	166
BJJLIZOP_CDS_0185	PQ433349.1	98.734	79	79	151245	1.05e-49	164
BJJLIZOP_CDS_0185	OR352956.1	98.734	79	79	149254	1.10e-49	164
BJJLIZOP_CDS_0185	PV730300.1	98.734	79	79	146712	1.31e-49	164
BJJLIZOP_CDS_0185	OR437326.1	98.734	79	79	148445	1.31e-49	164
BJJLIZOP_CDS_0185	OL631481.1	98.734	79	79	149818	1.31e-49	164
BJJLIZOP_CDS_0185	PQ826431.1	98.734	79	79	151106	1.31e-49	164
BJJLIZOP_CDS_0185	MK373788.1	98.734	79	79	151194	1.31e-49	164
BJJLIZOP_CDS_0185	MT496970.1	98.734	79	79	151202	1.31e-49	164
BJJLIZOP_CDS_0185	OP595145.1	98.734	79	79	151363	1.31e-49	164
BJJLIZOP_CDS_0185	OL505078.1	98.734	79	79	151425	1.31e-49	164
BJJLIZOP_CDS_0185	MT944117.1	98.734	79	79	152343	1.31e-49	164
BJJLIZOP_CDS_0185	OR352955.1	98.734	79	79	152808	1.31e-49	164
BJJLIZOP_CDS_0185	OM362897.1	98.734	79	79	152401	2.59e-49	163
BJJLIZOP_CDS_0185	KX664695.3	97.468	79	79	149268	4.50e-49	162
BJJLIZOP_CDS_0185	OR786310.1	97.468	79	79	149880	4.50e-49	162
BJJLIZOP_CDS_0185	MN850565.1	97.468	79	79	150947	4.50e-49	162
BJJLIZOP_CDS_0185	OM386656.1	97.468	79	79	149073	5.16e-49	162
BJJLIZOP_CDS_0185	PP129558.1	97.468	79	79	149967	7.68e-49	162
BJJLIZOP_CDS_0185	LR597654.1	96.203	79	79	150152	1.10e-48	161
BJJLIZOP_CDS_0185	OL739525.1	96.203	79	79	151825	1.21e-47	158
BJJLIZOP_CDS_0185	OR067838.1	98.214	56	79	149856	3.47e-37	115
BJJLIZOP_CDS_0185	OR067838.1	100.000	23	79	149856	3.47e-37	52.4
BJJLIZOP_CDS_0185	OZ035743.1	68.354	79	79	142881	1.91e-30	109
BJJLIZOP_CDS_0185	MN850648.1	68.354	79	79	149335	1.91e-30	109
BJJLIZOP_CDS_0185	OR062524.1	68.354	79	79	150431	1.91e-30	109
BJJLIZOP_CDS_0185	OR062529.1	68.354	79	79	151980	1.91e-30	109
BJJLIZOP_CDS_0185	OR062526.1	68.354	79	79	151980	1.91e-30	109
BJJLIZOP_CDS_0185	LR746137.1	68.354	79	79	152148	1.91e-30	109
BJJLIZOP_CDS_0185	OR544956.1	63.415	41	79	130723	1.91e-08	47.0
BJJLIZOP_CDS_0186	OM386656.1	100.000	73	73	149073	1.63e-45	152
BJJLIZOP_CDS_0186	OM386656.1	36.111	72	73	149073	6.78e-08	45.4
BJJLIZOP_CDS_0186	OM386659.1	100.000	73	73	149194	1.63e-45	152
BJJLIZOP_CDS_0186	OM386659.1	37.500	72	73	149194	3.55e-08	46.2
BJJLIZOP_CDS_0186	KX664695.3	100.000	73	73	149268	1.63e-45	152
BJJLIZOP_CDS_0186	KX664695.3	36.111	72	73	149268	7.48e-08	45.1
BJJLIZOP_CDS_0186	MH160766.1	100.000	73	73	149803	1.63e-45	152
BJJLIZOP_CDS_0186	MH160766.1	36.111	72	73	149803	6.78e-08	45.4
BJJLIZOP_CDS_0186	OR067838.1	100.000	73	73	149856	1.63e-45	152
BJJLIZOP_CDS_0186	OR067838.1	37.500	72	73	149856	2.38e-08	46.6
BJJLIZOP_CDS_0186	OR786310.1	100.000	73	73	149880	1.63e-45	152
BJJLIZOP_CDS_0186	OR786310.1	36.111	72	73	149880	5.91e-08	45.4
BJJLIZOP_CDS_0186	MN850618.1	100.000	73	73	150473	1.63e-45	152
BJJLIZOP_CDS_0186	MN850618.1	36.111	72	73	150473	5.91e-08	45.4
BJJLIZOP_CDS_0186	MW175890.1	100.000	73	73	150892	1.63e-45	152
BJJLIZOP_CDS_0186	MW175890.1	34.722	72	73	150892	8.58e-08	45.1
BJJLIZOP_CDS_0186	OP172791.1	100.000	73	73	151113	1.63e-45	152
BJJLIZOP_CDS_0186	OP172791.1	36.111	72	73	151113	5.91e-08	45.4
BJJLIZOP_CDS_0186	MT496970.1	100.000	73	73	151202	1.63e-45	152
BJJLIZOP_CDS_0186	MT496970.1	36.111	72	73	151202	5.91e-08	45.4
BJJLIZOP_CDS_0186	OP595145.1	100.000	73	73	151363	1.63e-45	152
BJJLIZOP_CDS_0186	OP595145.1	36.111	72	73	151363	5.91e-08	45.4
BJJLIZOP_CDS_0186	OL505078.1	100.000	73	73	151425	1.63e-45	152
BJJLIZOP_CDS_0186	OL505078.1	36.111	72	73	151425	7.48e-08	45.1
BJJLIZOP_CDS_0186	MN850571.1	100.000	73	73	151514	1.63e-45	152
BJJLIZOP_CDS_0186	MN850571.1	36.111	72	73	151514	5.91e-08	45.4
BJJLIZOP_CDS_0186	MZ726793.1	100.000	73	73	151660	1.63e-45	152
BJJLIZOP_CDS_0186	MZ726793.1	37.500	72	73	151660	3.55e-08	46.2
BJJLIZOP_CDS_0186	PV191315.1	100.000	73	73	151674	1.63e-45	152
BJJLIZOP_CDS_0186	PV191315.1	36.111	72	73	151674	5.91e-08	45.4
BJJLIZOP_CDS_0186	OL739525.1	100.000	73	73	151825	1.63e-45	152
BJJLIZOP_CDS_0186	OL739525.1	36.111	72	73	151825	5.91e-08	45.4
BJJLIZOP_CDS_0186	OP172792.1	100.000	73	73	151993	1.63e-45	152
BJJLIZOP_CDS_0186	OP172792.1	36.111	72	73	151993	5.91e-08	45.4
BJJLIZOP_CDS_0186	OR352955.1	100.000	73	73	152808	1.63e-45	152
BJJLIZOP_CDS_0186	OR352955.1	36.111	72	73	152808	7.48e-08	45.1
BJJLIZOP_CDS_0186	OM386667.1	100.000	73	73	156300	1.63e-45	152
BJJLIZOP_CDS_0186	OM386667.1	37.500	72	73	156300	3.55e-08	46.2
BJJLIZOP_CDS_0186	OR352956.1	98.630	73	73	149254	2.47e-45	151
BJJLIZOP_CDS_0186	OR352956.1	36.111	72	73	149254	7.48e-08	45.1
BJJLIZOP_CDS_0186	OZ035771.1	98.630	73	73	144811	5.43e-45	150
BJJLIZOP_CDS_0186	JX561091.1	98.630	73	73	147737	5.43e-45	150
BJJLIZOP_CDS_0186	JX561091.1	34.722	72	73	147737	8.58e-08	45.1
BJJLIZOP_CDS_0186	OQ031492.1	98.630	73	73	149246	5.43e-45	150
BJJLIZOP_CDS_0186	OQ031492.1	37.500	72	73	149246	3.55e-08	46.2
BJJLIZOP_CDS_0186	OZ035728.1	98.630	73	73	149471	5.43e-45	150
BJJLIZOP_CDS_0186	OZ035728.1	36.111	72	73	149471	6.78e-08	45.4
BJJLIZOP_CDS_0186	PP129558.1	98.630	73	73	149967	5.43e-45	150
BJJLIZOP_CDS_0186	PP129558.1	36.111	72	73	149967	7.48e-08	45.1
BJJLIZOP_CDS_0186	OM362897.1	98.630	73	73	152401	5.43e-45	150
BJJLIZOP_CDS_0186	OM362897.1	36.111	72	73	152401	5.91e-08	45.4
BJJLIZOP_CDS_0186	OL631481.1	98.630	73	73	149818	6.10e-45	150
BJJLIZOP_CDS_0186	OL631481.1	36.111	72	73	149818	6.78e-08	45.4
BJJLIZOP_CDS_0186	PQ433349.1	98.630	73	73	151245	6.79e-45	150
BJJLIZOP_CDS_0186	PQ433349.1	36.111	72	73	151245	7.48e-08	45.1
BJJLIZOP_CDS_0186	OR437326.1	97.260	73	73	148445	8.24e-45	150
BJJLIZOP_CDS_0186	OR437326.1	36.111	72	73	148445	5.91e-08	45.4
BJJLIZOP_CDS_0186	PV730300.1	98.630	73	73	146712	8.48e-45	150
BJJLIZOP_CDS_0186	PV730300.1	36.111	72	73	146712	5.91e-08	45.4
BJJLIZOP_CDS_0186	KX552041.2	97.260	73	73	149813	3.86e-44	148
BJJLIZOP_CDS_0186	KX552041.2	36.111	72	73	149813	5.91e-08	45.4
BJJLIZOP_CDS_0186	LR597654.1	97.260	73	73	150152	3.86e-44	148
BJJLIZOP_CDS_0186	LR597654.1	36.111	72	73	150152	6.78e-08	45.4
BJJLIZOP_CDS_0186	MK373788.1	97.260	73	73	151194	3.86e-44	148
BJJLIZOP_CDS_0186	MK373788.1	36.111	72	73	151194	6.78e-08	45.4
BJJLIZOP_CDS_0186	MH051333.1	97.260	73	73	151671	3.86e-44	148
BJJLIZOP_CDS_0186	MH051333.1	36.111	72	73	151671	6.78e-08	45.4
BJJLIZOP_CDS_0186	MN850565.1	97.260	73	73	150947	4.51e-44	148
BJJLIZOP_CDS_0186	MN850565.1	36.111	72	73	150947	5.91e-08	45.4
BJJLIZOP_CDS_0186	MT944117.1	90.909	66	73	152343	5.03e-36	125
BJJLIZOP_CDS_0186	MT944117.1	36.111	72	73	152343	4.96e-08	45.8
BJJLIZOP_CDS_0186	PQ826431.1	86.154	65	73	151106	1.27e-33	118
BJJLIZOP_CDS_0186	PQ826431.1	36.111	72	73	151106	5.91e-08	45.4
BJJLIZOP_CDS_0186	MH252123.1	60.870	69	73	150925	1.21e-23	90.1
BJJLIZOP_CDS_0186	MH252123.1	51.429	70	73	150925	3.74e-18	74.3
BJJLIZOP_CDS_0186	MH252123.1	36.111	72	73	150925	5.91e-08	45.4
BJJLIZOP_CDS_0186	OZ035743.1	36.111	72	73	142881	5.91e-08	45.4
BJJLIZOP_CDS_0186	MN850648.1	36.111	72	73	149335	5.91e-08	45.4
BJJLIZOP_CDS_0186	LR746137.1	36.111	72	73	152148	5.91e-08	45.4
BJJLIZOP_CDS_0186	MN850598.1	36.111	72	73	144998	6.78e-08	45.4
BJJLIZOP_CDS_0186	OR544956.1	34.722	72	73	130723	8.58e-08	45.1
BJJLIZOP_CDS_0186	OR062524.1	34.722	72	73	150431	8.58e-08	45.1
BJJLIZOP_CDS_0186	OR062529.1	34.722	72	73	151980	8.58e-08	45.1
BJJLIZOP_CDS_0186	OR062526.1	34.722	72	73	151980	8.58e-08	45.1
BJJLIZOP_CDS_0187	OM386659.1	100.000	69	69	149194	1.26e-42	144
BJJLIZOP_CDS_0187	KX552041.2	100.000	69	69	149813	1.26e-42	144
BJJLIZOP_CDS_0187	OL631481.1	100.000	69	69	149818	1.26e-42	144
BJJLIZOP_CDS_0187	PP129558.1	100.000	69	69	149967	1.26e-42	144
BJJLIZOP_CDS_0187	LR597654.1	100.000	69	69	150152	1.26e-42	144
BJJLIZOP_CDS_0187	MN850565.1	100.000	69	69	150947	1.26e-42	144
BJJLIZOP_CDS_0187	PQ433349.1	100.000	69	69	151245	1.26e-42	144
BJJLIZOP_CDS_0187	MH051333.1	100.000	69	69	151671	1.26e-42	144
BJJLIZOP_CDS_0187	OR352955.1	100.000	69	69	152808	1.26e-42	144
BJJLIZOP_CDS_0187	OM386667.1	100.000	69	69	156300	1.26e-42	144
BJJLIZOP_CDS_0187	OM386656.1	98.551	69	69	149073	4.95e-42	142
BJJLIZOP_CDS_0187	MH160766.1	98.551	69	69	149803	4.95e-42	142
BJJLIZOP_CDS_0187	OZ035771.1	98.551	69	69	144811	5.73e-42	142
BJJLIZOP_CDS_0187	KX664695.3	98.551	69	69	149268	5.73e-42	142
BJJLIZOP_CDS_0187	MK373788.1	98.551	69	69	151194	5.73e-42	142
BJJLIZOP_CDS_0187	JX561091.1	98.551	69	69	147737	6.07e-42	142
BJJLIZOP_CDS_0187	OZ035728.1	98.551	69	69	149471	6.07e-42	142
BJJLIZOP_CDS_0187	MN850618.1	98.551	69	69	150473	6.07e-42	142
BJJLIZOP_CDS_0187	OZ035743.1	98.551	69	69	142881	8.20e-42	141
BJJLIZOP_CDS_0187	OR067838.1	98.551	69	69	149856	1.97e-41	140
BJJLIZOP_CDS_0187	OR062524.1	97.101	69	69	150431	3.29e-41	139
BJJLIZOP_CDS_0187	OR062529.1	97.101	69	69	151980	3.29e-41	139
BJJLIZOP_CDS_0187	OR062526.1	97.101	69	69	151980	3.29e-41	139
BJJLIZOP_CDS_0187	MN850571.1	97.101	69	69	151514	6.95e-41	139
BJJLIZOP_CDS_0187	MN850648.1	97.059	68	69	149335	1.73e-40	137
BJJLIZOP_CDS_0187	LR746137.1	95.652	69	69	152148	2.16e-40	137
BJJLIZOP_CDS_0187	OR544956.1	98.305	59	69	130723	9.95e-35	121
BJJLIZOP_CDS_0187	PV191315.1	79.710	69	69	151674	5.72e-34	119
BJJLIZOP_CDS_0187	OQ031492.1	76.812	69	69	149246	4.32e-33	116
BJJLIZOP_CDS_0187	MW175890.1	76.812	69	69	150892	4.32e-33	116
BJJLIZOP_CDS_0187	OP172791.1	76.812	69	69	151113	4.32e-33	116
BJJLIZOP_CDS_0187	MZ726793.1	76.812	69	69	151660	4.32e-33	116
BJJLIZOP_CDS_0187	OM362897.1	76.812	69	69	152401	4.32e-33	116
BJJLIZOP_CDS_0187	OR437326.1	75.362	69	69	148445	2.30e-32	114
BJJLIZOP_CDS_0187	OP172792.1	73.913	69	69	151993	1.14e-31	112
BJJLIZOP_CDS_0187	OR786310.1	68.116	69	69	149880	2.97e-30	108
BJJLIZOP_CDS_0187	MT496970.1	66.667	69	69	151202	1.42e-29	106
BJJLIZOP_CDS_0187	OP595145.1	66.667	69	69	151363	1.42e-29	106
BJJLIZOP_CDS_0187	OL739525.1	66.667	69	69	151825	1.42e-29	106
BJJLIZOP_CDS_0187	PV730300.1	66.667	69	69	146712	4.23e-29	105
BJJLIZOP_CDS_0187	OL505078.1	71.739	46	69	151425	1.11e-19	77.4
BJJLIZOP_CDS_0187	OL505078.1	53.846	26	69	151425	1.11e-19	32.0
BJJLIZOP_CDS_0188	MZ726793.1	98.387	124	124	151660	1.21e-67	218
BJJLIZOP_CDS_0188	MZ726793.1	35.294	119	124	151660	3.98e-09	51.2
BJJLIZOP_CDS_0188	MZ726793.1	35.185	108	124	151660	3.11e-07	45.4
BJJLIZOP_CDS_0188	MZ726793.1	32.407	108	124	151660	3.24e-06	42.7
BJJLIZOP_CDS_0188	MH160766.1	100.000	124	124	149803	1.58e-67	218
BJJLIZOP_CDS_0188	MH160766.1	36.134	119	124	149803	1.17e-09	52.8
BJJLIZOP_CDS_0188	MH160766.1	34.259	108	124	149803	3.75e-06	42.4
BJJLIZOP_CDS_0188	MT944117.1	100.000	124	124	152343	1.58e-67	218
BJJLIZOP_CDS_0188	MT944117.1	35.294	119	124	152343	3.98e-09	51.2
BJJLIZOP_CDS_0188	MT944117.1	32.407	108	124	152343	5.15e-06	42.0
BJJLIZOP_CDS_0188	MT944117.1	40.816	49	124	152343	8.34e-06	41.6
BJJLIZOP_CDS_0188	MN850565.1	99.194	124	124	150947	2.14e-67	217
BJJLIZOP_CDS_0188	MN850565.1	35.294	119	124	150947	3.95e-09	51.2
BJJLIZOP_CDS_0188	MN850565.1	32.407	108	124	150947	3.24e-06	42.7
BJJLIZOP_CDS_0188	OQ031492.1	96.774	124	124	149246	3.98e-67	216
BJJLIZOP_CDS_0188	OQ031492.1	35.294	119	124	149246	3.98e-09	51.2
BJJLIZOP_CDS_0188	OQ031492.1	32.407	108	124	149246	3.24e-06	42.7
BJJLIZOP_CDS_0188	KX664695.3	99.194	124	124	149268	5.64e-67	216
BJJLIZOP_CDS_0188	KX664695.3	35.294	119	124	149268	3.95e-09	51.2
BJJLIZOP_CDS_0188	KX664695.3	33.333	108	124	149268	4.37e-06	42.4
BJJLIZOP_CDS_0188	MN850571.1	99.194	124	124	151514	6.15e-67	216
BJJLIZOP_CDS_0188	MN850571.1	35.294	119	124	151514	3.06e-08	48.5
BJJLIZOP_CDS_0188	OZ035771.1	98.387	124	124	144811	6.46e-67	216
BJJLIZOP_CDS_0188	OZ035771.1	32.407	108	124	144811	3.24e-06	42.7
BJJLIZOP_CDS_0188	PQ433349.1	98.387	124	124	151245	6.46e-67	216
BJJLIZOP_CDS_0188	PQ433349.1	35.294	119	124	151245	3.91e-09	51.2
BJJLIZOP_CDS_0188	PQ433349.1	32.407	108	124	151245	3.24e-06	42.7
BJJLIZOP_CDS_0188	OP595145.1	97.581	124	124	151363	6.71e-67	216
BJJLIZOP_CDS_0188	OP595145.1	35.294	119	124	151363	3.38e-09	51.2
BJJLIZOP_CDS_0188	OP595145.1	35.185	108	124	151363	1.36e-07	46.6
BJJLIZOP_CDS_0188	OP595145.1	32.407	108	124	151363	3.54e-06	42.7
BJJLIZOP_CDS_0188	MW175890.1	95.161	124	124	150892	1.93e-66	214
BJJLIZOP_CDS_0188	MW175890.1	35.294	119	124	150892	3.98e-09	51.2
BJJLIZOP_CDS_0188	MW175890.1	33.929	112	124	150892	9.44e-07	44.3
BJJLIZOP_CDS_0188	MW175890.1	32.407	108	124	150892	3.24e-06	42.7
BJJLIZOP_CDS_0188	PV191315.1	95.161	124	124	151674	2.68e-66	214
BJJLIZOP_CDS_0188	PV191315.1	35.294	119	124	151674	4.47e-09	50.8
BJJLIZOP_CDS_0188	PV191315.1	33.929	112	124	151674	9.44e-07	44.3
BJJLIZOP_CDS_0188	PV191315.1	32.407	108	124	151674	3.24e-06	42.7
BJJLIZOP_CDS_0188	PP129558.1	96.774	124	124	149967	3.99e-66	214
BJJLIZOP_CDS_0188	PP129558.1	34.454	119	124	149967	2.21e-08	48.9
BJJLIZOP_CDS_0188	OZ035743.1	93.701	127	124	142881	1.26e-63	206
BJJLIZOP_CDS_0188	OZ035743.1	50.000	118	124	142881	6.63e-25	96.3
BJJLIZOP_CDS_0188	OZ035743.1	32.407	108	124	142881	3.24e-06	42.7
BJJLIZOP_CDS_0188	OP172791.1	93.701	127	124	151113	1.26e-63	206
BJJLIZOP_CDS_0188	OP172791.1	50.000	118	124	151113	7.38e-25	95.9
BJJLIZOP_CDS_0188	OP172791.1	35.294	119	124	151113	3.38e-09	51.2
BJJLIZOP_CDS_0188	OP172791.1	33.333	108	124	151113	2.89e-06	42.7
BJJLIZOP_CDS_0188	OP172792.1	93.701	127	124	151993	1.26e-63	206
BJJLIZOP_CDS_0188	OP172792.1	44.068	118	124	151993	6.92e-20	81.6
BJJLIZOP_CDS_0188	OP172792.1	35.294	119	124	151993	3.38e-09	51.2
BJJLIZOP_CDS_0188	OP172792.1	33.333	108	124	151993	2.89e-06	42.7
BJJLIZOP_CDS_0188	LR597654.1	93.701	127	124	150152	1.64e-63	206
BJJLIZOP_CDS_0188	LR597654.1	48.305	118	124	150152	1.85e-23	92.0
BJJLIZOP_CDS_0188	LR597654.1	35.294	119	124	150152	2.90e-09	51.6
BJJLIZOP_CDS_0188	LR597654.1	33.333	108	124	150152	4.37e-06	42.4
BJJLIZOP_CDS_0188	KX552041.2	94.488	127	124	149813	1.79e-63	206
BJJLIZOP_CDS_0188	KX552041.2	50.000	118	124	149813	1.60e-24	95.1
BJJLIZOP_CDS_0188	KX552041.2	34.454	119	124	149813	2.21e-08	48.9
BJJLIZOP_CDS_0188	KX552041.2	33.333	108	124	149813	4.37e-06	42.4
BJJLIZOP_CDS_0188	OR786310.1	94.488	127	124	149880	1.79e-63	206
BJJLIZOP_CDS_0188	OR786310.1	50.000	118	124	149880	7.38e-25	95.9
BJJLIZOP_CDS_0188	OR786310.1	35.294	119	124	149880	3.38e-09	51.2
BJJLIZOP_CDS_0188	OR786310.1	35.185	108	124	149880	1.83e-07	46.2
BJJLIZOP_CDS_0188	OR786310.1	32.407	108	124	149880	3.24e-06	42.7
BJJLIZOP_CDS_0188	MN850648.1	93.701	127	124	149335	1.88e-63	206
BJJLIZOP_CDS_0188	MN850648.1	50.000	118	124	149335	9.13e-25	95.9
BJJLIZOP_CDS_0188	MN850648.1	35.294	119	124	149335	3.28e-09	51.2
BJJLIZOP_CDS_0188	MN850648.1	35.185	108	124	149335	1.83e-07	46.2
BJJLIZOP_CDS_0188	MN850648.1	32.407	108	124	149335	3.24e-06	42.7
BJJLIZOP_CDS_0188	JX561091.1	95.868	121	124	147737	2.07e-63	206
BJJLIZOP_CDS_0188	JX561091.1	50.000	118	124	147737	9.13e-25	95.9
BJJLIZOP_CDS_0188	JX561091.1	35.294	119	124	147737	3.98e-09	51.2
BJJLIZOP_CDS_0188	JX561091.1	33.929	112	124	147737	9.44e-07	44.3
BJJLIZOP_CDS_0188	JX561091.1	32.407	108	124	147737	5.15e-06	42.0
BJJLIZOP_CDS_0188	OZ035728.1	95.868	121	124	149471	2.07e-63	206
BJJLIZOP_CDS_0188	OZ035728.1	50.000	118	124	149471	9.13e-25	95.9
BJJLIZOP_CDS_0188	OZ035728.1	34.454	119	124	149471	2.21e-08	48.9
BJJLIZOP_CDS_0188	PQ826431.1	95.868	121	124	151106	3.05e-63	205
BJJLIZOP_CDS_0188	PQ826431.1	50.000	118	124	151106	7.38e-25	95.9
BJJLIZOP_CDS_0188	PQ826431.1	35.294	119	124	151106	2.00e-09	52.0
BJJLIZOP_CDS_0188	PQ826431.1	35.185	108	124	151106	1.36e-07	46.6
BJJLIZOP_CDS_0188	PQ826431.1	32.407	108	124	151106	3.24e-06	42.7
BJJLIZOP_CDS_0188	MK373788.1	93.701	127	124	151194	3.08e-63	205
BJJLIZOP_CDS_0188	MK373788.1	50.000	118	124	151194	9.13e-25	95.9
BJJLIZOP_CDS_0188	MK373788.1	35.294	119	124	151194	4.35e-09	50.8
BJJLIZOP_CDS_0188	LR746137.1	95.868	121	124	152148	3.08e-63	205
BJJLIZOP_CDS_0188	LR746137.1	50.847	118	124	152148	1.21e-24	95.5
BJJLIZOP_CDS_0188	LR746137.1	37.931	116	124	152148	4.06e-10	53.9
BJJLIZOP_CDS_0188	LR746137.1	33.929	112	124	152148	1.46e-06	43.5
BJJLIZOP_CDS_0188	LR746137.1	32.407	108	124	152148	3.24e-06	42.7
BJJLIZOP_CDS_0188	OR352955.1	92.126	127	124	152808	3.33e-63	205
BJJLIZOP_CDS_0188	OR352955.1	50.000	118	124	152808	9.13e-25	95.9
BJJLIZOP_CDS_0188	OR352955.1	36.134	119	124	152808	5.38e-09	50.8
BJJLIZOP_CDS_0188	OR352955.1	32.407	108	124	152808	3.03e-06	42.7
BJJLIZOP_CDS_0188	OR352955.1	34.259	108	124	152808	3.61e-06	42.7
BJJLIZOP_CDS_0188	MT496970.1	95.041	121	124	151202	8.77e-63	204
BJJLIZOP_CDS_0188	MT496970.1	50.000	118	124	151202	1.33e-24	95.1
BJJLIZOP_CDS_0188	MT496970.1	35.294	119	124	151202	3.38e-09	51.2
BJJLIZOP_CDS_0188	MT496970.1	35.185	108	124	151202	1.36e-07	46.6
BJJLIZOP_CDS_0188	MT496970.1	32.407	108	124	151202	3.24e-06	42.7
BJJLIZOP_CDS_0188	OM362897.1	95.041	121	124	152401	8.77e-63	204
BJJLIZOP_CDS_0188	OM362897.1	50.000	118	124	152401	9.13e-25	95.9
BJJLIZOP_CDS_0188	OM362897.1	35.294	119	124	152401	6.72e-09	50.4
BJJLIZOP_CDS_0188	OM362897.1	32.407	108	124	152401	3.24e-06	42.7
BJJLIZOP_CDS_0188	OM386656.1	91.339	127	124	149073	1.18e-62	204
BJJLIZOP_CDS_0188	OM386656.1	50.000	118	124	149073	9.13e-25	95.9
BJJLIZOP_CDS_0188	OM386656.1	35.294	119	124	149073	3.95e-09	51.2
BJJLIZOP_CDS_0188	OM386656.1	33.333	108	124	149073	4.37e-06	42.4
BJJLIZOP_CDS_0188	OM386659.1	92.126	127	124	149194	1.20e-62	204
BJJLIZOP_CDS_0188	OM386659.1	50.000	118	124	149194	7.38e-25	95.9
BJJLIZOP_CDS_0188	OM386659.1	35.294	119	124	149194	4.61e-09	50.8
BJJLIZOP_CDS_0188	OM386659.1	32.407	108	124	149194	3.24e-06	42.7
BJJLIZOP_CDS_0188	OM386667.1	92.126	127	124	156300	1.20e-62	204
BJJLIZOP_CDS_0188	OM386667.1	50.000	118	124	156300	7.38e-25	95.9
BJJLIZOP_CDS_0188	OM386667.1	35.294	119	124	156300	4.61e-09	50.8
BJJLIZOP_CDS_0188	OM386667.1	32.407	108	124	156300	3.24e-06	42.7
BJJLIZOP_CDS_0188	OR067838.1	91.339	127	124	149856	2.97e-62	202
BJJLIZOP_CDS_0188	OR067838.1	50.000	118	124	149856	9.13e-25	95.9
BJJLIZOP_CDS_0188	OR067838.1	34.454	119	124	149856	1.41e-08	49.3
BJJLIZOP_CDS_0188	OR067838.1	32.407	108	124	149856	3.24e-06	42.7
BJJLIZOP_CDS_0188	OR062524.1	94.215	121	124	150431	4.02e-62	202
BJJLIZOP_CDS_0188	OR062524.1	49.153	118	124	150431	2.76e-24	94.4
BJJLIZOP_CDS_0188	OR062524.1	37.931	116	124	150431	4.06e-10	53.9
BJJLIZOP_CDS_0188	OR062524.1	33.929	112	124	150431	1.20e-06	43.9
BJJLIZOP_CDS_0188	OR062524.1	32.407	108	124	150431	2.81e-06	42.7
BJJLIZOP_CDS_0188	OR062529.1	94.215	121	124	151980	4.02e-62	202
BJJLIZOP_CDS_0188	OR062529.1	49.153	118	124	151980	2.76e-24	94.4
BJJLIZOP_CDS_0188	OR062529.1	37.931	116	124	151980	4.06e-10	53.9
BJJLIZOP_CDS_0188	OR062529.1	33.929	112	124	151980	1.20e-06	43.9
BJJLIZOP_CDS_0188	OR062529.1	32.407	108	124	151980	2.81e-06	42.7
BJJLIZOP_CDS_0188	OR062526.1	94.215	121	124	151980	4.02e-62	202
BJJLIZOP_CDS_0188	OR062526.1	49.153	118	124	151980	2.76e-24	94.4
BJJLIZOP_CDS_0188	OR062526.1	37.931	116	124	151980	4.06e-10	53.9
BJJLIZOP_CDS_0188	OR062526.1	33.929	112	124	151980	1.20e-06	43.9
BJJLIZOP_CDS_0188	OR062526.1	32.407	108	124	151980	2.81e-06	42.7
BJJLIZOP_CDS_0188	MH051333.1	91.339	127	124	151671	4.15e-61	199
BJJLIZOP_CDS_0188	MH051333.1	49.153	118	124	151671	3.52e-24	94.0
BJJLIZOP_CDS_0188	MH051333.1	34.454	119	124	151671	2.29e-08	48.9
BJJLIZOP_CDS_0188	MH051333.1	33.333	108	124	151671	4.37e-06	42.4
BJJLIZOP_CDS_0188	OL505078.1	67.742	124	124	151425	4.35e-45	153
BJJLIZOP_CDS_0188	OL505078.1	35.294	119	124	151425	3.58e-09	51.2
BJJLIZOP_CDS_0188	OL505078.1	35.185	108	124	151425	1.51e-07	46.6
BJJLIZOP_CDS_0188	OL631481.1	66.129	124	124	149818	1.53e-43	149
BJJLIZOP_CDS_0188	OL631481.1	35.294	119	124	149818	2.06e-08	48.9
BJJLIZOP_CDS_0188	OL631481.1	35.185	108	124	149818	1.36e-07	46.6
BJJLIZOP_CDS_0188	MN850618.1	53.600	125	124	150473	7.21e-36	127
BJJLIZOP_CDS_0188	MN850618.1	35.294	119	124	150473	2.34e-09	51.6
BJJLIZOP_CDS_0188	MN850618.1	35.185	108	124	150473	3.11e-07	45.4
BJJLIZOP_CDS_0188	MN850618.1	32.407	108	124	150473	3.24e-06	42.7
BJJLIZOP_CDS_0188	OR352956.1	50.000	124	124	149254	3.91e-33	119
BJJLIZOP_CDS_0188	OR352956.1	34.454	119	124	149254	6.90e-08	47.4
BJJLIZOP_CDS_0188	OR352956.1	32.407	108	124	149254	3.24e-06	42.7
BJJLIZOP_CDS_0188	OR437326.1	50.000	118	124	148445	2.27e-30	111
BJJLIZOP_CDS_0188	OR437326.1	46.281	121	124	148445	1.19e-26	101
BJJLIZOP_CDS_0188	OR437326.1	34.454	119	124	148445	1.22e-07	46.6
BJJLIZOP_CDS_0188	OR437326.1	33.929	112	124	148445	9.44e-07	44.3
BJJLIZOP_CDS_0188	PV730300.1	47.458	118	124	146712	3.33e-28	105
BJJLIZOP_CDS_0188	PV730300.1	45.161	124	124	146712	8.23e-26	98.6
BJJLIZOP_CDS_0188	PV730300.1	35.185	108	124	146712	2.31e-07	45.8
BJJLIZOP_CDS_0188	OL739525.1	46.087	115	124	151825	8.26e-27	101
BJJLIZOP_CDS_0188	OL739525.1	45.455	121	124	151825	7.84e-26	99.0
BJJLIZOP_CDS_0188	OL739525.1	50.000	118	124	151825	7.38e-25	95.9
BJJLIZOP_CDS_0188	OL739525.1	35.294	119	124	151825	3.38e-09	51.2
BJJLIZOP_CDS_0188	OL739525.1	35.185	108	124	151825	1.83e-07	46.2
BJJLIZOP_CDS_0188	OL739525.1	32.407	108	124	151825	3.24e-06	42.7
BJJLIZOP_CDS_0188	MH252123.1	46.610	118	124	150925	1.07e-26	101
BJJLIZOP_CDS_0188	MH252123.1	45.968	124	124	150925	1.15e-26	101
BJJLIZOP_CDS_0188	MH252123.1	34.906	106	124	150925	2.60e-06	43.1
BJJLIZOP_CDS_0188	MH252123.1	32.407	108	124	150925	3.24e-06	42.7
BJJLIZOP_CDS_0188	OR544956.1	35.294	119	124	130723	2.34e-09	51.6
BJJLIZOP_CDS_0188	OR544956.1	33.929	112	124	130723	9.44e-07	44.3
BJJLIZOP_CDS_0188	OR544956.1	32.407	108	124	130723	3.24e-06	42.7
BJJLIZOP_CDS_0188	MN850598.1	34.454	119	124	144998	1.41e-08	49.3
BJJLIZOP_CDS_0188	MN850598.1	78.261	23	124	144998	1.43e-06	43.9
BJJLIZOP_CDS_0188	MN850598.1	33.333	108	124	144998	4.37e-06	42.4
BJJLIZOP_CDS_0189	KX552041.2	100.000	43	43	149813	1.59e-23	88.2
BJJLIZOP_CDS_0189	MT496970.1	97.674	43	43	151202	1.21e-22	85.5
BJJLIZOP_CDS_0189	MN850565.1	97.674	43	43	150947	1.21e-22	85.5
BJJLIZOP_CDS_0189	LR597654.1	97.674	43	43	150152	1.21e-22	85.5
BJJLIZOP_CDS_0189	PP129558.1	97.674	43	43	149967	1.21e-22	85.5
BJJLIZOP_CDS_0189	OM386667.1	95.349	43	43	156300	2.31e-22	84.7
BJJLIZOP_CDS_0189	OM362897.1	95.349	43	43	152401	2.31e-22	84.7
BJJLIZOP_CDS_0189	MT944117.1	95.349	43	43	152343	2.31e-22	84.7
BJJLIZOP_CDS_0189	OR062529.1	95.349	43	43	151980	2.31e-22	84.7
BJJLIZOP_CDS_0189	OR062526.1	95.349	43	43	151980	2.31e-22	84.7
BJJLIZOP_CDS_0189	PV191315.1	95.349	43	43	151674	2.31e-22	84.7
BJJLIZOP_CDS_0189	MH051333.1	95.349	43	43	151671	2.31e-22	84.7
BJJLIZOP_CDS_0189	MZ726793.1	95.349	43	43	151660	2.31e-22	84.7
BJJLIZOP_CDS_0189	PQ433349.1	95.349	43	43	151245	2.31e-22	84.7
BJJLIZOP_CDS_0189	PQ826431.1	95.349	43	43	151106	2.31e-22	84.7
BJJLIZOP_CDS_0189	MW175890.1	95.349	43	43	150892	2.31e-22	84.7
BJJLIZOP_CDS_0189	MN850618.1	95.349	43	43	150473	2.31e-22	84.7
BJJLIZOP_CDS_0189	OR062524.1	95.349	43	43	150431	2.31e-22	84.7
BJJLIZOP_CDS_0189	OR067838.1	95.349	43	43	149856	2.31e-22	84.7
BJJLIZOP_CDS_0189	OZ035728.1	95.349	43	43	149471	2.31e-22	84.7
BJJLIZOP_CDS_0189	OR352956.1	95.349	43	43	149254	2.31e-22	84.7
BJJLIZOP_CDS_0189	OM386659.1	95.349	43	43	149194	2.31e-22	84.7
BJJLIZOP_CDS_0189	OM386656.1	95.349	43	43	149073	2.31e-22	84.7
BJJLIZOP_CDS_0189	JX561091.1	95.349	43	43	147737	2.31e-22	84.7
BJJLIZOP_CDS_0189	MN850598.1	95.349	43	43	144998	2.31e-22	84.7
BJJLIZOP_CDS_0189	OZ035743.1	95.349	43	43	142881	2.31e-22	84.7
BJJLIZOP_CDS_0189	OR544956.1	95.349	43	43	130723	2.31e-22	84.7
BJJLIZOP_CDS_0189	KX664695.3	95.349	43	43	149268	3.22e-22	84.3
BJJLIZOP_CDS_0189	OL631481.1	95.349	43	43	149818	3.76e-22	84.0
BJJLIZOP_CDS_0189	MK373788.1	93.023	43	43	151194	6.94e-22	83.2
BJJLIZOP_CDS_0189	OL505078.1	95.349	43	43	151425	2.13e-21	82.0
BJJLIZOP_CDS_0189	OR786310.1	95.349	43	43	149880	2.13e-21	82.0
BJJLIZOP_CDS_0189	MH160766.1	93.023	43	43	149803	2.44e-21	81.6
BJJLIZOP_CDS_0189	OR352955.1	93.023	43	43	152808	4.17e-21	81.3
BJJLIZOP_CDS_0189	LR746137.1	93.023	43	43	152148	4.17e-21	81.3
BJJLIZOP_CDS_0189	OP172792.1	93.023	43	43	151993	4.17e-21	81.3
BJJLIZOP_CDS_0189	OP595145.1	93.023	43	43	151363	4.17e-21	81.3
BJJLIZOP_CDS_0189	OP172791.1	93.023	43	43	151113	4.17e-21	81.3
BJJLIZOP_CDS_0189	OQ031492.1	93.023	43	43	149246	4.17e-21	81.3
BJJLIZOP_CDS_0189	OZ035771.1	93.023	43	43	144811	4.17e-21	81.3
BJJLIZOP_CDS_0189	MN850648.1	90.698	43	43	149335	4.55e-21	80.9
BJJLIZOP_CDS_0189	OL739525.1	93.023	43	43	151825	6.10e-21	80.5
BJJLIZOP_CDS_0189	MN850571.1	90.698	43	43	151514	1.24e-20	79.7
BJJLIZOP_CDS_0189	OR437326.1	90.698	43	43	148445	1.60e-20	79.3
BJJLIZOP_CDS_0189	PV730300.1	89.474	38	43	146712	4.03e-17	69.7
BJJLIZOP_CDS_0189	MH252123.1	67.442	43	43	150925	5.52e-13	58.2
BJJLIZOP_CDS_0190	OM386667.1	97.778	45	45	156300	3.04e-24	90.1
BJJLIZOP_CDS_0190	OL739525.1	97.778	45	45	151825	3.04e-24	90.1
BJJLIZOP_CDS_0190	OL739525.1	100.000	20	45	151825	1.68e-08	45.4
BJJLIZOP_CDS_0190	OP595145.1	97.778	45	45	151363	3.04e-24	90.1
BJJLIZOP_CDS_0190	MT496970.1	97.778	45	45	151202	3.04e-24	90.1
BJJLIZOP_CDS_0190	MT496970.1	100.000	19	45	151202	9.36e-08	43.5
BJJLIZOP_CDS_0190	OP172791.1	97.778	45	45	151113	3.04e-24	90.1
BJJLIZOP_CDS_0190	KX552041.2	97.778	45	45	149813	3.04e-24	90.1
BJJLIZOP_CDS_0190	MH160766.1	97.778	45	45	149803	3.04e-24	90.1
BJJLIZOP_CDS_0190	OR352956.1	97.778	45	45	149254	3.04e-24	90.1
BJJLIZOP_CDS_0190	OM386659.1	97.778	45	45	149194	3.04e-24	90.1
BJJLIZOP_CDS_0190	OM386656.1	97.778	45	45	149073	3.04e-24	90.1
BJJLIZOP_CDS_0190	OP172792.1	95.556	45	45	151993	1.29e-23	88.6
BJJLIZOP_CDS_0190	MH051333.1	95.556	45	45	151671	1.29e-23	88.6
BJJLIZOP_CDS_0190	MN850571.1	95.556	45	45	151514	1.29e-23	88.6
BJJLIZOP_CDS_0190	PQ433349.1	95.556	45	45	151245	1.29e-23	88.6
BJJLIZOP_CDS_0190	MH252123.1	95.556	45	45	150925	1.29e-23	88.6
BJJLIZOP_CDS_0190	MN850618.1	95.556	45	45	150473	1.29e-23	88.6
BJJLIZOP_CDS_0190	PP129558.1	95.556	45	45	149967	1.29e-23	88.6
BJJLIZOP_CDS_0190	PP129558.1	100.000	23	45	149967	3.70e-11	53.1
BJJLIZOP_CDS_0190	OL631481.1	95.556	45	45	149818	1.29e-23	88.6
BJJLIZOP_CDS_0190	MN850648.1	95.556	45	45	149335	1.29e-23	88.6
BJJLIZOP_CDS_0190	OQ031492.1	95.556	45	45	149246	1.29e-23	88.6
BJJLIZOP_CDS_0190	JX561091.1	95.556	45	45	147737	1.29e-23	88.6
BJJLIZOP_CDS_0190	PV730300.1	95.556	45	45	146712	1.29e-23	88.6
BJJLIZOP_CDS_0190	MN850598.1	95.556	45	45	144998	1.29e-23	88.6
BJJLIZOP_CDS_0190	OZ035771.1	95.556	45	45	144811	1.29e-23	88.6
BJJLIZOP_CDS_0190	OZ035743.1	95.556	45	45	142881	1.29e-23	88.6
BJJLIZOP_CDS_0190	PQ826431.1	95.556	45	45	151106	2.49e-23	87.4
BJJLIZOP_CDS_0190	LR746137.1	95.556	45	45	152148	5.22e-23	86.7
BJJLIZOP_CDS_0190	MK373788.1	95.556	45	45	151194	5.22e-23	86.7
BJJLIZOP_CDS_0190	MK373788.1	100.000	19	45	151194	9.36e-08	43.5
BJJLIZOP_CDS_0190	KX664695.3	93.333	45	45	149268	5.70e-23	86.7
BJJLIZOP_CDS_0190	OL505078.1	91.111	45	45	151425	6.17e-23	86.3
BJJLIZOP_CDS_0190	OL505078.1	100.000	19	45	151425	9.36e-08	43.5
BJJLIZOP_CDS_0190	LR597654.1	95.556	45	45	150152	1.13e-22	85.9
BJJLIZOP_CDS_0190	OR786310.1	95.556	45	45	149880	1.13e-22	85.9
BJJLIZOP_CDS_0190	OZ035728.1	95.556	45	45	149471	1.13e-22	85.9
BJJLIZOP_CDS_0190	OR352955.1	93.333	45	45	152808	1.37e-22	85.5
BJJLIZOP_CDS_0190	MT944117.1	91.111	45	45	152343	1.93e-22	85.1
BJJLIZOP_CDS_0190	MW175890.1	93.333	45	45	150892	4.41e-22	84.0
BJJLIZOP_CDS_0190	OR544956.1	93.333	45	45	130723	4.41e-22	84.0
BJJLIZOP_CDS_0190	OM362897.1	93.333	45	45	152401	4.68e-22	84.0
BJJLIZOP_CDS_0190	MZ726793.1	93.333	45	45	151660	4.68e-22	84.0
BJJLIZOP_CDS_0190	MN850565.1	93.023	43	45	150947	8.39e-22	83.2
BJJLIZOP_CDS_0190	OR067838.1	91.111	45	45	149856	2.81e-21	81.6
BJJLIZOP_CDS_0190	PV191315.1	91.111	45	45	151674	1.67e-20	79.7
BJJLIZOP_CDS_0190	OR062529.1	88.889	45	45	151980	2.72e-20	79.0
BJJLIZOP_CDS_0190	OR062526.1	88.889	45	45	151980	2.72e-20	79.0
BJJLIZOP_CDS_0190	OR062524.1	88.889	45	45	150431	2.72e-20	79.0
BJJLIZOP_CDS_0190	OR437326.1	96.667	30	45	148445	1.57e-15	64.7
BJJLIZOP_CDS_0190	OR437326.1	88.235	17	45	148445	1.57e-15	30.4
BJJLIZOP_CDS_0191	OL505078.1	97.959	49	49	151425	2.43e-28	102
BJJLIZOP_CDS_0191	OL505078.1	97.959	49	49	151425	2.43e-28	102
BJJLIZOP_CDS_0191	OM386667.1	93.878	49	49	156300	7.84e-27	97.8
BJJLIZOP_CDS_0191	OR352956.1	95.556	45	49	149254	2.99e-25	93.2
BJJLIZOP_CDS_0191	MN850598.1	93.333	45	49	144998	8.72e-25	92.0
BJJLIZOP_CDS_0191	OZ035743.1	95.556	45	49	142881	8.81e-25	92.0
BJJLIZOP_CDS_0191	LR597654.1	93.333	45	49	150152	8.98e-25	92.0
BJJLIZOP_CDS_0191	PQ826431.1	95.556	45	49	151106	9.99e-25	91.7
BJJLIZOP_CDS_0191	MH051333.1	95.556	45	49	151671	1.02e-24	91.7
BJJLIZOP_CDS_0191	PQ433349.1	95.556	45	49	151245	1.02e-24	91.7
BJJLIZOP_CDS_0191	KX664695.3	95.556	45	49	149268	1.02e-24	91.7
BJJLIZOP_CDS_0191	OR352955.1	93.333	45	49	152808	1.38e-24	91.3
BJJLIZOP_CDS_0191	OR786310.1	95.556	45	49	149880	2.45e-24	90.5
BJJLIZOP_CDS_0191	MH160766.1	93.333	45	49	149803	2.47e-24	90.5
BJJLIZOP_CDS_0191	MK373788.1	95.455	44	49	151194	2.62e-24	90.5
BJJLIZOP_CDS_0191	MK373788.1	95.455	44	49	151194	2.62e-24	90.5
BJJLIZOP_CDS_0191	OM386659.1	93.333	45	49	149194	2.70e-24	90.5
BJJLIZOP_CDS_0191	MT496970.1	93.333	45	49	151202	2.72e-24	90.5
BJJLIZOP_CDS_0191	MT496970.1	93.333	45	49	151202	2.72e-24	90.5
BJJLIZOP_CDS_0191	MN850571.1	93.333	45	49	151514	3.06e-24	90.5
BJJLIZOP_CDS_0191	PV730300.1	89.796	49	49	146712	3.68e-24	90.1
BJJLIZOP_CDS_0191	OR437326.1	93.333	45	49	148445	4.02e-24	90.1
BJJLIZOP_CDS_0191	MZ726793.1	93.333	45	49	151660	4.89e-24	89.7
BJJLIZOP_CDS_0191	MN850565.1	93.333	45	49	150947	5.03e-24	89.7
BJJLIZOP_CDS_0191	OQ031492.1	93.333	45	49	149246	5.03e-24	89.7
BJJLIZOP_CDS_0191	KX552041.2	93.182	44	49	149813	5.13e-24	89.7
BJJLIZOP_CDS_0191	OM362897.1	93.333	45	49	152401	6.48e-24	89.4
BJJLIZOP_CDS_0191	PP129558.1	91.111	45	49	149967	1.27e-23	88.6
BJJLIZOP_CDS_0191	PP129558.1	82.759	29	49	149967	4.90e-11	52.8
BJJLIZOP_CDS_0191	OZ035771.1	91.111	45	49	144811	1.27e-23	88.6
BJJLIZOP_CDS_0191	OP172792.1	91.111	45	49	151993	1.62e-23	88.2
BJJLIZOP_CDS_0191	OM386656.1	93.182	44	49	149073	1.99e-23	88.2
BJJLIZOP_CDS_0191	MW175890.1	91.111	45	49	150892	2.41e-23	87.8
BJJLIZOP_CDS_0191	OL631481.1	93.182	44	49	149818	2.41e-23	87.8
BJJLIZOP_CDS_0191	OR544956.1	90.909	44	49	130723	4.87e-23	87.0
BJJLIZOP_CDS_0191	OR067838.1	88.889	45	49	149856	6.71e-23	86.7
BJJLIZOP_CDS_0191	OR067838.1	88.889	45	49	149856	6.71e-23	86.7
BJJLIZOP_CDS_0191	OP595145.1	88.889	45	49	151363	8.99e-23	86.3
BJJLIZOP_CDS_0191	OZ035728.1	90.909	44	49	149471	1.14e-22	85.9
BJJLIZOP_CDS_0191	PV191315.1	88.889	45	49	151674	1.17e-22	85.9
BJJLIZOP_CDS_0191	MH252123.1	88.889	45	49	150925	1.23e-22	85.9
BJJLIZOP_CDS_0191	MN850648.1	88.889	45	49	149335	1.48e-22	85.5
BJJLIZOP_CDS_0191	LR746137.1	88.889	45	49	152148	1.49e-22	85.5
BJJLIZOP_CDS_0191	OL739525.1	90.909	44	49	151825	2.10e-22	85.1
BJJLIZOP_CDS_0191	OL739525.1	90.909	44	49	151825	2.10e-22	85.1
BJJLIZOP_CDS_0191	OR062529.1	91.111	45	49	151980	2.43e-22	85.1
BJJLIZOP_CDS_0191	OR062526.1	91.111	45	49	151980	2.43e-22	85.1
BJJLIZOP_CDS_0191	OR062524.1	91.111	45	49	150431	2.43e-22	85.1
BJJLIZOP_CDS_0191	OP172791.1	86.667	45	49	151113	2.95e-22	84.7
BJJLIZOP_CDS_0191	MT944117.1	88.889	45	49	152343	3.10e-22	84.7
BJJLIZOP_CDS_0191	JX561091.1	81.818	44	49	147737	6.54e-21	80.9
BJJLIZOP_CDS_0191	MN850618.1	84.091	44	49	150473	2.28e-20	79.3
BJJLIZOP_CDS_0192	MN850571.1	100.000	23	38	151514	2.99e-09	47.4
BJJLIZOP_CDS_0192	MN850571.1	94.737	19	38	151514	1.27e-06	39.7
BJJLIZOP_CDS_0192	MW175890.1	100.000	23	38	150892	2.99e-09	47.4
BJJLIZOP_CDS_0192	LR746137.1	91.304	23	38	152148	6.20e-08	43.5
BJJLIZOP_CDS_0192	MN850618.1	86.957	23	38	150473	3.53e-07	41.2
BJJLIZOP_CDS_0192	OZ035728.1	94.737	19	38	149471	1.27e-06	39.7
BJJLIZOP_CDS_0192	OL739525.1	100.000	18	38	151825	1.45e-06	39.7
BJJLIZOP_CDS_0192	MN850648.1	100.000	18	38	149335	1.45e-06	39.7
BJJLIZOP_CDS_0193	OL631481.1	100.000	31	48	149818	7.03e-15	63.5
BJJLIZOP_CDS_0193	OR067838.1	96.774	31	48	149856	1.55e-14	62.8
BJJLIZOP_CDS_0193	MK373788.1	93.548	31	48	151194	5.02e-14	61.2
BJJLIZOP_CDS_0193	OM386656.1	93.548	31	48	149073	5.70e-14	61.2
BJJLIZOP_CDS_0193	KX664695.3	93.548	31	48	149268	7.13e-14	60.8
BJJLIZOP_CDS_0193	MW175890.1	90.323	31	48	150892	1.03e-13	60.5
BJJLIZOP_CDS_0193	LR746137.1	93.548	31	48	152148	1.12e-13	60.5
BJJLIZOP_CDS_0193	OP595145.1	93.548	31	48	151363	2.75e-13	59.3
BJJLIZOP_CDS_0193	KX552041.2	93.548	31	48	149813	3.06e-13	58.9
BJJLIZOP_CDS_0193	MH252123.1	93.548	31	48	150925	3.61e-13	58.9
BJJLIZOP_CDS_0193	MN850571.1	93.548	31	48	151514	3.61e-13	58.9
BJJLIZOP_CDS_0193	PP129558.1	90.323	31	48	149967	4.27e-13	58.5
BJJLIZOP_CDS_0193	OQ031492.1	90.323	31	48	149246	5.09e-13	58.5
BJJLIZOP_CDS_0193	OR437326.1	90.323	31	48	148445	1.24e-12	57.4
BJJLIZOP_CDS_0193	OR352955.1	90.323	31	48	152808	1.24e-12	57.4
BJJLIZOP_CDS_0193	OR352956.1	93.548	31	48	149254	1.49e-12	57.0
BJJLIZOP_CDS_0193	OZ035771.1	100.000	27	48	144811	2.34e-12	56.6
BJJLIZOP_CDS_0193	MZ726793.1	87.097	31	48	151660	3.02e-12	56.2
BJJLIZOP_CDS_0193	OZ035743.1	87.097	31	48	142881	3.11e-12	56.2
BJJLIZOP_CDS_0193	JX561091.1	87.097	31	48	147737	3.11e-12	56.2
BJJLIZOP_CDS_0193	LR597654.1	87.097	31	48	150152	3.11e-12	56.2
BJJLIZOP_CDS_0193	OR062524.1	87.097	31	48	150431	3.11e-12	56.2
BJJLIZOP_CDS_0193	MN850565.1	87.097	31	48	150947	3.11e-12	56.2
BJJLIZOP_CDS_0193	PQ433349.1	87.097	31	48	151245	3.11e-12	56.2
BJJLIZOP_CDS_0193	OR062529.1	87.097	31	48	151980	3.11e-12	56.2
BJJLIZOP_CDS_0193	OR062526.1	87.097	31	48	151980	3.11e-12	56.2
BJJLIZOP_CDS_0193	PV730300.1	87.097	31	48	146712	3.67e-12	55.8
BJJLIZOP_CDS_0193	MN850618.1	87.097	31	48	150473	3.67e-12	55.8
BJJLIZOP_CDS_0193	PV191315.1	87.097	31	48	151674	3.67e-12	55.8
BJJLIZOP_CDS_0193	OL739525.1	87.097	31	48	151825	3.67e-12	55.8
BJJLIZOP_CDS_0193	OR544956.1	87.097	31	48	130723	3.71e-12	55.8
BJJLIZOP_CDS_0193	MT944117.1	87.097	31	48	152343	3.71e-12	55.8
BJJLIZOP_CDS_0193	OM362897.1	87.097	31	48	152401	3.71e-12	55.8
BJJLIZOP_CDS_0193	OR786310.1	87.097	31	48	149880	4.17e-12	55.8
BJJLIZOP_CDS_0193	MN850598.1	96.296	27	48	144998	5.93e-12	55.5
BJJLIZOP_CDS_0193	OZ035728.1	96.296	27	48	149471	5.93e-12	55.5
BJJLIZOP_CDS_0193	OP172791.1	83.871	31	48	151113	1.30e-11	54.3
BJJLIZOP_CDS_0193	OP172792.1	83.871	31	48	151993	1.30e-11	54.3
BJJLIZOP_CDS_0193	MN850648.1	83.871	31	48	149335	1.47e-11	54.3
BJJLIZOP_CDS_0193	MH160766.1	86.207	29	48	149803	1.96e-11	53.9
BJJLIZOP_CDS_0194	OL631481.1	100.000	45	45	149818	4.14e-23	87.0
BJJLIZOP_CDS_0194	OM386656.1	100.000	45	45	149073	4.14e-23	87.0
BJJLIZOP_CDS_0194	PP129558.1	97.778	45	45	149967	1.32e-22	85.5
BJJLIZOP_CDS_0194	MH160766.1	97.778	45	45	149803	1.57e-22	85.1
BJJLIZOP_CDS_0194	OZ035771.1	97.778	45	45	144811	1.57e-22	85.1
BJJLIZOP_CDS_0194	OR786310.1	97.778	45	45	149880	2.71e-22	84.7
BJJLIZOP_CDS_0194	OR437326.1	97.778	45	45	148445	2.71e-22	84.7
BJJLIZOP_CDS_0194	MH051333.1	97.778	45	45	151671	3.23e-22	84.3
BJJLIZOP_CDS_0194	MH252123.1	97.778	45	45	150925	3.23e-22	84.3
BJJLIZOP_CDS_0194	LR597654.1	97.778	45	45	150152	3.23e-22	84.3
BJJLIZOP_CDS_0194	KX664695.3	97.778	45	45	149268	3.23e-22	84.3
BJJLIZOP_CDS_0194	OZ035728.1	97.778	45	45	149471	3.81e-22	84.3
BJJLIZOP_CDS_0194	MN850598.1	95.556	45	45	144998	6.64e-22	83.6
BJJLIZOP_CDS_0194	MN850565.1	97.778	45	45	150947	7.61e-22	83.2
BJJLIZOP_CDS_0194	MZ726793.1	95.556	45	45	151660	1.19e-21	82.8
BJJLIZOP_CDS_0194	OL739525.1	93.333	45	45	151825	2.36e-21	82.0
BJJLIZOP_CDS_0194	OP595145.1	95.556	45	45	151363	2.38e-21	82.0
BJJLIZOP_CDS_0194	OR062529.1	93.333	45	45	151980	2.89e-21	81.6
BJJLIZOP_CDS_0194	OR062526.1	93.333	45	45	151980	2.89e-21	81.6
BJJLIZOP_CDS_0194	OR062524.1	93.333	45	45	150431	2.89e-21	81.6
BJJLIZOP_CDS_0194	OR544956.1	93.333	45	45	130723	2.89e-21	81.6
BJJLIZOP_CDS_0194	KX552041.2	95.556	45	45	149813	2.92e-21	81.6
BJJLIZOP_CDS_0194	OZ035743.1	95.556	45	45	142881	2.92e-21	81.6
BJJLIZOP_CDS_0194	MT944117.1	95.556	45	45	152343	5.24e-21	80.9
BJJLIZOP_CDS_0194	LR746137.1	95.556	45	45	152148	5.24e-21	80.9
BJJLIZOP_CDS_0194	MN850618.1	95.556	45	45	150473	5.24e-21	80.9
BJJLIZOP_CDS_0194	JX561091.1	95.556	45	45	147737	5.24e-21	80.9
BJJLIZOP_CDS_0194	OM386667.1	91.111	45	45	156300	1.36e-20	79.7
BJJLIZOP_CDS_0194	PV191315.1	91.111	45	45	151674	1.36e-20	79.7
BJJLIZOP_CDS_0194	MT496970.1	91.111	45	45	151202	1.36e-20	79.7
BJJLIZOP_CDS_0194	OP172791.1	91.111	45	45	151113	1.36e-20	79.7
BJJLIZOP_CDS_0194	MN850648.1	91.111	45	45	149335	1.36e-20	79.7
BJJLIZOP_CDS_0194	OQ031492.1	91.111	45	45	149246	1.36e-20	79.7
BJJLIZOP_CDS_0194	OM386659.1	91.111	45	45	149194	1.36e-20	79.7
BJJLIZOP_CDS_0194	OM362897.1	91.111	45	45	152401	1.56e-20	79.7
BJJLIZOP_CDS_0194	MN850571.1	93.333	45	45	151514	2.52e-20	79.0
BJJLIZOP_CDS_0194	MK373788.1	91.111	45	45	151194	1.99e-19	76.6
BJJLIZOP_CDS_0194	OL505078.1	88.889	45	45	151425	2.09e-19	76.3
BJJLIZOP_CDS_0194	OP172792.1	84.444	45	45	151993	6.67e-19	75.1
BJJLIZOP_CDS_0194	PV730300.1	84.444	45	45	146712	3.71e-18	72.8
BJJLIZOP_CDS_0194	MW175890.1	82.353	51	45	150892	9.37e-18	71.6
BJJLIZOP_CDS_0194	OR352956.1	82.353	51	45	149254	9.37e-18	71.6
BJJLIZOP_CDS_0194	PQ826431.1	82.222	45	45	151106	1.33e-17	71.2
BJJLIZOP_CDS_0194	OR352955.1	74.510	51	45	152808	9.11e-17	68.9
BJJLIZOP_CDS_0194	OR067838.1	74.510	51	45	149856	9.11e-17	68.9
BJJLIZOP_CDS_0194	PQ433349.1	76.471	51	45	151245	2.44e-16	67.8
BJJLIZOP_CDS_0196	MN850598.1	97.333	75	76	144998	1.51e-43	146
BJJLIZOP_CDS_0196	OR352956.1	97.368	76	76	149254	2.50e-43	146
BJJLIZOP_CDS_0196	OM386656.1	96.000	75	76	149073	9.92e-43	144
BJJLIZOP_CDS_0196	OZ035771.1	96.000	75	76	144811	2.05e-42	143
BJJLIZOP_CDS_0196	MH160766.1	96.000	75	76	149803	2.05e-42	143
BJJLIZOP_CDS_0196	OM386659.1	94.737	76	76	149194	5.81e-42	142
BJJLIZOP_CDS_0196	MT496970.1	94.737	76	76	151202	5.81e-42	142
BJJLIZOP_CDS_0196	OL505078.1	94.737	76	76	151425	5.81e-42	142
BJJLIZOP_CDS_0196	OM386667.1	94.737	76	76	156300	5.81e-42	142
BJJLIZOP_CDS_0196	JX561091.1	94.737	76	76	147737	8.32e-42	142
BJJLIZOP_CDS_0196	LR746137.1	94.737	76	76	152148	8.32e-42	142
BJJLIZOP_CDS_0196	PV191315.1	92.105	76	76	151674	1.05e-40	138
BJJLIZOP_CDS_0196	OP172791.1	92.105	76	76	151113	1.32e-40	138
BJJLIZOP_CDS_0196	OR544956.1	92.105	76	76	130723	1.64e-40	138
BJJLIZOP_CDS_0196	OP172792.1	92.000	75	76	151993	5.74e-40	136
BJJLIZOP_CDS_0196	MN850618.1	90.789	76	76	150473	6.64e-40	136
BJJLIZOP_CDS_0196	OR437326.1	90.789	76	76	148445	8.06e-40	136
BJJLIZOP_CDS_0196	OM362897.1	89.474	76	76	152401	1.46e-39	135
BJJLIZOP_CDS_0196	MH051333.1	89.474	76	76	151671	1.95e-39	135
BJJLIZOP_CDS_0196	OQ031492.1	89.474	76	76	149246	2.09e-38	132
BJJLIZOP_CDS_0196	OP595145.1	94.737	76	76	151363	4.72e-38	131
BJJLIZOP_CDS_0196	MK373788.1	84.211	76	76	151194	2.01e-36	126
BJJLIZOP_CDS_0196	OR062529.1	91.489	47	76	151980	6.43e-31	86.7
BJJLIZOP_CDS_0196	OR062529.1	78.947	38	76	151980	6.43e-31	60.5
BJJLIZOP_CDS_0196	OR062526.1	91.489	47	76	151980	6.43e-31	86.7
BJJLIZOP_CDS_0196	OR062526.1	78.947	38	76	151980	6.43e-31	60.5
BJJLIZOP_CDS_0196	OR062524.1	91.489	47	76	150431	6.43e-31	86.7
BJJLIZOP_CDS_0196	OR062524.1	78.947	38	76	150431	6.43e-31	60.5
BJJLIZOP_CDS_0196	MN850648.1	76.119	67	76	149335	1.23e-25	95.9
BJJLIZOP_CDS_0196	OZ035743.1	95.745	47	76	142881	5.85e-25	94.0
BJJLIZOP_CDS_0196	LR597654.1	95.745	47	76	150152	5.85e-25	94.0
BJJLIZOP_CDS_0196	LR597654.1	66.667	45	76	150152	3.44e-12	57.8
BJJLIZOP_CDS_0196	MZ726793.1	76.562	64	76	151660	7.83e-25	93.6
BJJLIZOP_CDS_0196	PQ826431.1	83.333	60	76	151106	2.11e-24	92.4
BJJLIZOP_CDS_0196	OL739525.1	93.750	48	76	151825	5.54e-24	91.3
BJJLIZOP_CDS_0196	OL739525.1	68.889	45	76	151825	2.23e-13	60.8
BJJLIZOP_CDS_0196	MN850571.1	72.727	66	76	151514	8.92e-24	90.5
BJJLIZOP_CDS_0196	OR786310.1	93.750	48	76	149880	1.89e-23	89.7
BJJLIZOP_CDS_0196	OR786310.1	68.889	45	76	149880	2.23e-13	60.8
BJJLIZOP_CDS_0196	PP129558.1	80.000	60	76	149967	7.10e-23	87.8
BJJLIZOP_CDS_0196	OZ035728.1	80.000	60	76	149471	1.36e-22	87.0
BJJLIZOP_CDS_0196	MT944117.1	89.583	48	76	152343	1.74e-22	87.0
BJJLIZOP_CDS_0196	MT944117.1	71.429	42	76	152343	3.64e-13	60.5
BJJLIZOP_CDS_0196	MH252123.1	78.333	60	76	150925	3.31e-22	85.9
BJJLIZOP_CDS_0196	KX664695.3	85.106	47	76	149268	9.01e-22	84.7
BJJLIZOP_CDS_0196	KX664695.3	69.048	42	76	149268	2.42e-12	58.2
BJJLIZOP_CDS_0196	OL631481.1	78.333	60	76	149818	2.32e-21	83.6
BJJLIZOP_CDS_0196	OR352955.1	89.362	47	76	152808	6.26e-21	82.4
BJJLIZOP_CDS_0196	MN850565.1	76.667	60	76	150947	2.20e-20	80.9
BJJLIZOP_CDS_0196	PQ433349.1	67.692	65	76	151245	4.61e-20	80.1
BJJLIZOP_CDS_0196	MW175890.1	85.106	47	76	150892	1.64e-19	78.6
BJJLIZOP_CDS_0196	OR067838.1	87.234	47	76	149856	2.47e-19	77.8
BJJLIZOP_CDS_0196	PV730300.1	82.979	47	76	146712	5.99e-19	76.6
BJJLIZOP_CDS_0196	KX552041.2	68.889	45	76	149813	2.23e-13	60.8
BJJLIZOP_CDS_0196	KX552041.2	96.000	25	76	149813	9.74e-11	53.5
BJJLIZOP_CDS_0196	KX552041.2	95.238	21	76	149813	1.08e-06	42.0
BJJLIZOP_CDS_0197	OM386656.1	100.000	139	139	149073	1.86e-91	287
BJJLIZOP_CDS_0197	OR352956.1	100.000	139	139	149254	1.86e-91	287
BJJLIZOP_CDS_0197	OP595145.1	99.281	139	139	151363	2.51e-91	286
BJJLIZOP_CDS_0197	LR746137.1	99.281	139	139	152148	2.51e-91	286
BJJLIZOP_CDS_0197	OM386659.1	98.561	139	139	149194	2.15e-90	284
BJJLIZOP_CDS_0197	OP172791.1	98.561	139	139	151113	2.15e-90	284
BJJLIZOP_CDS_0197	PV191315.1	98.561	139	139	151674	2.15e-90	284
BJJLIZOP_CDS_0197	OP172792.1	98.561	139	139	151993	2.15e-90	284
BJJLIZOP_CDS_0197	OM386667.1	98.561	139	139	156300	2.15e-90	284
BJJLIZOP_CDS_0197	OZ035771.1	99.281	139	139	144811	3.46e-90	283
BJJLIZOP_CDS_0197	OR437326.1	99.281	139	139	148445	3.46e-90	283
BJJLIZOP_CDS_0197	MH160766.1	99.281	139	139	149803	3.46e-90	283
BJJLIZOP_CDS_0197	KX552041.2	99.281	139	139	149813	3.46e-90	283
BJJLIZOP_CDS_0197	OR062524.1	99.281	139	139	150431	3.46e-90	283
BJJLIZOP_CDS_0197	MH051333.1	99.281	139	139	151671	3.46e-90	283
BJJLIZOP_CDS_0197	OR062529.1	99.281	139	139	151980	3.46e-90	283
BJJLIZOP_CDS_0197	OR062526.1	99.281	139	139	151980	3.46e-90	283
BJJLIZOP_CDS_0197	MT944117.1	99.281	139	139	152343	3.46e-90	283
BJJLIZOP_CDS_0197	OR544956.1	98.561	139	139	130723	5.10e-90	283
BJJLIZOP_CDS_0197	JX561091.1	98.561	139	139	147737	5.10e-90	283
BJJLIZOP_CDS_0197	OR786310.1	98.561	139	139	149880	5.10e-90	283
BJJLIZOP_CDS_0197	MN850618.1	98.561	139	139	150473	5.10e-90	283
BJJLIZOP_CDS_0197	MT496970.1	98.561	139	139	151202	5.10e-90	283
BJJLIZOP_CDS_0197	OL505078.1	98.561	139	139	151425	5.10e-90	283
BJJLIZOP_CDS_0197	OL739525.1	98.561	139	139	151825	5.10e-90	283
BJJLIZOP_CDS_0197	MK373788.1	97.122	139	139	151194	3.98e-89	280
BJJLIZOP_CDS_0197	LR597654.1	98.561	139	139	150152	6.33e-89	280
BJJLIZOP_CDS_0197	KX664695.3	96.403	139	139	149268	1.33e-88	278
BJJLIZOP_CDS_0197	OM362897.1	97.842	139	139	152401	1.51e-88	278
BJJLIZOP_CDS_0197	OQ031492.1	97.122	139	139	149246	1.82e-88	278
BJJLIZOP_CDS_0197	MN850598.1	97.260	73	139	144998	1.74e-42	147
BJJLIZOP_CDS_0198	OM362897.1	96.667	30	30	152401	7.76e-15	62.4
BJJLIZOP_CDS_0198	OM386656.1	96.667	30	30	149073	7.76e-15	62.4
BJJLIZOP_CDS_0198	MT944117.1	100.000	29	30	152343	1.28e-14	62.0
BJJLIZOP_CDS_0198	LR746137.1	100.000	29	30	152148	1.28e-14	62.0
BJJLIZOP_CDS_0198	OR062529.1	100.000	29	30	151980	1.28e-14	62.0
BJJLIZOP_CDS_0198	OR062526.1	100.000	29	30	151980	1.28e-14	62.0
BJJLIZOP_CDS_0198	MN850618.1	100.000	29	30	150473	1.28e-14	62.0
BJJLIZOP_CDS_0198	OR062524.1	100.000	29	30	150431	1.28e-14	62.0
BJJLIZOP_CDS_0198	OR352956.1	100.000	29	30	149254	1.28e-14	62.0
BJJLIZOP_CDS_0198	OR437326.1	100.000	29	30	148445	1.28e-14	62.0
BJJLIZOP_CDS_0198	OR544956.1	100.000	29	30	130723	1.28e-14	62.0
BJJLIZOP_CDS_0198	OQ031492.1	100.000	28	30	149246	4.73e-14	60.5
BJJLIZOP_CDS_0198	OL739525.1	96.552	29	30	151825	5.74e-14	60.1
BJJLIZOP_CDS_0198	OL505078.1	96.552	29	30	151425	5.74e-14	60.1
BJJLIZOP_CDS_0198	OP595145.1	96.552	29	30	151363	5.74e-14	60.1
BJJLIZOP_CDS_0198	OR786310.1	96.552	29	30	149880	5.74e-14	60.1
BJJLIZOP_CDS_0198	KX552041.2	96.552	29	30	149813	5.74e-14	60.1
BJJLIZOP_CDS_0198	MT496970.1	93.333	30	30	151202	6.21e-14	60.1
BJJLIZOP_CDS_0198	MK373788.1	93.333	30	30	151194	6.46e-14	60.1
BJJLIZOP_CDS_0198	KX664695.3	93.333	30	30	149268	6.46e-14	60.1
BJJLIZOP_CDS_0198	MH051333.1	93.333	30	30	151671	6.92e-14	59.7
BJJLIZOP_CDS_0198	LR597654.1	93.333	30	30	150152	6.92e-14	59.7
BJJLIZOP_CDS_0198	MH160766.1	93.333	30	30	149803	6.92e-14	59.7
BJJLIZOP_CDS_0198	JX561091.1	96.552	29	30	147737	1.05e-13	59.3
BJJLIZOP_CDS_0198	OM386667.1	92.857	28	30	156300	5.54e-13	57.4
BJJLIZOP_CDS_0198	OP172792.1	92.857	28	30	151993	5.54e-13	57.4
BJJLIZOP_CDS_0198	PV191315.1	92.857	28	30	151674	5.54e-13	57.4
BJJLIZOP_CDS_0198	OP172791.1	92.857	28	30	151113	5.54e-13	57.4
BJJLIZOP_CDS_0198	OM386659.1	92.857	28	30	149194	5.54e-13	57.4
BJJLIZOP_CDS_0198	OZ035771.1	88.889	27	30	144811	1.53e-10	50.4
BJJLIZOP_CDS_0199	MH160766.1	100.000	122	122	149803	4.66e-78	248
BJJLIZOP_CDS_0199	LR597654.1	100.000	122	122	150152	4.66e-78	248
BJJLIZOP_CDS_0199	OZ035771.1	100.000	122	122	144811	9.27e-78	247
BJJLIZOP_CDS_0199	KX664695.3	98.361	122	122	149268	1.29e-76	243
BJJLIZOP_CDS_0199	OR786310.1	98.361	122	122	149880	1.48e-76	243
BJJLIZOP_CDS_0199	PV191315.1	98.361	122	122	151674	1.51e-76	243
BJJLIZOP_CDS_0199	OP172792.1	98.361	122	122	151993	1.51e-76	243
BJJLIZOP_CDS_0199	MN850571.1	97.541	122	122	151514	1.70e-76	243
BJJLIZOP_CDS_0199	OR544956.1	96.721	122	122	130723	5.75e-76	241
BJJLIZOP_CDS_0199	MN850618.1	96.721	122	122	150473	5.75e-76	241
BJJLIZOP_CDS_0199	OP172791.1	97.541	122	122	151113	5.75e-76	241
BJJLIZOP_CDS_0199	OQ031492.1	97.541	122	122	149246	7.69e-76	241
BJJLIZOP_CDS_0199	MN850648.1	95.902	122	122	149335	9.89e-76	241
BJJLIZOP_CDS_0199	OL739525.1	95.902	122	122	151825	2.01e-75	240
BJJLIZOP_CDS_0199	OM386656.1	97.541	122	122	149073	2.03e-75	240
BJJLIZOP_CDS_0199	OM386659.1	97.541	122	122	149194	2.03e-75	240
BJJLIZOP_CDS_0199	KX552041.2	97.541	122	122	149813	2.03e-75	240
BJJLIZOP_CDS_0199	OM386667.1	97.541	122	122	156300	2.03e-75	240
BJJLIZOP_CDS_0199	OR062524.1	95.902	122	122	150431	2.15e-75	240
BJJLIZOP_CDS_0199	OR062529.1	95.902	122	122	151980	2.15e-75	240
BJJLIZOP_CDS_0199	OR062526.1	95.902	122	122	151980	2.15e-75	240
BJJLIZOP_CDS_0199	MT496970.1	95.902	122	122	151202	2.39e-75	240
BJJLIZOP_CDS_0199	OP595145.1	95.902	122	122	151363	2.53e-75	240
BJJLIZOP_CDS_0199	OL505078.1	95.902	122	122	151425	2.84e-75	239
BJJLIZOP_CDS_0199	MZ726793.1	96.721	122	122	151660	2.90e-75	239
BJJLIZOP_CDS_0199	OR352956.1	95.082	122	122	149254	1.51e-74	238
BJJLIZOP_CDS_0199	PQ433349.1	95.082	122	122	151245	3.46e-74	236
BJJLIZOP_CDS_0199	MK373788.1	95.082	122	122	151194	3.60e-74	236
BJJLIZOP_CDS_0199	MH051333.1	95.082	122	122	151671	7.45e-74	236
BJJLIZOP_CDS_0199	OM362897.1	93.443	122	122	152401	8.45e-74	235
BJJLIZOP_CDS_0199	MT944117.1	94.262	122	122	152343	1.41e-73	235
BJJLIZOP_CDS_0199	JX561091.1	93.443	122	122	147737	2.10e-73	234
BJJLIZOP_CDS_0199	LR746137.1	91.803	122	122	152148	1.91e-72	231
BJJLIZOP_CDS_0199	OR437326.1	95.000	100	122	148445	4.21e-59	193
BJJLIZOP_CDS_0200	OR544956.1	100.000	77	77	130723	1.55e-48	161
BJJLIZOP_CDS_0200	KX664695.3	100.000	77	77	149268	1.55e-48	161
BJJLIZOP_CDS_0200	MH160766.1	100.000	77	77	149803	1.55e-48	161
BJJLIZOP_CDS_0200	LR597654.1	100.000	77	77	150152	1.55e-48	161
BJJLIZOP_CDS_0200	MN850618.1	100.000	77	77	150473	1.55e-48	161
BJJLIZOP_CDS_0200	OP172791.1	100.000	77	77	151113	1.55e-48	161
BJJLIZOP_CDS_0200	MT496970.1	100.000	77	77	151202	1.55e-48	161
BJJLIZOP_CDS_0200	OP595145.1	100.000	77	77	151363	1.55e-48	161
BJJLIZOP_CDS_0200	MZ726793.1	100.000	77	77	151660	1.55e-48	161
BJJLIZOP_CDS_0200	PV191315.1	100.000	77	77	151674	1.55e-48	161
BJJLIZOP_CDS_0200	OP172792.1	100.000	77	77	151993	1.55e-48	161
BJJLIZOP_CDS_0200	OM386659.1	98.701	77	77	149194	7.30e-48	159
BJJLIZOP_CDS_0200	KX552041.2	98.701	77	77	149813	7.30e-48	159
BJJLIZOP_CDS_0200	OL739525.1	98.701	77	77	151825	7.30e-48	159
BJJLIZOP_CDS_0200	OM386667.1	98.701	77	77	156300	7.30e-48	159
BJJLIZOP_CDS_0200	MK373788.1	97.403	77	77	151194	1.50e-47	158
BJJLIZOP_CDS_0200	OM386656.1	97.403	77	77	149073	6.06e-47	156
BJJLIZOP_CDS_0200	OL505078.1	100.000	50	77	151425	4.52e-35	106
BJJLIZOP_CDS_0200	OL505078.1	96.154	26	77	151425	4.52e-35	55.1
BJJLIZOP_CDS_0201	MT944117.1	100.000	21	32	152343	2.82e-09	47.0
BJJLIZOP_CDS_0201	MT496970.1	95.238	21	32	151202	1.51e-08	45.1
BJJLIZOP_CDS_0201	OP172792.1	95.238	21	32	151993	2.25e-08	44.3
BJJLIZOP_CDS_0201	PV191315.1	95.238	21	32	151674	2.25e-08	44.3
BJJLIZOP_CDS_0201	OP595145.1	95.238	21	32	151363	2.25e-08	44.3
BJJLIZOP_CDS_0201	OP172791.1	95.238	21	32	151113	2.25e-08	44.3
BJJLIZOP_CDS_0201	MZ726793.1	90.476	21	32	151660	8.23e-08	42.7
BJJLIZOP_CDS_0201	OM386667.1	90.476	21	32	156300	1.17e-07	42.4
BJJLIZOP_CDS_0201	OL739525.1	90.476	21	32	151825	1.17e-07	42.4
BJJLIZOP_CDS_0201	OL505078.1	90.476	21	32	151425	1.17e-07	42.4
BJJLIZOP_CDS_0201	OM386659.1	90.476	21	32	149194	1.17e-07	42.4
BJJLIZOP_CDS_0201	OM386656.1	90.476	21	32	149073	1.17e-07	42.4
BJJLIZOP_CDS_0201	OR062529.1	85.714	21	32	151980	2.33e-07	41.6
BJJLIZOP_CDS_0201	OR062526.1	85.714	21	32	151980	2.33e-07	41.6
BJJLIZOP_CDS_0201	OR062524.1	85.714	21	32	150431	2.33e-07	41.6
BJJLIZOP_CDS_0201	OR352955.1	85.714	21	32	152808	2.73e-07	41.2
BJJLIZOP_CDS_0201	OR067838.1	85.714	21	32	149856	2.73e-07	41.2
BJJLIZOP_CDS_0201	LR746137.1	85.714	21	32	152148	3.84e-07	40.8
BJJLIZOP_CDS_0201	MN850565.1	85.714	21	32	150947	3.84e-07	40.8
BJJLIZOP_CDS_0201	MW175890.1	85.714	21	32	150892	3.84e-07	40.8
BJJLIZOP_CDS_0201	OL631481.1	85.714	21	32	149818	3.84e-07	40.8
BJJLIZOP_CDS_0201	MN850648.1	85.714	21	32	149335	3.84e-07	40.8
BJJLIZOP_CDS_0201	KX664695.3	85.714	21	32	149268	3.84e-07	40.8
BJJLIZOP_CDS_0201	JX561091.1	85.714	21	32	147737	3.84e-07	40.8
BJJLIZOP_CDS_0201	OR352956.1	85.714	21	32	149254	4.00e-07	40.8
BJJLIZOP_CDS_0201	PP129558.1	85.714	21	32	149967	4.37e-07	40.8
BJJLIZOP_CDS_0201	OR786310.1	85.714	21	32	149880	4.37e-07	40.8
BJJLIZOP_CDS_0201	OZ035728.1	85.714	21	32	149471	4.37e-07	40.8
BJJLIZOP_CDS_0201	LR597654.1	85.714	21	32	150152	5.53e-07	40.4
BJJLIZOP_CDS_0201	MH160766.1	85.714	21	32	149803	5.53e-07	40.4
BJJLIZOP_CDS_0201	OR544956.1	80.952	21	32	130723	1.16e-06	39.7
BJJLIZOP_CDS_0201	OQ031492.1	80.952	21	32	149246	1.21e-06	39.7
BJJLIZOP_CDS_0201	PV730300.1	80.952	21	32	146712	2.28e-06	38.9
BJJLIZOP_CDS_0201	KX552041.2	89.474	19	32	149813	2.51e-06	38.5
BJJLIZOP_CDS_0202	OM386656.1	100.000	63	63	149073	1.57e-38	131
BJJLIZOP_CDS_0202	MT944117.1	100.000	63	63	152343	1.57e-38	131
BJJLIZOP_CDS_0202	OM362897.1	98.413	63	63	152401	4.48e-38	130
BJJLIZOP_CDS_0202	OR544956.1	98.413	63	63	130723	5.99e-38	130
BJJLIZOP_CDS_0202	MN850618.1	98.413	63	63	150473	5.99e-38	130
BJJLIZOP_CDS_0202	MH252123.1	96.825	63	63	150925	2.60e-37	128
BJJLIZOP_CDS_0202	MK373788.1	95.238	63	63	151194	2.20e-36	125
BJJLIZOP_CDS_0202	MH051333.1	92.063	63	63	151671	5.44e-35	121
BJJLIZOP_CDS_0202	OM386667.1	100.000	34	63	156300	1.27e-27	71.6
BJJLIZOP_CDS_0202	OM386667.1	85.294	34	63	156300	1.27e-27	64.3
BJJLIZOP_CDS_0202	OM386659.1	100.000	34	63	149194	1.27e-27	71.6
BJJLIZOP_CDS_0202	OM386659.1	85.294	34	63	149194	1.27e-27	64.3
BJJLIZOP_CDS_0203	MN850618.1	93.182	44	44	150473	1.30e-07	43.1
BJJLIZOP_CDS_0203	OM362897.1	90.909	44	44	152401	1.50e-07	42.7
BJJLIZOP_CDS_0203	MH252123.1	100.000	44	44	150925	1.79e-07	42.4
BJJLIZOP_CDS_0203	MT944117.1	100.000	44	44	152343	1.79e-07	42.4
BJJLIZOP_CDS_0203	OZ035728.1	93.182	44	44	149471	1.81e-07	42.4
BJJLIZOP_CDS_0203	PP129558.1	90.909	44	44	149967	2.04e-07	42.4
BJJLIZOP_CDS_0203	LR746137.1	88.636	44	44	152148	2.06e-07	42.4
BJJLIZOP_CDS_0203	OM386656.1	90.909	44	44	149073	2.08e-07	42.4
BJJLIZOP_CDS_0203	OM386659.1	90.909	44	44	149194	2.08e-07	42.4
BJJLIZOP_CDS_0203	MN850648.1	90.909	44	44	149335	2.08e-07	42.4
BJJLIZOP_CDS_0203	OM386667.1	90.909	44	44	156300	2.08e-07	42.4
BJJLIZOP_CDS_0203	OR544956.1	90.909	44	44	130723	5.45e-07	41.2
BJJLIZOP_CDS_0203	OR786310.1	90.909	44	44	149880	5.96e-07	41.2
BJJLIZOP_CDS_0203	OP172791.1	90.909	44	44	151113	5.96e-07	41.2
BJJLIZOP_CDS_0203	OP595145.1	90.909	44	44	151363	5.96e-07	41.2
BJJLIZOP_CDS_0203	OL505078.1	90.909	44	44	151425	5.96e-07	41.2
BJJLIZOP_CDS_0203	PV191315.1	90.909	44	44	151674	5.96e-07	41.2
BJJLIZOP_CDS_0203	OL739525.1	90.909	44	44	151825	5.96e-07	41.2
BJJLIZOP_CDS_0203	OP172792.1	90.909	44	44	151993	5.96e-07	41.2
BJJLIZOP_CDS_0203	OQ031492.1	86.364	44	44	149246	6.51e-07	40.8
BJJLIZOP_CDS_0203	KX552041.2	86.364	44	44	149813	6.51e-07	40.8
BJJLIZOP_CDS_0203	OR062524.1	86.364	44	44	150431	6.51e-07	40.8
BJJLIZOP_CDS_0203	MT496970.1	86.364	44	44	151202	6.51e-07	40.8
BJJLIZOP_CDS_0203	OR062529.1	86.364	44	44	151980	6.51e-07	40.8
BJJLIZOP_CDS_0203	OR062526.1	86.364	44	44	151980	6.51e-07	40.8
BJJLIZOP_CDS_0203	JX561091.1	90.909	44	44	147737	1.06e-06	40.4
BJJLIZOP_CDS_0203	KX664695.3	90.909	44	44	149268	1.06e-06	40.4
BJJLIZOP_CDS_0203	OL631481.1	90.909	44	44	149818	1.06e-06	40.4
BJJLIZOP_CDS_0203	LR597654.1	90.909	44	44	150152	1.06e-06	40.4
BJJLIZOP_CDS_0203	MW175890.1	90.909	44	44	150892	1.06e-06	40.4
BJJLIZOP_CDS_0203	MN850565.1	90.909	44	44	150947	1.06e-06	40.4
BJJLIZOP_CDS_0203	MK373788.1	100.000	20	44	151194	1.98e-06	39.7
BJJLIZOP_CDS_0203	OR067838.1	93.182	44	44	149856	2.23e-06	39.3
BJJLIZOP_CDS_0203	PQ433349.1	93.182	44	44	151245	2.23e-06	39.3
BJJLIZOP_CDS_0203	OR352955.1	93.182	44	44	152808	2.32e-06	39.3
BJJLIZOP_CDS_0203	OR352956.1	86.364	44	44	149254	5.46e-06	38.5
BJJLIZOP_CDS_0203	MH051333.1	75.000	44	44	151671	7.63e-06	38.1
BJJLIZOP_CDS_0204	OR352956.1	100.000	96	96	149254	2.40e-61	198
BJJLIZOP_CDS_0204	KX664695.3	100.000	96	96	149268	2.40e-61	198
BJJLIZOP_CDS_0204	LR597654.1	100.000	96	96	150152	2.40e-61	198
BJJLIZOP_CDS_0204	MH252123.1	100.000	96	96	150925	2.40e-61	198
BJJLIZOP_CDS_0204	OR352955.1	100.000	96	96	152808	2.40e-61	198
BJJLIZOP_CDS_0204	PP129558.1	98.958	96	96	149967	3.53e-61	198
BJJLIZOP_CDS_0204	MH160766.1	98.958	96	96	149803	1.35e-60	196
BJJLIZOP_CDS_0204	OL631481.1	98.958	96	96	149818	1.54e-60	196
BJJLIZOP_CDS_0204	MT496970.1	96.875	96	96	151202	3.38e-60	195
BJJLIZOP_CDS_0204	MT944117.1	95.833	96	96	152343	6.60e-60	194
BJJLIZOP_CDS_0204	MN850565.1	95.833	96	96	150947	6.64e-59	191
BJJLIZOP_CDS_0204	PQ433349.1	95.833	96	96	151245	6.77e-59	191
BJJLIZOP_CDS_0204	MK373788.1	93.750	96	96	151194	8.38e-59	191
BJJLIZOP_CDS_0204	OR062524.1	93.750	96	96	150431	1.36e-58	191
BJJLIZOP_CDS_0204	OR062529.1	93.750	96	96	151980	1.36e-58	191
BJJLIZOP_CDS_0204	OR062526.1	93.750	96	96	151980	1.36e-58	191
BJJLIZOP_CDS_0204	OR067838.1	93.750	96	96	149856	1.73e-58	190
BJJLIZOP_CDS_0204	OP595145.1	97.872	94	96	151363	2.08e-58	190
BJJLIZOP_CDS_0204	OQ031492.1	95.745	94	96	149246	1.23e-57	188
BJJLIZOP_CDS_0204	OP172791.1	94.681	94	96	151113	1.30e-57	188
BJJLIZOP_CDS_0204	PV191315.1	94.681	94	96	151674	1.30e-57	188
BJJLIZOP_CDS_0204	MH051333.1	96.809	94	96	151671	1.44e-57	187
BJJLIZOP_CDS_0204	JX561091.1	95.745	94	96	147737	1.83e-57	187
BJJLIZOP_CDS_0204	LR746137.1	95.745	94	96	152148	1.83e-57	187
BJJLIZOP_CDS_0204	KX552041.2	95.745	94	96	149813	2.65e-57	187
BJJLIZOP_CDS_0204	OM362897.1	93.617	94	96	152401	3.44e-57	186
BJJLIZOP_CDS_0204	MW175890.1	94.681	94	96	150892	4.87e-57	186
BJJLIZOP_CDS_0204	MN850648.1	93.617	94	96	149335	1.22e-56	185
BJJLIZOP_CDS_0204	OM386659.1	93.617	94	96	149194	1.97e-56	184
BJJLIZOP_CDS_0204	OR786310.1	93.617	94	96	149880	1.97e-56	184
BJJLIZOP_CDS_0204	OL505078.1	93.617	94	96	151425	1.97e-56	184
BJJLIZOP_CDS_0204	OL739525.1	93.617	94	96	151825	1.97e-56	184
BJJLIZOP_CDS_0204	OM386667.1	93.617	94	96	156300	1.97e-56	184
BJJLIZOP_CDS_0204	OP172792.1	92.553	94	96	151993	2.63e-56	184
BJJLIZOP_CDS_0204	OR544956.1	92.553	94	96	130723	4.04e-56	183
BJJLIZOP_CDS_0204	MN850618.1	91.489	94	96	150473	1.22e-55	182
BJJLIZOP_CDS_0204	OZ035728.1	92.553	94	96	149471	1.32e-55	182
BJJLIZOP_CDS_0204	OM386656.1	92.553	94	96	149073	4.88e-55	180
BJJLIZOP_CDS_0205	OL505078.1	100.000	78	78	151425	8.13e-50	164
BJJLIZOP_CDS_0205	OL739525.1	100.000	78	78	151825	8.13e-50	164
BJJLIZOP_CDS_0205	OR067838.1	100.000	78	78	149856	1.01e-49	164
BJJLIZOP_CDS_0205	OQ031492.1	98.718	78	78	149246	3.29e-49	163
BJJLIZOP_CDS_0205	MT496970.1	98.718	78	78	151202	3.80e-49	162
BJJLIZOP_CDS_0205	OR544956.1	98.718	78	78	130723	4.44e-49	162
BJJLIZOP_CDS_0205	MN850618.1	98.718	78	78	150473	4.44e-49	162
BJJLIZOP_CDS_0205	PV191315.1	98.718	78	78	151674	4.44e-49	162
BJJLIZOP_CDS_0205	MT944117.1	97.436	78	78	152343	9.84e-49	161
BJJLIZOP_CDS_0205	OP172792.1	97.436	78	78	151993	1.85e-48	160
BJJLIZOP_CDS_0205	JX561091.1	96.154	78	78	147737	2.97e-48	160
BJJLIZOP_CDS_0205	MN850598.1	97.436	78	78	144998	3.72e-48	160
BJJLIZOP_CDS_0205	OM386656.1	97.436	78	78	149073	3.72e-48	160
BJJLIZOP_CDS_0205	OM386659.1	97.436	78	78	149194	3.72e-48	160
BJJLIZOP_CDS_0205	OR352956.1	97.436	78	78	149254	3.72e-48	160
BJJLIZOP_CDS_0205	MH160766.1	97.436	78	78	149803	3.72e-48	160
BJJLIZOP_CDS_0205	KX552041.2	97.436	78	78	149813	3.72e-48	160
BJJLIZOP_CDS_0205	OL631481.1	97.436	78	78	149818	3.72e-48	160
BJJLIZOP_CDS_0205	LR597654.1	97.436	78	78	150152	3.72e-48	160
BJJLIZOP_CDS_0205	OR352955.1	97.436	78	78	152808	3.72e-48	160
BJJLIZOP_CDS_0205	OM386667.1	97.436	78	78	156300	3.72e-48	160
BJJLIZOP_CDS_0205	MH051333.1	97.436	78	78	151671	4.14e-48	160
BJJLIZOP_CDS_0205	OP595145.1	96.154	78	78	151363	8.24e-48	159
BJJLIZOP_CDS_0205	LR746137.1	94.872	78	78	152148	1.08e-47	158
BJJLIZOP_CDS_0205	OR062524.1	94.872	78	78	150431	1.11e-47	158
BJJLIZOP_CDS_0205	OR062529.1	94.872	78	78	151980	1.11e-47	158
BJJLIZOP_CDS_0205	OR062526.1	94.872	78	78	151980	1.11e-47	158
BJJLIZOP_CDS_0205	KX664695.3	96.154	78	78	149268	1.55e-47	158
BJJLIZOP_CDS_0205	MK373788.1	93.590	78	78	151194	7.68e-47	156
BJJLIZOP_CDS_0205	OM362897.1	92.308	78	78	152401	2.37e-46	155
BJJLIZOP_CDS_0205	OP172791.1	100.000	70	78	151113	3.51e-44	148
BJJLIZOP_CDS_0205	OP172791.1	96.000	25	78	151113	2.64e-09	49.7
BJJLIZOP_CDS_0206	OR544956.1	98.990	99	99	130723	3.23e-62	201
BJJLIZOP_CDS_0206	MN850598.1	98.990	99	99	144998	3.23e-62	201
BJJLIZOP_CDS_0206	OM386656.1	98.990	99	99	149073	3.23e-62	201
BJJLIZOP_CDS_0206	OM386659.1	98.990	99	99	149194	3.23e-62	201
BJJLIZOP_CDS_0206	OQ031492.1	98.990	99	99	149246	3.23e-62	201
BJJLIZOP_CDS_0206	OR352956.1	98.990	99	99	149254	3.23e-62	201
BJJLIZOP_CDS_0206	KX664695.3	98.990	99	99	149268	3.23e-62	201
BJJLIZOP_CDS_0206	MN850648.1	98.990	99	99	149335	3.23e-62	201
BJJLIZOP_CDS_0206	OZ035728.1	98.990	99	99	149471	3.23e-62	201
BJJLIZOP_CDS_0206	MH160766.1	98.990	99	99	149803	3.23e-62	201
BJJLIZOP_CDS_0206	KX552041.2	98.990	99	99	149813	3.23e-62	201
BJJLIZOP_CDS_0206	OL631481.1	98.990	99	99	149818	3.23e-62	201
BJJLIZOP_CDS_0206	OR067838.1	98.990	99	99	149856	3.23e-62	201
BJJLIZOP_CDS_0206	OR786310.1	98.990	99	99	149880	3.23e-62	201
BJJLIZOP_CDS_0206	LR597654.1	98.990	99	99	150152	3.23e-62	201
BJJLIZOP_CDS_0206	MN850618.1	98.990	99	99	150473	3.23e-62	201
BJJLIZOP_CDS_0206	MW175890.1	98.990	99	99	150892	3.23e-62	201
BJJLIZOP_CDS_0206	MN850565.1	98.990	99	99	150947	3.23e-62	201
BJJLIZOP_CDS_0206	MT496970.1	98.990	99	99	151202	3.23e-62	201
BJJLIZOP_CDS_0206	OP595145.1	98.990	99	99	151363	3.23e-62	201
BJJLIZOP_CDS_0206	OL505078.1	98.990	99	99	151425	3.23e-62	201
BJJLIZOP_CDS_0206	MH051333.1	98.990	99	99	151671	3.23e-62	201
BJJLIZOP_CDS_0206	OL739525.1	98.990	99	99	151825	3.23e-62	201
BJJLIZOP_CDS_0206	LR746137.1	98.990	99	99	152148	3.23e-62	201
BJJLIZOP_CDS_0206	MT944117.1	98.990	99	99	152343	3.23e-62	201
BJJLIZOP_CDS_0206	OR352955.1	98.990	99	99	152808	3.23e-62	201
BJJLIZOP_CDS_0206	OM386667.1	98.990	99	99	156300	3.23e-62	201
BJJLIZOP_CDS_0206	OP172791.1	97.980	99	99	151113	4.85e-62	201
BJJLIZOP_CDS_0206	PV191315.1	97.980	99	99	151674	4.85e-62	201
BJJLIZOP_CDS_0206	PP129558.1	97.980	99	99	149967	5.66e-62	200
BJJLIZOP_CDS_0206	MH252123.1	97.980	99	99	150925	5.66e-62	200
BJJLIZOP_CDS_0206	PQ433349.1	97.980	99	99	151245	5.66e-62	200
BJJLIZOP_CDS_0206	JX561091.1	97.980	99	99	147737	8.11e-62	200
BJJLIZOP_CDS_0206	OR062524.1	97.980	99	99	150431	8.11e-62	200
BJJLIZOP_CDS_0206	OR062529.1	97.980	99	99	151980	8.11e-62	200
BJJLIZOP_CDS_0206	OR062526.1	97.980	99	99	151980	8.11e-62	200
BJJLIZOP_CDS_0206	MK373788.1	97.980	99	99	151194	1.54e-61	199
BJJLIZOP_CDS_0206	OM362897.1	97.980	99	99	152401	1.54e-61	199
BJJLIZOP_CDS_0206	OP172792.1	91.919	99	99	151993	1.94e-59	193
BJJLIZOP_CDS_0207	JX561091.1	99.219	128	128	147737	7.19e-73	233
BJJLIZOP_CDS_0207	OP172791.1	99.219	128	128	151113	1.29e-72	232
BJJLIZOP_CDS_0207	OP595145.1	99.219	128	128	151363	1.29e-72	232
BJJLIZOP_CDS_0207	OL505078.1	99.219	128	128	151425	1.29e-72	232
BJJLIZOP_CDS_0207	PV191315.1	99.219	128	128	151674	1.29e-72	232
BJJLIZOP_CDS_0207	OL739525.1	99.219	128	128	151825	1.29e-72	232
BJJLIZOP_CDS_0207	OP172792.1	99.219	128	128	151993	1.29e-72	232
BJJLIZOP_CDS_0207	LR746137.1	98.438	128	128	152148	2.30e-72	231
BJJLIZOP_CDS_0207	MH252123.1	98.438	128	128	150925	2.63e-72	231
BJJLIZOP_CDS_0207	OM386659.1	98.438	128	128	149194	2.68e-72	231
BJJLIZOP_CDS_0207	OM386667.1	98.438	128	128	156300	2.68e-72	231
BJJLIZOP_CDS_0207	OR067838.1	98.438	128	128	149856	2.71e-72	231
BJJLIZOP_CDS_0207	MT944117.1	98.438	128	128	152343	2.71e-72	231
BJJLIZOP_CDS_0207	KX664695.3	98.438	128	128	149268	4.85e-72	231
BJJLIZOP_CDS_0207	MT496970.1	98.438	128	128	151202	4.85e-72	231
BJJLIZOP_CDS_0207	PP129558.1	98.438	128	128	149967	4.94e-72	231
BJJLIZOP_CDS_0207	PP129558.1	100.000	22	128	149967	6.24e-07	45.1
BJJLIZOP_CDS_0207	OM362897.1	98.438	128	128	152401	4.94e-72	231
BJJLIZOP_CDS_0207	MN850648.1	97.656	128	128	149335	7.42e-72	230
BJJLIZOP_CDS_0207	OR352956.1	97.656	128	128	149254	1.64e-71	229
BJJLIZOP_CDS_0207	MW175890.1	97.656	128	128	150892	1.64e-71	229
BJJLIZOP_CDS_0207	MN850565.1	97.656	128	128	150947	1.64e-71	229
BJJLIZOP_CDS_0207	OR352955.1	97.656	128	128	152808	1.64e-71	229
BJJLIZOP_CDS_0207	MZ726793.1	97.656	128	128	151660	1.83e-71	229
BJJLIZOP_CDS_0207	OM386656.1	97.656	128	128	149073	2.52e-71	229
BJJLIZOP_CDS_0207	MK373788.1	96.875	128	128	151194	9.96e-71	227
BJJLIZOP_CDS_0207	PQ433349.1	96.875	128	128	151245	7.05e-70	224
BJJLIZOP_CDS_0207	OQ031492.1	96.875	128	128	149246	8.64e-70	224
BJJLIZOP_CDS_0207	OZ035728.1	94.531	128	128	149471	3.12e-68	220
BJJLIZOP_CDS_0207	OL631481.1	94.531	128	128	149818	3.82e-68	219
BJJLIZOP_CDS_0207	OR786310.1	92.969	128	128	149880	9.32e-68	218
BJJLIZOP_CDS_0207	OR062529.1	93.750	128	128	151980	1.09e-67	218
BJJLIZOP_CDS_0207	OR062526.1	93.750	128	128	151980	1.09e-67	218
BJJLIZOP_CDS_0207	KX552041.2	93.750	128	128	149813	3.76e-67	217
BJJLIZOP_CDS_0207	LR597654.1	92.969	128	128	150152	4.56e-67	216
BJJLIZOP_CDS_0207	MH160766.1	92.969	128	128	149803	1.69e-66	215
BJJLIZOP_CDS_0207	OR062524.1	92.188	128	128	150431	4.54e-66	214
BJJLIZOP_CDS_0207	PQ826431.1	89.062	128	128	151106	3.01e-64	208
BJJLIZOP_CDS_0207	MH051333.1	89.062	128	128	151671	1.66e-63	206
BJJLIZOP_CDS_0207	OR544956.1	88.281	128	128	130723	3.38e-62	202
BJJLIZOP_CDS_0207	MN850618.1	88.281	128	128	150473	3.38e-62	202
BJJLIZOP_CDS_0207	PV730300.1	75.781	128	128	146712	1.68e-50	169
BJJLIZOP_CDS_0208	OR544956.1	100.000	71	71	130723	2.99e-43	145
BJJLIZOP_CDS_0208	JX561091.1	100.000	71	71	147737	2.99e-43	145
BJJLIZOP_CDS_0208	OM386656.1	100.000	71	71	149073	2.99e-43	145
BJJLIZOP_CDS_0208	OM386659.1	100.000	71	71	149194	2.99e-43	145
BJJLIZOP_CDS_0208	OR352956.1	100.000	71	71	149254	2.99e-43	145
BJJLIZOP_CDS_0208	MN850648.1	100.000	71	71	149335	2.99e-43	145
BJJLIZOP_CDS_0208	MH160766.1	100.000	71	71	149803	2.99e-43	145
BJJLIZOP_CDS_0208	KX552041.2	100.000	71	71	149813	2.99e-43	145
BJJLIZOP_CDS_0208	OL631481.1	100.000	71	71	149818	2.99e-43	145
BJJLIZOP_CDS_0208	OR786310.1	100.000	71	71	149880	2.99e-43	145
BJJLIZOP_CDS_0208	MN850618.1	100.000	71	71	150473	2.99e-43	145
BJJLIZOP_CDS_0208	MW175890.1	100.000	71	71	150892	2.99e-43	145
BJJLIZOP_CDS_0208	MN850565.1	100.000	71	71	150947	2.99e-43	145
BJJLIZOP_CDS_0208	PQ826431.1	100.000	71	71	151106	2.99e-43	145
BJJLIZOP_CDS_0208	OP172791.1	100.000	71	71	151113	2.99e-43	145
BJJLIZOP_CDS_0208	MK373788.1	100.000	71	71	151194	2.99e-43	145
BJJLIZOP_CDS_0208	MT496970.1	100.000	71	71	151202	2.99e-43	145
BJJLIZOP_CDS_0208	OL505078.1	100.000	71	71	151425	2.99e-43	145
BJJLIZOP_CDS_0208	PV191315.1	100.000	71	71	151674	2.99e-43	145
BJJLIZOP_CDS_0208	OL739525.1	100.000	71	71	151825	2.99e-43	145
BJJLIZOP_CDS_0208	OP172792.1	100.000	71	71	151993	2.99e-43	145
BJJLIZOP_CDS_0208	LR746137.1	100.000	71	71	152148	2.99e-43	145
BJJLIZOP_CDS_0208	OR352955.1	100.000	71	71	152808	2.99e-43	145
BJJLIZOP_CDS_0208	OM386667.1	100.000	71	71	156300	2.99e-43	145
BJJLIZOP_CDS_0208	KX664695.3	98.592	71	71	149268	4.91e-43	145
BJJLIZOP_CDS_0208	LR597654.1	98.592	71	71	150152	4.91e-43	145
BJJLIZOP_CDS_0208	OR062524.1	98.592	71	71	150431	4.91e-43	145
BJJLIZOP_CDS_0208	MH051333.1	98.592	71	71	151671	4.91e-43	145
BJJLIZOP_CDS_0208	OR062529.1	98.592	71	71	151980	4.91e-43	145
BJJLIZOP_CDS_0208	OR062526.1	98.592	71	71	151980	4.91e-43	145
BJJLIZOP_CDS_0208	PQ433349.1	98.592	71	71	151245	6.20e-43	144
BJJLIZOP_CDS_0208	PV730300.1	98.592	71	71	146712	1.15e-42	144
BJJLIZOP_CDS_0208	MH252123.1	98.592	71	71	150925	1.18e-42	144
BJJLIZOP_CDS_0208	OP595145.1	98.592	71	71	151363	1.47e-42	143
BJJLIZOP_CDS_0208	MZ726793.1	97.183	71	71	151660	2.41e-42	143
BJJLIZOP_CDS_0208	OQ031492.1	95.775	71	71	149246	5.00e-42	142
BJJLIZOP_CDS_0208	OR067838.1	100.000	69	71	149856	5.56e-42	142
BJJLIZOP_CDS_0209	OL631481.1	100.000	57	57	149818	3.45e-31	110
BJJLIZOP_CDS_0209	KX552041.2	98.246	57	57	149813	1.51e-30	108
BJJLIZOP_CDS_0209	LR746137.1	96.491	57	57	152148	1.69e-30	108
BJJLIZOP_CDS_0209	PQ826431.1	94.737	57	57	151106	7.68e-30	106
BJJLIZOP_CDS_0209	OP172791.1	94.737	57	57	151113	7.68e-30	106
BJJLIZOP_CDS_0209	MT496970.1	94.737	57	57	151202	7.68e-30	106
BJJLIZOP_CDS_0209	OL505078.1	94.737	57	57	151425	7.68e-30	106
BJJLIZOP_CDS_0209	PV191315.1	94.737	57	57	151674	7.68e-30	106
BJJLIZOP_CDS_0209	OL739525.1	94.737	57	57	151825	7.68e-30	106
BJJLIZOP_CDS_0209	OP172792.1	94.737	57	57	151993	7.68e-30	106
BJJLIZOP_CDS_0209	OR544956.1	92.982	57	57	130723	2.67e-29	105
BJJLIZOP_CDS_0209	MH160766.1	92.982	57	57	149803	2.67e-29	105
BJJLIZOP_CDS_0209	OP595145.1	92.982	57	57	151363	2.67e-29	105
BJJLIZOP_CDS_0209	MN850618.1	91.228	57	57	150473	4.26e-29	104
BJJLIZOP_CDS_0209	KX664695.3	92.982	57	57	149268	1.03e-28	103
BJJLIZOP_CDS_0209	LR597654.1	91.228	57	57	150152	1.34e-28	103
BJJLIZOP_CDS_0209	MH252123.1	91.228	57	57	150925	1.34e-28	103
BJJLIZOP_CDS_0209	MH051333.1	91.228	57	57	151671	1.34e-28	103
BJJLIZOP_CDS_0209	OM386656.1	89.474	57	57	149073	2.34e-28	102
BJJLIZOP_CDS_0209	OM386659.1	89.474	57	57	149194	2.34e-28	102
BJJLIZOP_CDS_0209	OM386667.1	89.474	57	57	156300	2.34e-28	102
BJJLIZOP_CDS_0209	PV730300.1	92.727	55	57	146712	4.35e-28	101
BJJLIZOP_CDS_0209	MN850648.1	92.727	55	57	149335	4.71e-28	101
BJJLIZOP_CDS_0209	OR067838.1	92.727	55	57	149856	4.71e-28	101
BJJLIZOP_CDS_0209	OR352956.1	87.719	57	57	149254	7.22e-28	101
BJJLIZOP_CDS_0209	MW175890.1	87.719	57	57	150892	7.22e-28	101
BJJLIZOP_CDS_0209	OZ035728.1	90.909	55	57	149471	7.96e-28	100
BJJLIZOP_CDS_0209	MZ726793.1	90.909	55	57	151660	7.96e-28	100
BJJLIZOP_CDS_0209	MT944117.1	90.909	55	57	152343	7.96e-28	100
BJJLIZOP_CDS_0209	OM362897.1	90.909	55	57	152401	7.96e-28	100
BJJLIZOP_CDS_0209	MN850565.1	90.909	55	57	150947	1.17e-27	100
BJJLIZOP_CDS_0209	PP129558.1	89.474	57	57	149967	1.29e-27	100
BJJLIZOP_CDS_0209	MK373788.1	91.071	56	57	151194	1.62e-27	100
BJJLIZOP_CDS_0209	OQ031492.1	85.965	57	57	149246	6.58e-27	98.6
BJJLIZOP_CDS_0209	OR352955.1	90.909	55	57	152808	6.58e-27	98.6
BJJLIZOP_CDS_0209	PQ433349.1	89.286	56	57	151245	7.04e-27	98.2
BJJLIZOP_CDS_0209	OR786310.1	85.455	55	57	149880	1.59e-25	94.4
BJJLIZOP_CDS_0209	OR062524.1	95.918	49	57	150431	1.18e-24	92.0
BJJLIZOP_CDS_0209	OR062529.1	95.918	49	57	151980	1.18e-24	92.0
BJJLIZOP_CDS_0209	OR062526.1	95.918	49	57	151980	1.18e-24	92.0
BJJLIZOP_CDS_0209	JX561091.1	87.755	49	57	147737	5.26e-23	87.4
BJJLIZOP_CDS_0210	KX552041.2	100.000	45	45	149813	7.86e-25	91.7
BJJLIZOP_CDS_0210	OP172792.1	97.778	45	45	151993	8.79e-24	89.0
BJJLIZOP_CDS_0210	OL739525.1	97.778	45	45	151825	8.79e-24	89.0
BJJLIZOP_CDS_0210	PV191315.1	97.778	45	45	151674	8.79e-24	89.0
BJJLIZOP_CDS_0210	MH051333.1	97.778	45	45	151671	8.79e-24	89.0
BJJLIZOP_CDS_0210	OP595145.1	97.778	45	45	151363	8.79e-24	89.0
BJJLIZOP_CDS_0210	MT496970.1	97.778	45	45	151202	8.79e-24	89.0
BJJLIZOP_CDS_0210	MK373788.1	97.778	45	45	151194	8.79e-24	89.0
BJJLIZOP_CDS_0210	OP172791.1	97.778	45	45	151113	8.79e-24	89.0
BJJLIZOP_CDS_0210	PQ826431.1	97.778	45	45	151106	8.79e-24	89.0
BJJLIZOP_CDS_0210	MN850618.1	97.778	45	45	150473	8.79e-24	89.0
BJJLIZOP_CDS_0210	MH160766.1	97.778	45	45	149803	8.79e-24	89.0
BJJLIZOP_CDS_0210	OR544956.1	97.778	45	45	130723	8.79e-24	89.0
BJJLIZOP_CDS_0210	OM386667.1	93.333	45	45	156300	9.56e-23	85.9
BJJLIZOP_CDS_0210	OM386659.1	93.333	45	45	149194	9.56e-23	85.9
BJJLIZOP_CDS_0210	OM386656.1	93.333	45	45	149073	9.56e-23	85.9
BJJLIZOP_CDS_0210	LR597654.1	93.333	45	45	150152	1.11e-22	85.9
BJJLIZOP_CDS_0210	OL505078.1	95.556	45	45	151425	1.97e-16	67.8
BJJLIZOP_CDS_0211	OL505078.1	100.000	56	56	151425	7.29e-34	118
BJJLIZOP_CDS_0211	OP595145.1	100.000	56	56	151363	8.04e-34	118
BJJLIZOP_CDS_0211	OP172791.1	100.000	56	56	151113	9.21e-34	117
BJJLIZOP_CDS_0211	MT496970.1	100.000	56	56	151202	9.21e-34	117
BJJLIZOP_CDS_0211	PV191315.1	100.000	56	56	151674	9.21e-34	117
BJJLIZOP_CDS_0211	OP172792.1	100.000	56	56	151993	9.21e-34	117
BJJLIZOP_CDS_0211	OL739525.1	100.000	56	56	151825	9.96e-34	117
BJJLIZOP_CDS_0211	OR544956.1	98.214	56	56	130723	2.87e-33	116
BJJLIZOP_CDS_0211	PV730300.1	98.214	56	56	146712	2.87e-33	116
BJJLIZOP_CDS_0211	JX561091.1	98.214	56	56	147737	2.87e-33	116
BJJLIZOP_CDS_0211	OZ035728.1	98.214	56	56	149471	2.87e-33	116
BJJLIZOP_CDS_0211	KX552041.2	98.214	56	56	149813	2.87e-33	116
BJJLIZOP_CDS_0211	MN850618.1	98.214	56	56	150473	2.87e-33	116
BJJLIZOP_CDS_0211	LR746137.1	98.214	56	56	152148	2.87e-33	116
BJJLIZOP_CDS_0211	MT944117.1	98.214	56	56	152343	2.87e-33	116
BJJLIZOP_CDS_0211	OM362897.1	98.214	56	56	152401	2.87e-33	116
BJJLIZOP_CDS_0211	OZ035771.1	98.214	56	56	144811	3.26e-33	116
BJJLIZOP_CDS_0211	OR352956.1	98.214	56	56	149254	3.26e-33	116
BJJLIZOP_CDS_0211	MN850648.1	98.214	56	56	149335	3.26e-33	116
BJJLIZOP_CDS_0211	OL631481.1	98.214	56	56	149818	3.26e-33	116
BJJLIZOP_CDS_0211	OR067838.1	98.214	56	56	149856	3.26e-33	116
BJJLIZOP_CDS_0211	OR786310.1	98.214	56	56	149880	3.26e-33	116
BJJLIZOP_CDS_0211	MW175890.1	98.214	56	56	150892	3.26e-33	116
BJJLIZOP_CDS_0211	MN850565.1	98.214	56	56	150947	3.26e-33	116
BJJLIZOP_CDS_0211	MH051333.1	98.214	56	56	151671	3.26e-33	116
BJJLIZOP_CDS_0211	OR062524.1	98.214	56	56	150431	4.36e-33	115
BJJLIZOP_CDS_0211	PQ826431.1	98.214	56	56	151106	4.36e-33	115
BJJLIZOP_CDS_0211	PQ433349.1	98.214	56	56	151245	4.36e-33	115
BJJLIZOP_CDS_0211	OR062529.1	98.214	56	56	151980	4.36e-33	115
BJJLIZOP_CDS_0211	OR062526.1	98.214	56	56	151980	4.36e-33	115
BJJLIZOP_CDS_0211	MH160766.1	96.429	56	56	149803	1.11e-32	114
BJJLIZOP_CDS_0211	LR597654.1	96.429	56	56	150152	1.22e-32	114
BJJLIZOP_CDS_0211	MH252123.1	96.429	56	56	150925	1.28e-32	114
BJJLIZOP_CDS_0211	OR352955.1	96.429	56	56	152808	1.28e-32	114
BJJLIZOP_CDS_0211	OM386656.1	96.429	56	56	149073	1.43e-32	114
BJJLIZOP_CDS_0211	OM386659.1	96.429	56	56	149194	1.43e-32	114
BJJLIZOP_CDS_0211	OM386667.1	96.429	56	56	156300	1.43e-32	114
BJJLIZOP_CDS_0211	MK373788.1	96.429	56	56	151194	1.69e-32	114
BJJLIZOP_CDS_0211	MZ726793.1	96.429	56	56	151660	1.97e-32	114
BJJLIZOP_CDS_0212	MN850648.1	100.000	111	111	149335	1.54e-71	228
BJJLIZOP_CDS_0212	OR786310.1	100.000	111	111	149880	1.54e-71	228
BJJLIZOP_CDS_0212	MN850565.1	100.000	111	111	150947	1.54e-71	228
BJJLIZOP_CDS_0212	PQ826431.1	100.000	111	111	151106	1.54e-71	228
BJJLIZOP_CDS_0212	MH051333.1	100.000	111	111	151671	1.54e-71	228
BJJLIZOP_CDS_0212	OL739525.1	100.000	111	111	151825	1.54e-71	228
BJJLIZOP_CDS_0212	OP595145.1	99.099	111	111	151363	5.42e-71	227
BJJLIZOP_CDS_0212	JX561091.1	99.099	111	111	147737	5.58e-71	227
BJJLIZOP_CDS_0212	OM386656.1	99.099	111	111	149073	5.58e-71	227
BJJLIZOP_CDS_0212	OM386659.1	99.099	111	111	149194	5.58e-71	227
BJJLIZOP_CDS_0212	KX552041.2	99.099	111	111	149813	5.58e-71	227
BJJLIZOP_CDS_0212	OL631481.1	99.099	111	111	149818	5.58e-71	227
BJJLIZOP_CDS_0212	LR597654.1	99.099	111	111	150152	5.58e-71	227
BJJLIZOP_CDS_0212	OR062524.1	99.099	111	111	150431	5.58e-71	227
BJJLIZOP_CDS_0212	MH252123.1	99.099	111	111	150925	5.58e-71	227
BJJLIZOP_CDS_0212	MZ726793.1	99.099	111	111	151660	5.58e-71	227
BJJLIZOP_CDS_0212	OR062529.1	99.099	111	111	151980	5.58e-71	227
BJJLIZOP_CDS_0212	OR062526.1	99.099	111	111	151980	5.58e-71	227
BJJLIZOP_CDS_0212	LR746137.1	99.099	111	111	152148	5.58e-71	227
BJJLIZOP_CDS_0212	OM362897.1	99.099	111	111	152401	5.58e-71	227
BJJLIZOP_CDS_0212	OR352955.1	99.099	111	111	152808	5.58e-71	227
BJJLIZOP_CDS_0212	OM386667.1	99.099	111	111	156300	5.58e-71	227
BJJLIZOP_CDS_0212	OL505078.1	99.099	111	111	151425	8.80e-71	226
BJJLIZOP_CDS_0212	OR544956.1	98.198	111	111	130723	1.26e-70	226
BJJLIZOP_CDS_0212	OR437326.1	98.198	111	111	148445	1.26e-70	226
BJJLIZOP_CDS_0212	MN850618.1	98.198	111	111	150473	1.26e-70	226
BJJLIZOP_CDS_0212	OP172791.1	98.198	111	111	151113	1.60e-70	225
BJJLIZOP_CDS_0212	PV191315.1	98.198	111	111	151674	1.60e-70	225
BJJLIZOP_CDS_0212	OP172792.1	98.198	111	111	151993	1.60e-70	225
BJJLIZOP_CDS_0212	MT944117.1	98.198	111	111	152343	1.65e-70	225
BJJLIZOP_CDS_0212	MT496970.1	98.198	111	111	151202	2.01e-70	225
BJJLIZOP_CDS_0212	OR352956.1	98.198	111	111	149254	2.03e-70	225
BJJLIZOP_CDS_0212	MW175890.1	98.198	111	111	150892	2.03e-70	225
BJJLIZOP_CDS_0212	MH160766.1	98.198	111	111	149803	2.98e-70	224
BJJLIZOP_CDS_0212	MK373788.1	99.099	111	111	151194	3.16e-70	224
BJJLIZOP_CDS_0212	OZ035728.1	97.297	111	111	149471	4.33e-69	221
BJJLIZOP_CDS_0212	PQ433349.1	96.396	111	111	151245	1.29e-68	220
BJJLIZOP_CDS_0212	OR067838.1	96.396	111	111	149856	1.39e-68	220
BJJLIZOP_CDS_0212	OZ035771.1	96.396	111	111	144811	3.41e-68	219
BJJLIZOP_CDS_0212	PV730300.1	98.000	100	111	146712	2.23e-61	199
BJJLIZOP_CDS_0212	PV730300.1	100.000	52	111	146712	1.82e-29	108
BJJLIZOP_CDS_0213	PQ433349.1	100.000	35	36	151245	1.19e-06	39.7
BJJLIZOP_CDS_0213	OZ035728.1	97.143	35	36	149471	1.54e-06	39.3
BJJLIZOP_CDS_0214	JX561091.1	100.000	92	92	147737	3.15e-48	160
BJJLIZOP_CDS_0214	OR437326.1	100.000	92	92	148445	3.15e-48	160
BJJLIZOP_CDS_0214	OM386656.1	100.000	92	92	149073	3.15e-48	160
BJJLIZOP_CDS_0214	OM386659.1	100.000	92	92	149194	3.15e-48	160
BJJLIZOP_CDS_0214	MN850618.1	100.000	92	92	150473	3.15e-48	160
BJJLIZOP_CDS_0214	MT496970.1	100.000	92	92	151202	3.15e-48	160
BJJLIZOP_CDS_0214	MZ726793.1	100.000	92	92	151660	3.15e-48	160
BJJLIZOP_CDS_0214	OM362897.1	100.000	92	92	152401	3.15e-48	160
BJJLIZOP_CDS_0214	OM386667.1	100.000	92	92	156300	3.15e-48	160
BJJLIZOP_CDS_0214	LR597654.1	97.826	92	92	150152	9.51e-47	156
BJJLIZOP_CDS_0214	MN850571.1	77.174	92	92	151514	1.18e-32	116
BJJLIZOP_CDS_0214	OR062524.1	64.130	92	92	150431	1.77e-29	107
BJJLIZOP_CDS_0214	OR062529.1	64.130	92	92	151980	1.77e-29	107
BJJLIZOP_CDS_0214	OR062526.1	64.130	92	92	151980	1.77e-29	107
BJJLIZOP_CDS_0214	LR746137.1	64.130	92	92	152148	1.77e-29	107
BJJLIZOP_CDS_0214	OR352956.1	64.130	92	92	149254	2.03e-28	104
BJJLIZOP_CDS_0214	MW175890.1	64.130	92	92	150892	2.03e-28	104
BJJLIZOP_CDS_0214	PV730300.1	45.055	91	92	146712	3.41e-16	69.7
BJJLIZOP_CDS_0214	OZ035771.1	45.055	91	92	144811	4.34e-15	66.6
BJJLIZOP_CDS_0215	OM386667.1	100.000	53	53	156300	1.17e-28	103
BJJLIZOP_CDS_0215	MK373788.1	100.000	53	53	151194	1.17e-28	103
BJJLIZOP_CDS_0215	MN850618.1	100.000	53	53	150473	1.17e-28	103
BJJLIZOP_CDS_0215	LR597654.1	100.000	53	53	150152	1.17e-28	103
BJJLIZOP_CDS_0215	KX552041.2	100.000	53	53	149813	1.17e-28	103
BJJLIZOP_CDS_0215	OM386659.1	100.000	53	53	149194	1.17e-28	103
BJJLIZOP_CDS_0215	OM386656.1	100.000	53	53	149073	1.17e-28	103
BJJLIZOP_CDS_0215	OR437326.1	100.000	53	53	148445	1.17e-28	103
BJJLIZOP_CDS_0215	JX561091.1	98.113	53	53	147737	5.22e-28	101
BJJLIZOP_CDS_0215	MH051333.1	98.113	53	53	151671	6.34e-28	101
BJJLIZOP_CDS_0215	MT496970.1	98.113	53	53	151202	8.57e-28	100
BJJLIZOP_CDS_0215	OZ035771.1	98.113	53	53	144811	8.57e-28	100
BJJLIZOP_CDS_0215	PQ433349.1	98.113	53	53	151245	8.83e-28	100
BJJLIZOP_CDS_0215	OR067838.1	98.113	53	53	149856	8.83e-28	100
BJJLIZOP_CDS_0215	MN850565.1	96.226	53	53	150947	1.54e-27	100
BJJLIZOP_CDS_0215	OL631481.1	96.226	53	53	149818	1.54e-27	100
BJJLIZOP_CDS_0215	MH252123.1	94.340	53	53	150925	8.36e-27	97.8
BJJLIZOP_CDS_0215	MZ726793.1	94.340	53	53	151660	8.36e-27	97.8
BJJLIZOP_CDS_0215	PV730300.1	94.340	53	53	146712	1.09e-26	97.4
BJJLIZOP_CDS_0215	OZ035728.1	94.340	53	53	149471	1.25e-26	97.4
BJJLIZOP_CDS_0215	OP172791.1	94.340	53	53	151113	1.25e-26	97.4
BJJLIZOP_CDS_0215	PV191315.1	94.340	53	53	151674	1.25e-26	97.4
BJJLIZOP_CDS_0215	OP172792.1	94.340	53	53	151993	1.25e-26	97.4
BJJLIZOP_CDS_0215	PQ826431.1	92.453	53	53	151106	1.77e-26	97.1
BJJLIZOP_CDS_0215	OP595145.1	92.453	53	53	151363	1.77e-26	97.1
BJJLIZOP_CDS_0215	OL505078.1	92.453	53	53	151425	1.77e-26	97.1
BJJLIZOP_CDS_0215	OL739525.1	92.453	53	53	151825	1.77e-26	97.1
BJJLIZOP_CDS_0215	OM362897.1	92.453	53	53	152401	2.74e-26	96.3
BJJLIZOP_CDS_0215	OR544956.1	92.453	53	53	130723	3.63e-26	96.3
BJJLIZOP_CDS_0215	OR062524.1	90.566	53	53	150431	4.20e-26	95.9
BJJLIZOP_CDS_0215	OR062529.1	90.566	53	53	151980	4.20e-26	95.9
BJJLIZOP_CDS_0215	OR062526.1	90.566	53	53	151980	4.20e-26	95.9
BJJLIZOP_CDS_0215	MN850648.1	92.453	53	53	149335	7.76e-26	95.1
BJJLIZOP_CDS_0215	OR786310.1	92.453	53	53	149880	7.76e-26	95.1
BJJLIZOP_CDS_0215	MT944117.1	90.566	53	53	152343	1.24e-25	94.7
BJJLIZOP_CDS_0215	OR352956.1	90.566	53	53	149254	1.63e-25	94.4
BJJLIZOP_CDS_0215	MW175890.1	90.566	53	53	150892	1.63e-25	94.4
BJJLIZOP_CDS_0215	MH160766.1	88.679	53	53	149803	7.29e-25	92.4
BJJLIZOP_CDS_0215	OR352955.1	88.679	53	53	152808	7.29e-25	92.4
BJJLIZOP_CDS_0215	MN850598.1	86.792	53	53	144998	2.66e-24	90.9
BJJLIZOP_CDS_0215	LR746137.1	77.358	53	53	152148	4.60e-22	84.3
BJJLIZOP_CDS_0215	MN850571.1	75.472	53	53	151514	5.80e-21	81.3
BJJLIZOP_CDS_0215	OZ035743.1	94.118	34	53	142881	1.17e-13	60.5
BJJLIZOP_CDS_0216	OM386667.1	97.436	39	39	156300	5.56e-19	74.7
BJJLIZOP_CDS_0216	OR352955.1	97.436	39	39	152808	5.56e-19	74.7
BJJLIZOP_CDS_0216	OM362897.1	97.436	39	39	152401	5.56e-19	74.7
BJJLIZOP_CDS_0216	LR746137.1	97.436	39	39	152148	5.56e-19	74.7
BJJLIZOP_CDS_0216	OP172792.1	97.436	39	39	151993	5.56e-19	74.7
BJJLIZOP_CDS_0216	OR062529.1	97.436	39	39	151980	5.56e-19	74.7
BJJLIZOP_CDS_0216	OR062526.1	97.436	39	39	151980	5.56e-19	74.7
BJJLIZOP_CDS_0216	OL739525.1	97.436	39	39	151825	5.56e-19	74.7
BJJLIZOP_CDS_0216	PV191315.1	97.436	39	39	151674	5.56e-19	74.7
BJJLIZOP_CDS_0216	OL505078.1	97.436	39	39	151425	5.56e-19	74.7
BJJLIZOP_CDS_0216	OP595145.1	97.436	39	39	151363	5.56e-19	74.7
BJJLIZOP_CDS_0216	MT496970.1	97.436	39	39	151202	5.56e-19	74.7
BJJLIZOP_CDS_0216	OP172791.1	97.436	39	39	151113	5.56e-19	74.7
BJJLIZOP_CDS_0216	MN850565.1	97.436	39	39	150947	5.56e-19	74.7
BJJLIZOP_CDS_0216	MW175890.1	97.436	39	39	150892	5.56e-19	74.7
BJJLIZOP_CDS_0216	MN850618.1	97.436	39	39	150473	5.56e-19	74.7
BJJLIZOP_CDS_0216	OR062524.1	97.436	39	39	150431	5.56e-19	74.7
BJJLIZOP_CDS_0216	LR597654.1	97.436	39	39	150152	5.56e-19	74.7
BJJLIZOP_CDS_0216	OR786310.1	97.436	39	39	149880	5.56e-19	74.7
BJJLIZOP_CDS_0216	MN850648.1	97.436	39	39	149335	5.56e-19	74.7
BJJLIZOP_CDS_0216	OR352956.1	97.436	39	39	149254	5.56e-19	74.7
BJJLIZOP_CDS_0216	OM386659.1	97.436	39	39	149194	5.56e-19	74.7
BJJLIZOP_CDS_0216	OM386656.1	97.436	39	39	149073	5.56e-19	74.7
BJJLIZOP_CDS_0216	OR437326.1	97.436	39	39	148445	5.56e-19	74.7
BJJLIZOP_CDS_0216	PV730300.1	97.436	39	39	146712	5.56e-19	74.7
BJJLIZOP_CDS_0216	MN850598.1	97.436	39	39	144998	5.56e-19	74.7
BJJLIZOP_CDS_0216	MK373788.1	94.872	39	39	151194	8.97e-19	74.3
BJJLIZOP_CDS_0216	OZ035743.1	94.872	39	39	142881	8.97e-19	74.3
BJJLIZOP_CDS_0216	OL631481.1	94.872	39	39	149818	9.15e-19	74.3
BJJLIZOP_CDS_0216	KX552041.2	94.872	39	39	149813	9.15e-19	74.3
BJJLIZOP_CDS_0216	PQ826431.1	94.872	39	39	151106	1.43e-18	73.6
BJJLIZOP_CDS_0216	OZ035728.1	94.872	39	39	149471	1.46e-18	73.6
BJJLIZOP_CDS_0216	OZ035771.1	94.872	39	39	144811	2.27e-18	73.2
BJJLIZOP_CDS_0216	MT944117.1	94.872	39	39	152343	2.33e-18	73.2
BJJLIZOP_CDS_0216	MZ726793.1	94.872	39	39	151660	2.33e-18	73.2
BJJLIZOP_CDS_0216	JX561091.1	94.872	39	39	147737	4.75e-18	72.4
BJJLIZOP_CDS_0216	MH160766.1	92.308	39	39	149803	7.02e-18	71.6
BJJLIZOP_CDS_0216	PQ433349.1	92.308	39	39	151245	8.71e-18	71.6
BJJLIZOP_CDS_0216	OR067838.1	92.308	39	39	149856	8.71e-18	71.6
BJJLIZOP_CDS_0216	MH051333.1	92.308	39	39	151671	1.47e-17	70.9
BJJLIZOP_CDS_0216	OR544956.1	95.000	20	39	130723	1.90e-11	42.4
BJJLIZOP_CDS_0216	OR544956.1	100.000	21	39	130723	1.90e-11	38.9
BJJLIZOP_CDS_0216	MN850571.1	58.974	39	39	151514	4.59e-10	49.7
BJJLIZOP_CDS_0217	MN850648.1	100.000	104	104	149335	5.75e-67	215
BJJLIZOP_CDS_0217	OL631481.1	100.000	104	104	149818	5.75e-67	215
BJJLIZOP_CDS_0217	OR786310.1	100.000	104	104	149880	5.75e-67	215
BJJLIZOP_CDS_0217	OR062524.1	100.000	104	104	150431	5.75e-67	215
BJJLIZOP_CDS_0217	MN850618.1	100.000	104	104	150473	5.75e-67	215
BJJLIZOP_CDS_0217	MZ726793.1	100.000	104	104	151660	5.75e-67	215
BJJLIZOP_CDS_0217	OR062529.1	100.000	104	104	151980	5.75e-67	215
BJJLIZOP_CDS_0217	OR062526.1	100.000	104	104	151980	5.75e-67	215
BJJLIZOP_CDS_0217	MT944117.1	100.000	104	104	152343	5.75e-67	215
BJJLIZOP_CDS_0217	OR437326.1	99.038	104	104	148445	2.01e-66	213
BJJLIZOP_CDS_0217	OM362897.1	99.038	104	104	152401	2.19e-66	213
BJJLIZOP_CDS_0217	OZ035728.1	100.000	103	104	149471	2.51e-66	213
BJJLIZOP_CDS_0217	JX561091.1	99.038	104	104	147737	2.53e-66	213
BJJLIZOP_CDS_0217	LR597654.1	99.038	104	104	150152	3.45e-66	213
BJJLIZOP_CDS_0217	LR746137.1	98.077	104	104	152148	3.92e-66	213
BJJLIZOP_CDS_0217	MT496970.1	99.038	104	104	151202	1.21e-65	211
BJJLIZOP_CDS_0217	OR352955.1	99.038	104	104	152808	1.21e-65	211
BJJLIZOP_CDS_0217	OL505078.1	98.077	104	104	151425	1.78e-65	211
BJJLIZOP_CDS_0217	OL739525.1	98.077	104	104	151825	1.78e-65	211
BJJLIZOP_CDS_0217	OP595145.1	97.115	104	104	151363	2.75e-65	210
BJJLIZOP_CDS_0217	PQ826431.1	99.029	103	104	151106	3.86e-65	209
BJJLIZOP_CDS_0217	OP172791.1	99.029	103	104	151113	3.86e-65	209
BJJLIZOP_CDS_0217	PV191315.1	99.029	103	104	151674	3.86e-65	209
BJJLIZOP_CDS_0217	OP172792.1	99.029	103	104	151993	3.86e-65	209
BJJLIZOP_CDS_0217	OM386656.1	96.154	104	104	149073	4.69e-65	209
BJJLIZOP_CDS_0217	OM386659.1	96.154	104	104	149194	4.69e-65	209
BJJLIZOP_CDS_0217	KX552041.2	96.154	104	104	149813	4.69e-65	209
BJJLIZOP_CDS_0217	OM386667.1	96.154	104	104	156300	4.69e-65	209
BJJLIZOP_CDS_0217	MN850598.1	97.115	104	104	144998	1.99e-64	207
BJJLIZOP_CDS_0217	OR352956.1	97.115	104	104	149254	1.99e-64	207
BJJLIZOP_CDS_0217	MH051333.1	97.115	104	104	151671	2.74e-64	207
BJJLIZOP_CDS_0217	MW175890.1	96.154	104	104	150892	4.19e-64	207
BJJLIZOP_CDS_0217	OR544956.1	100.000	100	104	130723	8.93e-64	206
BJJLIZOP_CDS_0217	MH160766.1	100.000	100	104	149803	8.93e-64	206
BJJLIZOP_CDS_0217	OZ035743.1	96.154	104	104	142881	1.24e-63	205
BJJLIZOP_CDS_0217	MK373788.1	96.154	104	104	151194	1.24e-63	205
BJJLIZOP_CDS_0217	OZ035771.1	96.154	104	104	144811	1.79e-63	205
BJJLIZOP_CDS_0217	PV730300.1	99.000	100	104	146712	3.57e-63	204
BJJLIZOP_CDS_0217	MN850565.1	99.000	100	104	150947	4.87e-63	204
BJJLIZOP_CDS_0217	OR067838.1	93.000	100	104	149856	1.00e-59	194
BJJLIZOP_CDS_0217	PQ433349.1	93.000	100	104	151245	1.00e-59	194
BJJLIZOP_CDS_0217	MH252123.1	93.939	99	104	150925	3.75e-59	192
BJJLIZOP_CDS_0217	MN850571.1	79.612	103	104	151514	6.90e-52	172
BJJLIZOP_CDS_0218	OZ035771.1	100.000	68	68	144811	1.91e-30	108
BJJLIZOP_CDS_0218	MN850598.1	100.000	68	68	144998	1.91e-30	108
BJJLIZOP_CDS_0218	OR352956.1	100.000	68	68	149254	1.91e-30	108
BJJLIZOP_CDS_0218	OZ035728.1	100.000	68	68	149471	1.91e-30	108
BJJLIZOP_CDS_0218	OR786310.1	100.000	68	68	149880	1.91e-30	108
BJJLIZOP_CDS_0218	PQ826431.1	100.000	68	68	151106	1.91e-30	108
BJJLIZOP_CDS_0218	OP172791.1	100.000	68	68	151113	1.91e-30	108
BJJLIZOP_CDS_0218	OL505078.1	100.000	68	68	151425	1.91e-30	108
BJJLIZOP_CDS_0218	MN850571.1	100.000	68	68	151514	1.91e-30	108
BJJLIZOP_CDS_0218	PV191315.1	100.000	68	68	151674	1.91e-30	108
BJJLIZOP_CDS_0218	OL739525.1	100.000	68	68	151825	1.91e-30	108
BJJLIZOP_CDS_0218	OP172792.1	100.000	68	68	151993	1.91e-30	108
BJJLIZOP_CDS_0218	LR746137.1	100.000	68	68	152148	1.91e-30	108
BJJLIZOP_CDS_0218	PV730300.1	98.529	68	68	146712	2.82e-30	108
BJJLIZOP_CDS_0218	MN850648.1	98.529	68	68	149335	2.82e-30	108
BJJLIZOP_CDS_0218	OR062524.1	98.529	68	68	150431	2.82e-30	108
BJJLIZOP_CDS_0218	OR062529.1	98.529	68	68	151980	2.82e-30	108
BJJLIZOP_CDS_0218	OR062526.1	98.529	68	68	151980	2.82e-30	108
BJJLIZOP_CDS_0218	OR352955.1	98.529	68	68	152808	2.82e-30	108
BJJLIZOP_CDS_0218	MH252123.1	98.529	68	68	150925	3.29e-30	108
BJJLIZOP_CDS_0218	PQ433349.1	98.529	68	68	151245	3.29e-30	108
BJJLIZOP_CDS_0218	LR597654.1	100.000	68	68	150152	3.74e-30	108
BJJLIZOP_CDS_0218	MN850565.1	98.529	68	68	150947	4.91e-30	107
BJJLIZOP_CDS_0218	OM362897.1	98.529	68	68	152401	4.91e-30	107
BJJLIZOP_CDS_0218	MW175890.1	98.529	68	68	150892	8.13e-30	107
BJJLIZOP_CDS_0218	MH160766.1	94.030	67	68	149803	4.78e-29	105
BJJLIZOP_CDS_0218	OM386656.1	94.118	68	68	149073	1.83e-27	100
BJJLIZOP_CDS_0218	OM386659.1	94.118	68	68	149194	1.83e-27	100
BJJLIZOP_CDS_0218	KX552041.2	94.118	68	68	149813	1.83e-27	100
BJJLIZOP_CDS_0218	OM386667.1	94.118	68	68	156300	1.83e-27	100
BJJLIZOP_CDS_0218	OR544956.1	91.176	68	68	130723	6.13e-27	99.0
BJJLIZOP_CDS_0218	OR437326.1	91.176	68	68	148445	6.13e-27	99.0
BJJLIZOP_CDS_0218	MN850618.1	91.176	68	68	150473	6.13e-27	99.0
BJJLIZOP_CDS_0218	MT944117.1	91.176	68	68	152343	6.13e-27	99.0
BJJLIZOP_CDS_0218	OL631481.1	88.235	68	68	149818	1.18e-26	98.2
BJJLIZOP_CDS_0218	JX561091.1	88.235	68	68	147737	1.56e-26	97.8
BJJLIZOP_CDS_0218	MT496970.1	88.235	68	68	151202	1.56e-26	97.8
BJJLIZOP_CDS_0218	OP595145.1	88.235	68	68	151363	1.56e-26	97.8
BJJLIZOP_CDS_0218	OZ035743.1	86.567	67	68	142881	1.06e-25	95.5
BJJLIZOP_CDS_0218	MK373788.1	86.567	67	68	151194	1.06e-25	95.5
BJJLIZOP_CDS_0218	MZ726793.1	86.567	67	68	151660	1.06e-25	95.5
BJJLIZOP_CDS_0218	MH051333.1	86.567	67	68	151671	1.06e-25	95.5
BJJLIZOP_CDS_0218	OR067838.1	70.968	31	68	149856	8.75e-17	51.2
BJJLIZOP_CDS_0218	OR067838.1	80.000	45	68	149856	8.75e-17	48.1
BJJLIZOP_CDS_0219	OR437326.1	100.000	61	61	148445	1.45e-36	126
BJJLIZOP_CDS_0219	OR062524.1	100.000	61	61	150431	1.45e-36	126
BJJLIZOP_CDS_0219	MN850618.1	100.000	61	61	150473	1.45e-36	126
BJJLIZOP_CDS_0219	PQ826431.1	100.000	61	61	151106	1.45e-36	126
BJJLIZOP_CDS_0219	OP172791.1	100.000	61	61	151113	1.45e-36	126
BJJLIZOP_CDS_0219	MZ726793.1	100.000	61	61	151660	1.45e-36	126
BJJLIZOP_CDS_0219	OR062529.1	100.000	61	61	151980	1.45e-36	126
BJJLIZOP_CDS_0219	OR062526.1	100.000	61	61	151980	1.45e-36	126
BJJLIZOP_CDS_0219	OP172792.1	100.000	61	61	151993	1.45e-36	126
BJJLIZOP_CDS_0219	OM362897.1	100.000	61	61	152401	1.45e-36	126
BJJLIZOP_CDS_0219	OM386656.1	98.361	61	61	149073	5.03e-36	124
BJJLIZOP_CDS_0219	OM386659.1	98.361	61	61	149194	5.03e-36	124
BJJLIZOP_CDS_0219	KX552041.2	98.361	61	61	149813	5.03e-36	124
BJJLIZOP_CDS_0219	OM386667.1	98.361	61	61	156300	5.03e-36	124
BJJLIZOP_CDS_0219	OL631481.1	98.361	61	61	149818	6.41e-36	124
BJJLIZOP_CDS_0219	OR067838.1	98.361	61	61	149856	6.41e-36	124
BJJLIZOP_CDS_0219	MH252123.1	98.361	61	61	150925	6.41e-36	124
BJJLIZOP_CDS_0219	OZ035743.1	98.361	61	61	142881	9.45e-36	124
BJJLIZOP_CDS_0219	MH160766.1	98.361	61	61	149803	9.45e-36	124
BJJLIZOP_CDS_0219	MK373788.1	98.361	61	61	151194	9.45e-36	124
BJJLIZOP_CDS_0219	OP595145.1	98.361	61	61	151363	9.45e-36	124
BJJLIZOP_CDS_0219	MH051333.1	98.361	61	61	151671	9.45e-36	124
BJJLIZOP_CDS_0219	PV191315.1	98.361	61	61	151674	1.04e-35	123
BJJLIZOP_CDS_0219	OR544956.1	98.361	61	61	130723	1.23e-35	123
BJJLIZOP_CDS_0219	JX561091.1	96.721	61	61	147737	3.01e-35	122
BJJLIZOP_CDS_0219	OZ035728.1	96.721	61	61	149471	3.01e-35	122
BJJLIZOP_CDS_0219	MT496970.1	96.721	61	61	151202	3.01e-35	122
BJJLIZOP_CDS_0219	OR786310.1	95.082	61	61	149880	3.12e-35	122
BJJLIZOP_CDS_0219	MT944117.1	98.361	61	61	152343	3.19e-35	122
BJJLIZOP_CDS_0219	LR746137.1	96.721	61	61	152148	3.34e-35	122
BJJLIZOP_CDS_0219	OR352956.1	96.721	61	61	149254	3.61e-35	122
BJJLIZOP_CDS_0219	MW175890.1	96.721	61	61	150892	3.61e-35	122
BJJLIZOP_CDS_0219	OL505078.1	96.721	61	61	151425	3.61e-35	122
BJJLIZOP_CDS_0219	MN850571.1	96.721	61	61	151514	3.61e-35	122
BJJLIZOP_CDS_0219	OL739525.1	96.721	61	61	151825	3.61e-35	122
BJJLIZOP_CDS_0219	OZ035771.1	96.721	61	61	144811	3.69e-35	122
BJJLIZOP_CDS_0219	LR597654.1	96.721	61	61	150152	3.69e-35	122
BJJLIZOP_CDS_0219	PQ433349.1	96.721	61	61	151245	3.69e-35	122
BJJLIZOP_CDS_0219	OR352955.1	96.721	61	61	152808	3.69e-35	122
BJJLIZOP_CDS_0219	MN850648.1	95.082	61	61	149335	1.94e-34	120
BJJLIZOP_CDS_0219	MN850598.1	95.082	61	61	144998	2.43e-34	119
BJJLIZOP_CDS_0219	MN850565.1	95.082	61	61	150947	2.48e-34	119
BJJLIZOP_CDS_0219	PV730300.1	95.082	61	61	146712	3.19e-34	119
BJJLIZOP_CDS_0220	OM386667.1	100.000	48	48	156300	3.35e-26	95.9
BJJLIZOP_CDS_0220	OR352955.1	100.000	48	48	152808	3.35e-26	95.9
BJJLIZOP_CDS_0220	LR746137.1	100.000	48	48	152148	3.35e-26	95.9
BJJLIZOP_CDS_0220	OP172792.1	100.000	48	48	151993	3.35e-26	95.9
BJJLIZOP_CDS_0220	OR062529.1	100.000	48	48	151980	3.35e-26	95.9
BJJLIZOP_CDS_0220	OR062526.1	100.000	48	48	151980	3.35e-26	95.9
BJJLIZOP_CDS_0220	PV191315.1	100.000	48	48	151674	3.35e-26	95.9
BJJLIZOP_CDS_0220	MH051333.1	100.000	48	48	151671	3.35e-26	95.9
BJJLIZOP_CDS_0220	MN850571.1	100.000	48	48	151514	3.35e-26	95.9
BJJLIZOP_CDS_0220	OP595145.1	100.000	48	48	151363	3.35e-26	95.9
BJJLIZOP_CDS_0220	PQ433349.1	100.000	48	48	151245	3.35e-26	95.9
BJJLIZOP_CDS_0220	MT496970.1	100.000	48	48	151202	3.35e-26	95.9
BJJLIZOP_CDS_0220	MK373788.1	100.000	48	48	151194	3.35e-26	95.9
BJJLIZOP_CDS_0220	OP172791.1	100.000	48	48	151113	3.35e-26	95.9
BJJLIZOP_CDS_0220	PQ826431.1	100.000	48	48	151106	3.35e-26	95.9
BJJLIZOP_CDS_0220	MN850565.1	100.000	48	48	150947	3.35e-26	95.9
BJJLIZOP_CDS_0220	MH252123.1	100.000	48	48	150925	3.35e-26	95.9
BJJLIZOP_CDS_0220	MW175890.1	100.000	48	48	150892	3.35e-26	95.9
BJJLIZOP_CDS_0220	MN850618.1	100.000	48	48	150473	3.35e-26	95.9
BJJLIZOP_CDS_0220	OR062524.1	100.000	48	48	150431	3.35e-26	95.9
BJJLIZOP_CDS_0220	LR597654.1	100.000	48	48	150152	3.35e-26	95.9
BJJLIZOP_CDS_0220	OR786310.1	100.000	48	48	149880	3.35e-26	95.9
BJJLIZOP_CDS_0220	OR067838.1	100.000	48	48	149856	3.35e-26	95.9
BJJLIZOP_CDS_0220	OL631481.1	100.000	48	48	149818	3.35e-26	95.9
BJJLIZOP_CDS_0220	KX552041.2	100.000	48	48	149813	3.35e-26	95.9
BJJLIZOP_CDS_0220	MH160766.1	100.000	48	48	149803	3.35e-26	95.9
BJJLIZOP_CDS_0220	MN850648.1	100.000	48	48	149335	3.35e-26	95.9
BJJLIZOP_CDS_0220	OR352956.1	100.000	48	48	149254	3.35e-26	95.9
BJJLIZOP_CDS_0220	OM386659.1	100.000	48	48	149194	3.35e-26	95.9
BJJLIZOP_CDS_0220	OM386656.1	100.000	48	48	149073	3.35e-26	95.9
BJJLIZOP_CDS_0220	OR437326.1	100.000	48	48	148445	3.35e-26	95.9
BJJLIZOP_CDS_0220	PV730300.1	100.000	48	48	146712	3.35e-26	95.9
BJJLIZOP_CDS_0220	MN850598.1	100.000	48	48	144998	3.35e-26	95.9
BJJLIZOP_CDS_0220	OZ035771.1	100.000	48	48	144811	3.35e-26	95.9
BJJLIZOP_CDS_0220	OZ035743.1	100.000	48	48	142881	3.35e-26	95.9
BJJLIZOP_CDS_0220	OR544956.1	100.000	48	48	130723	3.35e-26	95.9
BJJLIZOP_CDS_0220	JX561091.1	97.917	48	48	147737	1.24e-25	94.4
BJJLIZOP_CDS_0220	OM362897.1	97.917	48	48	152401	1.39e-25	94.0
BJJLIZOP_CDS_0220	MT944117.1	97.917	48	48	152343	1.39e-25	94.0
BJJLIZOP_CDS_0220	OL739525.1	97.917	48	48	151825	1.39e-25	94.0
BJJLIZOP_CDS_0220	MZ726793.1	97.917	48	48	151660	1.39e-25	94.0
BJJLIZOP_CDS_0220	OL505078.1	97.917	48	48	151425	1.39e-25	94.0
BJJLIZOP_CDS_0220	OZ035728.1	97.917	48	48	149471	2.03e-25	93.6
BJJLIZOP_CDS_0221	OZ035743.1	100.000	117	117	142881	5.78e-75	238
BJJLIZOP_CDS_0221	OR437326.1	100.000	117	117	148445	5.78e-75	238
BJJLIZOP_CDS_0221	OM386656.1	100.000	117	117	149073	5.78e-75	238
BJJLIZOP_CDS_0221	OM386659.1	100.000	117	117	149194	5.78e-75	238
BJJLIZOP_CDS_0221	MN850648.1	100.000	117	117	149335	5.78e-75	238
BJJLIZOP_CDS_0221	MH160766.1	100.000	117	117	149803	5.78e-75	238
BJJLIZOP_CDS_0221	KX552041.2	100.000	117	117	149813	5.78e-75	238
BJJLIZOP_CDS_0221	OR067838.1	100.000	117	117	149856	5.78e-75	238
BJJLIZOP_CDS_0221	OR786310.1	100.000	117	117	149880	5.78e-75	238
BJJLIZOP_CDS_0221	LR597654.1	100.000	117	117	150152	5.78e-75	238
BJJLIZOP_CDS_0221	MN850618.1	100.000	117	117	150473	5.78e-75	238
BJJLIZOP_CDS_0221	MH252123.1	100.000	117	117	150925	5.78e-75	238
BJJLIZOP_CDS_0221	MN850565.1	100.000	117	117	150947	5.78e-75	238
BJJLIZOP_CDS_0221	OP172791.1	100.000	117	117	151113	5.78e-75	238
BJJLIZOP_CDS_0221	MK373788.1	100.000	117	117	151194	5.78e-75	238
BJJLIZOP_CDS_0221	MT496970.1	100.000	117	117	151202	5.78e-75	238
BJJLIZOP_CDS_0221	PQ433349.1	100.000	117	117	151245	5.78e-75	238
BJJLIZOP_CDS_0221	MZ726793.1	100.000	117	117	151660	5.78e-75	238
BJJLIZOP_CDS_0221	MH051333.1	100.000	117	117	151671	5.78e-75	238
BJJLIZOP_CDS_0221	PV191315.1	100.000	117	117	151674	5.78e-75	238
BJJLIZOP_CDS_0221	OL739525.1	100.000	117	117	151825	5.78e-75	238
BJJLIZOP_CDS_0221	OP172792.1	100.000	117	117	151993	5.78e-75	238
BJJLIZOP_CDS_0221	LR746137.1	100.000	117	117	152148	5.78e-75	238
BJJLIZOP_CDS_0221	MT944117.1	100.000	117	117	152343	5.78e-75	238
BJJLIZOP_CDS_0221	OM386667.1	100.000	117	117	156300	5.78e-75	238
BJJLIZOP_CDS_0221	OR544956.1	99.145	117	117	130723	7.15e-75	238
BJJLIZOP_CDS_0221	OR062524.1	99.145	117	117	150431	7.16e-75	238
BJJLIZOP_CDS_0221	OR062529.1	99.145	117	117	151980	7.16e-75	238
BJJLIZOP_CDS_0221	OR062526.1	99.145	117	117	151980	7.16e-75	238
BJJLIZOP_CDS_0221	OZ035728.1	99.145	117	117	149471	1.81e-74	237
BJJLIZOP_CDS_0221	OP595145.1	99.145	117	117	151363	2.14e-74	237
BJJLIZOP_CDS_0221	MN850598.1	99.145	117	117	144998	2.72e-74	236
BJJLIZOP_CDS_0221	OR352956.1	99.145	117	117	149254	2.72e-74	236
BJJLIZOP_CDS_0221	MW175890.1	99.145	117	117	150892	2.73e-74	236
BJJLIZOP_CDS_0221	OR352955.1	99.145	117	117	152808	2.73e-74	236
BJJLIZOP_CDS_0221	JX561091.1	98.291	117	117	147737	3.90e-74	236
BJJLIZOP_CDS_0221	OL631481.1	98.291	117	117	149818	4.47e-74	236
BJJLIZOP_CDS_0221	OZ035771.1	98.291	117	117	144811	5.37e-74	236
BJJLIZOP_CDS_0221	PQ826431.1	93.162	117	117	151106	1.59e-71	229
BJJLIZOP_CDS_0221	PV730300.1	87.179	117	117	146712	1.94e-66	214
BJJLIZOP_CDS_0221	MN850571.1	88.889	117	117	151514	8.56e-64	206
BJJLIZOP_CDS_0221	OM362897.1	84.615	117	117	152401	1.01e-63	206
BJJLIZOP_CDS_0221	OL505078.1	100.000	76	117	151425	2.06e-60	157
BJJLIZOP_CDS_0221	OL505078.1	95.349	43	117	151425	2.06e-60	89.0
BJJLIZOP_CDS_0222	LR597654.1	100.000	73	73	150152	1.43e-44	149
BJJLIZOP_CDS_0222	MK373788.1	100.000	73	73	151194	1.43e-44	149
BJJLIZOP_CDS_0222	OR437326.1	100.000	73	73	148445	1.52e-44	149
BJJLIZOP_CDS_0222	MN850648.1	100.000	73	73	149335	1.52e-44	149
BJJLIZOP_CDS_0222	OL631481.1	100.000	73	73	149818	1.52e-44	149
BJJLIZOP_CDS_0222	OR786310.1	100.000	73	73	149880	1.52e-44	149
BJJLIZOP_CDS_0222	MW175890.1	100.000	73	73	150892	1.52e-44	149
BJJLIZOP_CDS_0222	PQ826431.1	100.000	73	73	151106	1.52e-44	149
BJJLIZOP_CDS_0222	PQ433349.1	100.000	73	73	151245	1.52e-44	149
BJJLIZOP_CDS_0222	OL505078.1	100.000	73	73	151425	1.52e-44	149
BJJLIZOP_CDS_0222	OL739525.1	100.000	73	73	151825	1.52e-44	149
BJJLIZOP_CDS_0222	LR746137.1	100.000	73	73	152148	1.52e-44	149
BJJLIZOP_CDS_0222	OM386656.1	98.630	73	73	149073	2.13e-44	149
BJJLIZOP_CDS_0222	OM386659.1	98.630	73	73	149194	2.13e-44	149
BJJLIZOP_CDS_0222	OZ035728.1	98.630	73	73	149471	2.13e-44	149
BJJLIZOP_CDS_0222	KX552041.2	98.630	73	73	149813	2.13e-44	149
BJJLIZOP_CDS_0222	MH252123.1	98.630	73	73	150925	2.13e-44	149
BJJLIZOP_CDS_0222	MT496970.1	98.630	73	73	151202	2.13e-44	149
BJJLIZOP_CDS_0222	OM386667.1	98.630	73	73	156300	2.13e-44	149
BJJLIZOP_CDS_0222	MN850565.1	98.630	73	73	150947	4.55e-44	148
BJJLIZOP_CDS_0222	OP595145.1	98.630	73	73	151363	5.01e-44	148
BJJLIZOP_CDS_0222	MH051333.1	98.630	73	73	151671	5.42e-44	147
BJJLIZOP_CDS_0222	MN850598.1	98.630	73	73	144998	5.47e-44	147
BJJLIZOP_CDS_0222	JX561091.1	98.630	73	73	147737	5.47e-44	147
BJJLIZOP_CDS_0222	OR352956.1	98.630	73	73	149254	5.47e-44	147
BJJLIZOP_CDS_0222	OR352955.1	98.630	73	73	152808	5.47e-44	147
BJJLIZOP_CDS_0222	OP172792.1	98.630	73	73	151993	7.18e-44	147
BJJLIZOP_CDS_0222	MZ726793.1	97.260	73	73	151660	9.80e-44	147
BJJLIZOP_CDS_0222	MT944117.1	97.260	73	73	152343	9.80e-44	147
BJJLIZOP_CDS_0222	OP172791.1	97.260	73	73	151113	9.89e-44	147
BJJLIZOP_CDS_0222	PV191315.1	97.260	73	73	151674	9.89e-44	147
BJJLIZOP_CDS_0222	OR062524.1	97.260	73	73	150431	9.99e-44	147
BJJLIZOP_CDS_0222	OR062529.1	97.260	73	73	151980	9.99e-44	147
BJJLIZOP_CDS_0222	OR062526.1	97.260	73	73	151980	9.99e-44	147
BJJLIZOP_CDS_0222	MH160766.1	98.630	73	73	149803	1.55e-43	146
BJJLIZOP_CDS_0222	OR544956.1	97.260	73	73	130723	2.24e-43	146
BJJLIZOP_CDS_0222	MN850618.1	95.890	73	73	150473	4.29e-43	145
BJJLIZOP_CDS_0222	OZ035743.1	97.260	73	73	142881	5.85e-43	145
BJJLIZOP_CDS_0222	OZ035771.1	97.260	73	73	144811	5.85e-43	145
BJJLIZOP_CDS_0222	OM362897.1	93.151	73	73	152401	1.46e-42	144
BJJLIZOP_CDS_0222	OR067838.1	98.507	67	73	149856	3.59e-40	137
BJJLIZOP_CDS_0222	MN850571.1	83.562	73	73	151514	2.41e-39	134
BJJLIZOP_CDS_0223	OR352956.1	98.182	55	55	149254	2.59e-21	82.4
BJJLIZOP_CDS_0223	MW175890.1	98.182	55	55	150892	2.59e-21	82.4
BJJLIZOP_CDS_0223	OR352955.1	98.182	55	55	152808	2.59e-21	82.4
BJJLIZOP_CDS_0223	MH252123.1	96.364	55	55	150925	1.17e-20	80.5
BJJLIZOP_CDS_0223	OR544956.1	96.364	55	55	130723	1.37e-20	80.5
BJJLIZOP_CDS_0223	MN850618.1	96.364	55	55	150473	1.37e-20	80.5
BJJLIZOP_CDS_0223	OZ035743.1	94.545	55	55	142881	6.14e-20	78.6
BJJLIZOP_CDS_0223	OZ035771.1	94.545	55	55	144811	6.14e-20	78.6
BJJLIZOP_CDS_0223	MN850598.1	94.545	55	55	144998	6.14e-20	78.6
BJJLIZOP_CDS_0223	JX561091.1	94.545	55	55	147737	6.14e-20	78.6
BJJLIZOP_CDS_0223	OM386656.1	94.545	55	55	149073	6.14e-20	78.6
BJJLIZOP_CDS_0223	OM386659.1	94.545	55	55	149194	6.14e-20	78.6
BJJLIZOP_CDS_0223	MH160766.1	94.545	55	55	149803	6.14e-20	78.6
BJJLIZOP_CDS_0223	KX552041.2	94.545	55	55	149813	6.14e-20	78.6
BJJLIZOP_CDS_0223	OL631481.1	94.545	55	55	149818	6.14e-20	78.6
BJJLIZOP_CDS_0223	LR597654.1	94.545	55	55	150152	6.14e-20	78.6
BJJLIZOP_CDS_0223	PQ826431.1	94.545	55	55	151106	6.14e-20	78.6
BJJLIZOP_CDS_0223	OP172791.1	94.545	55	55	151113	6.14e-20	78.6
BJJLIZOP_CDS_0223	MK373788.1	94.545	55	55	151194	6.14e-20	78.6
BJJLIZOP_CDS_0223	PQ433349.1	94.545	55	55	151245	6.14e-20	78.6
BJJLIZOP_CDS_0223	MZ726793.1	94.545	55	55	151660	6.14e-20	78.6
BJJLIZOP_CDS_0223	MH051333.1	94.545	55	55	151671	6.14e-20	78.6
BJJLIZOP_CDS_0223	PV191315.1	94.545	55	55	151674	6.14e-20	78.6
BJJLIZOP_CDS_0223	OP172792.1	94.545	55	55	151993	6.14e-20	78.6
BJJLIZOP_CDS_0223	OM386667.1	94.545	55	55	156300	6.14e-20	78.6
BJJLIZOP_CDS_0223	OR067838.1	92.727	55	55	149856	1.58e-19	77.4
BJJLIZOP_CDS_0223	MN850648.1	92.727	55	55	149335	1.83e-19	77.0
BJJLIZOP_CDS_0223	OZ035728.1	92.727	55	55	149471	1.83e-19	77.0
BJJLIZOP_CDS_0223	MT496970.1	92.727	55	55	151202	1.83e-19	77.0
BJJLIZOP_CDS_0223	OP595145.1	92.727	55	55	151363	1.83e-19	77.0
BJJLIZOP_CDS_0223	OL739525.1	92.727	55	55	151825	1.83e-19	77.0
BJJLIZOP_CDS_0223	LR746137.1	92.727	55	55	152148	1.83e-19	77.0
BJJLIZOP_CDS_0223	OM362897.1	92.727	55	55	152401	1.83e-19	77.0
BJJLIZOP_CDS_0223	OR062524.1	92.727	55	55	150431	2.08e-19	77.0
BJJLIZOP_CDS_0223	MN850565.1	92.727	55	55	150947	2.08e-19	77.0
BJJLIZOP_CDS_0223	OR062529.1	92.727	55	55	151980	2.08e-19	77.0
BJJLIZOP_CDS_0223	OR062526.1	92.727	55	55	151980	2.08e-19	77.0
BJJLIZOP_CDS_0223	OR786310.1	90.909	55	55	149880	2.14e-19	77.0
BJJLIZOP_CDS_0223	MT944117.1	92.727	55	55	152343	3.35e-19	76.3
BJJLIZOP_CDS_0223	MN850571.1	92.727	55	55	151514	4.90e-19	75.9
BJJLIZOP_CDS_0223	PV730300.1	89.091	55	55	146712	4.15e-18	73.2
BJJLIZOP_CDS_0223	OL505078.1	86.207	29	55	151425	1.95e-11	54.3
BJJLIZOP_CDS_0224	OR352956.1	100.000	71	71	149254	2.76e-41	140
BJJLIZOP_CDS_0224	OR352955.1	100.000	71	71	152808	2.76e-41	140
BJJLIZOP_CDS_0224	OR067838.1	97.183	71	71	149856	4.80e-40	136
BJJLIZOP_CDS_0224	OM362897.1	97.183	71	71	152401	4.80e-40	136
BJJLIZOP_CDS_0224	OZ035771.1	97.183	71	71	144811	6.68e-40	136
BJJLIZOP_CDS_0224	JX561091.1	97.183	71	71	147737	6.68e-40	136
BJJLIZOP_CDS_0224	MN850565.1	97.183	71	71	150947	6.68e-40	136
BJJLIZOP_CDS_0224	PQ433349.1	97.183	71	71	151245	6.68e-40	136
BJJLIZOP_CDS_0224	MZ726793.1	97.183	71	71	151660	7.15e-40	136
BJJLIZOP_CDS_0224	MT944117.1	95.775	71	71	152343	2.90e-39	134
BJJLIZOP_CDS_0224	OM386659.1	94.366	71	71	149194	7.15e-39	133
BJJLIZOP_CDS_0224	MN850648.1	94.366	71	71	149335	7.15e-39	133
BJJLIZOP_CDS_0224	KX552041.2	94.366	71	71	149813	7.15e-39	133
BJJLIZOP_CDS_0224	MH252123.1	94.366	71	71	150925	7.15e-39	133
BJJLIZOP_CDS_0224	OP172791.1	94.366	71	71	151113	7.15e-39	133
BJJLIZOP_CDS_0224	OP595145.1	94.366	71	71	151363	7.15e-39	133
BJJLIZOP_CDS_0224	PV191315.1	94.366	71	71	151674	7.15e-39	133
BJJLIZOP_CDS_0224	OM386667.1	94.366	71	71	156300	7.15e-39	133
BJJLIZOP_CDS_0224	OP172792.1	92.958	71	71	151993	3.04e-38	131
BJJLIZOP_CDS_0224	PV730300.1	91.549	71	71	146712	1.16e-36	127
BJJLIZOP_CDS_0224	OL505078.1	92.424	66	71	151425	1.15e-33	118
BJJLIZOP_CDS_0224	OR786310.1	73.239	71	71	149880	4.25e-27	99.8
BJJLIZOP_CDS_0224	OR062524.1	73.239	71	71	150431	4.25e-27	99.8
BJJLIZOP_CDS_0224	OR062529.1	73.239	71	71	151980	4.25e-27	99.8
BJJLIZOP_CDS_0224	OR062526.1	73.239	71	71	151980	4.25e-27	99.8
BJJLIZOP_CDS_0224	LR746137.1	73.239	71	71	152148	4.25e-27	99.8
BJJLIZOP_CDS_0224	OZ035743.1	69.014	71	71	142881	2.74e-25	94.7
BJJLIZOP_CDS_0224	OR437326.1	69.014	71	71	148445	2.74e-25	94.7
BJJLIZOP_CDS_0224	MH160766.1	69.014	71	71	149803	2.74e-25	94.7
BJJLIZOP_CDS_0224	LR597654.1	69.014	71	71	150152	2.74e-25	94.7
BJJLIZOP_CDS_0224	MK373788.1	69.014	71	71	151194	2.74e-25	94.7
BJJLIZOP_CDS_0224	MT496970.1	69.014	71	71	151202	2.74e-25	94.7
BJJLIZOP_CDS_0224	MH051333.1	69.014	71	71	151671	2.74e-25	94.7
BJJLIZOP_CDS_0224	OL739525.1	69.014	71	71	151825	2.74e-25	94.7
BJJLIZOP_CDS_0224	OL631481.1	67.606	71	71	149818	1.40e-24	92.4
BJJLIZOP_CDS_0224	MN850618.1	67.606	71	71	150473	1.40e-24	92.4
BJJLIZOP_CDS_0224	MW175890.1	67.606	71	71	150892	1.40e-24	92.4
BJJLIZOP_CDS_0224	OR544956.1	64.789	71	71	130723	6.08e-23	87.8
BJJLIZOP_CDS_0224	PP129558.1	100.000	33	71	149967	4.88e-16	68.2
BJJLIZOP_CDS_0225	OR352956.1	98.667	75	75	149254	2.44e-44	149
BJJLIZOP_CDS_0225	OL631481.1	98.667	75	75	149818	2.44e-44	149
BJJLIZOP_CDS_0225	PP129558.1	98.667	75	75	149967	2.44e-44	149
BJJLIZOP_CDS_0225	MW175890.1	98.667	75	75	150892	2.44e-44	149
BJJLIZOP_CDS_0225	MZ726793.1	98.667	75	75	151660	2.44e-44	149
BJJLIZOP_CDS_0225	MT944117.1	98.667	75	75	152343	2.44e-44	149
BJJLIZOP_CDS_0225	MK373788.1	97.333	75	75	151194	5.91e-44	147
BJJLIZOP_CDS_0225	OR544956.1	96.000	75	75	130723	8.38e-44	147
BJJLIZOP_CDS_0225	OZ035743.1	96.000	75	75	142881	8.38e-44	147
BJJLIZOP_CDS_0225	MN850598.1	96.000	75	75	144998	8.38e-44	147
BJJLIZOP_CDS_0225	OR437326.1	96.000	75	75	148445	8.38e-44	147
BJJLIZOP_CDS_0225	MH160766.1	96.000	75	75	149803	8.38e-44	147
BJJLIZOP_CDS_0225	LR597654.1	96.000	75	75	150152	8.38e-44	147
BJJLIZOP_CDS_0225	OR062524.1	96.000	75	75	150431	8.38e-44	147
BJJLIZOP_CDS_0225	MN850618.1	96.000	75	75	150473	8.38e-44	147
BJJLIZOP_CDS_0225	MH051333.1	96.000	75	75	151671	8.38e-44	147
BJJLIZOP_CDS_0225	OR062529.1	96.000	75	75	151980	8.38e-44	147
BJJLIZOP_CDS_0225	OR062526.1	96.000	75	75	151980	8.38e-44	147
BJJLIZOP_CDS_0225	MN850648.1	94.667	75	75	149335	1.46e-43	146
BJJLIZOP_CDS_0225	OZ035728.1	94.667	75	75	149471	1.46e-43	146
BJJLIZOP_CDS_0225	OR786310.1	94.667	75	75	149880	1.46e-43	146
BJJLIZOP_CDS_0225	PQ826431.1	94.667	75	75	151106	1.46e-43	146
BJJLIZOP_CDS_0225	OP172791.1	94.667	75	75	151113	1.46e-43	146
BJJLIZOP_CDS_0225	OP595145.1	94.667	75	75	151363	1.46e-43	146
BJJLIZOP_CDS_0225	PV191315.1	94.667	75	75	151674	1.46e-43	146
BJJLIZOP_CDS_0225	OL739525.1	94.667	75	75	151825	1.46e-43	146
BJJLIZOP_CDS_0225	LR746137.1	94.667	75	75	152148	1.46e-43	146
BJJLIZOP_CDS_0225	MH252123.1	94.667	75	75	150925	3.14e-43	145
BJJLIZOP_CDS_0225	MT496970.1	96.000	75	75	151202	3.33e-43	145
BJJLIZOP_CDS_0225	OL505078.1	96.000	75	75	151425	4.91e-43	145
BJJLIZOP_CDS_0225	OR352955.1	97.333	75	75	152808	5.36e-43	145
BJJLIZOP_CDS_0225	OM386659.1	97.297	74	75	149194	6.50e-43	145
BJJLIZOP_CDS_0225	KX552041.2	97.297	74	75	149813	6.50e-43	145
BJJLIZOP_CDS_0225	OM386667.1	97.297	74	75	156300	6.50e-43	145
BJJLIZOP_CDS_0225	OR067838.1	94.667	75	75	149856	1.72e-42	143
BJJLIZOP_CDS_0225	OZ035771.1	93.333	75	75	144811	3.05e-42	143
BJJLIZOP_CDS_0225	MN850565.1	82.667	75	75	150947	9.46e-37	127
BJJLIZOP_CDS_0225	MN850571.1	81.333	75	75	151514	2.40e-36	126
BJJLIZOP_CDS_0225	JX561091.1	81.333	75	75	147737	3.76e-36	125
BJJLIZOP_CDS_0225	PQ433349.1	81.333	75	75	151245	4.06e-36	125
BJJLIZOP_CDS_0225	OQ031492.1	84.000	75	75	149246	4.52e-36	125
BJJLIZOP_CDS_0225	PV730300.1	80.000	75	75	146712	1.85e-34	120
BJJLIZOP_CDS_0225	KX664695.3	80.000	75	75	149268	2.08e-34	120
BJJLIZOP_CDS_0225	OM362897.1	78.378	74	75	152401	1.42e-33	118
BJJLIZOP_CDS_0225	OP172792.1	77.333	75	75	151993	2.34e-33	117
BJJLIZOP_CDS_0226	OR544956.1	100.000	79	79	130723	3.01e-41	140
BJJLIZOP_CDS_0226	MN850618.1	100.000	79	79	150473	3.01e-41	140
BJJLIZOP_CDS_0226	MN850598.1	100.000	79	79	144998	3.41e-41	140
BJJLIZOP_CDS_0226	OZ035728.1	100.000	79	79	149471	3.41e-41	140
BJJLIZOP_CDS_0226	MT496970.1	100.000	79	79	151202	3.41e-41	140
BJJLIZOP_CDS_0226	OP595145.1	100.000	79	79	151363	3.41e-41	140
BJJLIZOP_CDS_0226	OZ035771.1	100.000	79	79	144811	6.93e-41	139
BJJLIZOP_CDS_0226	MN850571.1	100.000	79	79	151514	6.93e-41	139
BJJLIZOP_CDS_0226	OM386659.1	98.734	79	79	149194	2.08e-40	138
BJJLIZOP_CDS_0226	KX552041.2	98.734	79	79	149813	2.08e-40	138
BJJLIZOP_CDS_0226	OM386667.1	98.734	79	79	156300	2.08e-40	138
BJJLIZOP_CDS_0226	OL505078.1	96.203	79	79	151425	3.18e-39	134
BJJLIZOP_CDS_0226	OP172792.1	91.139	79	79	151993	1.88e-38	132
BJJLIZOP_CDS_0226	OR437326.1	92.405	79	79	148445	3.06e-38	132
BJJLIZOP_CDS_0226	OQ031492.1	92.405	79	79	149246	3.06e-38	132
BJJLIZOP_CDS_0226	PQ826431.1	92.405	79	79	151106	3.06e-38	132
BJJLIZOP_CDS_0226	OP172791.1	92.405	79	79	151113	3.06e-38	132
BJJLIZOP_CDS_0226	PV191315.1	92.405	79	79	151674	3.06e-38	132
BJJLIZOP_CDS_0226	MN850648.1	91.139	79	79	149335	1.12e-37	130
BJJLIZOP_CDS_0226	OZ035743.1	93.671	79	79	142881	1.18e-37	130
BJJLIZOP_CDS_0226	MH160766.1	93.671	79	79	149803	1.18e-37	130
BJJLIZOP_CDS_0226	LR597654.1	93.671	79	79	150152	1.18e-37	130
BJJLIZOP_CDS_0226	MH051333.1	93.671	79	79	151671	1.18e-37	130
BJJLIZOP_CDS_0226	LR746137.1	88.608	79	79	152148	1.34e-37	130
BJJLIZOP_CDS_0226	OL631481.1	92.405	79	79	149818	1.38e-37	130
BJJLIZOP_CDS_0226	MW175890.1	92.405	79	79	150892	1.38e-37	130
BJJLIZOP_CDS_0226	OR786310.1	91.139	79	79	149880	1.67e-37	129
BJJLIZOP_CDS_0226	MH252123.1	89.873	79	79	150925	2.67e-37	129
BJJLIZOP_CDS_0226	OL739525.1	88.608	79	79	151825	4.09e-36	125
BJJLIZOP_CDS_0226	OR067838.1	88.608	79	79	149856	1.72e-35	124
BJJLIZOP_CDS_0226	KX664695.3	82.278	79	79	149268	1.55e-32	115
BJJLIZOP_CDS_0226	OR062524.1	72.152	79	79	150431	7.35e-31	110
BJJLIZOP_CDS_0226	OR062529.1	72.152	79	79	151980	7.35e-31	110
BJJLIZOP_CDS_0226	OR062526.1	72.152	79	79	151980	7.35e-31	110
BJJLIZOP_CDS_0226	PV730300.1	69.620	79	79	146712	2.87e-29	106
BJJLIZOP_CDS_0226	MN850565.1	69.620	79	79	150947	1.88e-28	103
BJJLIZOP_CDS_0226	PP129558.1	68.354	79	79	149967	7.32e-28	102
BJJLIZOP_CDS_0226	PQ433349.1	68.354	79	79	151245	7.32e-28	102
BJJLIZOP_CDS_0226	OR352956.1	68.354	79	79	149254	7.61e-28	102
BJJLIZOP_CDS_0226	MK373788.1	68.354	79	79	151194	7.61e-28	102
BJJLIZOP_CDS_0226	MZ726793.1	68.354	79	79	151660	7.61e-28	102
BJJLIZOP_CDS_0226	MT944117.1	68.354	79	79	152343	7.61e-28	102
BJJLIZOP_CDS_0226	OR352955.1	68.354	79	79	152808	7.61e-28	102
BJJLIZOP_CDS_0226	OM362897.1	68.354	79	79	152401	4.83e-27	100
BJJLIZOP_CDS_0227	OR352956.1	100.000	121	121	149254	2.05e-79	251
BJJLIZOP_CDS_0227	OR352955.1	100.000	121	121	152808	2.05e-79	251
BJJLIZOP_CDS_0227	OZ035743.1	100.000	121	121	142881	3.02e-79	251
BJJLIZOP_CDS_0227	MH160766.1	100.000	121	121	149803	3.02e-79	251
BJJLIZOP_CDS_0227	LR597654.1	100.000	121	121	150152	3.02e-79	251
BJJLIZOP_CDS_0227	MH051333.1	100.000	121	121	151671	3.02e-79	251
BJJLIZOP_CDS_0227	MN850598.1	99.174	121	121	144998	4.91e-79	250
BJJLIZOP_CDS_0227	OR062524.1	99.174	121	121	150431	4.91e-79	250
BJJLIZOP_CDS_0227	OP172791.1	99.174	121	121	151113	4.91e-79	250
BJJLIZOP_CDS_0227	MT496970.1	99.174	121	121	151202	4.91e-79	250
BJJLIZOP_CDS_0227	OP595145.1	99.174	121	121	151363	4.91e-79	250
BJJLIZOP_CDS_0227	OR062529.1	99.174	121	121	151980	4.91e-79	250
BJJLIZOP_CDS_0227	OR062526.1	99.174	121	121	151980	4.91e-79	250
BJJLIZOP_CDS_0227	MZ726793.1	99.174	121	121	151660	5.46e-79	250
BJJLIZOP_CDS_0227	MT944117.1	99.174	121	121	152343	5.46e-79	250
BJJLIZOP_CDS_0227	OL505078.1	98.347	121	121	151425	7.59e-79	250
BJJLIZOP_CDS_0227	OL631481.1	99.174	121	121	149818	1.02e-78	249
BJJLIZOP_CDS_0227	OQ031492.1	99.174	121	121	149246	1.20e-78	249
BJJLIZOP_CDS_0227	OL739525.1	99.174	121	121	151825	1.40e-78	249
BJJLIZOP_CDS_0227	PQ433349.1	98.347	121	121	151245	2.47e-78	248
BJJLIZOP_CDS_0227	OP172792.1	98.347	121	121	151993	2.86e-78	248
BJJLIZOP_CDS_0227	MN850648.1	98.347	121	121	149335	3.06e-78	248
BJJLIZOP_CDS_0227	MK373788.1	98.347	121	121	151194	3.64e-78	248
BJJLIZOP_CDS_0227	MH252123.1	98.347	121	121	150925	3.94e-78	248
BJJLIZOP_CDS_0227	OZ035771.1	97.521	121	121	144811	6.15e-78	247
BJJLIZOP_CDS_0227	OM386656.1	97.521	121	121	149073	6.15e-78	247
BJJLIZOP_CDS_0227	OM386659.1	97.521	121	121	149194	6.15e-78	247
BJJLIZOP_CDS_0227	KX552041.2	97.521	121	121	149813	6.15e-78	247
BJJLIZOP_CDS_0227	MN850571.1	97.521	121	121	151514	6.15e-78	247
BJJLIZOP_CDS_0227	OM386667.1	97.521	121	121	156300	6.15e-78	247
BJJLIZOP_CDS_0227	MN850565.1	96.694	121	121	150947	7.18e-78	247
BJJLIZOP_CDS_0227	OR067838.1	97.521	121	121	149856	7.32e-78	247
BJJLIZOP_CDS_0227	KX664695.3	96.694	121	121	149268	1.22e-77	246
BJJLIZOP_CDS_0227	PV191315.1	97.521	121	121	151674	1.50e-77	246
BJJLIZOP_CDS_0227	PV730300.1	95.868	121	121	146712	3.99e-77	245
BJJLIZOP_CDS_0227	PQ826431.1	98.347	121	121	151106	4.19e-77	245
BJJLIZOP_CDS_0227	OZ035728.1	97.521	121	121	149471	1.61e-76	243
BJJLIZOP_CDS_0227	MW175890.1	96.694	121	121	150892	1.67e-76	243
BJJLIZOP_CDS_0227	OR786310.1	96.694	121	121	149880	2.37e-76	243
BJJLIZOP_CDS_0227	OM362897.1	96.694	121	121	152401	1.14e-75	241
BJJLIZOP_CDS_0227	OR437326.1	96.694	121	121	148445	1.51e-75	240
BJJLIZOP_CDS_0227	OR544956.1	95.868	121	121	130723	7.91e-75	238
BJJLIZOP_CDS_0227	MN850618.1	95.868	121	121	150473	7.92e-75	238
BJJLIZOP_CDS_0227	LR746137.1	95.652	115	121	152148	2.31e-72	231
BJJLIZOP_CDS_0227	PP129558.1	90.909	121	121	149967	2.04e-70	226
BJJLIZOP_CDS_0228	MH051333.1	100.000	29	29	151671	4.67e-12	54.7
BJJLIZOP_CDS_0228	PQ433349.1	100.000	29	29	151245	4.67e-12	54.7
BJJLIZOP_CDS_0228	MW175890.1	100.000	29	29	150892	4.67e-12	54.7
BJJLIZOP_CDS_0228	LR597654.1	100.000	29	29	150152	4.67e-12	54.7
BJJLIZOP_CDS_0228	OL631481.1	100.000	29	29	149818	4.67e-12	54.7
BJJLIZOP_CDS_0228	MH160766.1	100.000	29	29	149803	4.67e-12	54.7
BJJLIZOP_CDS_0228	OZ035743.1	100.000	29	29	142881	4.67e-12	54.7
BJJLIZOP_CDS_0228	LR746137.1	100.000	28	29	152148	2.41e-11	52.8
BJJLIZOP_CDS_0228	OR062529.1	100.000	28	29	151980	2.41e-11	52.8
BJJLIZOP_CDS_0228	OR062526.1	100.000	28	29	151980	2.41e-11	52.8
BJJLIZOP_CDS_0228	OL739525.1	100.000	28	29	151825	2.41e-11	52.8
BJJLIZOP_CDS_0228	OL505078.1	100.000	28	29	151425	2.41e-11	52.8
BJJLIZOP_CDS_0228	OP595145.1	100.000	28	29	151363	2.41e-11	52.8
BJJLIZOP_CDS_0228	MT496970.1	100.000	28	29	151202	2.41e-11	52.8
BJJLIZOP_CDS_0228	MK373788.1	100.000	28	29	151194	2.41e-11	52.8
BJJLIZOP_CDS_0228	OP172791.1	100.000	28	29	151113	2.41e-11	52.8
BJJLIZOP_CDS_0228	PQ826431.1	100.000	28	29	151106	2.41e-11	52.8
BJJLIZOP_CDS_0228	OR062524.1	100.000	28	29	150431	2.41e-11	52.8
BJJLIZOP_CDS_0228	KX552041.2	100.000	28	29	149813	2.41e-11	52.8
BJJLIZOP_CDS_0228	OM386656.1	100.000	28	29	149073	2.41e-11	52.8
BJJLIZOP_CDS_0228	MN850598.1	100.000	28	29	144998	2.41e-11	52.8
BJJLIZOP_CDS_0228	OZ035771.1	100.000	28	29	144811	2.41e-11	52.8
BJJLIZOP_CDS_0228	OM386667.1	100.000	28	29	156300	2.51e-11	52.4
BJJLIZOP_CDS_0228	OM386659.1	100.000	28	29	149194	2.51e-11	52.4
BJJLIZOP_CDS_0228	OR544956.1	93.103	29	29	130723	1.02e-10	50.8
BJJLIZOP_CDS_0228	PV191315.1	92.857	28	29	151674	5.81e-10	48.5
BJJLIZOP_CDS_0228	MN850618.1	92.857	28	29	150473	5.81e-10	48.5
BJJLIZOP_CDS_0228	OR437326.1	92.857	28	29	148445	5.81e-10	48.5
BJJLIZOP_CDS_0229	OR544956.1	100.000	59	59	130723	1.30e-33	117
BJJLIZOP_CDS_0229	OZ035743.1	100.000	59	59	142881	1.30e-33	117
BJJLIZOP_CDS_0229	MN850598.1	100.000	59	59	144998	1.30e-33	117
BJJLIZOP_CDS_0229	MH160766.1	100.000	59	59	149803	1.30e-33	117
BJJLIZOP_CDS_0229	OL631481.1	100.000	59	59	149818	1.30e-33	117
BJJLIZOP_CDS_0229	LR597654.1	100.000	59	59	150152	1.30e-33	117
BJJLIZOP_CDS_0229	OR062524.1	100.000	59	59	150431	1.30e-33	117
BJJLIZOP_CDS_0229	MN850618.1	100.000	59	59	150473	1.30e-33	117
BJJLIZOP_CDS_0229	MW175890.1	100.000	59	59	150892	1.30e-33	117
BJJLIZOP_CDS_0229	PQ826431.1	100.000	59	59	151106	1.30e-33	117
BJJLIZOP_CDS_0229	OP172791.1	100.000	59	59	151113	1.30e-33	117
BJJLIZOP_CDS_0229	MT496970.1	100.000	59	59	151202	1.30e-33	117
BJJLIZOP_CDS_0229	PQ433349.1	100.000	59	59	151245	1.30e-33	117
BJJLIZOP_CDS_0229	OP595145.1	100.000	59	59	151363	1.30e-33	117
BJJLIZOP_CDS_0229	OL505078.1	100.000	59	59	151425	1.30e-33	117
BJJLIZOP_CDS_0229	MH051333.1	100.000	59	59	151671	1.30e-33	117
BJJLIZOP_CDS_0229	PV191315.1	100.000	59	59	151674	1.30e-33	117
BJJLIZOP_CDS_0229	OR062529.1	100.000	59	59	151980	1.30e-33	117
BJJLIZOP_CDS_0229	OR062526.1	100.000	59	59	151980	1.30e-33	117
BJJLIZOP_CDS_0229	OL739525.1	98.305	59	59	151825	2.20e-33	117
BJJLIZOP_CDS_0229	OZ035771.1	98.305	59	59	144811	4.57e-33	115
BJJLIZOP_CDS_0229	OM386656.1	98.305	59	59	149073	4.57e-33	115
BJJLIZOP_CDS_0229	KX552041.2	98.305	59	59	149813	4.57e-33	115
BJJLIZOP_CDS_0229	MK373788.1	98.305	59	59	151194	4.57e-33	115
BJJLIZOP_CDS_0229	OR437326.1	98.305	59	59	148445	5.04e-33	115
BJJLIZOP_CDS_0229	LR746137.1	98.305	59	59	152148	7.72e-33	115
BJJLIZOP_CDS_0229	OM386659.1	96.610	59	59	149194	1.87e-32	114
BJJLIZOP_CDS_0229	OM386667.1	96.610	59	59	156300	1.87e-32	114
BJJLIZOP_CDS_0230	MZ726793.1	100.000	185	185	151660	8.96e-111	344
BJJLIZOP_CDS_0230	MT944117.1	100.000	185	185	152343	8.96e-111	344
BJJLIZOP_CDS_0230	OR544956.1	99.459	185	185	130723	1.26e-110	344
BJJLIZOP_CDS_0230	JX561091.1	99.459	185	185	147737	1.26e-110	344
BJJLIZOP_CDS_0230	MN850618.1	99.459	185	185	150473	1.26e-110	344
BJJLIZOP_CDS_0230	MT496970.1	99.459	185	185	151202	1.26e-110	344
BJJLIZOP_CDS_0230	MK373788.1	98.919	185	185	151194	1.56e-110	344
BJJLIZOP_CDS_0230	OR352956.1	99.459	185	185	149254	1.67e-110	343
BJJLIZOP_CDS_0230	OR062524.1	98.919	185	185	150431	2.14e-110	343
BJJLIZOP_CDS_0230	PV191315.1	98.919	185	185	151674	2.14e-110	343
BJJLIZOP_CDS_0230	OR062529.1	98.919	185	185	151980	2.14e-110	343
BJJLIZOP_CDS_0230	OR062526.1	98.919	185	185	151980	2.14e-110	343
BJJLIZOP_CDS_0230	OZ035743.1	98.919	185	185	142881	2.62e-110	343
BJJLIZOP_CDS_0230	MN850598.1	98.919	185	185	144998	2.62e-110	343
BJJLIZOP_CDS_0230	OM386656.1	98.919	185	185	149073	2.62e-110	343
BJJLIZOP_CDS_0230	OM386659.1	98.919	185	185	149194	2.62e-110	343
BJJLIZOP_CDS_0230	OQ031492.1	98.919	185	185	149246	2.62e-110	343
BJJLIZOP_CDS_0230	MH160766.1	98.919	185	185	149803	2.62e-110	343
BJJLIZOP_CDS_0230	KX552041.2	98.919	185	185	149813	2.62e-110	343
BJJLIZOP_CDS_0230	OL631481.1	98.919	185	185	149818	2.62e-110	343
BJJLIZOP_CDS_0230	OR786310.1	98.919	185	185	149880	2.62e-110	343
BJJLIZOP_CDS_0230	LR597654.1	98.919	185	185	150152	2.62e-110	343
BJJLIZOP_CDS_0230	PQ433349.1	98.919	185	185	151245	2.62e-110	343
BJJLIZOP_CDS_0230	MH051333.1	98.919	185	185	151671	2.62e-110	343
BJJLIZOP_CDS_0230	OL739525.1	98.919	185	185	151825	2.62e-110	343
BJJLIZOP_CDS_0230	OM386667.1	98.919	185	185	156300	2.62e-110	343
BJJLIZOP_CDS_0230	MN850648.1	98.378	185	185	149335	2.98e-110	343
BJJLIZOP_CDS_0230	LR746137.1	98.919	185	185	152148	3.79e-110	343
BJJLIZOP_CDS_0230	OZ035728.1	98.378	185	185	149471	4.47e-110	342
BJJLIZOP_CDS_0230	PQ826431.1	98.378	185	185	151106	4.47e-110	342
BJJLIZOP_CDS_0230	OP172791.1	98.378	185	185	151113	4.47e-110	342
BJJLIZOP_CDS_0230	OP595145.1	98.378	185	185	151363	4.47e-110	342
BJJLIZOP_CDS_0230	MW175890.1	98.919	185	185	150892	6.46e-110	342
BJJLIZOP_CDS_0230	KX664695.3	98.378	185	185	149268	7.54e-110	342
BJJLIZOP_CDS_0230	OR437326.1	97.838	185	185	148445	1.30e-109	341
BJJLIZOP_CDS_0230	OR352955.1	98.378	185	185	152808	1.47e-109	341
BJJLIZOP_CDS_0230	MN850571.1	98.378	185	185	151514	1.77e-109	341
BJJLIZOP_CDS_0230	OM362897.1	98.378	185	185	152401	2.53e-109	340
BJJLIZOP_CDS_0230	OZ035771.1	97.838	185	185	144811	3.01e-109	340
BJJLIZOP_CDS_0230	MN850565.1	97.838	185	185	150947	5.75e-109	339
BJJLIZOP_CDS_0230	OP172792.1	97.838	185	185	151993	1.37e-108	338
BJJLIZOP_CDS_0230	PP129558.1	96.757	185	185	149967	3.13e-108	337
BJJLIZOP_CDS_0230	MH252123.1	97.838	185	185	150925	4.26e-108	337
BJJLIZOP_CDS_0230	OL505078.1	96.757	185	185	151425	6.66e-108	336
BJJLIZOP_CDS_0230	PV730300.1	96.175	183	185	146712	2.60e-107	335
BJJLIZOP_CDS_0230	OR067838.1	97.170	106	185	149856	1.30e-89	178
BJJLIZOP_CDS_0230	OR067838.1	97.531	81	185	149856	1.30e-89	167
BJJLIZOP_CDS_0231	MZ726793.1	100.000	85	85	151660	4.02e-54	177
BJJLIZOP_CDS_0231	OR544956.1	98.824	85	85	130723	1.50e-53	176
BJJLIZOP_CDS_0231	OZ035743.1	98.824	85	85	142881	1.50e-53	176
BJJLIZOP_CDS_0231	OZ035771.1	98.824	85	85	144811	1.50e-53	176
BJJLIZOP_CDS_0231	JX561091.1	98.824	85	85	147737	1.50e-53	176
BJJLIZOP_CDS_0231	OR437326.1	98.824	85	85	148445	1.50e-53	176
BJJLIZOP_CDS_0231	OM386659.1	98.824	85	85	149194	1.50e-53	176
BJJLIZOP_CDS_0231	OQ031492.1	98.824	85	85	149246	1.50e-53	176
BJJLIZOP_CDS_0231	OR352956.1	98.824	85	85	149254	1.50e-53	176
BJJLIZOP_CDS_0231	KX664695.3	98.824	85	85	149268	1.50e-53	176
BJJLIZOP_CDS_0231	MN850648.1	98.824	85	85	149335	1.50e-53	176
BJJLIZOP_CDS_0231	OZ035728.1	98.824	85	85	149471	1.50e-53	176
BJJLIZOP_CDS_0231	MH160766.1	98.824	85	85	149803	1.50e-53	176
BJJLIZOP_CDS_0231	OL631481.1	98.824	85	85	149818	1.50e-53	176
BJJLIZOP_CDS_0231	OR786310.1	98.824	85	85	149880	1.50e-53	176
BJJLIZOP_CDS_0231	LR597654.1	98.824	85	85	150152	1.50e-53	176
BJJLIZOP_CDS_0231	OR062524.1	98.824	85	85	150431	1.50e-53	176
BJJLIZOP_CDS_0231	MN850618.1	98.824	85	85	150473	1.50e-53	176
BJJLIZOP_CDS_0231	MW175890.1	98.824	85	85	150892	1.50e-53	176
BJJLIZOP_CDS_0231	MH252123.1	98.824	85	85	150925	1.50e-53	176
BJJLIZOP_CDS_0231	PQ826431.1	98.824	85	85	151106	1.50e-53	176
BJJLIZOP_CDS_0231	OP172791.1	98.824	85	85	151113	1.50e-53	176
BJJLIZOP_CDS_0231	MK373788.1	98.824	85	85	151194	1.50e-53	176
BJJLIZOP_CDS_0231	MT496970.1	98.824	85	85	151202	1.50e-53	176
BJJLIZOP_CDS_0231	PQ433349.1	98.824	85	85	151245	1.50e-53	176
BJJLIZOP_CDS_0231	OP595145.1	98.824	85	85	151363	1.50e-53	176
BJJLIZOP_CDS_0231	MH051333.1	98.824	85	85	151671	1.50e-53	176
BJJLIZOP_CDS_0231	PV191315.1	98.824	85	85	151674	1.50e-53	176
BJJLIZOP_CDS_0231	OL739525.1	98.824	85	85	151825	1.50e-53	176
BJJLIZOP_CDS_0231	OR062529.1	98.824	85	85	151980	1.50e-53	176
BJJLIZOP_CDS_0231	OR062526.1	98.824	85	85	151980	1.50e-53	176
BJJLIZOP_CDS_0231	OP172792.1	98.824	85	85	151993	1.50e-53	176
BJJLIZOP_CDS_0231	LR746137.1	98.824	85	85	152148	1.50e-53	176
BJJLIZOP_CDS_0231	MT944117.1	98.824	85	85	152343	1.50e-53	176
BJJLIZOP_CDS_0231	OR352955.1	98.824	85	85	152808	1.50e-53	176
BJJLIZOP_CDS_0231	OM386667.1	98.824	85	85	156300	1.50e-53	176
BJJLIZOP_CDS_0231	OM386656.1	98.824	85	85	149073	2.61e-53	175
BJJLIZOP_CDS_0231	KX552041.2	98.824	85	85	149813	2.61e-53	175
BJJLIZOP_CDS_0231	PP129558.1	97.647	85	85	149967	7.31e-53	174
BJJLIZOP_CDS_0231	MN850565.1	97.647	85	85	150947	7.31e-53	174
BJJLIZOP_CDS_0231	MN850571.1	97.647	85	85	151514	7.31e-53	174
BJJLIZOP_CDS_0231	OM362897.1	97.647	85	85	152401	1.03e-52	173
BJJLIZOP_CDS_0231	MN850598.1	97.647	85	85	144998	1.27e-52	173
BJJLIZOP_CDS_0231	PV730300.1	96.471	85	85	146712	5.29e-52	171
BJJLIZOP_CDS_0231	OL505078.1	96.471	85	85	151425	1.66e-51	170
BJJLIZOP_CDS_0231	OR067838.1	97.590	83	85	149856	3.87e-51	169
BJJLIZOP_CDS_0232	OL631481.1	100.000	110	110	149818	1.00e-71	229
BJJLIZOP_CDS_0232	OR067838.1	100.000	110	110	149856	1.00e-71	229
BJJLIZOP_CDS_0232	MN850565.1	100.000	110	110	150947	1.00e-71	229
BJJLIZOP_CDS_0232	MZ726793.1	100.000	110	110	151660	1.00e-71	229
BJJLIZOP_CDS_0232	LR746137.1	100.000	110	110	152148	1.00e-71	229
BJJLIZOP_CDS_0232	PQ826431.1	99.091	110	110	151106	5.78e-71	227
BJJLIZOP_CDS_0232	PQ433349.1	99.091	110	110	151245	5.78e-71	227
BJJLIZOP_CDS_0232	MN850571.1	99.091	110	110	151514	8.43e-71	226
BJJLIZOP_CDS_0232	OZ035728.1	99.091	110	110	149471	1.48e-70	226
BJJLIZOP_CDS_0232	MT944117.1	97.273	110	110	152343	4.02e-70	224
BJJLIZOP_CDS_0232	OP172791.1	99.091	110	110	151113	2.15e-69	222
BJJLIZOP_CDS_0232	MT496970.1	96.364	110	110	151202	8.06e-68	218
BJJLIZOP_CDS_0232	KX664695.3	100.000	99	110	149268	4.88e-63	204
BJJLIZOP_CDS_0232	OL505078.1	100.000	99	110	151425	4.88e-63	204
BJJLIZOP_CDS_0232	OL739525.1	100.000	99	110	151825	4.88e-63	204
BJJLIZOP_CDS_0232	OZ035743.1	98.990	99	110	142881	2.74e-62	202
BJJLIZOP_CDS_0232	MH160766.1	98.990	99	110	149803	2.74e-62	202
BJJLIZOP_CDS_0232	LR597654.1	98.990	99	110	150152	2.74e-62	202
BJJLIZOP_CDS_0232	MH051333.1	97.980	99	110	151671	4.00e-62	201
BJJLIZOP_CDS_0232	MN850598.1	98.990	99	110	144998	4.62e-62	201
BJJLIZOP_CDS_0232	MN850648.1	98.990	99	110	149335	4.63e-62	201
BJJLIZOP_CDS_0232	OR062524.1	98.990	99	110	150431	4.63e-62	201
BJJLIZOP_CDS_0232	MW175890.1	98.990	99	110	150892	4.63e-62	201
BJJLIZOP_CDS_0232	OR062529.1	98.990	99	110	151980	4.63e-62	201
BJJLIZOP_CDS_0232	OR062526.1	98.990	99	110	151980	4.63e-62	201
BJJLIZOP_CDS_0232	OR352955.1	97.980	99	110	152808	1.04e-61	200
BJJLIZOP_CDS_0232	OQ031492.1	97.980	99	110	149246	3.28e-61	199
BJJLIZOP_CDS_0232	PP129558.1	97.980	99	110	149967	3.28e-61	199
BJJLIZOP_CDS_0232	OZ035771.1	89.091	110	110	144811	1.46e-60	197
BJJLIZOP_CDS_0232	OM386656.1	95.960	99	110	149073	2.28e-60	196
BJJLIZOP_CDS_0232	OM386659.1	95.960	99	110	149194	2.28e-60	196
BJJLIZOP_CDS_0232	OR352956.1	95.960	99	110	149254	2.28e-60	196
BJJLIZOP_CDS_0232	KX552041.2	95.960	99	110	149813	2.28e-60	196
BJJLIZOP_CDS_0232	OR786310.1	95.960	99	110	149880	2.28e-60	196
BJJLIZOP_CDS_0232	MN850618.1	95.960	99	110	150473	2.28e-60	196
BJJLIZOP_CDS_0232	MH252123.1	95.960	99	110	150925	2.28e-60	196
BJJLIZOP_CDS_0232	MK373788.1	95.960	99	110	151194	2.28e-60	196
BJJLIZOP_CDS_0232	PV191315.1	95.960	99	110	151674	2.28e-60	196
BJJLIZOP_CDS_0232	OM386667.1	95.960	99	110	156300	2.28e-60	196
BJJLIZOP_CDS_0232	OP595145.1	94.949	99	110	151363	3.63e-60	196
BJJLIZOP_CDS_0232	OR544956.1	94.949	99	110	130723	1.07e-59	194
BJJLIZOP_CDS_0232	OR437326.1	94.949	99	110	148445	2.62e-59	193
BJJLIZOP_CDS_0232	JX561091.1	93.939	99	110	147737	5.84e-58	189
BJJLIZOP_CDS_0232	OM362897.1	93.069	101	110	152401	2.06e-57	188
BJJLIZOP_CDS_0232	OP172792.1	87.500	104	110	151993	1.48e-55	182
BJJLIZOP_CDS_0232	PV730300.1	89.655	58	110	146712	4.42e-45	103
BJJLIZOP_CDS_0232	PV730300.1	97.727	44	110	146712	4.42e-45	91.7
BJJLIZOP_CDS_0233	OM362897.1	100.000	65	65	152401	1.82e-39	134
BJJLIZOP_CDS_0233	MZ726793.1	100.000	65	65	151660	2.08e-39	134
BJJLIZOP_CDS_0233	MT944117.1	100.000	65	65	152343	2.08e-39	134
BJJLIZOP_CDS_0233	OR437326.1	95.385	65	65	148445	1.47e-37	129
BJJLIZOP_CDS_0233	MN850618.1	95.385	65	65	150473	1.47e-37	129
BJJLIZOP_CDS_0233	OP172791.1	95.385	65	65	151113	1.57e-37	129
BJJLIZOP_CDS_0233	JX561091.1	95.385	65	65	147737	1.65e-37	129
BJJLIZOP_CDS_0233	OZ035728.1	95.385	65	65	149471	1.73e-37	129
BJJLIZOP_CDS_0233	MT496970.1	95.385	65	65	151202	1.73e-37	129
BJJLIZOP_CDS_0233	PV191315.1	95.385	65	65	151674	1.73e-37	129
BJJLIZOP_CDS_0233	OZ035743.1	93.846	65	65	142881	1.81e-37	129
BJJLIZOP_CDS_0233	MN850598.1	93.846	65	65	144998	1.81e-37	129
BJJLIZOP_CDS_0233	OM386656.1	93.846	65	65	149073	1.81e-37	129
BJJLIZOP_CDS_0233	OM386659.1	93.846	65	65	149194	1.81e-37	129
BJJLIZOP_CDS_0233	MH160766.1	93.846	65	65	149803	1.81e-37	129
BJJLIZOP_CDS_0233	LR597654.1	93.846	65	65	150152	1.81e-37	129
BJJLIZOP_CDS_0233	OR062524.1	93.846	65	65	150431	1.81e-37	129
BJJLIZOP_CDS_0233	MW175890.1	93.846	65	65	150892	1.81e-37	129
BJJLIZOP_CDS_0233	MK373788.1	93.846	65	65	151194	1.81e-37	129
BJJLIZOP_CDS_0233	OR062529.1	93.846	65	65	151980	1.81e-37	129
BJJLIZOP_CDS_0233	OR062526.1	93.846	65	65	151980	1.81e-37	129
BJJLIZOP_CDS_0233	OR352955.1	93.846	65	65	152808	1.81e-37	129
BJJLIZOP_CDS_0233	OM386667.1	93.846	65	65	156300	1.81e-37	129
BJJLIZOP_CDS_0233	OR544956.1	93.846	65	65	130723	2.02e-37	129
BJJLIZOP_CDS_0233	OR352956.1	93.846	65	65	149254	2.02e-37	129
BJJLIZOP_CDS_0233	OR067838.1	93.846	65	65	149856	2.27e-37	128
BJJLIZOP_CDS_0233	KX664695.3	93.846	65	65	149268	2.38e-37	128
BJJLIZOP_CDS_0233	OQ031492.1	93.846	65	65	149246	2.86e-37	128
BJJLIZOP_CDS_0233	MN850565.1	93.846	65	65	150947	2.86e-37	128
BJJLIZOP_CDS_0233	PQ433349.1	93.846	65	65	151245	2.86e-37	128
BJJLIZOP_CDS_0233	MN850571.1	93.846	65	65	151514	2.86e-37	128
BJJLIZOP_CDS_0233	MH051333.1	93.846	65	65	151671	2.86e-37	128
BJJLIZOP_CDS_0233	LR746137.1	93.846	65	65	152148	2.86e-37	128
BJJLIZOP_CDS_0233	OZ035771.1	93.846	65	65	144811	3.01e-37	128
BJJLIZOP_CDS_0233	KX552041.2	93.846	65	65	149813	4.94e-37	127
BJJLIZOP_CDS_0233	MN850648.1	92.308	65	65	149335	1.21e-36	126
BJJLIZOP_CDS_0233	MH252123.1	92.308	65	65	150925	1.21e-36	126
BJJLIZOP_CDS_0233	PQ826431.1	92.308	65	65	151106	1.21e-36	126
BJJLIZOP_CDS_0233	OL505078.1	92.308	65	65	151425	1.21e-36	126
BJJLIZOP_CDS_0233	OL739525.1	92.308	65	65	151825	1.21e-36	126
BJJLIZOP_CDS_0233	OR786310.1	92.308	65	65	149880	1.22e-36	126
BJJLIZOP_CDS_0233	OP595145.1	92.308	65	65	151363	1.23e-36	126
BJJLIZOP_CDS_0233	PP129558.1	92.308	65	65	149967	1.27e-36	126
BJJLIZOP_CDS_0233	OL631481.1	92.308	65	65	149818	1.44e-36	126
BJJLIZOP_CDS_0233	PV730300.1	92.308	65	65	146712	9.47e-36	124
BJJLIZOP_CDS_0233	OP172792.1	67.692	65	65	151993	3.75e-23	88.2
BJJLIZOP_CDS_0234	MT944117.1	100.000	35	35	152343	3.41e-19	75.1
BJJLIZOP_CDS_0234	PV191315.1	100.000	35	35	151674	3.41e-19	75.1
BJJLIZOP_CDS_0234	MZ726793.1	100.000	35	35	151660	3.41e-19	75.1
BJJLIZOP_CDS_0234	OP172791.1	100.000	35	35	151113	3.41e-19	75.1
BJJLIZOP_CDS_0234	MN850618.1	100.000	35	35	150473	3.41e-19	75.1
BJJLIZOP_CDS_0234	OR067838.1	100.000	35	35	149856	3.41e-19	75.1
BJJLIZOP_CDS_0234	OR437326.1	100.000	35	35	148445	3.41e-19	75.1
BJJLIZOP_CDS_0234	OZ035771.1	100.000	35	35	144811	3.41e-19	75.1
BJJLIZOP_CDS_0234	OL739525.1	97.143	35	35	151825	1.21e-18	73.6
BJJLIZOP_CDS_0234	OZ035728.1	97.143	35	35	149471	1.21e-18	73.6
BJJLIZOP_CDS_0234	OM362897.1	100.000	34	35	152401	2.74e-18	72.8
BJJLIZOP_CDS_0234	MT496970.1	94.286	35	35	151202	3.68e-18	72.4
BJJLIZOP_CDS_0234	JX561091.1	94.286	35	35	147737	4.09e-18	72.0
BJJLIZOP_CDS_0234	OL505078.1	94.286	35	35	151425	9.85e-18	71.2
BJJLIZOP_CDS_0234	KX664695.3	100.000	33	35	149268	1.16e-17	70.9
BJJLIZOP_CDS_0234	OP595145.1	94.286	35	35	151363	1.43e-17	70.5
BJJLIZOP_CDS_0234	PP129558.1	94.286	35	35	149967	1.43e-17	70.5
BJJLIZOP_CDS_0234	PQ826431.1	94.286	35	35	151106	1.86e-17	70.5
BJJLIZOP_CDS_0234	MN850648.1	94.286	35	35	149335	1.86e-17	70.5
BJJLIZOP_CDS_0234	MH051333.1	94.286	35	35	151671	4.38e-17	69.3
BJJLIZOP_CDS_0234	MN850571.1	94.286	35	35	151514	4.38e-17	69.3
BJJLIZOP_CDS_0234	PQ433349.1	94.286	35	35	151245	4.38e-17	69.3
BJJLIZOP_CDS_0234	MN850565.1	94.286	35	35	150947	4.38e-17	69.3
BJJLIZOP_CDS_0234	MH252123.1	94.286	35	35	150925	4.38e-17	69.3
BJJLIZOP_CDS_0234	OL631481.1	94.286	35	35	149818	4.38e-17	69.3
BJJLIZOP_CDS_0234	KX552041.2	94.286	35	35	149813	4.38e-17	69.3
BJJLIZOP_CDS_0234	OQ031492.1	94.286	35	35	149246	4.38e-17	69.3
BJJLIZOP_CDS_0234	MK373788.1	91.429	35	35	151194	1.60e-16	67.8
BJJLIZOP_CDS_0234	MN850598.1	91.429	35	35	144998	1.60e-16	67.8
BJJLIZOP_CDS_0234	OR544956.1	91.429	35	35	130723	1.60e-16	67.8
BJJLIZOP_CDS_0234	OR352956.1	88.571	35	35	149254	1.30e-15	65.1
BJJLIZOP_CDS_0234	OP172792.1	88.235	34	35	151993	1.32e-15	65.1
BJJLIZOP_CDS_0234	MW175890.1	85.714	35	35	150892	1.99e-15	64.7
BJJLIZOP_CDS_0234	OM386667.1	88.571	35	35	156300	5.94e-15	63.2
BJJLIZOP_CDS_0234	OR352955.1	88.571	35	35	152808	5.94e-15	63.2
BJJLIZOP_CDS_0234	OR062529.1	88.571	35	35	151980	5.94e-15	63.2
BJJLIZOP_CDS_0234	OR062526.1	88.571	35	35	151980	5.94e-15	63.2
BJJLIZOP_CDS_0234	OR062524.1	88.571	35	35	150431	5.94e-15	63.2
BJJLIZOP_CDS_0234	LR597654.1	88.571	35	35	150152	5.94e-15	63.2
BJJLIZOP_CDS_0234	MH160766.1	88.571	35	35	149803	5.94e-15	63.2
BJJLIZOP_CDS_0234	OM386659.1	88.571	35	35	149194	5.94e-15	63.2
BJJLIZOP_CDS_0234	OM386656.1	88.571	35	35	149073	5.94e-15	63.2
BJJLIZOP_CDS_0234	OZ035743.1	88.571	35	35	142881	5.94e-15	63.2
BJJLIZOP_CDS_0234	PV730300.1	92.593	27	35	146712	6.57e-12	54.7
BJJLIZOP_CDS_0234	LR746137.1	92.593	27	35	152148	2.13e-11	53.1
BJJLIZOP_CDS_0234	OR786310.1	92.000	25	35	149880	5.13e-11	52.0
BJJLIZOP_CDS_0235	OM362897.1	100.000	48	48	152401	1.87e-26	96.7
BJJLIZOP_CDS_0235	MT944117.1	100.000	48	48	152343	1.87e-26	96.7
BJJLIZOP_CDS_0235	PV191315.1	100.000	48	48	151674	1.87e-26	96.7
BJJLIZOP_CDS_0235	MZ726793.1	100.000	48	48	151660	1.87e-26	96.7
BJJLIZOP_CDS_0235	OP595145.1	100.000	48	48	151363	1.87e-26	96.7
BJJLIZOP_CDS_0235	MT496970.1	100.000	48	48	151202	1.87e-26	96.7
BJJLIZOP_CDS_0235	OP172791.1	100.000	48	48	151113	1.87e-26	96.7
BJJLIZOP_CDS_0235	KX664695.3	100.000	48	48	149268	1.87e-26	96.7
BJJLIZOP_CDS_0235	OR437326.1	100.000	48	48	148445	1.87e-26	96.7
BJJLIZOP_CDS_0235	JX561091.1	100.000	48	48	147737	1.87e-26	96.7
BJJLIZOP_CDS_0235	PV730300.1	100.000	48	48	146712	1.87e-26	96.7
BJJLIZOP_CDS_0235	OZ035771.1	100.000	48	48	144811	1.87e-26	96.7
BJJLIZOP_CDS_0235	OR352955.1	97.917	48	48	152808	2.51e-26	96.3
BJJLIZOP_CDS_0235	OR062529.1	97.917	48	48	151980	2.51e-26	96.3
BJJLIZOP_CDS_0235	OR062526.1	97.917	48	48	151980	2.51e-26	96.3
BJJLIZOP_CDS_0235	OR062524.1	97.917	48	48	150431	2.51e-26	96.3
BJJLIZOP_CDS_0235	LR597654.1	97.917	48	48	150152	2.51e-26	96.3
BJJLIZOP_CDS_0235	MH160766.1	97.917	48	48	149803	2.51e-26	96.3
BJJLIZOP_CDS_0235	OM386656.1	97.917	48	48	149073	2.51e-26	96.3
BJJLIZOP_CDS_0235	OZ035743.1	97.917	48	48	142881	2.51e-26	96.3
BJJLIZOP_CDS_0235	OZ035728.1	97.917	48	48	149471	6.63e-26	95.1
BJJLIZOP_CDS_0235	OL739525.1	97.917	48	48	151825	1.21e-25	94.4
BJJLIZOP_CDS_0235	PQ826431.1	97.917	48	48	151106	1.21e-25	94.4
BJJLIZOP_CDS_0235	MN850618.1	97.917	48	48	150473	1.21e-25	94.4
BJJLIZOP_CDS_0235	OR067838.1	97.917	48	48	149856	1.21e-25	94.4
BJJLIZOP_CDS_0235	MN850648.1	97.917	48	48	149335	1.21e-25	94.4
BJJLIZOP_CDS_0235	PP129558.1	97.917	48	48	149967	3.00e-25	93.2
BJJLIZOP_CDS_0235	LR746137.1	97.917	48	48	152148	3.37e-25	93.2
BJJLIZOP_CDS_0235	PQ433349.1	97.917	48	48	151245	3.37e-25	93.2
BJJLIZOP_CDS_0235	MN850565.1	97.917	48	48	150947	3.37e-25	93.2
BJJLIZOP_CDS_0235	MH252123.1	97.917	48	48	150925	3.37e-25	93.2
BJJLIZOP_CDS_0235	MW175890.1	97.917	48	48	150892	3.37e-25	93.2
BJJLIZOP_CDS_0235	OL631481.1	97.917	48	48	149818	3.37e-25	93.2
BJJLIZOP_CDS_0235	KX552041.2	97.917	48	48	149813	3.37e-25	93.2
BJJLIZOP_CDS_0235	OR352956.1	97.917	48	48	149254	3.37e-25	93.2
BJJLIZOP_CDS_0235	OQ031492.1	97.917	48	48	149246	3.37e-25	93.2
BJJLIZOP_CDS_0235	OM386667.1	95.833	48	48	156300	4.09e-25	92.8
BJJLIZOP_CDS_0235	OM386659.1	95.833	48	48	149194	4.09e-25	92.8
BJJLIZOP_CDS_0235	OL505078.1	95.833	48	48	151425	1.15e-24	91.7
BJJLIZOP_CDS_0235	MK373788.1	97.917	48	48	151194	4.81e-24	89.7
BJJLIZOP_CDS_0235	MN850598.1	97.917	48	48	144998	4.81e-24	89.7
BJJLIZOP_CDS_0235	OR544956.1	97.917	48	48	130723	4.81e-24	89.7
BJJLIZOP_CDS_0235	MN850571.1	95.833	48	48	151514	5.67e-24	89.7
BJJLIZOP_CDS_0235	OP172792.1	93.750	48	48	151993	8.26e-23	86.3
BJJLIZOP_CDS_0235	MH051333.1	95.833	48	48	151671	8.68e-23	86.3
BJJLIZOP_CDS_0236	MZ726793.1	100.000	64	64	151660	5.63e-39	133
BJJLIZOP_CDS_0236	PV191315.1	100.000	64	64	151674	5.63e-39	133
BJJLIZOP_CDS_0236	MT944117.1	100.000	64	64	152343	5.63e-39	133
BJJLIZOP_CDS_0236	PP129558.1	98.438	64	64	149967	1.74e-38	131
BJJLIZOP_CDS_0236	OP595145.1	98.438	64	64	151363	1.74e-38	131
BJJLIZOP_CDS_0236	OZ035728.1	98.438	64	64	149471	1.93e-38	131
BJJLIZOP_CDS_0236	OR067838.1	98.438	64	64	149856	2.93e-38	131
BJJLIZOP_CDS_0236	OR352956.1	96.875	64	64	149254	9.88e-38	129
BJJLIZOP_CDS_0236	OL739525.1	95.312	64	64	151825	5.41e-37	127
BJJLIZOP_CDS_0236	MN850618.1	96.875	64	64	150473	5.57e-37	127
BJJLIZOP_CDS_0236	MN850565.1	95.312	64	64	150947	5.57e-37	127
BJJLIZOP_CDS_0236	MH252123.1	95.312	64	64	150925	6.64e-37	127
BJJLIZOP_CDS_0236	PQ826431.1	95.312	64	64	151106	6.64e-37	127
BJJLIZOP_CDS_0236	OL505078.1	95.312	64	64	151425	6.64e-37	127
BJJLIZOP_CDS_0236	JX561091.1	95.312	64	64	147737	7.04e-37	127
BJJLIZOP_CDS_0236	OP172792.1	96.875	64	64	151993	7.39e-37	127
BJJLIZOP_CDS_0236	OL631481.1	95.312	64	64	149818	7.53e-37	127
BJJLIZOP_CDS_0236	LR746137.1	95.312	64	64	152148	1.07e-36	126
BJJLIZOP_CDS_0236	KX552041.2	95.312	64	64	149813	2.09e-36	125
BJJLIZOP_CDS_0236	OZ035743.1	95.312	64	64	142881	2.35e-36	125
BJJLIZOP_CDS_0236	OM386656.1	95.312	64	64	149073	2.35e-36	125
BJJLIZOP_CDS_0236	OM386659.1	95.312	64	64	149194	2.35e-36	125
BJJLIZOP_CDS_0236	MH160766.1	95.312	64	64	149803	2.35e-36	125
BJJLIZOP_CDS_0236	OR062524.1	95.312	64	64	150431	2.35e-36	125
BJJLIZOP_CDS_0236	OP172791.1	95.312	64	64	151113	2.35e-36	125
BJJLIZOP_CDS_0236	MT496970.1	95.312	64	64	151202	2.35e-36	125
BJJLIZOP_CDS_0236	PQ433349.1	95.312	64	64	151245	2.35e-36	125
BJJLIZOP_CDS_0236	OR062529.1	95.312	64	64	151980	2.35e-36	125
BJJLIZOP_CDS_0236	OR062526.1	95.312	64	64	151980	2.35e-36	125
BJJLIZOP_CDS_0236	OR352955.1	95.312	64	64	152808	2.35e-36	125
BJJLIZOP_CDS_0236	OM386667.1	95.312	64	64	156300	2.35e-36	125
BJJLIZOP_CDS_0236	LR597654.1	95.082	61	64	150152	2.17e-34	120
BJJLIZOP_CDS_0236	OR544956.1	90.476	63	64	130723	8.32e-34	118
BJJLIZOP_CDS_0236	KX664695.3	98.214	56	64	149268	7.13e-33	115
BJJLIZOP_CDS_0236	PV730300.1	96.429	56	64	146712	1.85e-32	114
BJJLIZOP_CDS_0236	MN850598.1	94.643	56	64	144998	2.70e-31	111
BJJLIZOP_CDS_0236	MK373788.1	94.643	56	64	151194	2.70e-31	111
BJJLIZOP_CDS_0236	OR437326.1	82.540	63	64	148445	1.65e-27	100
BJJLIZOP_CDS_0236	OQ031492.1	81.250	64	64	149246	1.65e-27	100
BJJLIZOP_CDS_0236	OM362897.1	82.540	63	64	152401	2.29e-27	100
BJJLIZOP_CDS_0236	MN850648.1	80.952	63	64	149335	2.67e-26	97.1
BJJLIZOP_CDS_0236	MH051333.1	95.833	48	64	151671	5.17e-26	96.3
BJJLIZOP_CDS_0236	OZ035771.1	80.000	55	64	144811	4.09e-22	85.1
BJJLIZOP_CDS_0236	MN850571.1	80.000	55	64	151514	4.09e-22	85.1
BJJLIZOP_CDS_0236	MW175890.1	48.485	66	64	150892	8.64e-09	47.4
BJJLIZOP_CDS_0237	MT944117.1	100.000	50	50	152343	1.24e-27	100
BJJLIZOP_CDS_0237	OL739525.1	100.000	50	50	151825	1.24e-27	100
BJJLIZOP_CDS_0237	PV191315.1	100.000	50	50	151674	1.24e-27	100
BJJLIZOP_CDS_0237	MZ726793.1	100.000	50	50	151660	1.24e-27	100
BJJLIZOP_CDS_0237	OP595145.1	100.000	50	50	151363	1.24e-27	100
BJJLIZOP_CDS_0237	PP129558.1	100.000	50	50	149967	1.24e-27	100
BJJLIZOP_CDS_0237	KX664695.3	100.000	50	50	149268	1.24e-27	100
BJJLIZOP_CDS_0237	OQ031492.1	100.000	50	50	149246	1.24e-27	100
BJJLIZOP_CDS_0237	OZ035771.1	100.000	50	50	144811	1.24e-27	100
BJJLIZOP_CDS_0237	OR067838.1	98.000	50	50	149856	4.11e-27	98.6
BJJLIZOP_CDS_0237	OR786310.1	100.000	49	50	149880	1.91e-26	96.7
BJJLIZOP_CDS_0237	LR746137.1	98.039	51	50	152148	6.27e-26	95.1
BJJLIZOP_CDS_0237	MW175890.1	100.000	47	50	150892	2.16e-25	93.6
BJJLIZOP_CDS_0237	OR437326.1	100.000	47	50	148445	2.36e-25	93.6
BJJLIZOP_CDS_0237	MK373788.1	100.000	47	50	151194	2.60e-25	93.6
BJJLIZOP_CDS_0237	LR597654.1	100.000	47	50	150152	2.60e-25	93.6
BJJLIZOP_CDS_0237	MN850598.1	100.000	47	50	144998	2.60e-25	93.6
BJJLIZOP_CDS_0237	MN850571.1	100.000	47	50	151514	2.78e-25	93.6
BJJLIZOP_CDS_0237	OL505078.1	100.000	47	50	151425	2.86e-25	93.2
BJJLIZOP_CDS_0237	PQ826431.1	100.000	47	50	151106	2.86e-25	93.2
BJJLIZOP_CDS_0237	MH252123.1	100.000	47	50	150925	2.86e-25	93.2
BJJLIZOP_CDS_0237	OL631481.1	100.000	47	50	149818	3.01e-25	93.2
BJJLIZOP_CDS_0237	OR352955.1	100.000	47	50	152808	3.04e-25	93.2
BJJLIZOP_CDS_0237	OR062529.1	100.000	47	50	151980	3.04e-25	93.2
BJJLIZOP_CDS_0237	OR062526.1	100.000	47	50	151980	3.04e-25	93.2
BJJLIZOP_CDS_0237	MH051333.1	100.000	47	50	151671	3.04e-25	93.2
BJJLIZOP_CDS_0237	PQ433349.1	100.000	47	50	151245	3.04e-25	93.2
BJJLIZOP_CDS_0237	MT496970.1	100.000	47	50	151202	3.04e-25	93.2
BJJLIZOP_CDS_0237	OP172791.1	100.000	47	50	151113	3.04e-25	93.2
BJJLIZOP_CDS_0237	OR062524.1	100.000	47	50	150431	3.04e-25	93.2
BJJLIZOP_CDS_0237	MH160766.1	100.000	47	50	149803	3.04e-25	93.2
BJJLIZOP_CDS_0237	OM386656.1	100.000	47	50	149073	3.04e-25	93.2
BJJLIZOP_CDS_0237	OZ035743.1	100.000	47	50	142881	3.04e-25	93.2
BJJLIZOP_CDS_0237	JX561091.1	97.872	47	50	147737	8.69e-25	92.0
BJJLIZOP_CDS_0237	OR352956.1	97.872	47	50	149254	8.78e-25	92.0
BJJLIZOP_CDS_0237	OM386667.1	97.872	47	50	156300	1.05e-24	91.7
BJJLIZOP_CDS_0237	OM386659.1	97.872	47	50	149194	1.05e-24	91.7
BJJLIZOP_CDS_0237	MN850565.1	97.872	47	50	150947	1.07e-24	91.7
BJJLIZOP_CDS_0237	OM362897.1	97.872	47	50	152401	1.37e-24	91.3
BJJLIZOP_CDS_0237	MN850648.1	95.745	47	50	149335	2.30e-24	90.9
BJJLIZOP_CDS_0237	KX552041.2	97.872	47	50	149813	2.91e-24	90.5
BJJLIZOP_CDS_0237	PV730300.1	100.000	25	50	146712	3.18e-16	52.4
BJJLIZOP_CDS_0237	PV730300.1	78.571	28	50	146712	3.18e-16	45.1
BJJLIZOP_CDS_0237	OP172792.1	74.194	31	50	151993	5.47e-14	47.0
BJJLIZOP_CDS_0237	OP172792.1	84.000	25	50	151993	5.47e-14	42.7
BJJLIZOP_CDS_0237	MN850618.1	84.000	25	50	150473	2.84e-12	43.1
BJJLIZOP_CDS_0237	MN850618.1	68.966	29	50	150473	2.84e-12	40.8
BJJLIZOP_CDS_0237	OZ035728.1	100.000	25	50	149471	5.83e-11	52.8
BJJLIZOP_CDS_0237	OZ035728.1	68.571	35	50	149471	2.69e-09	48.1
BJJLIZOP_CDS_0237	OR544956.1	68.966	29	50	130723	7.87e-07	41.2
BJJLIZOP_CDS_0238	OM362897.1	100.000	33	33	152401	8.04e-17	68.6
BJJLIZOP_CDS_0238	MT944117.1	100.000	33	33	152343	8.04e-17	68.6
BJJLIZOP_CDS_0238	PV191315.1	100.000	33	33	151674	8.04e-17	68.6
BJJLIZOP_CDS_0238	MH051333.1	100.000	33	33	151671	8.04e-17	68.6
BJJLIZOP_CDS_0238	MZ726793.1	100.000	33	33	151660	8.04e-17	68.6
BJJLIZOP_CDS_0238	PQ433349.1	100.000	33	33	151245	8.04e-17	68.6
BJJLIZOP_CDS_0238	MH252123.1	100.000	33	33	150925	8.04e-17	68.6
BJJLIZOP_CDS_0238	PP129558.1	100.000	33	33	149967	8.04e-17	68.6
BJJLIZOP_CDS_0238	OL631481.1	100.000	33	33	149818	8.04e-17	68.6
BJJLIZOP_CDS_0238	KX664695.3	100.000	33	33	149268	8.04e-17	68.6
BJJLIZOP_CDS_0238	OR437326.1	100.000	33	33	148445	8.04e-17	68.6
BJJLIZOP_CDS_0238	PV730300.1	100.000	33	33	146712	8.04e-17	68.6
BJJLIZOP_CDS_0238	OZ035771.1	100.000	33	33	144811	8.04e-17	68.6
BJJLIZOP_CDS_0238	MW175890.1	96.970	33	33	150892	2.52e-16	67.0
BJJLIZOP_CDS_0238	MN850571.1	96.970	33	33	151514	2.54e-16	67.0
BJJLIZOP_CDS_0238	MN850648.1	93.939	33	33	149335	8.87e-16	65.5
BJJLIZOP_CDS_0238	OP172791.1	96.970	33	33	151113	9.88e-16	65.5
BJJLIZOP_CDS_0238	OP595145.1	93.939	33	33	151363	2.18e-15	64.3
BJJLIZOP_CDS_0238	OR352956.1	93.939	33	33	149254	2.18e-15	64.3
BJJLIZOP_CDS_0238	JX561091.1	93.939	33	33	147737	2.18e-15	64.3
BJJLIZOP_CDS_0238	MT496970.1	90.909	33	33	151202	9.99e-15	62.4
BJJLIZOP_CDS_0238	OR067838.1	90.909	33	33	149856	2.31e-14	61.2
BJJLIZOP_CDS_0238	PQ826431.1	90.909	33	33	151106	3.96e-14	60.8
BJJLIZOP_CDS_0238	OL505078.1	90.909	33	33	151425	4.24e-14	60.5
BJJLIZOP_CDS_0238	OM386667.1	75.000	24	33	156300	8.50e-08	39.7
BJJLIZOP_CDS_0238	OM386667.1	92.857	14	33	156300	8.50e-08	29.3
BJJLIZOP_CDS_0238	OR352955.1	75.000	24	33	152808	8.50e-08	39.7
BJJLIZOP_CDS_0238	OR352955.1	92.857	14	33	152808	8.50e-08	29.3
BJJLIZOP_CDS_0238	LR746137.1	75.000	24	33	152148	8.51e-08	39.7
BJJLIZOP_CDS_0238	LR746137.1	92.857	14	33	152148	8.51e-08	29.3
BJJLIZOP_CDS_0238	OR062529.1	75.000	24	33	151980	8.51e-08	39.7
BJJLIZOP_CDS_0238	OR062529.1	92.857	14	33	151980	8.51e-08	29.3
BJJLIZOP_CDS_0238	OR062526.1	75.000	24	33	151980	8.51e-08	39.7
BJJLIZOP_CDS_0238	OR062526.1	92.857	14	33	151980	8.51e-08	29.3
BJJLIZOP_CDS_0238	OL739525.1	75.000	24	33	151825	8.51e-08	39.7
BJJLIZOP_CDS_0238	OL739525.1	92.857	14	33	151825	8.51e-08	29.3
BJJLIZOP_CDS_0238	MK373788.1	75.000	24	33	151194	8.51e-08	39.7
BJJLIZOP_CDS_0238	MK373788.1	92.857	14	33	151194	8.51e-08	29.3
BJJLIZOP_CDS_0238	MN850565.1	75.000	24	33	150947	8.51e-08	39.7
BJJLIZOP_CDS_0238	MN850565.1	92.857	14	33	150947	8.51e-08	29.3
BJJLIZOP_CDS_0238	OR062524.1	75.000	24	33	150431	8.51e-08	39.7
BJJLIZOP_CDS_0238	OR062524.1	92.857	14	33	150431	8.51e-08	29.3
BJJLIZOP_CDS_0238	LR597654.1	75.000	24	33	150152	8.51e-08	39.7
BJJLIZOP_CDS_0238	LR597654.1	92.857	14	33	150152	8.51e-08	29.3
BJJLIZOP_CDS_0238	OR786310.1	75.000	24	33	149880	8.51e-08	39.7
BJJLIZOP_CDS_0238	OR786310.1	92.857	14	33	149880	8.51e-08	29.3
BJJLIZOP_CDS_0238	KX552041.2	75.000	24	33	149813	8.51e-08	39.7
BJJLIZOP_CDS_0238	KX552041.2	92.857	14	33	149813	8.51e-08	29.3
BJJLIZOP_CDS_0238	MH160766.1	75.000	24	33	149803	8.51e-08	39.7
BJJLIZOP_CDS_0238	MH160766.1	92.857	14	33	149803	8.51e-08	29.3
BJJLIZOP_CDS_0238	OQ031492.1	75.000	24	33	149246	8.51e-08	39.7
BJJLIZOP_CDS_0238	OQ031492.1	92.857	14	33	149246	8.51e-08	29.3
BJJLIZOP_CDS_0238	OM386659.1	75.000	24	33	149194	8.51e-08	39.7
BJJLIZOP_CDS_0238	OM386659.1	92.857	14	33	149194	8.51e-08	29.3
BJJLIZOP_CDS_0238	OM386656.1	75.000	24	33	149073	8.51e-08	39.7
BJJLIZOP_CDS_0238	OM386656.1	92.857	14	33	149073	8.51e-08	29.3
BJJLIZOP_CDS_0238	MN850598.1	75.000	24	33	144998	8.52e-08	39.7
BJJLIZOP_CDS_0238	MN850598.1	92.857	14	33	144998	8.52e-08	29.3
BJJLIZOP_CDS_0238	OZ035743.1	75.000	24	33	142881	8.53e-08	39.7
BJJLIZOP_CDS_0238	OZ035743.1	92.857	14	33	142881	8.53e-08	29.3
BJJLIZOP_CDS_0238	OZ035728.1	70.833	24	33	149471	2.41e-07	38.1
BJJLIZOP_CDS_0238	OZ035728.1	92.857	14	33	149471	2.41e-07	29.3
BJJLIZOP_CDS_0238	MN850618.1	70.833	24	33	150473	2.67e-07	37.7
BJJLIZOP_CDS_0238	MN850618.1	92.857	14	33	150473	2.67e-07	29.3
BJJLIZOP_CDS_0239	OR352955.1	100.000	38	38	152808	3.49e-18	72.4
BJJLIZOP_CDS_0239	OM362897.1	100.000	38	38	152401	3.49e-18	72.4
BJJLIZOP_CDS_0239	MH051333.1	100.000	38	38	151671	3.49e-18	72.4
BJJLIZOP_CDS_0239	MN850571.1	100.000	38	38	151514	3.49e-18	72.4
BJJLIZOP_CDS_0239	OP172791.1	100.000	38	38	151113	3.49e-18	72.4
BJJLIZOP_CDS_0239	MH252123.1	100.000	38	38	150925	3.49e-18	72.4
BJJLIZOP_CDS_0239	PP129558.1	100.000	38	38	149967	3.49e-18	72.4
BJJLIZOP_CDS_0239	KX552041.2	100.000	38	38	149813	3.49e-18	72.4
BJJLIZOP_CDS_0239	KX664695.3	100.000	38	38	149268	3.49e-18	72.4
BJJLIZOP_CDS_0239	OR437326.1	100.000	38	38	148445	3.49e-18	72.4
BJJLIZOP_CDS_0239	PV730300.1	100.000	38	38	146712	3.49e-18	72.4
BJJLIZOP_CDS_0239	OZ035771.1	100.000	38	38	144811	3.49e-18	72.4
BJJLIZOP_CDS_0239	OM386667.1	97.368	38	38	156300	5.90e-17	68.9
BJJLIZOP_CDS_0239	MT944117.1	97.368	38	38	152343	5.90e-17	68.9
BJJLIZOP_CDS_0239	LR746137.1	97.368	38	38	152148	5.90e-17	68.9
BJJLIZOP_CDS_0239	OR062529.1	97.368	38	38	151980	5.90e-17	68.9
BJJLIZOP_CDS_0239	OR062526.1	97.368	38	38	151980	5.90e-17	68.9
BJJLIZOP_CDS_0239	OL739525.1	97.368	38	38	151825	5.90e-17	68.9
BJJLIZOP_CDS_0239	PV191315.1	97.368	38	38	151674	5.90e-17	68.9
BJJLIZOP_CDS_0239	MZ726793.1	97.368	38	38	151660	5.90e-17	68.9
BJJLIZOP_CDS_0239	OL505078.1	97.368	38	38	151425	5.90e-17	68.9
BJJLIZOP_CDS_0239	OP595145.1	97.368	38	38	151363	5.90e-17	68.9
BJJLIZOP_CDS_0239	PQ433349.1	97.368	38	38	151245	5.90e-17	68.9
BJJLIZOP_CDS_0239	MT496970.1	97.368	38	38	151202	5.90e-17	68.9
BJJLIZOP_CDS_0239	MK373788.1	97.368	38	38	151194	5.90e-17	68.9
BJJLIZOP_CDS_0239	PQ826431.1	97.368	38	38	151106	5.90e-17	68.9
BJJLIZOP_CDS_0239	MN850565.1	97.368	38	38	150947	5.90e-17	68.9
BJJLIZOP_CDS_0239	MW175890.1	97.368	38	38	150892	5.90e-17	68.9
BJJLIZOP_CDS_0239	MN850618.1	97.368	38	38	150473	5.90e-17	68.9
BJJLIZOP_CDS_0239	OR062524.1	97.368	38	38	150431	5.90e-17	68.9
BJJLIZOP_CDS_0239	LR597654.1	97.368	38	38	150152	5.90e-17	68.9
BJJLIZOP_CDS_0239	OR786310.1	97.368	38	38	149880	5.90e-17	68.9
BJJLIZOP_CDS_0239	OR067838.1	97.368	38	38	149856	5.90e-17	68.9
BJJLIZOP_CDS_0239	OL631481.1	97.368	38	38	149818	5.90e-17	68.9
BJJLIZOP_CDS_0239	MH160766.1	97.368	38	38	149803	5.90e-17	68.9
BJJLIZOP_CDS_0239	OZ035728.1	97.368	38	38	149471	5.90e-17	68.9
BJJLIZOP_CDS_0239	MN850648.1	97.368	38	38	149335	5.90e-17	68.9
BJJLIZOP_CDS_0239	OQ031492.1	97.368	38	38	149246	5.90e-17	68.9
BJJLIZOP_CDS_0239	OM386659.1	97.368	38	38	149194	5.90e-17	68.9
BJJLIZOP_CDS_0239	JX561091.1	97.368	38	38	147737	5.90e-17	68.9
BJJLIZOP_CDS_0239	MN850598.1	97.368	38	38	144998	5.90e-17	68.9
BJJLIZOP_CDS_0239	OR544956.1	94.737	38	38	130723	4.45e-16	66.6
BJJLIZOP_CDS_0239	OM386656.1	94.737	38	38	149073	7.47e-16	65.9
BJJLIZOP_CDS_0239	OZ035743.1	89.474	38	38	142881	4.09e-15	63.9
BJJLIZOP_CDS_0239	OR352956.1	81.579	38	38	149254	1.14e-12	57.0
BJJLIZOP_CDS_0239	OP172792.1	95.000	20	38	151993	2.50e-06	38.9
BJJLIZOP_CDS_0240	OZ035743.1	100.000	31	49	142881	9.28e-16	66.2
BJJLIZOP_CDS_0240	OZ035771.1	100.000	31	49	144811	2.33e-15	65.1
BJJLIZOP_CDS_0240	MN850598.1	100.000	31	49	144998	2.33e-15	65.1
BJJLIZOP_CDS_0240	OR437326.1	100.000	31	49	148445	2.33e-15	65.1
BJJLIZOP_CDS_0240	OM386656.1	100.000	31	49	149073	2.33e-15	65.1
BJJLIZOP_CDS_0240	OM386659.1	100.000	31	49	149194	2.33e-15	65.1
BJJLIZOP_CDS_0240	OR352956.1	100.000	31	49	149254	2.33e-15	65.1
BJJLIZOP_CDS_0240	KX664695.3	100.000	31	49	149268	2.33e-15	65.1
BJJLIZOP_CDS_0240	MN850648.1	100.000	31	49	149335	2.33e-15	65.1
BJJLIZOP_CDS_0240	MH160766.1	100.000	31	49	149803	2.33e-15	65.1
BJJLIZOP_CDS_0240	KX552041.2	100.000	31	49	149813	2.33e-15	65.1
BJJLIZOP_CDS_0240	LR597654.1	100.000	31	49	150152	2.33e-15	65.1
BJJLIZOP_CDS_0240	OR062524.1	100.000	31	49	150431	2.33e-15	65.1
BJJLIZOP_CDS_0240	MH252123.1	100.000	31	49	150925	2.33e-15	65.1
BJJLIZOP_CDS_0240	MN850565.1	100.000	31	49	150947	2.33e-15	65.1
BJJLIZOP_CDS_0240	OP172791.1	100.000	31	49	151113	2.33e-15	65.1
BJJLIZOP_CDS_0240	MK373788.1	100.000	31	49	151194	2.33e-15	65.1
BJJLIZOP_CDS_0240	OP595145.1	100.000	31	49	151363	2.33e-15	65.1
BJJLIZOP_CDS_0240	OR062529.1	100.000	31	49	151980	2.33e-15	65.1
BJJLIZOP_CDS_0240	OR062526.1	100.000	31	49	151980	2.33e-15	65.1
BJJLIZOP_CDS_0240	LR746137.1	100.000	31	49	152148	2.33e-15	65.1
BJJLIZOP_CDS_0240	OM362897.1	100.000	31	49	152401	2.33e-15	65.1
BJJLIZOP_CDS_0240	OM386667.1	100.000	31	49	156300	2.33e-15	65.1
BJJLIZOP_CDS_0240	OR352955.1	96.774	31	49	152808	5.08e-15	64.3
BJJLIZOP_CDS_0240	JX561091.1	96.774	31	49	147737	7.15e-15	63.9
BJJLIZOP_CDS_0240	PQ826431.1	96.774	31	49	151106	7.15e-15	63.9
BJJLIZOP_CDS_0240	PQ433349.1	96.774	31	49	151245	7.15e-15	63.9
BJJLIZOP_CDS_0240	MZ726793.1	96.774	31	49	151660	7.15e-15	63.9
BJJLIZOP_CDS_0240	MT944117.1	96.774	31	49	152343	7.15e-15	63.9
BJJLIZOP_CDS_0240	PP129558.1	96.774	31	49	149967	7.96e-15	63.5
BJJLIZOP_CDS_0240	MW175890.1	96.774	31	49	150892	7.96e-15	63.5
BJJLIZOP_CDS_0240	OL631481.1	96.774	31	49	149818	3.52e-14	61.6
BJJLIZOP_CDS_0240	MH051333.1	90.323	31	49	151671	6.32e-14	61.2
BJJLIZOP_CDS_0240	PV730300.1	93.548	31	49	146712	6.38e-14	61.2
BJJLIZOP_CDS_0240	OQ031492.1	93.548	31	49	149246	1.06e-13	60.5
BJJLIZOP_CDS_0240	OL505078.1	93.548	31	49	151425	1.09e-13	60.5
BJJLIZOP_CDS_0240	MN850571.1	93.548	31	49	151514	1.85e-13	59.7
BJJLIZOP_CDS_0240	OL739525.1	90.323	31	49	151825	2.32e-13	59.3
BJJLIZOP_CDS_0240	MN850618.1	90.323	31	49	150473	3.90e-13	58.9
BJJLIZOP_CDS_0240	OR786310.1	90.323	31	49	149880	3.93e-13	58.9
BJJLIZOP_CDS_0240	OZ035728.1	90.323	31	49	149471	8.27e-13	57.8
BJJLIZOP_CDS_0240	MT496970.1	83.871	31	49	151202	7.63e-12	55.1
BJJLIZOP_CDS_0240	PV191315.1	87.097	31	49	151674	7.93e-12	55.1
BJJLIZOP_CDS_0240	OP172792.1	83.871	31	49	151993	2.49e-11	53.9
BJJLIZOP_CDS_0240	OR067838.1	80.645	31	49	149856	2.80e-11	53.5
BJJLIZOP_CDS_0241	PV730300.1	100.000	180	180	146712	1.24e-123	381
BJJLIZOP_CDS_0241	PQ826431.1	100.000	180	180	151106	1.24e-123	381
BJJLIZOP_CDS_0241	OQ031492.1	99.444	180	180	149246	2.91e-123	380
BJJLIZOP_CDS_0241	OZ035728.1	99.444	180	180	149471	4.00e-123	380
BJJLIZOP_CDS_0241	MN850618.1	99.444	180	180	150473	4.00e-123	380
BJJLIZOP_CDS_0241	PV191315.1	99.444	180	180	151674	4.00e-123	380
BJJLIZOP_CDS_0241	OR437326.1	98.889	180	180	148445	1.09e-122	378
BJJLIZOP_CDS_0241	MN850571.1	98.889	180	180	151514	3.00e-122	377
BJJLIZOP_CDS_0241	OM362897.1	98.889	180	180	152401	3.00e-122	377
BJJLIZOP_CDS_0241	JX561091.1	98.333	180	180	147737	8.44e-122	376
BJJLIZOP_CDS_0241	KX664695.3	98.333	180	180	149268	8.44e-122	376
BJJLIZOP_CDS_0241	MN850648.1	98.333	180	180	149335	8.44e-122	376
BJJLIZOP_CDS_0241	MH252123.1	98.333	180	180	150925	8.44e-122	376
BJJLIZOP_CDS_0241	OL505078.1	98.333	180	180	151425	8.44e-122	376
BJJLIZOP_CDS_0241	OL631481.1	98.333	180	180	149818	1.23e-121	375
BJJLIZOP_CDS_0241	MW175890.1	97.778	180	180	150892	2.14e-120	372
BJJLIZOP_CDS_0241	MT944117.1	95.556	180	180	152343	2.18e-118	366
BJJLIZOP_CDS_0241	MZ726793.1	94.444	180	180	151660	7.26e-117	362
BJJLIZOP_CDS_0241	MT496970.1	93.889	180	180	151202	5.23e-116	359
BJJLIZOP_CDS_0241	OP172792.1	93.333	180	180	151993	7.20e-115	356
BJJLIZOP_CDS_0241	OP172791.1	93.333	180	180	151113	1.01e-114	355
BJJLIZOP_CDS_0241	OP595145.1	92.778	180	180	151363	2.28e-114	355
BJJLIZOP_CDS_0241	OR067838.1	92.222	180	180	149856	3.84e-114	354
BJJLIZOP_CDS_0241	MK373788.1	91.111	180	180	151194	2.05e-112	349
BJJLIZOP_CDS_0241	OZ035743.1	90.556	180	180	142881	7.80e-112	347
BJJLIZOP_CDS_0241	MN850598.1	90.556	180	180	144998	7.80e-112	347
BJJLIZOP_CDS_0241	OM386656.1	90.556	180	180	149073	7.80e-112	347
BJJLIZOP_CDS_0241	OM386659.1	90.556	180	180	149194	7.80e-112	347
BJJLIZOP_CDS_0241	MH160766.1	90.556	180	180	149803	7.80e-112	347
BJJLIZOP_CDS_0241	KX552041.2	90.556	180	180	149813	7.80e-112	347
BJJLIZOP_CDS_0241	PP129558.1	90.556	180	180	149967	7.80e-112	347
BJJLIZOP_CDS_0241	LR597654.1	90.556	180	180	150152	7.80e-112	347
BJJLIZOP_CDS_0241	OR062524.1	90.556	180	180	150431	7.80e-112	347
BJJLIZOP_CDS_0241	PQ433349.1	90.556	180	180	151245	7.80e-112	347
BJJLIZOP_CDS_0241	OR062529.1	90.556	180	180	151980	7.80e-112	347
BJJLIZOP_CDS_0241	OR062526.1	90.556	180	180	151980	7.80e-112	347
BJJLIZOP_CDS_0241	LR746137.1	90.556	180	180	152148	7.80e-112	347
BJJLIZOP_CDS_0241	OR352955.1	90.556	180	180	152808	7.80e-112	347
BJJLIZOP_CDS_0241	OM386667.1	90.556	180	180	156300	7.80e-112	347
BJJLIZOP_CDS_0241	MH051333.1	90.556	180	180	151671	1.04e-111	347
BJJLIZOP_CDS_0241	MN850565.1	90.000	180	180	150947	7.73e-111	344
BJJLIZOP_CDS_0241	OR352956.1	90.000	180	180	149254	1.52e-110	343
BJJLIZOP_CDS_0241	OZ035771.1	89.444	180	180	144811	2.01e-110	343
BJJLIZOP_CDS_0241	OR786310.1	86.667	180	180	149880	4.60e-106	331
BJJLIZOP_CDS_0241	OL739525.1	86.111	180	180	151825	6.72e-105	327
BJJLIZOP_CDS_0241	OR544956.1	98.701	77	180	130723	1.72e-46	160
BJJLIZOP_CDS_0242	MN850648.1	100.000	62	62	149335	2.64e-36	125
BJJLIZOP_CDS_0242	OR786310.1	100.000	62	62	149880	2.64e-36	125
BJJLIZOP_CDS_0242	PQ826431.1	100.000	62	62	151106	2.64e-36	125
BJJLIZOP_CDS_0242	MT944117.1	100.000	62	62	152343	2.64e-36	125
BJJLIZOP_CDS_0242	OM362897.1	100.000	62	62	152401	2.64e-36	125
BJJLIZOP_CDS_0242	PV730300.1	98.387	62	62	146712	7.45e-36	124
BJJLIZOP_CDS_0242	MN850571.1	98.387	62	62	151514	7.45e-36	124
BJJLIZOP_CDS_0242	OL631481.1	98.387	62	62	149818	1.49e-35	123
BJJLIZOP_CDS_0242	OP172791.1	96.774	62	62	151113	3.50e-35	122
BJJLIZOP_CDS_0242	OQ031492.1	74.194	62	62	149246	3.87e-25	93.6
BJJLIZOP_CDS_0242	JX561091.1	58.065	62	62	147737	2.42e-19	77.0
BJJLIZOP_CDS_0242	OL505078.1	58.065	62	62	151425	2.42e-19	77.0
BJJLIZOP_CDS_0242	OL739525.1	58.065	62	62	151825	2.75e-19	77.0
BJJLIZOP_CDS_0242	MH252123.1	58.065	62	62	150925	3.72e-19	76.6
BJJLIZOP_CDS_0242	OP172792.1	58.065	62	62	151993	3.72e-19	76.6
BJJLIZOP_CDS_0242	MH051333.1	56.452	62	62	151671	1.35e-18	75.1
BJJLIZOP_CDS_0242	OR067838.1	56.897	58	62	149856	1.99e-17	71.6
BJJLIZOP_CDS_0242	MN850565.1	56.897	58	62	150947	2.03e-17	71.6
BJJLIZOP_CDS_0242	OZ035771.1	55.932	59	62	144811	2.15e-17	71.6
BJJLIZOP_CDS_0242	OR437326.1	56.897	58	62	148445	2.22e-17	71.6
BJJLIZOP_CDS_0242	MN850618.1	56.897	58	62	150473	2.22e-17	71.6
BJJLIZOP_CDS_0242	PV191315.1	56.897	58	62	151674	2.26e-17	71.6
BJJLIZOP_CDS_0242	MW175890.1	58.621	58	62	150892	2.35e-17	71.6
BJJLIZOP_CDS_0242	OZ035743.1	56.897	58	62	142881	2.64e-17	71.2
BJJLIZOP_CDS_0242	MN850598.1	56.897	58	62	144998	2.64e-17	71.2
BJJLIZOP_CDS_0242	OM386656.1	56.897	58	62	149073	2.64e-17	71.2
BJJLIZOP_CDS_0242	OM386659.1	56.897	58	62	149194	2.64e-17	71.2
BJJLIZOP_CDS_0242	OR352956.1	56.897	58	62	149254	2.64e-17	71.2
BJJLIZOP_CDS_0242	MH160766.1	56.897	58	62	149803	2.64e-17	71.2
BJJLIZOP_CDS_0242	KX552041.2	56.897	58	62	149813	2.64e-17	71.2
BJJLIZOP_CDS_0242	PP129558.1	56.897	58	62	149967	2.64e-17	71.2
BJJLIZOP_CDS_0242	LR597654.1	56.897	58	62	150152	2.64e-17	71.2
BJJLIZOP_CDS_0242	OR062524.1	56.897	58	62	150431	2.64e-17	71.2
BJJLIZOP_CDS_0242	MK373788.1	56.897	58	62	151194	2.64e-17	71.2
BJJLIZOP_CDS_0242	PQ433349.1	56.897	58	62	151245	2.64e-17	71.2
BJJLIZOP_CDS_0242	OR062529.1	56.897	58	62	151980	2.64e-17	71.2
BJJLIZOP_CDS_0242	OR062526.1	56.897	58	62	151980	2.64e-17	71.2
BJJLIZOP_CDS_0242	LR746137.1	56.897	58	62	152148	2.64e-17	71.2
BJJLIZOP_CDS_0242	OR352955.1	56.897	58	62	152808	2.64e-17	71.2
BJJLIZOP_CDS_0242	OM386667.1	56.897	58	62	156300	2.64e-17	71.2
BJJLIZOP_CDS_0242	OP595145.1	56.897	58	62	151363	2.86e-17	71.2
BJJLIZOP_CDS_0242	KX664695.3	56.897	58	62	149268	4.66e-17	70.9
BJJLIZOP_CDS_0242	OZ035728.1	56.897	58	62	149471	4.66e-17	70.9
BJJLIZOP_CDS_0242	MT496970.1	56.897	58	62	151202	4.66e-17	70.9
BJJLIZOP_CDS_0242	MZ726793.1	56.897	58	62	151660	4.66e-17	70.9
BJJLIZOP_CDS_0242	OR544956.1	51.351	37	62	130723	4.10e-06	39.7
BJJLIZOP_CDS_0243	OZ035743.1	100.000	121	121	142881	4.98e-80	253
BJJLIZOP_CDS_0243	MN850598.1	100.000	121	121	144998	4.99e-80	253
BJJLIZOP_CDS_0243	OM386656.1	100.000	121	121	149073	4.99e-80	253
BJJLIZOP_CDS_0243	OM386659.1	100.000	121	121	149194	4.99e-80	253
BJJLIZOP_CDS_0243	OR352956.1	100.000	121	121	149254	4.99e-80	253
BJJLIZOP_CDS_0243	MH160766.1	100.000	121	121	149803	4.99e-80	253
BJJLIZOP_CDS_0243	KX552041.2	100.000	121	121	149813	4.99e-80	253
BJJLIZOP_CDS_0243	LR597654.1	100.000	121	121	150152	4.99e-80	253
BJJLIZOP_CDS_0243	OR062524.1	100.000	121	121	150431	4.99e-80	253
BJJLIZOP_CDS_0243	MH252123.1	100.000	121	121	150925	4.99e-80	253
BJJLIZOP_CDS_0243	MK373788.1	100.000	121	121	151194	4.99e-80	253
BJJLIZOP_CDS_0243	OR062529.1	100.000	121	121	151980	4.99e-80	253
BJJLIZOP_CDS_0243	OR062526.1	100.000	121	121	151980	4.99e-80	253
BJJLIZOP_CDS_0243	OR352955.1	100.000	121	121	152808	4.99e-80	253
BJJLIZOP_CDS_0243	OM386667.1	100.000	121	121	156300	4.99e-80	253
BJJLIZOP_CDS_0243	OZ035771.1	100.000	121	121	144811	5.33e-80	253
BJJLIZOP_CDS_0243	PV730300.1	100.000	121	121	146712	5.33e-80	253
BJJLIZOP_CDS_0243	JX561091.1	100.000	121	121	147737	5.33e-80	253
BJJLIZOP_CDS_0243	OR437326.1	100.000	121	121	148445	5.33e-80	253
BJJLIZOP_CDS_0243	OQ031492.1	100.000	121	121	149246	5.33e-80	253
BJJLIZOP_CDS_0243	KX664695.3	100.000	121	121	149268	5.33e-80	253
BJJLIZOP_CDS_0243	MN850648.1	100.000	121	121	149335	5.33e-80	253
BJJLIZOP_CDS_0243	OL631481.1	100.000	121	121	149818	5.33e-80	253
BJJLIZOP_CDS_0243	OR067838.1	100.000	121	121	149856	5.33e-80	253
BJJLIZOP_CDS_0243	OR786310.1	100.000	121	121	149880	5.33e-80	253
BJJLIZOP_CDS_0243	PP129558.1	100.000	121	121	149967	5.33e-80	253
BJJLIZOP_CDS_0243	MW175890.1	100.000	121	121	150892	5.34e-80	253
BJJLIZOP_CDS_0243	PQ826431.1	100.000	121	121	151106	5.34e-80	253
BJJLIZOP_CDS_0243	OP172791.1	100.000	121	121	151113	5.34e-80	253
BJJLIZOP_CDS_0243	MT496970.1	100.000	121	121	151202	5.34e-80	253
BJJLIZOP_CDS_0243	PQ433349.1	100.000	121	121	151245	5.34e-80	253
BJJLIZOP_CDS_0243	OL505078.1	100.000	121	121	151425	5.34e-80	253
BJJLIZOP_CDS_0243	MN850571.1	100.000	121	121	151514	5.34e-80	253
BJJLIZOP_CDS_0243	MH051333.1	100.000	121	121	151671	5.34e-80	253
BJJLIZOP_CDS_0243	PV191315.1	100.000	121	121	151674	5.34e-80	253
BJJLIZOP_CDS_0243	OL739525.1	100.000	121	121	151825	5.34e-80	253
BJJLIZOP_CDS_0243	LR746137.1	100.000	121	121	152148	5.34e-80	253
BJJLIZOP_CDS_0243	MT944117.1	100.000	121	121	152343	5.34e-80	253
BJJLIZOP_CDS_0243	OM362897.1	100.000	121	121	152401	5.34e-80	253
BJJLIZOP_CDS_0243	OR544956.1	99.174	121	121	130723	5.71e-80	253
BJJLIZOP_CDS_0243	OZ035728.1	99.174	121	121	149471	1.67e-79	251
BJJLIZOP_CDS_0243	MN850565.1	99.174	121	121	150947	1.72e-79	251
BJJLIZOP_CDS_0243	MZ726793.1	99.174	121	121	151660	1.92e-79	251
BJJLIZOP_CDS_0243	OP172792.1	99.174	121	121	151993	2.03e-79	251
BJJLIZOP_CDS_0243	OP595145.1	99.174	121	121	151363	2.20e-79	251
BJJLIZOP_CDS_0243	MN850618.1	99.174	121	121	150473	1.44e-78	249
BJJLIZOP_CDS_0244	PP129558.1	100.000	124	124	149967	6.30e-83	261
BJJLIZOP_CDS_0244	OP595145.1	99.194	124	124	151363	8.70e-82	258
BJJLIZOP_CDS_0244	LR746137.1	98.387	124	124	152148	2.02e-81	257
BJJLIZOP_CDS_0244	MH051333.1	98.387	124	124	151671	2.14e-81	257
BJJLIZOP_CDS_0244	OP172791.1	98.387	124	124	151113	3.48e-81	256
BJJLIZOP_CDS_0244	OL739525.1	97.581	124	124	151825	4.74e-81	256
BJJLIZOP_CDS_0244	PQ826431.1	95.968	124	124	151106	7.07e-80	253
BJJLIZOP_CDS_0244	OR067838.1	87.903	124	124	149856	7.17e-73	233
BJJLIZOP_CDS_0244	OL631481.1	88.710	124	124	149818	1.85e-72	232
BJJLIZOP_CDS_0244	MW175890.1	88.710	124	124	150892	1.85e-72	232
BJJLIZOP_CDS_0244	MN850571.1	88.710	124	124	151514	1.85e-72	232
BJJLIZOP_CDS_0244	MN850571.1	36.752	117	124	151514	5.33e-20	82.0
BJJLIZOP_CDS_0244	JX561091.1	88.710	124	124	147737	3.28e-72	231
BJJLIZOP_CDS_0244	MN850618.1	87.097	124	124	150473	8.90e-72	229
BJJLIZOP_CDS_0244	PV191315.1	87.097	124	124	151674	1.03e-71	229
BJJLIZOP_CDS_0244	OR437326.1	86.992	123	124	148445	6.49e-71	227
BJJLIZOP_CDS_0244	MN850565.1	86.992	123	124	150947	6.49e-71	227
BJJLIZOP_CDS_0244	OP172792.1	86.992	123	124	151993	6.55e-71	227
BJJLIZOP_CDS_0244	KX664695.3	86.179	123	124	149268	1.68e-70	226
BJJLIZOP_CDS_0244	OM362897.1	84.677	124	124	152401	3.68e-70	225
BJJLIZOP_CDS_0244	MN850648.1	86.992	123	124	149335	4.29e-70	225
BJJLIZOP_CDS_0244	OZ035728.1	84.677	124	124	149471	8.22e-70	224
BJJLIZOP_CDS_0244	PQ433349.1	84.677	124	124	151245	8.22e-70	224
BJJLIZOP_CDS_0244	OQ031492.1	88.073	109	124	149246	2.81e-64	208
BJJLIZOP_CDS_0244	PV730300.1	84.677	124	124	146712	1.05e-63	207
BJJLIZOP_CDS_0244	PV730300.1	36.752	117	124	146712	1.44e-20	83.6
BJJLIZOP_CDS_0244	OZ035771.1	83.871	124	124	144811	4.41e-63	205
BJJLIZOP_CDS_0244	OR786310.1	83.871	124	124	149880	5.40e-63	204
BJJLIZOP_CDS_0244	MT496970.1	83.871	124	124	151202	5.40e-63	204
BJJLIZOP_CDS_0244	MT496970.1	32.381	105	124	151202	7.95e-06	41.6
BJJLIZOP_CDS_0244	OL505078.1	83.871	124	124	151425	5.40e-63	204
BJJLIZOP_CDS_0244	MT944117.1	83.871	124	124	152343	5.40e-63	204
BJJLIZOP_CDS_0244	MZ726793.1	35.938	128	124	151660	7.08e-18	76.3
BJJLIZOP_CDS_0244	MH160766.1	35.938	128	124	149803	1.12e-17	75.5
BJJLIZOP_CDS_0244	OZ035743.1	35.938	128	124	142881	1.16e-17	75.5
BJJLIZOP_CDS_0244	MN850598.1	35.938	128	124	144998	1.16e-17	75.5
BJJLIZOP_CDS_0244	OM386656.1	35.938	128	124	149073	1.16e-17	75.5
BJJLIZOP_CDS_0244	OM386659.1	35.938	128	124	149194	1.16e-17	75.5
BJJLIZOP_CDS_0244	KX552041.2	35.938	128	124	149813	1.16e-17	75.5
BJJLIZOP_CDS_0244	LR597654.1	35.938	128	124	150152	1.16e-17	75.5
BJJLIZOP_CDS_0244	OR062524.1	35.938	128	124	150431	1.16e-17	75.5
BJJLIZOP_CDS_0244	MH252123.1	35.938	128	124	150925	1.16e-17	75.5
BJJLIZOP_CDS_0244	MK373788.1	35.938	128	124	151194	1.16e-17	75.5
BJJLIZOP_CDS_0244	OR062529.1	35.938	128	124	151980	1.16e-17	75.5
BJJLIZOP_CDS_0244	OR062526.1	35.938	128	124	151980	1.16e-17	75.5
BJJLIZOP_CDS_0244	OR352955.1	35.938	128	124	152808	1.16e-17	75.5
BJJLIZOP_CDS_0244	OM386667.1	35.938	128	124	156300	1.16e-17	75.5
BJJLIZOP_CDS_0244	OR352956.1	35.938	128	124	149254	2.95e-17	74.3
BJJLIZOP_CDS_0245	MH051333.1	99.156	237	238	151671	6.37e-161	491
BJJLIZOP_CDS_0245	OP172791.1	99.156	237	238	151113	6.56e-161	491
BJJLIZOP_CDS_0245	OP595145.1	98.734	237	238	151363	9.20e-161	490
BJJLIZOP_CDS_0245	LR746137.1	98.734	237	238	152148	2.05e-160	489
BJJLIZOP_CDS_0245	OL631481.1	51.271	236	238	149818	2.47e-73	240
BJJLIZOP_CDS_0245	OL631481.1	42.466	73	238	149818	9.92e-12	62.4
BJJLIZOP_CDS_0245	MW175890.1	51.271	236	238	150892	2.47e-73	240
BJJLIZOP_CDS_0245	MW175890.1	42.466	73	238	150892	9.92e-12	62.4
BJJLIZOP_CDS_0245	MN850571.1	51.271	236	238	151514	2.47e-73	240
BJJLIZOP_CDS_0245	MN850571.1	41.176	153	238	151514	4.73e-30	115
BJJLIZOP_CDS_0245	MN850571.1	42.466	73	238	151514	9.92e-12	62.4
BJJLIZOP_CDS_0245	MN850571.1	36.232	69	238	151514	2.12e-06	46.2
BJJLIZOP_CDS_0245	JX561091.1	50.847	236	238	147737	8.04e-73	238
BJJLIZOP_CDS_0245	JX561091.1	41.096	73	238	147737	4.27e-11	60.5
BJJLIZOP_CDS_0245	OL739525.1	48.374	246	238	151825	2.71e-66	219
BJJLIZOP_CDS_0245	OL739525.1	41.975	81	238	151825	1.51e-10	58.5
BJJLIZOP_CDS_0245	OZ035728.1	64.848	165	238	149471	3.10e-66	219
BJJLIZOP_CDS_0245	OZ035728.1	48.810	84	238	149471	2.58e-17	78.6
BJJLIZOP_CDS_0245	PQ433349.1	64.848	165	238	151245	3.10e-66	219
BJJLIZOP_CDS_0245	PQ433349.1	48.810	84	238	151245	2.58e-17	78.6
BJJLIZOP_CDS_0245	PQ826431.1	47.967	246	238	151106	1.57e-65	218
BJJLIZOP_CDS_0245	PQ826431.1	41.975	81	238	151106	8.49e-11	59.3
BJJLIZOP_CDS_0245	OM362897.1	56.471	170	238	152401	1.48e-62	209
BJJLIZOP_CDS_0245	OZ035771.1	59.281	167	238	144811	1.56e-62	209
BJJLIZOP_CDS_0245	OZ035771.1	38.095	126	238	144811	2.47e-16	75.9
BJJLIZOP_CDS_0245	MT496970.1	59.281	167	238	151202	1.72e-62	209
BJJLIZOP_CDS_0245	MT496970.1	38.655	119	238	151202	2.58e-16	75.9
BJJLIZOP_CDS_0245	PV730300.1	59.281	167	238	146712	2.03e-62	208
BJJLIZOP_CDS_0245	PV730300.1	41.176	153	238	146712	4.42e-30	115
BJJLIZOP_CDS_0245	PV730300.1	38.655	119	238	146712	2.98e-16	75.5
BJJLIZOP_CDS_0245	PV730300.1	36.232	69	238	146712	2.06e-06	46.2
BJJLIZOP_CDS_0245	OR786310.1	59.281	167	238	149880	2.03e-62	208
BJJLIZOP_CDS_0245	OR786310.1	38.655	119	238	149880	2.98e-16	75.5
BJJLIZOP_CDS_0245	OL505078.1	59.281	167	238	151425	2.03e-62	208
BJJLIZOP_CDS_0245	OL505078.1	38.655	119	238	151425	2.98e-16	75.5
BJJLIZOP_CDS_0245	MT944117.1	59.281	167	238	152343	2.03e-62	208
BJJLIZOP_CDS_0245	MT944117.1	38.655	119	238	152343	2.98e-16	75.5
BJJLIZOP_CDS_0245	PV191315.1	60.736	163	238	151674	2.09e-60	202
BJJLIZOP_CDS_0245	PV191315.1	46.087	115	238	151674	6.52e-23	95.1
BJJLIZOP_CDS_0245	MN850618.1	60.123	163	238	150473	6.99e-60	201
BJJLIZOP_CDS_0245	MN850618.1	46.087	115	238	150473	6.10e-23	95.1
BJJLIZOP_CDS_0245	OR067838.1	63.014	146	238	149856	2.64e-55	188
BJJLIZOP_CDS_0245	OR067838.1	45.082	122	238	149856	1.69e-22	94.0
BJJLIZOP_CDS_0245	KX664695.3	43.697	238	238	149268	3.98e-49	170
BJJLIZOP_CDS_0245	OP172792.1	43.697	238	238	151993	4.09e-49	170
BJJLIZOP_CDS_0245	OR437326.1	43.697	238	238	148445	4.29e-49	170
BJJLIZOP_CDS_0245	MN850565.1	43.697	238	238	150947	4.30e-49	170
BJJLIZOP_CDS_0245	MN850648.1	43.697	238	238	149335	5.74e-49	170
BJJLIZOP_CDS_0245	OZ035743.1	33.333	240	238	142881	1.44e-39	143
BJJLIZOP_CDS_0245	OZ035743.1	33.125	160	238	142881	1.13e-20	88.6
BJJLIZOP_CDS_0245	MN850598.1	33.333	240	238	144998	1.44e-39	143
BJJLIZOP_CDS_0245	MN850598.1	33.125	160	238	144998	1.13e-20	88.6
BJJLIZOP_CDS_0245	OM386656.1	33.333	240	238	149073	1.44e-39	143
BJJLIZOP_CDS_0245	OM386656.1	33.125	160	238	149073	1.13e-20	88.6
BJJLIZOP_CDS_0245	OM386659.1	33.333	240	238	149194	1.44e-39	143
BJJLIZOP_CDS_0245	OM386659.1	33.125	160	238	149194	1.13e-20	88.6
BJJLIZOP_CDS_0245	MH160766.1	33.333	240	238	149803	1.44e-39	143
BJJLIZOP_CDS_0245	MH160766.1	33.125	160	238	149803	1.06e-20	88.6
BJJLIZOP_CDS_0245	OR062524.1	33.333	240	238	150431	1.44e-39	143
BJJLIZOP_CDS_0245	OR062524.1	33.125	160	238	150431	1.13e-20	88.6
BJJLIZOP_CDS_0245	MH252123.1	33.333	240	238	150925	1.44e-39	143
BJJLIZOP_CDS_0245	MH252123.1	33.125	160	238	150925	1.13e-20	88.6
BJJLIZOP_CDS_0245	MK373788.1	33.333	240	238	151194	1.44e-39	143
BJJLIZOP_CDS_0245	MK373788.1	33.125	160	238	151194	1.13e-20	88.6
BJJLIZOP_CDS_0245	OR062529.1	33.333	240	238	151980	1.44e-39	143
BJJLIZOP_CDS_0245	OR062529.1	33.125	160	238	151980	1.13e-20	88.6
BJJLIZOP_CDS_0245	OR062526.1	33.333	240	238	151980	1.44e-39	143
BJJLIZOP_CDS_0245	OR062526.1	33.125	160	238	151980	1.13e-20	88.6
BJJLIZOP_CDS_0245	OR352955.1	33.333	240	238	152808	1.44e-39	143
BJJLIZOP_CDS_0245	OR352955.1	33.125	160	238	152808	1.13e-20	88.6
BJJLIZOP_CDS_0245	OM386667.1	33.333	240	238	156300	1.44e-39	143
BJJLIZOP_CDS_0245	OM386667.1	33.125	160	238	156300	1.13e-20	88.6
BJJLIZOP_CDS_0245	KX552041.2	33.333	240	238	149813	1.49e-39	143
BJJLIZOP_CDS_0245	KX552041.2	33.125	160	238	149813	2.22e-20	87.8
BJJLIZOP_CDS_0245	LR597654.1	33.333	240	238	150152	1.51e-39	143
BJJLIZOP_CDS_0245	LR597654.1	33.125	160	238	150152	1.13e-20	88.6
BJJLIZOP_CDS_0245	OR352956.1	33.333	240	238	149254	1.74e-39	142
BJJLIZOP_CDS_0245	OR352956.1	33.125	160	238	149254	1.42e-20	88.2
BJJLIZOP_CDS_0245	MZ726793.1	33.333	240	238	151660	2.74e-39	142
BJJLIZOP_CDS_0245	MZ726793.1	31.250	160	238	151660	5.19e-21	89.4
BJJLIZOP_CDS_0245	PP129558.1	98.000	50	238	149967	5.13e-27	107
BJJLIZOP_CDS_0245	PP129558.1	97.727	44	238	149967	2.29e-20	87.8
BJJLIZOP_CDS_0245	PP129558.1	64.286	42	238	149967	1.94e-09	55.5
BJJLIZOP_CDS_0246	PV730300.1	100.000	379	379	146712	0.0	780
BJJLIZOP_CDS_0246	PV191315.1	100.000	379	379	151674	0.0	780
BJJLIZOP_CDS_0246	PQ826431.1	100.000	379	379	151106	0.0	780
BJJLIZOP_CDS_0246	PQ433349.1	100.000	379	379	151245	0.0	780
BJJLIZOP_CDS_0246	PP129558.1	100.000	379	379	149967	0.0	780
BJJLIZOP_CDS_0246	OZ035743.1	100.000	379	379	142881	0.0	780
BJJLIZOP_CDS_0246	OR352956.1	100.000	379	379	149254	0.0	780
BJJLIZOP_CDS_0246	OR352955.1	100.000	379	379	152808	0.0	780
BJJLIZOP_CDS_0246	OR062529.1	100.000	379	379	151980	0.0	780
BJJLIZOP_CDS_0246	OR062526.1	100.000	379	379	151980	0.0	780
BJJLIZOP_CDS_0246	OR062524.1	100.000	379	379	150431	0.0	780
BJJLIZOP_CDS_0246	OP172792.1	100.000	379	379	151993	0.0	780
BJJLIZOP_CDS_0246	OP172791.1	100.000	379	379	151113	0.0	780
BJJLIZOP_CDS_0246	OM386667.1	100.000	379	379	156300	0.0	780
BJJLIZOP_CDS_0246	OM386659.1	100.000	379	379	149194	0.0	780
BJJLIZOP_CDS_0246	OM386656.1	100.000	379	379	149073	0.0	780
BJJLIZOP_CDS_0246	OM362897.1	100.000	379	379	152401	0.0	780
BJJLIZOP_CDS_0246	OL739525.1	100.000	379	379	151825	0.0	780
BJJLIZOP_CDS_0246	OL631481.1	100.000	379	379	149818	0.0	780
BJJLIZOP_CDS_0246	MZ726793.1	100.000	379	379	151660	0.0	780
BJJLIZOP_CDS_0246	MW175890.1	100.000	379	379	150892	0.0	780
BJJLIZOP_CDS_0246	MT496970.1	100.000	379	379	151202	0.0	780
BJJLIZOP_CDS_0246	MN850648.1	100.000	379	379	149335	0.0	780
BJJLIZOP_CDS_0246	MN850618.1	100.000	379	379	150473	0.0	780
BJJLIZOP_CDS_0246	MN850571.1	100.000	379	379	151514	0.0	780
BJJLIZOP_CDS_0246	MH252123.1	100.000	379	379	150925	0.0	780
BJJLIZOP_CDS_0246	MH160766.1	100.000	379	379	149803	0.0	780
BJJLIZOP_CDS_0246	MH051333.1	100.000	379	379	151671	0.0	780
BJJLIZOP_CDS_0246	LR746137.1	100.000	379	379	152148	0.0	780
BJJLIZOP_CDS_0246	KX664695.3	100.000	379	379	149268	0.0	780
BJJLIZOP_CDS_0246	KX552041.2	100.000	379	379	149813	0.0	780
BJJLIZOP_CDS_0246	JX561091.1	100.000	379	379	147737	0.0	780
BJJLIZOP_CDS_0246	OZ035771.1	99.736	379	379	144811	0.0	780
BJJLIZOP_CDS_0246	OR437326.1	99.736	379	379	148445	0.0	779
BJJLIZOP_CDS_0246	OZ035728.1	99.736	379	379	149471	0.0	778
BJJLIZOP_CDS_0246	OQ031492.1	99.736	379	379	149246	0.0	778
BJJLIZOP_CDS_0246	MT944117.1	99.736	379	379	152343	0.0	778
BJJLIZOP_CDS_0246	OR786310.1	99.736	379	379	149880	0.0	778
BJJLIZOP_CDS_0246	MN850598.1	99.736	379	379	144998	0.0	778
BJJLIZOP_CDS_0246	MK373788.1	99.736	379	379	151194	0.0	778
BJJLIZOP_CDS_0246	OP595145.1	99.472	379	379	151363	0.0	778
BJJLIZOP_CDS_0246	MN850565.1	99.736	379	379	150947	0.0	777
BJJLIZOP_CDS_0246	LR597654.1	99.736	379	379	150152	0.0	777
BJJLIZOP_CDS_0246	OR544956.1	100.000	376	379	130723	0.0	773
BJJLIZOP_CDS_0246	OL505078.1	100.000	237	379	151425	0.0	491
BJJLIZOP_CDS_0246	OL505078.1	97.297	148	379	151425	0.0	298
BJJLIZOP_CDS_0246	OR067838.1	99.156	237	379	149856	0.0	486
BJJLIZOP_CDS_0246	OR067838.1	97.297	148	379	149856	0.0	298
BJJLIZOP_CDS_0247	OR544956.1	100.000	118	118	130723	3.22e-74	236
BJJLIZOP_CDS_0247	MN850648.1	100.000	118	118	149335	3.22e-74	236
BJJLIZOP_CDS_0247	MN850618.1	100.000	118	118	150473	3.22e-74	236
BJJLIZOP_CDS_0247	OP172791.1	100.000	118	118	151113	3.22e-74	236
BJJLIZOP_CDS_0247	LR746137.1	100.000	118	118	152148	3.22e-74	236
BJJLIZOP_CDS_0247	MT944117.1	100.000	118	118	152343	3.22e-74	236
BJJLIZOP_CDS_0247	PV730300.1	99.153	118	118	146712	4.89e-74	236
BJJLIZOP_CDS_0247	OQ031492.1	99.153	118	118	149246	4.89e-74	236
BJJLIZOP_CDS_0247	OR786310.1	99.153	118	118	149880	4.89e-74	236
BJJLIZOP_CDS_0247	OL505078.1	99.153	118	118	151425	4.89e-74	236
BJJLIZOP_CDS_0247	OZ035743.1	99.153	118	118	142881	1.49e-73	234
BJJLIZOP_CDS_0247	MN850598.1	99.153	118	118	144998	1.49e-73	234
BJJLIZOP_CDS_0247	OM386656.1	99.153	118	118	149073	1.49e-73	234
BJJLIZOP_CDS_0247	OM386659.1	99.153	118	118	149194	1.49e-73	234
BJJLIZOP_CDS_0247	OR352956.1	99.153	118	118	149254	1.49e-73	234
BJJLIZOP_CDS_0247	KX552041.2	99.153	118	118	149813	1.49e-73	234
BJJLIZOP_CDS_0247	PP129558.1	99.153	118	118	149967	1.49e-73	234
BJJLIZOP_CDS_0247	LR597654.1	99.153	118	118	150152	1.49e-73	234
BJJLIZOP_CDS_0247	MH252123.1	99.153	118	118	150925	1.49e-73	234
BJJLIZOP_CDS_0247	PQ826431.1	99.153	118	118	151106	1.49e-73	234
BJJLIZOP_CDS_0247	MK373788.1	99.153	118	118	151194	1.49e-73	234
BJJLIZOP_CDS_0247	MT496970.1	99.153	118	118	151202	1.49e-73	234
BJJLIZOP_CDS_0247	OP595145.1	99.153	118	118	151363	1.49e-73	234
BJJLIZOP_CDS_0247	PV191315.1	99.153	118	118	151674	1.49e-73	234
BJJLIZOP_CDS_0247	OP172792.1	99.153	118	118	151993	1.49e-73	234
BJJLIZOP_CDS_0247	OR352955.1	99.153	118	118	152808	1.49e-73	234
BJJLIZOP_CDS_0247	OM386667.1	99.153	118	118	156300	1.49e-73	234
BJJLIZOP_CDS_0247	OZ035771.1	98.305	118	118	144811	2.61e-73	234
BJJLIZOP_CDS_0247	KX664695.3	98.305	118	118	149268	2.61e-73	234
BJJLIZOP_CDS_0247	MN850565.1	98.305	118	118	150947	2.61e-73	234
BJJLIZOP_CDS_0247	PQ433349.1	98.305	118	118	151245	2.61e-73	234
BJJLIZOP_CDS_0247	MN850571.1	98.305	118	118	151514	2.61e-73	234
BJJLIZOP_CDS_0247	MZ726793.1	98.305	118	118	151660	2.61e-73	234
BJJLIZOP_CDS_0247	OM362897.1	98.305	118	118	152401	2.61e-73	234
BJJLIZOP_CDS_0247	MW175890.1	97.458	118	118	150892	3.17e-73	233
BJJLIZOP_CDS_0247	MH051333.1	98.305	118	118	151671	3.57e-73	233
BJJLIZOP_CDS_0247	MH160766.1	98.305	118	118	149803	1.22e-72	232
BJJLIZOP_CDS_0247	JX561091.1	96.610	118	118	147737	1.63e-72	231
BJJLIZOP_CDS_0247	OL739525.1	97.458	118	118	151825	2.20e-72	231
BJJLIZOP_CDS_0247	OL631481.1	98.305	118	118	149818	3.44e-72	231
BJJLIZOP_CDS_0247	OR062524.1	98.305	118	118	150431	3.44e-72	231
BJJLIZOP_CDS_0247	OR062529.1	98.305	118	118	151980	3.44e-72	231
BJJLIZOP_CDS_0247	OR062526.1	98.305	118	118	151980	3.44e-72	231
BJJLIZOP_CDS_0247	OZ035728.1	96.610	118	118	149471	1.99e-71	228
BJJLIZOP_CDS_0247	OR437326.1	99.038	104	118	148445	4.42e-65	210
BJJLIZOP_CDS_0247	OR067838.1	98.077	104	118	149856	2.27e-64	208
BJJLIZOP_CDS_0248	OR544956.1	100.000	54	54	130723	8.03e-29	103
BJJLIZOP_CDS_0248	OZ035743.1	100.000	54	54	142881	8.03e-29	103
BJJLIZOP_CDS_0248	MN850598.1	100.000	54	54	144998	8.03e-29	103
BJJLIZOP_CDS_0248	OR437326.1	100.000	54	54	148445	8.03e-29	103
BJJLIZOP_CDS_0248	OM386656.1	100.000	54	54	149073	8.03e-29	103
BJJLIZOP_CDS_0248	OM386659.1	100.000	54	54	149194	8.03e-29	103
BJJLIZOP_CDS_0248	OQ031492.1	100.000	54	54	149246	8.03e-29	103
BJJLIZOP_CDS_0248	OR352956.1	100.000	54	54	149254	8.03e-29	103
BJJLIZOP_CDS_0248	KX664695.3	100.000	54	54	149268	8.03e-29	103
BJJLIZOP_CDS_0248	MN850648.1	100.000	54	54	149335	8.03e-29	103
BJJLIZOP_CDS_0248	OZ035728.1	100.000	54	54	149471	8.03e-29	103
BJJLIZOP_CDS_0248	MH160766.1	100.000	54	54	149803	8.03e-29	103
BJJLIZOP_CDS_0248	KX552041.2	100.000	54	54	149813	8.03e-29	103
BJJLIZOP_CDS_0248	OL631481.1	100.000	54	54	149818	8.03e-29	103
BJJLIZOP_CDS_0248	OR067838.1	100.000	54	54	149856	8.03e-29	103
BJJLIZOP_CDS_0248	OR786310.1	100.000	54	54	149880	8.03e-29	103
BJJLIZOP_CDS_0248	LR597654.1	100.000	54	54	150152	8.03e-29	103
BJJLIZOP_CDS_0248	OR062524.1	100.000	54	54	150431	8.03e-29	103
BJJLIZOP_CDS_0248	MW175890.1	100.000	54	54	150892	8.03e-29	103
BJJLIZOP_CDS_0248	MH252123.1	100.000	54	54	150925	8.03e-29	103
BJJLIZOP_CDS_0248	MN850565.1	100.000	54	54	150947	8.03e-29	103
BJJLIZOP_CDS_0248	PQ826431.1	100.000	54	54	151106	8.03e-29	103
BJJLIZOP_CDS_0248	MK373788.1	100.000	54	54	151194	8.03e-29	103
BJJLIZOP_CDS_0248	PQ433349.1	100.000	54	54	151245	8.03e-29	103
BJJLIZOP_CDS_0248	OP595145.1	100.000	54	54	151363	8.03e-29	103
BJJLIZOP_CDS_0248	OL505078.1	100.000	54	54	151425	8.03e-29	103
BJJLIZOP_CDS_0248	MH051333.1	100.000	54	54	151671	8.03e-29	103
BJJLIZOP_CDS_0248	PV191315.1	100.000	54	54	151674	8.03e-29	103
BJJLIZOP_CDS_0248	OR062529.1	100.000	54	54	151980	8.03e-29	103
BJJLIZOP_CDS_0248	OR062526.1	100.000	54	54	151980	8.03e-29	103
BJJLIZOP_CDS_0248	OP172792.1	100.000	54	54	151993	8.03e-29	103
BJJLIZOP_CDS_0248	LR746137.1	100.000	54	54	152148	8.03e-29	103
BJJLIZOP_CDS_0248	OM362897.1	100.000	54	54	152401	8.03e-29	103
BJJLIZOP_CDS_0248	OR352955.1	100.000	54	54	152808	8.03e-29	103
BJJLIZOP_CDS_0248	OM386667.1	100.000	54	54	156300	8.03e-29	103
BJJLIZOP_CDS_0248	MT496970.1	98.148	54	54	151202	1.14e-28	103
BJJLIZOP_CDS_0248	OP172791.1	98.148	54	54	151113	1.29e-28	103
BJJLIZOP_CDS_0248	MZ726793.1	98.148	54	54	151660	1.29e-28	103
BJJLIZOP_CDS_0248	MT944117.1	98.148	54	54	152343	1.29e-28	103
BJJLIZOP_CDS_0248	OL739525.1	98.148	54	54	151825	3.07e-28	102
BJJLIZOP_CDS_0248	JX561091.1	96.296	54	54	147737	4.54e-28	101
BJJLIZOP_CDS_0248	MN850618.1	96.296	54	54	150473	4.90e-28	101
BJJLIZOP_CDS_0248	PV730300.1	98.148	54	54	146712	1.11e-27	100
BJJLIZOP_CDS_0248	OZ035771.1	96.296	54	54	144811	1.92e-27	99.8
BJJLIZOP_CDS_0248	MN850571.1	96.296	54	54	151514	1.92e-27	99.8
BJJLIZOP_CDS_0248	PP129558.1	94.444	54	54	149967	3.00e-27	99.4
BJJLIZOP_CDS_0249	OM386667.1	100.000	54	54	156300	2.56e-32	113
BJJLIZOP_CDS_0249	OM362897.1	100.000	54	54	152401	2.56e-32	113
BJJLIZOP_CDS_0249	MT944117.1	100.000	54	54	152343	2.56e-32	113
BJJLIZOP_CDS_0249	OR062529.1	100.000	54	54	151980	2.56e-32	113
BJJLIZOP_CDS_0249	OR062526.1	100.000	54	54	151980	2.56e-32	113
BJJLIZOP_CDS_0249	OL739525.1	100.000	54	54	151825	2.56e-32	113
BJJLIZOP_CDS_0249	MH051333.1	100.000	54	54	151671	2.56e-32	113
BJJLIZOP_CDS_0249	MZ726793.1	100.000	54	54	151660	2.56e-32	113
BJJLIZOP_CDS_0249	OL505078.1	100.000	54	54	151425	2.56e-32	113
BJJLIZOP_CDS_0249	OP595145.1	100.000	54	54	151363	2.56e-32	113
BJJLIZOP_CDS_0249	MT496970.1	100.000	54	54	151202	2.56e-32	113
BJJLIZOP_CDS_0249	MK373788.1	100.000	54	54	151194	2.56e-32	113
BJJLIZOP_CDS_0249	PQ826431.1	100.000	54	54	151106	2.56e-32	113
BJJLIZOP_CDS_0249	MN850565.1	100.000	54	54	150947	2.56e-32	113
BJJLIZOP_CDS_0249	MH252123.1	100.000	54	54	150925	2.56e-32	113
BJJLIZOP_CDS_0249	MW175890.1	100.000	54	54	150892	2.56e-32	113
BJJLIZOP_CDS_0249	MN850618.1	100.000	54	54	150473	2.56e-32	113
BJJLIZOP_CDS_0249	OR062524.1	100.000	54	54	150431	2.56e-32	113
BJJLIZOP_CDS_0249	LR597654.1	100.000	54	54	150152	2.56e-32	113
BJJLIZOP_CDS_0249	PP129558.1	100.000	54	54	149967	2.56e-32	113
BJJLIZOP_CDS_0249	OR786310.1	100.000	54	54	149880	2.56e-32	113
BJJLIZOP_CDS_0249	OR067838.1	100.000	54	54	149856	2.56e-32	113
BJJLIZOP_CDS_0249	OL631481.1	100.000	54	54	149818	2.56e-32	113
BJJLIZOP_CDS_0249	KX552041.2	100.000	54	54	149813	2.56e-32	113
BJJLIZOP_CDS_0249	MH160766.1	100.000	54	54	149803	2.56e-32	113
BJJLIZOP_CDS_0249	OZ035728.1	100.000	54	54	149471	2.56e-32	113
BJJLIZOP_CDS_0249	KX664695.3	100.000	54	54	149268	2.56e-32	113
BJJLIZOP_CDS_0249	OR352956.1	100.000	54	54	149254	2.56e-32	113
BJJLIZOP_CDS_0249	OM386659.1	100.000	54	54	149194	2.56e-32	113
BJJLIZOP_CDS_0249	OM386656.1	100.000	54	54	149073	2.56e-32	113
BJJLIZOP_CDS_0249	OR437326.1	100.000	54	54	148445	2.56e-32	113
BJJLIZOP_CDS_0249	JX561091.1	100.000	54	54	147737	2.56e-32	113
BJJLIZOP_CDS_0249	PV730300.1	100.000	54	54	146712	2.56e-32	113
BJJLIZOP_CDS_0249	MN850598.1	100.000	54	54	144998	2.56e-32	113
BJJLIZOP_CDS_0249	OZ035743.1	100.000	54	54	142881	2.56e-32	113
BJJLIZOP_CDS_0249	OP172792.1	98.148	54	54	151993	9.97e-32	112
BJJLIZOP_CDS_0249	OP172791.1	98.148	54	54	151113	1.05e-31	112
BJJLIZOP_CDS_0249	LR746137.1	98.148	54	54	152148	2.07e-31	110
BJJLIZOP_CDS_0249	PV191315.1	98.148	54	54	151674	2.07e-31	110
BJJLIZOP_CDS_0249	MN850571.1	98.148	54	54	151514	2.07e-31	110
BJJLIZOP_CDS_0249	MN850648.1	98.148	54	54	149335	2.07e-31	110
BJJLIZOP_CDS_0249	OQ031492.1	98.148	54	54	149246	2.07e-31	110
BJJLIZOP_CDS_0249	OZ035771.1	98.148	54	54	144811	2.07e-31	110
BJJLIZOP_CDS_0249	PQ433349.1	98.148	54	54	151245	3.17e-31	110
BJJLIZOP_CDS_0249	OR352955.1	93.478	46	54	152808	5.45e-26	95.5
BJJLIZOP_CDS_0249	OR544956.1	85.294	34	54	130723	1.94e-19	60.1
BJJLIZOP_CDS_0249	OR544956.1	100.000	22	54	130723	1.94e-19	48.1
BJJLIZOP_CDS_0250	MZ726793.1	100.000	83	83	151660	7.35e-51	168
BJJLIZOP_CDS_0250	OZ035743.1	98.795	83	83	142881	2.14e-50	166
BJJLIZOP_CDS_0250	MN850598.1	98.795	83	83	144998	2.14e-50	166
BJJLIZOP_CDS_0250	OM386656.1	98.795	83	83	149073	2.14e-50	166
BJJLIZOP_CDS_0250	OM386659.1	98.795	83	83	149194	2.14e-50	166
BJJLIZOP_CDS_0250	KX664695.3	98.795	83	83	149268	2.14e-50	166
BJJLIZOP_CDS_0250	OZ035728.1	98.795	83	83	149471	2.14e-50	166
BJJLIZOP_CDS_0250	MH160766.1	98.795	83	83	149803	2.14e-50	166
BJJLIZOP_CDS_0250	KX552041.2	98.795	83	83	149813	2.14e-50	166
BJJLIZOP_CDS_0250	OR067838.1	98.795	83	83	149856	2.14e-50	166
BJJLIZOP_CDS_0250	PP129558.1	98.795	83	83	149967	2.14e-50	166
BJJLIZOP_CDS_0250	LR597654.1	98.795	83	83	150152	2.14e-50	166
BJJLIZOP_CDS_0250	OR062524.1	98.795	83	83	150431	2.14e-50	166
BJJLIZOP_CDS_0250	MK373788.1	98.795	83	83	151194	2.14e-50	166
BJJLIZOP_CDS_0250	MN850571.1	98.795	83	83	151514	2.14e-50	166
BJJLIZOP_CDS_0250	MH051333.1	98.795	83	83	151671	2.14e-50	166
BJJLIZOP_CDS_0250	OR062529.1	98.795	83	83	151980	2.14e-50	166
BJJLIZOP_CDS_0250	OR062526.1	98.795	83	83	151980	2.14e-50	166
BJJLIZOP_CDS_0250	MT944117.1	98.795	83	83	152343	2.14e-50	166
BJJLIZOP_CDS_0250	OR352955.1	98.795	83	83	152808	2.14e-50	166
BJJLIZOP_CDS_0250	OM386667.1	98.795	83	83	156300	2.14e-50	166
BJJLIZOP_CDS_0250	OZ035771.1	97.590	83	83	144811	6.15e-50	165
BJJLIZOP_CDS_0250	OM362897.1	97.590	83	83	152401	6.52e-50	165
BJJLIZOP_CDS_0250	OP172792.1	97.590	83	83	151993	8.07e-50	165
BJJLIZOP_CDS_0250	MW175890.1	97.590	83	83	150892	9.52e-50	164
BJJLIZOP_CDS_0250	OP595145.1	97.590	83	83	151363	9.52e-50	164
BJJLIZOP_CDS_0250	PQ433349.1	97.590	83	83	151245	1.07e-49	164
BJJLIZOP_CDS_0250	PV730300.1	86.747	83	83	146712	1.61e-46	155
BJJLIZOP_CDS_0250	OR437326.1	86.747	83	83	148445	1.61e-46	155
BJJLIZOP_CDS_0250	OQ031492.1	86.747	83	83	149246	1.61e-46	155
BJJLIZOP_CDS_0250	OR352956.1	86.747	83	83	149254	1.61e-46	155
BJJLIZOP_CDS_0250	MN850648.1	86.747	83	83	149335	1.61e-46	155
BJJLIZOP_CDS_0250	OL631481.1	86.747	83	83	149818	1.61e-46	155
BJJLIZOP_CDS_0250	MN850618.1	86.747	83	83	150473	1.61e-46	155
BJJLIZOP_CDS_0250	MH252123.1	86.747	83	83	150925	1.61e-46	155
BJJLIZOP_CDS_0250	MN850565.1	86.747	83	83	150947	1.61e-46	155
BJJLIZOP_CDS_0250	OP172791.1	86.747	83	83	151113	1.61e-46	155
BJJLIZOP_CDS_0250	MT496970.1	86.747	83	83	151202	1.61e-46	155
BJJLIZOP_CDS_0250	OL505078.1	86.747	83	83	151425	1.61e-46	155
BJJLIZOP_CDS_0250	PV191315.1	86.747	83	83	151674	1.61e-46	155
BJJLIZOP_CDS_0250	OL739525.1	86.747	83	83	151825	1.61e-46	155
BJJLIZOP_CDS_0250	LR746137.1	86.747	83	83	152148	1.61e-46	155
BJJLIZOP_CDS_0250	JX561091.1	86.747	83	83	147737	1.79e-46	155
BJJLIZOP_CDS_0250	OR786310.1	85.542	83	83	149880	5.21e-46	154
BJJLIZOP_CDS_0250	PQ826431.1	85.542	83	83	151106	5.21e-46	154
BJJLIZOP_CDS_0250	OR544956.1	90.476	42	83	130723	2.11e-19	78.6
BJJLIZOP_CDS_0251	MZ726793.1	100.000	112	112	151660	6.12e-73	232
BJJLIZOP_CDS_0251	OR544956.1	99.107	112	112	130723	9.75e-73	232
BJJLIZOP_CDS_0251	OZ035743.1	99.107	112	112	142881	9.75e-73	232
BJJLIZOP_CDS_0251	PV730300.1	99.107	112	112	146712	9.75e-73	232
BJJLIZOP_CDS_0251	OM386659.1	99.107	112	112	149194	9.75e-73	232
BJJLIZOP_CDS_0251	OQ031492.1	99.107	112	112	149246	9.75e-73	232
BJJLIZOP_CDS_0251	OR352956.1	99.107	112	112	149254	9.75e-73	232
BJJLIZOP_CDS_0251	KX664695.3	99.107	112	112	149268	9.75e-73	232
BJJLIZOP_CDS_0251	MN850648.1	99.107	112	112	149335	9.75e-73	232
BJJLIZOP_CDS_0251	OZ035728.1	99.107	112	112	149471	9.75e-73	232
BJJLIZOP_CDS_0251	MH160766.1	99.107	112	112	149803	9.75e-73	232
BJJLIZOP_CDS_0251	OL631481.1	99.107	112	112	149818	9.75e-73	232
BJJLIZOP_CDS_0251	OR067838.1	99.107	112	112	149856	9.75e-73	232
BJJLIZOP_CDS_0251	OR786310.1	99.107	112	112	149880	9.75e-73	232
BJJLIZOP_CDS_0251	LR597654.1	99.107	112	112	150152	9.75e-73	232
BJJLIZOP_CDS_0251	OR062524.1	99.107	112	112	150431	9.75e-73	232
BJJLIZOP_CDS_0251	MN850618.1	99.107	112	112	150473	9.75e-73	232
BJJLIZOP_CDS_0251	MW175890.1	99.107	112	112	150892	9.75e-73	232
BJJLIZOP_CDS_0251	MH252123.1	99.107	112	112	150925	9.75e-73	232
BJJLIZOP_CDS_0251	MN850565.1	99.107	112	112	150947	9.75e-73	232
BJJLIZOP_CDS_0251	PQ826431.1	99.107	112	112	151106	9.75e-73	232
BJJLIZOP_CDS_0251	OP172791.1	99.107	112	112	151113	9.75e-73	232
BJJLIZOP_CDS_0251	MT496970.1	99.107	112	112	151202	9.75e-73	232
BJJLIZOP_CDS_0251	PQ433349.1	99.107	112	112	151245	9.75e-73	232
BJJLIZOP_CDS_0251	OP595145.1	99.107	112	112	151363	9.75e-73	232
BJJLIZOP_CDS_0251	OL505078.1	99.107	112	112	151425	9.75e-73	232
BJJLIZOP_CDS_0251	MH051333.1	99.107	112	112	151671	9.75e-73	232
BJJLIZOP_CDS_0251	OR062529.1	99.107	112	112	151980	9.75e-73	232
BJJLIZOP_CDS_0251	OR062526.1	99.107	112	112	151980	9.75e-73	232
BJJLIZOP_CDS_0251	MT944117.1	99.107	112	112	152343	9.75e-73	232
BJJLIZOP_CDS_0251	OR352955.1	99.107	112	112	152808	9.75e-73	232
BJJLIZOP_CDS_0251	OM386667.1	99.107	112	112	156300	9.75e-73	232
BJJLIZOP_CDS_0251	OM362897.1	98.214	112	112	152401	1.41e-72	231
BJJLIZOP_CDS_0251	JX561091.1	97.321	112	112	147737	2.33e-72	231
BJJLIZOP_CDS_0251	MN850598.1	98.214	112	112	144998	2.52e-72	231
BJJLIZOP_CDS_0251	MK373788.1	98.214	112	112	151194	3.03e-72	230
BJJLIZOP_CDS_0251	OR437326.1	98.214	112	112	148445	3.61e-72	230
BJJLIZOP_CDS_0251	MN850571.1	97.321	112	112	151514	4.21e-72	230
BJJLIZOP_CDS_0251	OM386656.1	98.214	112	112	149073	4.69e-72	230
BJJLIZOP_CDS_0251	KX552041.2	98.214	112	112	149813	5.06e-72	230
BJJLIZOP_CDS_0251	PV191315.1	98.214	112	112	151674	5.52e-72	229
BJJLIZOP_CDS_0251	LR746137.1	98.214	112	112	152148	5.91e-72	229
BJJLIZOP_CDS_0251	OZ035771.1	97.321	112	112	144811	8.88e-72	229
BJJLIZOP_CDS_0251	OL739525.1	97.321	112	112	151825	2.81e-71	228
BJJLIZOP_CDS_0251	PP129558.1	97.273	110	112	149967	6.19e-70	224
BJJLIZOP_CDS_0251	OP172792.1	95.614	114	112	151993	8.87e-70	223
BJJLIZOP_CDS_0252	MN850598.1	100.000	58	58	144998	1.79e-32	114
BJJLIZOP_CDS_0252	OQ031492.1	100.000	58	58	149246	1.79e-32	114
BJJLIZOP_CDS_0252	OR352956.1	100.000	58	58	149254	1.79e-32	114
BJJLIZOP_CDS_0252	KX664695.3	100.000	58	58	149268	1.79e-32	114
BJJLIZOP_CDS_0252	OZ035728.1	100.000	58	58	149471	1.79e-32	114
BJJLIZOP_CDS_0252	OR067838.1	100.000	58	58	149856	1.79e-32	114
BJJLIZOP_CDS_0252	OR786310.1	100.000	58	58	149880	1.79e-32	114
BJJLIZOP_CDS_0252	MH252123.1	100.000	58	58	150925	1.79e-32	114
BJJLIZOP_CDS_0252	MN850565.1	100.000	58	58	150947	1.79e-32	114
BJJLIZOP_CDS_0252	OL505078.1	100.000	58	58	151425	1.79e-32	114
BJJLIZOP_CDS_0252	MZ726793.1	100.000	58	58	151660	1.79e-32	114
BJJLIZOP_CDS_0252	OL739525.1	100.000	58	58	151825	1.79e-32	114
BJJLIZOP_CDS_0252	LR746137.1	100.000	58	58	152148	1.79e-32	114
BJJLIZOP_CDS_0252	MT944117.1	100.000	58	58	152343	1.79e-32	114
BJJLIZOP_CDS_0252	OR352955.1	100.000	58	58	152808	1.79e-32	114
BJJLIZOP_CDS_0252	MK373788.1	98.276	58	58	151194	3.78e-32	113
BJJLIZOP_CDS_0252	OZ035743.1	98.276	58	58	142881	4.29e-32	113
BJJLIZOP_CDS_0252	OM386656.1	98.276	58	58	149073	4.29e-32	113
BJJLIZOP_CDS_0252	OM386659.1	98.276	58	58	149194	4.29e-32	113
BJJLIZOP_CDS_0252	MH160766.1	98.276	58	58	149803	4.29e-32	113
BJJLIZOP_CDS_0252	KX552041.2	98.276	58	58	149813	4.29e-32	113
BJJLIZOP_CDS_0252	PP129558.1	98.276	58	58	149967	4.29e-32	113
BJJLIZOP_CDS_0252	LR597654.1	98.276	58	58	150152	4.29e-32	113
BJJLIZOP_CDS_0252	OR062524.1	98.276	58	58	150431	4.29e-32	113
BJJLIZOP_CDS_0252	OP172791.1	98.276	58	58	151113	4.29e-32	113
BJJLIZOP_CDS_0252	MH051333.1	98.276	58	58	151671	4.29e-32	113
BJJLIZOP_CDS_0252	OR062529.1	98.276	58	58	151980	4.29e-32	113
BJJLIZOP_CDS_0252	OR062526.1	98.276	58	58	151980	4.29e-32	113
BJJLIZOP_CDS_0252	OM386667.1	98.276	58	58	156300	4.29e-32	113
BJJLIZOP_CDS_0252	MW175890.1	98.276	58	58	150892	4.55e-32	113
BJJLIZOP_CDS_0252	OL631481.1	98.276	58	58	149818	5.86e-32	112
BJJLIZOP_CDS_0252	OR544956.1	98.276	58	58	130723	7.26e-32	112
BJJLIZOP_CDS_0252	JX561091.1	98.276	58	58	147737	7.26e-32	112
BJJLIZOP_CDS_0252	MN850648.1	98.276	58	58	149335	7.26e-32	112
BJJLIZOP_CDS_0252	MN850618.1	98.276	58	58	150473	7.26e-32	112
BJJLIZOP_CDS_0252	MT496970.1	98.276	58	58	151202	7.26e-32	112
BJJLIZOP_CDS_0252	OP595145.1	98.276	58	58	151363	7.26e-32	112
BJJLIZOP_CDS_0252	OM362897.1	98.276	58	58	152401	7.26e-32	112
BJJLIZOP_CDS_0252	PQ433349.1	98.276	58	58	151245	1.38e-31	111
BJJLIZOP_CDS_0252	PQ826431.1	96.552	58	58	151106	1.50e-31	111
BJJLIZOP_CDS_0252	OR437326.1	96.552	58	58	148445	1.81e-31	111
BJJLIZOP_CDS_0252	MN850571.1	96.552	58	58	151514	1.81e-31	111
BJJLIZOP_CDS_0252	OZ035771.1	96.552	58	58	144811	1.90e-31	111
BJJLIZOP_CDS_0252	PV191315.1	96.552	58	58	151674	2.38e-31	111
BJJLIZOP_CDS_0252	PV730300.1	96.552	58	58	146712	4.30e-31	110
BJJLIZOP_CDS_0252	OP172792.1	38.596	57	58	151993	3.45e-06	39.7
BJJLIZOP_CDS_0253	OM386656.1	100.000	118	118	149073	5.82e-77	244
BJJLIZOP_CDS_0253	OM386659.1	100.000	118	118	149194	5.82e-77	244
BJJLIZOP_CDS_0253	MH160766.1	100.000	118	118	149803	5.82e-77	244
BJJLIZOP_CDS_0253	KX552041.2	100.000	118	118	149813	5.82e-77	244
BJJLIZOP_CDS_0253	LR597654.1	100.000	118	118	150152	5.82e-77	244
BJJLIZOP_CDS_0253	OR062524.1	100.000	118	118	150431	5.82e-77	244
BJJLIZOP_CDS_0253	MK373788.1	100.000	118	118	151194	5.82e-77	244
BJJLIZOP_CDS_0253	MH051333.1	100.000	118	118	151671	5.82e-77	244
BJJLIZOP_CDS_0253	OR062529.1	100.000	118	118	151980	5.82e-77	244
BJJLIZOP_CDS_0253	OR062526.1	100.000	118	118	151980	5.82e-77	244
BJJLIZOP_CDS_0253	OM386667.1	100.000	118	118	156300	5.82e-77	244
BJJLIZOP_CDS_0253	MW175890.1	100.000	118	118	150892	6.53e-77	244
BJJLIZOP_CDS_0253	OR544956.1	100.000	118	118	130723	8.41e-77	244
BJJLIZOP_CDS_0253	MT496970.1	100.000	118	118	151202	8.41e-77	244
BJJLIZOP_CDS_0253	OM362897.1	100.000	118	118	152401	8.41e-77	244
BJJLIZOP_CDS_0253	JX561091.1	100.000	118	118	147737	8.91e-77	244
BJJLIZOP_CDS_0253	OQ031492.1	100.000	118	118	149246	8.91e-77	244
BJJLIZOP_CDS_0253	KX664695.3	100.000	118	118	149268	8.91e-77	244
BJJLIZOP_CDS_0253	MN850648.1	100.000	118	118	149335	8.91e-77	244
BJJLIZOP_CDS_0253	OR786310.1	100.000	118	118	149880	8.91e-77	244
BJJLIZOP_CDS_0253	PQ826431.1	100.000	118	118	151106	8.91e-77	244
BJJLIZOP_CDS_0253	OP172791.1	100.000	118	118	151113	8.91e-77	244
BJJLIZOP_CDS_0253	OL505078.1	100.000	118	118	151425	8.91e-77	244
BJJLIZOP_CDS_0253	MZ726793.1	100.000	118	118	151660	8.91e-77	244
BJJLIZOP_CDS_0253	PV191315.1	100.000	118	118	151674	8.91e-77	244
BJJLIZOP_CDS_0253	OL739525.1	100.000	118	118	151825	8.91e-77	244
BJJLIZOP_CDS_0253	MT944117.1	100.000	118	118	152343	8.91e-77	244
BJJLIZOP_CDS_0253	OR352955.1	100.000	118	118	152808	8.91e-77	244
BJJLIZOP_CDS_0253	OZ035771.1	100.000	118	118	144811	9.91e-77	243
BJJLIZOP_CDS_0253	OR352956.1	100.000	118	118	149254	1.16e-76	243
BJJLIZOP_CDS_0253	MN850618.1	100.000	118	118	150473	1.16e-76	243
BJJLIZOP_CDS_0253	MN850565.1	100.000	118	118	150947	1.16e-76	243
BJJLIZOP_CDS_0253	OR067838.1	99.153	118	118	149856	1.40e-76	243
BJJLIZOP_CDS_0253	MN850598.1	99.153	118	118	144998	1.83e-76	243
BJJLIZOP_CDS_0253	OP595145.1	99.153	118	118	151363	1.84e-76	243
BJJLIZOP_CDS_0253	OZ035743.1	99.153	118	118	142881	2.09e-76	243
BJJLIZOP_CDS_0253	OL631481.1	99.153	118	118	149818	2.69e-76	242
BJJLIZOP_CDS_0253	LR746137.1	99.153	118	118	152148	2.72e-76	242
BJJLIZOP_CDS_0253	PV730300.1	99.153	118	118	146712	2.93e-76	242
BJJLIZOP_CDS_0253	OR437326.1	99.153	118	118	148445	2.93e-76	242
BJJLIZOP_CDS_0253	MN850571.1	99.153	118	118	151514	3.20e-76	242
BJJLIZOP_CDS_0253	PP129558.1	99.153	118	118	149967	3.53e-76	242
BJJLIZOP_CDS_0253	MH252123.1	99.153	118	118	150925	3.53e-76	242
BJJLIZOP_CDS_0253	OZ035728.1	98.305	118	118	149471	1.09e-75	241
BJJLIZOP_CDS_0253	PQ433349.1	98.305	118	118	151245	3.12e-75	239
BJJLIZOP_CDS_0253	OP172792.1	78.814	118	118	151993	1.31e-61	200
BJJLIZOP_CDS_0254	LR746137.1	100.000	95	95	152148	5.42e-60	194
BJJLIZOP_CDS_0254	PV730300.1	98.947	95	95	146712	2.09e-59	193
BJJLIZOP_CDS_0254	KX664695.3	98.947	95	95	149268	2.09e-59	193
BJJLIZOP_CDS_0254	OR067838.1	98.947	95	95	149856	2.09e-59	193
BJJLIZOP_CDS_0254	PP129558.1	98.947	95	95	149967	2.09e-59	193
BJJLIZOP_CDS_0254	MH252123.1	98.947	95	95	150925	2.09e-59	193
BJJLIZOP_CDS_0254	OP595145.1	98.947	95	95	151363	2.09e-59	193
BJJLIZOP_CDS_0254	OR352955.1	98.947	95	95	152808	2.09e-59	193
BJJLIZOP_CDS_0254	OP172791.1	98.947	95	95	151113	2.71e-59	192
BJJLIZOP_CDS_0254	MZ726793.1	98.947	95	95	151660	2.71e-59	192
BJJLIZOP_CDS_0254	OL631481.1	97.895	95	95	149818	1.40e-58	191
BJJLIZOP_CDS_0254	OR786310.1	97.895	95	95	149880	1.40e-58	191
BJJLIZOP_CDS_0254	PQ826431.1	97.895	95	95	151106	1.40e-58	191
BJJLIZOP_CDS_0254	OQ031492.1	97.895	95	95	149246	1.58e-58	190
BJJLIZOP_CDS_0254	MN850648.1	97.895	95	95	149335	1.58e-58	190
BJJLIZOP_CDS_0254	JX561091.1	97.895	95	95	147737	2.22e-58	190
BJJLIZOP_CDS_0254	OL505078.1	97.895	95	95	151425	2.22e-58	190
BJJLIZOP_CDS_0254	PV191315.1	97.895	95	95	151674	2.22e-58	190
BJJLIZOP_CDS_0254	OL739525.1	97.895	95	95	151825	2.22e-58	190
BJJLIZOP_CDS_0254	MT944117.1	97.895	95	95	152343	2.22e-58	190
BJJLIZOP_CDS_0254	MT496970.1	97.895	95	95	151202	2.62e-58	190
BJJLIZOP_CDS_0254	OR544956.1	97.895	95	95	130723	2.89e-58	189
BJJLIZOP_CDS_0254	OM362897.1	97.895	95	95	152401	2.89e-58	189
BJJLIZOP_CDS_0254	MW175890.1	96.842	95	95	150892	5.64e-58	189
BJJLIZOP_CDS_0254	OR437326.1	96.842	95	95	148445	9.07e-58	188
BJJLIZOP_CDS_0254	MN850618.1	95.789	95	95	150473	8.27e-57	185
BJJLIZOP_CDS_0254	OZ035728.1	95.789	95	95	149471	1.62e-56	184
BJJLIZOP_CDS_0254	PQ433349.1	93.684	95	95	151245	1.65e-56	184
BJJLIZOP_CDS_0254	OZ035743.1	93.684	95	95	142881	2.68e-56	184
BJJLIZOP_CDS_0254	OM386656.1	93.684	95	95	149073	2.68e-56	184
BJJLIZOP_CDS_0254	OM386659.1	93.684	95	95	149194	2.68e-56	184
BJJLIZOP_CDS_0254	MH160766.1	93.684	95	95	149803	2.68e-56	184
BJJLIZOP_CDS_0254	KX552041.2	93.684	95	95	149813	2.68e-56	184
BJJLIZOP_CDS_0254	LR597654.1	93.684	95	95	150152	2.68e-56	184
BJJLIZOP_CDS_0254	OR062524.1	93.684	95	95	150431	2.68e-56	184
BJJLIZOP_CDS_0254	MK373788.1	93.684	95	95	151194	2.68e-56	184
BJJLIZOP_CDS_0254	MH051333.1	93.684	95	95	151671	2.68e-56	184
BJJLIZOP_CDS_0254	OR062529.1	93.684	95	95	151980	2.68e-56	184
BJJLIZOP_CDS_0254	OR062526.1	93.684	95	95	151980	2.68e-56	184
BJJLIZOP_CDS_0254	OM386667.1	93.684	95	95	156300	2.68e-56	184
BJJLIZOP_CDS_0254	OR352956.1	93.684	95	95	149254	8.65e-56	182
BJJLIZOP_CDS_0254	MN850565.1	93.684	95	95	150947	8.65e-56	182
BJJLIZOP_CDS_0254	MN850598.1	94.681	94	95	144998	1.42e-55	182
BJJLIZOP_CDS_0254	OZ035771.1	93.617	94	95	144811	1.52e-55	182
BJJLIZOP_CDS_0254	MN850571.1	93.617	94	95	151514	6.14e-55	180
BJJLIZOP_CDS_0254	OP172792.1	91.398	93	95	151993	1.94e-53	176
BJJLIZOP_CDS_0255	OR544956.1	100.000	163	163	130723	3.27e-110	342
BJJLIZOP_CDS_0255	MT496970.1	100.000	163	163	151202	3.27e-110	342
BJJLIZOP_CDS_0255	MZ726793.1	100.000	163	163	151660	3.27e-110	342
BJJLIZOP_CDS_0255	OP172791.1	99.387	163	163	151113	9.48e-110	340
BJJLIZOP_CDS_0255	OM362897.1	99.387	163	163	152401	9.48e-110	340
BJJLIZOP_CDS_0255	OL505078.1	99.387	163	163	151425	1.16e-109	340
BJJLIZOP_CDS_0255	MT944117.1	99.387	163	163	152343	1.16e-109	340
BJJLIZOP_CDS_0255	OL739525.1	99.387	163	163	151825	1.42e-109	340
BJJLIZOP_CDS_0255	MN850618.1	98.773	163	163	150473	5.06e-109	338
BJJLIZOP_CDS_0255	JX561091.1	98.773	163	163	147737	1.71e-108	337
BJJLIZOP_CDS_0255	PV191315.1	98.160	163	163	151674	2.57e-108	336
BJJLIZOP_CDS_0256	OR352956.1	100.000	96	96	149254	1.14e-59	194
BJJLIZOP_CDS_0256	MZ726793.1	100.000	96	96	151660	1.14e-59	194
BJJLIZOP_CDS_0256	LR746137.1	100.000	96	96	152148	1.14e-59	194
BJJLIZOP_CDS_0256	MT944117.1	100.000	96	96	152343	1.14e-59	194
BJJLIZOP_CDS_0256	JX561091.1	98.958	96	96	147737	2.59e-59	192
BJJLIZOP_CDS_0256	OL631481.1	97.917	96	96	149818	7.75e-59	191
BJJLIZOP_CDS_0256	OR544956.1	97.917	96	96	130723	1.02e-58	191
BJJLIZOP_CDS_0256	OZ035743.1	97.917	96	96	142881	1.02e-58	191
BJJLIZOP_CDS_0256	MN850598.1	97.917	96	96	144998	1.02e-58	191
BJJLIZOP_CDS_0256	PV730300.1	97.917	96	96	146712	1.02e-58	191
BJJLIZOP_CDS_0256	OR437326.1	97.917	96	96	148445	1.02e-58	191
BJJLIZOP_CDS_0256	OM386656.1	97.917	96	96	149073	1.02e-58	191
BJJLIZOP_CDS_0256	OM386659.1	97.917	96	96	149194	1.02e-58	191
BJJLIZOP_CDS_0256	OQ031492.1	97.917	96	96	149246	1.02e-58	191
BJJLIZOP_CDS_0256	KX664695.3	97.917	96	96	149268	1.02e-58	191
BJJLIZOP_CDS_0256	MN850648.1	97.917	96	96	149335	1.02e-58	191
BJJLIZOP_CDS_0256	OZ035728.1	97.917	96	96	149471	1.02e-58	191
BJJLIZOP_CDS_0256	MH160766.1	97.917	96	96	149803	1.02e-58	191
BJJLIZOP_CDS_0256	KX552041.2	97.917	96	96	149813	1.02e-58	191
BJJLIZOP_CDS_0256	OR067838.1	97.917	96	96	149856	1.02e-58	191
BJJLIZOP_CDS_0256	OR786310.1	97.917	96	96	149880	1.02e-58	191
BJJLIZOP_CDS_0256	LR597654.1	97.917	96	96	150152	1.02e-58	191
BJJLIZOP_CDS_0256	OR062524.1	97.917	96	96	150431	1.02e-58	191
BJJLIZOP_CDS_0256	MN850618.1	97.917	96	96	150473	1.02e-58	191
BJJLIZOP_CDS_0256	MW175890.1	97.917	96	96	150892	1.02e-58	191
BJJLIZOP_CDS_0256	MH252123.1	97.917	96	96	150925	1.02e-58	191
BJJLIZOP_CDS_0256	MN850565.1	97.917	96	96	150947	1.02e-58	191
BJJLIZOP_CDS_0256	PQ826431.1	97.917	96	96	151106	1.02e-58	191
BJJLIZOP_CDS_0256	MK373788.1	97.917	96	96	151194	1.02e-58	191
BJJLIZOP_CDS_0256	MT496970.1	97.917	96	96	151202	1.02e-58	191
BJJLIZOP_CDS_0256	PQ433349.1	97.917	96	96	151245	1.02e-58	191
BJJLIZOP_CDS_0256	OP595145.1	97.917	96	96	151363	1.02e-58	191
BJJLIZOP_CDS_0256	OL505078.1	97.917	96	96	151425	1.02e-58	191
BJJLIZOP_CDS_0256	MN850571.1	97.917	96	96	151514	1.02e-58	191
BJJLIZOP_CDS_0256	MH051333.1	97.917	96	96	151671	1.02e-58	191
BJJLIZOP_CDS_0256	PV191315.1	97.917	96	96	151674	1.02e-58	191
BJJLIZOP_CDS_0256	OL739525.1	97.917	96	96	151825	1.02e-58	191
BJJLIZOP_CDS_0256	OR062529.1	97.917	96	96	151980	1.02e-58	191
BJJLIZOP_CDS_0256	OR062526.1	97.917	96	96	151980	1.02e-58	191
BJJLIZOP_CDS_0256	OM362897.1	97.917	96	96	152401	1.02e-58	191
BJJLIZOP_CDS_0256	OR352955.1	97.917	96	96	152808	1.02e-58	191
BJJLIZOP_CDS_0256	OM386667.1	97.917	96	96	156300	1.02e-58	191
BJJLIZOP_CDS_0256	OZ035771.1	96.875	96	96	144811	1.50e-58	190
BJJLIZOP_CDS_0256	OP172791.1	96.875	96	96	151113	4.62e-58	189
BJJLIZOP_CDS_0256	PP129558.1	96.875	96	96	149967	4.85e-58	189
BJJLIZOP_CDS_0256	OP172792.1	96.875	96	96	151993	5.29e-58	189
BJJLIZOP_CDS_0257	OR352955.1	100.000	38	38	152808	4.29e-20	77.8
BJJLIZOP_CDS_0257	MT944117.1	100.000	38	38	152343	4.29e-20	77.8
BJJLIZOP_CDS_0257	PV191315.1	100.000	38	38	151674	4.29e-20	77.8
BJJLIZOP_CDS_0257	MZ726793.1	100.000	38	38	151660	4.29e-20	77.8
BJJLIZOP_CDS_0257	MN850571.1	100.000	38	38	151514	4.29e-20	77.8
BJJLIZOP_CDS_0257	PQ433349.1	100.000	38	38	151245	4.29e-20	77.8
BJJLIZOP_CDS_0257	OP172791.1	100.000	38	38	151113	4.29e-20	77.8
BJJLIZOP_CDS_0257	MN850565.1	100.000	38	38	150947	4.29e-20	77.8
BJJLIZOP_CDS_0257	MH252123.1	100.000	38	38	150925	4.29e-20	77.8
BJJLIZOP_CDS_0257	PP129558.1	100.000	38	38	149967	4.29e-20	77.8
BJJLIZOP_CDS_0257	OR067838.1	100.000	38	38	149856	4.29e-20	77.8
BJJLIZOP_CDS_0257	OL631481.1	100.000	38	38	149818	4.29e-20	77.8
BJJLIZOP_CDS_0257	MN850648.1	100.000	38	38	149335	4.29e-20	77.8
BJJLIZOP_CDS_0257	KX664695.3	100.000	38	38	149268	4.29e-20	77.8
BJJLIZOP_CDS_0257	OR352956.1	100.000	38	38	149254	4.29e-20	77.8
BJJLIZOP_CDS_0257	JX561091.1	100.000	38	38	147737	4.29e-20	77.8
BJJLIZOP_CDS_0257	PV730300.1	100.000	38	38	146712	4.29e-20	77.8
BJJLIZOP_CDS_0257	MN850598.1	100.000	38	38	144998	4.29e-20	77.8
BJJLIZOP_CDS_0257	OR437326.1	97.368	38	38	148445	2.58e-19	75.9
BJJLIZOP_CDS_0257	OL739525.1	100.000	34	38	151825	9.43e-18	71.2
BJJLIZOP_CDS_0257	OP595145.1	100.000	34	38	151363	9.43e-18	71.2
BJJLIZOP_CDS_0257	OZ035728.1	100.000	34	38	149471	9.43e-18	71.2
BJJLIZOP_CDS_0257	OQ031492.1	100.000	34	38	149246	9.43e-18	71.2
BJJLIZOP_CDS_0257	MW175890.1	84.211	38	38	150892	1.43e-16	67.8
BJJLIZOP_CDS_0257	LR597654.1	85.294	34	38	150152	3.93e-15	63.9
BJJLIZOP_CDS_0257	OM386667.1	85.294	34	38	156300	6.22e-15	63.2
BJJLIZOP_CDS_0257	LR746137.1	85.294	34	38	152148	6.22e-15	63.2
BJJLIZOP_CDS_0257	OP172792.1	85.294	34	38	151993	6.22e-15	63.2
BJJLIZOP_CDS_0257	OR062529.1	85.294	34	38	151980	6.22e-15	63.2
BJJLIZOP_CDS_0257	OR062526.1	85.294	34	38	151980	6.22e-15	63.2
BJJLIZOP_CDS_0257	MH051333.1	85.294	34	38	151671	6.22e-15	63.2
BJJLIZOP_CDS_0257	MK373788.1	85.294	34	38	151194	6.22e-15	63.2
BJJLIZOP_CDS_0257	PQ826431.1	85.294	34	38	151106	6.22e-15	63.2
BJJLIZOP_CDS_0257	OR062524.1	85.294	34	38	150431	6.22e-15	63.2
BJJLIZOP_CDS_0257	KX552041.2	85.294	34	38	149813	6.22e-15	63.2
BJJLIZOP_CDS_0257	MH160766.1	85.294	34	38	149803	6.22e-15	63.2
BJJLIZOP_CDS_0257	OM386659.1	85.294	34	38	149194	6.22e-15	63.2
BJJLIZOP_CDS_0257	OM386656.1	85.294	34	38	149073	6.22e-15	63.2
BJJLIZOP_CDS_0257	OZ035771.1	85.294	34	38	144811	6.22e-15	63.2
BJJLIZOP_CDS_0257	OZ035743.1	85.294	34	38	142881	6.22e-15	63.2
BJJLIZOP_CDS_0257	OM362897.1	81.818	33	38	152401	2.72e-14	61.6
BJJLIZOP_CDS_0257	OL505078.1	81.818	33	38	151425	2.72e-14	61.6
BJJLIZOP_CDS_0257	MT496970.1	81.818	33	38	151202	2.72e-14	61.6
BJJLIZOP_CDS_0257	MN850618.1	81.818	33	38	150473	2.72e-14	61.6
BJJLIZOP_CDS_0257	OR786310.1	81.818	33	38	149880	2.72e-14	61.6
BJJLIZOP_CDS_0257	OR544956.1	81.818	33	38	130723	2.72e-14	61.6
BJJLIZOP_CDS_0258	MZ726793.1	100.000	128	147	151660	9.14e-83	262
BJJLIZOP_CDS_0258	MT944117.1	100.000	128	147	152343	9.14e-83	262
BJJLIZOP_CDS_0258	OP172791.1	99.219	128	147	151113	8.15e-82	259
BJJLIZOP_CDS_0258	MH252123.1	98.438	128	147	150925	1.74e-81	259
BJJLIZOP_CDS_0258	OR067838.1	98.438	128	147	149856	2.23e-81	258
BJJLIZOP_CDS_0258	PP129558.1	98.438	128	147	149967	2.23e-81	258
BJJLIZOP_CDS_0258	MN850565.1	98.438	128	147	150947	2.23e-81	258
BJJLIZOP_CDS_0258	PQ433349.1	98.438	128	147	151245	2.23e-81	258
BJJLIZOP_CDS_0258	MN850571.1	98.438	128	147	151514	2.23e-81	258
BJJLIZOP_CDS_0258	MN850598.1	98.438	128	147	144998	2.58e-81	258
BJJLIZOP_CDS_0258	JX561091.1	98.438	128	147	147737	2.58e-81	258
BJJLIZOP_CDS_0258	OL631481.1	98.438	128	147	149818	2.58e-81	258
BJJLIZOP_CDS_0258	MW175890.1	98.438	128	147	150892	2.58e-81	258
BJJLIZOP_CDS_0258	OR352955.1	98.438	128	147	152808	3.19e-81	258
BJJLIZOP_CDS_0258	OR437326.1	98.438	128	147	148445	3.29e-81	258
BJJLIZOP_CDS_0258	PV191315.1	98.438	128	147	151674	9.73e-81	256
BJJLIZOP_CDS_0258	MN850648.1	97.656	128	147	149335	1.74e-80	256
BJJLIZOP_CDS_0258	PV730300.1	96.875	128	147	146712	2.51e-80	255
BJJLIZOP_CDS_0258	OR352956.1	96.094	128	147	149254	5.95e-80	254
BJJLIZOP_CDS_0258	PQ826431.1	96.850	127	147	151106	1.29e-79	253
BJJLIZOP_CDS_0258	OP595145.1	96.850	127	147	151363	2.49e-79	253
BJJLIZOP_CDS_0258	OZ035728.1	96.063	127	147	149471	9.87e-79	251
BJJLIZOP_CDS_0258	KX664695.3	95.312	128	147	149268	1.07e-78	251
BJJLIZOP_CDS_0258	OL739525.1	96.063	127	147	151825	1.28e-78	250
BJJLIZOP_CDS_0258	OZ035743.1	94.488	127	147	142881	4.10e-78	249
BJJLIZOP_CDS_0258	OM386656.1	94.488	127	147	149073	4.10e-78	249
BJJLIZOP_CDS_0258	OM386659.1	94.488	127	147	149194	4.10e-78	249
BJJLIZOP_CDS_0258	MH160766.1	94.488	127	147	149803	4.10e-78	249
BJJLIZOP_CDS_0258	KX552041.2	94.488	127	147	149813	4.10e-78	249
BJJLIZOP_CDS_0258	LR597654.1	94.488	127	147	150152	4.10e-78	249
BJJLIZOP_CDS_0258	OR062524.1	94.488	127	147	150431	4.10e-78	249
BJJLIZOP_CDS_0258	MK373788.1	94.488	127	147	151194	4.10e-78	249
BJJLIZOP_CDS_0258	MH051333.1	94.488	127	147	151671	4.10e-78	249
BJJLIZOP_CDS_0258	OR062529.1	94.488	127	147	151980	4.10e-78	249
BJJLIZOP_CDS_0258	OR062526.1	94.488	127	147	151980	4.10e-78	249
BJJLIZOP_CDS_0258	OM386667.1	94.488	127	147	156300	4.10e-78	249
BJJLIZOP_CDS_0258	OQ031492.1	95.276	127	147	149246	6.34e-78	248
BJJLIZOP_CDS_0258	OZ035771.1	93.701	127	147	144811	1.93e-77	247
BJJLIZOP_CDS_0258	LR746137.1	95.200	125	147	152148	3.23e-76	244
BJJLIZOP_CDS_0258	OP172792.1	90.551	127	147	151993	1.28e-74	239
BJJLIZOP_CDS_0258	OR544956.1	85.833	120	147	130723	1.10e-66	216
BJJLIZOP_CDS_0258	OR786310.1	85.833	120	147	149880	1.10e-66	216
BJJLIZOP_CDS_0258	MN850618.1	85.833	120	147	150473	1.10e-66	216
BJJLIZOP_CDS_0258	OM362897.1	85.833	120	147	152401	1.10e-66	216
BJJLIZOP_CDS_0258	OL505078.1	85.833	120	147	151425	2.71e-66	215
BJJLIZOP_CDS_0258	MT496970.1	85.000	120	147	151202	1.39e-65	213
BJJLIZOP_CDS_0259	MT944117.1	100.000	48	48	152343	2.96e-28	101
BJJLIZOP_CDS_0259	MZ726793.1	100.000	48	48	151660	2.96e-28	101
BJJLIZOP_CDS_0259	OP172791.1	97.917	48	48	151113	1.12e-27	100
BJJLIZOP_CDS_0259	MW175890.1	97.917	48	48	150892	1.12e-27	100
BJJLIZOP_CDS_0259	OL631481.1	97.917	48	48	149818	1.12e-27	100
BJJLIZOP_CDS_0259	OR352956.1	97.917	48	48	149254	1.12e-27	100
BJJLIZOP_CDS_0259	OR437326.1	97.917	48	48	148445	1.12e-27	100
BJJLIZOP_CDS_0259	MN850598.1	97.917	48	48	144998	1.12e-27	100
BJJLIZOP_CDS_0259	OM386667.1	95.833	48	48	156300	5.08e-27	98.2
BJJLIZOP_CDS_0259	OR062529.1	95.833	48	48	151980	5.08e-27	98.2
BJJLIZOP_CDS_0259	OR062526.1	95.833	48	48	151980	5.08e-27	98.2
BJJLIZOP_CDS_0259	MH051333.1	95.833	48	48	151671	5.08e-27	98.2
BJJLIZOP_CDS_0259	PQ433349.1	95.833	48	48	151245	5.08e-27	98.2
BJJLIZOP_CDS_0259	MK373788.1	95.833	48	48	151194	5.08e-27	98.2
BJJLIZOP_CDS_0259	MN850565.1	95.833	48	48	150947	5.08e-27	98.2
BJJLIZOP_CDS_0259	OR062524.1	95.833	48	48	150431	5.08e-27	98.2
BJJLIZOP_CDS_0259	LR597654.1	95.833	48	48	150152	5.08e-27	98.2
BJJLIZOP_CDS_0259	PP129558.1	95.833	48	48	149967	5.08e-27	98.2
BJJLIZOP_CDS_0259	OR067838.1	95.833	48	48	149856	5.08e-27	98.2
BJJLIZOP_CDS_0259	KX552041.2	95.833	48	48	149813	5.08e-27	98.2
BJJLIZOP_CDS_0259	MH160766.1	95.833	48	48	149803	5.08e-27	98.2
BJJLIZOP_CDS_0259	OM386659.1	95.833	48	48	149194	5.08e-27	98.2
BJJLIZOP_CDS_0259	OM386656.1	95.833	48	48	149073	5.08e-27	98.2
BJJLIZOP_CDS_0259	OZ035771.1	95.833	48	48	144811	5.08e-27	98.2
BJJLIZOP_CDS_0259	OZ035743.1	95.833	48	48	142881	5.08e-27	98.2
BJJLIZOP_CDS_0259	OP595145.1	93.750	48	48	151363	1.27e-26	97.1
BJJLIZOP_CDS_0259	PV730300.1	93.750	48	48	146712	1.27e-26	97.1
BJJLIZOP_CDS_0259	OL739525.1	91.667	48	48	151825	2.21e-26	96.3
BJJLIZOP_CDS_0259	MT496970.1	93.750	48	48	151202	2.25e-26	96.3
BJJLIZOP_CDS_0259	KX664695.3	93.750	48	48	149268	3.01e-26	95.9
BJJLIZOP_CDS_0259	MH252123.1	89.583	48	48	150925	3.96e-26	95.9
BJJLIZOP_CDS_0259	OP172792.1	93.750	48	48	151993	4.49e-26	95.5
BJJLIZOP_CDS_0259	OM362897.1	89.583	48	48	152401	5.05e-26	95.5
BJJLIZOP_CDS_0259	MN850618.1	89.583	48	48	150473	5.05e-26	95.5
BJJLIZOP_CDS_0259	OR544956.1	89.583	48	48	130723	5.05e-26	95.5
BJJLIZOP_CDS_0259	LR746137.1	89.583	48	48	152148	9.79e-26	94.7
BJJLIZOP_CDS_0259	PV191315.1	89.583	48	48	151674	9.79e-26	94.7
BJJLIZOP_CDS_0259	MN850571.1	89.583	48	48	151514	9.79e-26	94.7
BJJLIZOP_CDS_0259	PQ826431.1	89.583	48	48	151106	9.79e-26	94.7
BJJLIZOP_CDS_0259	OR786310.1	89.583	48	48	149880	9.79e-26	94.7
BJJLIZOP_CDS_0259	OZ035728.1	89.583	48	48	149471	9.79e-26	94.7
BJJLIZOP_CDS_0259	MN850648.1	89.583	48	48	149335	9.79e-26	94.7
BJJLIZOP_CDS_0259	OQ031492.1	89.583	48	48	149246	9.79e-26	94.7
BJJLIZOP_CDS_0259	JX561091.1	89.583	48	48	147737	9.79e-26	94.7
BJJLIZOP_CDS_0259	OR352955.1	87.500	48	48	152808	7.94e-25	92.0
BJJLIZOP_CDS_0259	OL505078.1	85.417	48	48	151425	3.88e-24	90.1
BJJLIZOP_CDS_0260	OP172791.1	100.000	107	107	151113	2.75e-70	224
BJJLIZOP_CDS_0260	MZ726793.1	100.000	107	107	151660	2.75e-70	224
BJJLIZOP_CDS_0260	MT944117.1	100.000	107	107	152343	2.75e-70	224
BJJLIZOP_CDS_0260	KX664695.3	99.065	107	107	149268	8.96e-70	223
BJJLIZOP_CDS_0260	OR352956.1	98.131	107	107	149254	3.32e-69	221
BJJLIZOP_CDS_0260	OL631481.1	93.458	107	107	149818	1.23e-66	214
BJJLIZOP_CDS_0260	MW175890.1	92.523	107	107	150892	2.07e-66	213
BJJLIZOP_CDS_0260	OZ035743.1	92.523	107	107	142881	4.41e-66	213
BJJLIZOP_CDS_0260	OZ035771.1	92.523	107	107	144811	4.41e-66	213
BJJLIZOP_CDS_0260	MN850598.1	92.523	107	107	144998	4.41e-66	213
BJJLIZOP_CDS_0260	OM386656.1	92.523	107	107	149073	4.41e-66	213
BJJLIZOP_CDS_0260	OM386659.1	92.523	107	107	149194	4.41e-66	213
BJJLIZOP_CDS_0260	MH160766.1	92.523	107	107	149803	4.41e-66	213
BJJLIZOP_CDS_0260	KX552041.2	92.523	107	107	149813	4.41e-66	213
BJJLIZOP_CDS_0260	OR067838.1	92.523	107	107	149856	4.41e-66	213
BJJLIZOP_CDS_0260	PP129558.1	92.523	107	107	149967	4.41e-66	213
BJJLIZOP_CDS_0260	LR597654.1	92.523	107	107	150152	4.41e-66	213
BJJLIZOP_CDS_0260	OR062524.1	92.523	107	107	150431	4.41e-66	213
BJJLIZOP_CDS_0260	MN850565.1	92.523	107	107	150947	4.41e-66	213
BJJLIZOP_CDS_0260	MK373788.1	92.523	107	107	151194	4.41e-66	213
BJJLIZOP_CDS_0260	MT496970.1	92.523	107	107	151202	4.41e-66	213
BJJLIZOP_CDS_0260	PQ433349.1	92.523	107	107	151245	4.41e-66	213
BJJLIZOP_CDS_0260	MH051333.1	92.523	107	107	151671	4.41e-66	213
BJJLIZOP_CDS_0260	OR062529.1	92.523	107	107	151980	4.41e-66	213
BJJLIZOP_CDS_0260	OR062526.1	92.523	107	107	151980	4.41e-66	213
BJJLIZOP_CDS_0260	OM386667.1	92.523	107	107	156300	4.41e-66	213
BJJLIZOP_CDS_0260	OP172792.1	92.523	107	107	151993	6.88e-66	212
BJJLIZOP_CDS_0260	OQ031492.1	66.355	107	107	149246	2.23e-39	136
BJJLIZOP_CDS_0261	PV730300.1	100.000	86	86	146712	3.48e-53	174
BJJLIZOP_CDS_0261	OP595145.1	100.000	86	86	151363	3.48e-53	174
BJJLIZOP_CDS_0261	OR437326.1	100.000	86	86	148445	3.76e-53	174
BJJLIZOP_CDS_0261	OQ031492.1	100.000	86	86	149246	3.76e-53	174
BJJLIZOP_CDS_0261	MN850648.1	100.000	86	86	149335	3.76e-53	174
BJJLIZOP_CDS_0261	OZ035728.1	100.000	86	86	149471	3.76e-53	174
BJJLIZOP_CDS_0261	OL631481.1	100.000	86	86	149818	3.76e-53	174
BJJLIZOP_CDS_0261	OR786310.1	100.000	86	86	149880	3.76e-53	174
BJJLIZOP_CDS_0261	MW175890.1	100.000	86	86	150892	3.76e-53	174
BJJLIZOP_CDS_0261	PQ826431.1	100.000	86	86	151106	3.76e-53	174
BJJLIZOP_CDS_0261	OP172791.1	100.000	86	86	151113	3.76e-53	174
BJJLIZOP_CDS_0261	MN850571.1	100.000	86	86	151514	3.76e-53	174
BJJLIZOP_CDS_0261	MZ726793.1	100.000	86	86	151660	3.76e-53	174
BJJLIZOP_CDS_0261	PV191315.1	100.000	86	86	151674	3.76e-53	174
BJJLIZOP_CDS_0261	OL739525.1	100.000	86	86	151825	3.76e-53	174
BJJLIZOP_CDS_0261	OP172792.1	100.000	86	86	151993	3.76e-53	174
BJJLIZOP_CDS_0261	LR746137.1	100.000	86	86	152148	3.76e-53	174
BJJLIZOP_CDS_0261	MT944117.1	100.000	86	86	152343	3.76e-53	174
BJJLIZOP_CDS_0261	OR544956.1	98.837	86	86	130723	5.28e-53	174
BJJLIZOP_CDS_0261	MN850618.1	98.837	86	86	150473	5.28e-53	174
BJJLIZOP_CDS_0261	OL505078.1	98.837	86	86	151425	5.28e-53	174
BJJLIZOP_CDS_0261	OM362897.1	98.837	86	86	152401	5.28e-53	174
BJJLIZOP_CDS_0261	OR352955.1	98.837	86	86	152808	1.13e-52	173
BJJLIZOP_CDS_0261	JX561091.1	96.512	86	86	147737	9.73e-50	165
BJJLIZOP_CDS_0261	OR352956.1	96.512	86	86	149254	9.73e-50	165
BJJLIZOP_CDS_0261	MH252123.1	96.512	86	86	150925	9.73e-50	165
BJJLIZOP_CDS_0261	KX664695.3	91.860	86	86	149268	5.61e-47	157
BJJLIZOP_CDS_0261	MT496970.1	91.860	86	86	151202	1.89e-46	155
BJJLIZOP_CDS_0261	OZ035743.1	90.698	86	86	142881	7.27e-46	154
BJJLIZOP_CDS_0261	OZ035771.1	90.698	86	86	144811	7.27e-46	154
BJJLIZOP_CDS_0261	OM386656.1	90.698	86	86	149073	7.27e-46	154
BJJLIZOP_CDS_0261	OM386659.1	90.698	86	86	149194	7.27e-46	154
BJJLIZOP_CDS_0261	MH160766.1	90.698	86	86	149803	7.27e-46	154
BJJLIZOP_CDS_0261	KX552041.2	90.698	86	86	149813	7.27e-46	154
BJJLIZOP_CDS_0261	PP129558.1	90.698	86	86	149967	7.27e-46	154
BJJLIZOP_CDS_0261	LR597654.1	90.698	86	86	150152	7.27e-46	154
BJJLIZOP_CDS_0261	OR062524.1	90.698	86	86	150431	7.27e-46	154
BJJLIZOP_CDS_0261	MK373788.1	90.698	86	86	151194	7.27e-46	154
BJJLIZOP_CDS_0261	PQ433349.1	90.698	86	86	151245	7.27e-46	154
BJJLIZOP_CDS_0261	OR062529.1	90.698	86	86	151980	7.27e-46	154
BJJLIZOP_CDS_0261	OR062526.1	90.698	86	86	151980	7.27e-46	154
BJJLIZOP_CDS_0261	OM386667.1	90.698	86	86	156300	7.27e-46	154
BJJLIZOP_CDS_0261	MN850598.1	89.535	86	86	144998	3.03e-45	152
BJJLIZOP_CDS_0261	OR067838.1	89.535	86	86	149856	5.53e-45	151
BJJLIZOP_CDS_0261	MN850565.1	89.535	86	86	150947	8.31e-45	150
BJJLIZOP_CDS_0261	MH051333.1	89.535	86	86	151671	8.31e-45	150
BJJLIZOP_CDS_0262	OM386667.1	100.000	49	49	156300	4.43e-29	103
BJJLIZOP_CDS_0262	OR352955.1	100.000	49	49	152808	4.43e-29	103
BJJLIZOP_CDS_0262	LR746137.1	100.000	49	49	152148	4.43e-29	103
BJJLIZOP_CDS_0262	OP172792.1	100.000	49	49	151993	4.43e-29	103
BJJLIZOP_CDS_0262	OR062529.1	100.000	49	49	151980	4.43e-29	103
BJJLIZOP_CDS_0262	OR062526.1	100.000	49	49	151980	4.43e-29	103
BJJLIZOP_CDS_0262	OL739525.1	100.000	49	49	151825	4.43e-29	103
BJJLIZOP_CDS_0262	PV191315.1	100.000	49	49	151674	4.43e-29	103
BJJLIZOP_CDS_0262	MH051333.1	100.000	49	49	151671	4.43e-29	103
BJJLIZOP_CDS_0262	MN850571.1	100.000	49	49	151514	4.43e-29	103
BJJLIZOP_CDS_0262	OL505078.1	100.000	49	49	151425	4.43e-29	103
BJJLIZOP_CDS_0262	OP595145.1	100.000	49	49	151363	4.43e-29	103
BJJLIZOP_CDS_0262	PQ433349.1	100.000	49	49	151245	4.43e-29	103
BJJLIZOP_CDS_0262	MT496970.1	100.000	49	49	151202	4.43e-29	103
BJJLIZOP_CDS_0262	MK373788.1	100.000	49	49	151194	4.43e-29	103
BJJLIZOP_CDS_0262	OP172791.1	100.000	49	49	151113	4.43e-29	103
BJJLIZOP_CDS_0262	PQ826431.1	100.000	49	49	151106	4.43e-29	103
BJJLIZOP_CDS_0262	MN850565.1	100.000	49	49	150947	4.43e-29	103
BJJLIZOP_CDS_0262	MW175890.1	100.000	49	49	150892	4.43e-29	103
BJJLIZOP_CDS_0262	OR062524.1	100.000	49	49	150431	4.43e-29	103
BJJLIZOP_CDS_0262	OR786310.1	100.000	49	49	149880	4.43e-29	103
BJJLIZOP_CDS_0262	OL631481.1	100.000	49	49	149818	4.43e-29	103
BJJLIZOP_CDS_0262	KX552041.2	100.000	49	49	149813	4.43e-29	103
BJJLIZOP_CDS_0262	MH160766.1	100.000	49	49	149803	4.43e-29	103
BJJLIZOP_CDS_0262	MN850648.1	100.000	49	49	149335	4.43e-29	103
BJJLIZOP_CDS_0262	KX664695.3	100.000	49	49	149268	4.43e-29	103
BJJLIZOP_CDS_0262	OR352956.1	100.000	49	49	149254	4.43e-29	103
BJJLIZOP_CDS_0262	OQ031492.1	100.000	49	49	149246	4.43e-29	103
BJJLIZOP_CDS_0262	OM386659.1	100.000	49	49	149194	4.43e-29	103
BJJLIZOP_CDS_0262	OM386656.1	100.000	49	49	149073	4.43e-29	103
BJJLIZOP_CDS_0262	OR437326.1	100.000	49	49	148445	4.43e-29	103
BJJLIZOP_CDS_0262	JX561091.1	100.000	49	49	147737	4.43e-29	103
BJJLIZOP_CDS_0262	PV730300.1	100.000	49	49	146712	4.43e-29	103
BJJLIZOP_CDS_0262	OZ035771.1	100.000	49	49	144811	4.43e-29	103
BJJLIZOP_CDS_0262	OZ035743.1	100.000	49	49	142881	4.43e-29	103
BJJLIZOP_CDS_0262	OM362897.1	100.000	49	49	152401	4.83e-29	103
BJJLIZOP_CDS_0262	MN850618.1	100.000	49	49	150473	4.83e-29	103
BJJLIZOP_CDS_0262	OR544956.1	100.000	49	49	130723	4.83e-29	103
BJJLIZOP_CDS_0262	MH252123.1	97.959	49	49	150925	1.08e-28	103
BJJLIZOP_CDS_0262	OR067838.1	97.959	49	49	149856	1.48e-28	102
BJJLIZOP_CDS_0262	MN850598.1	97.959	49	49	144998	1.52e-28	102
BJJLIZOP_CDS_0262	LR597654.1	97.959	49	49	150152	1.78e-28	102
BJJLIZOP_CDS_0262	PP129558.1	97.959	49	49	149967	2.34e-28	102
BJJLIZOP_CDS_0262	OZ035728.1	97.959	49	49	149471	2.34e-28	102
BJJLIZOP_CDS_0262	MZ726793.1	97.917	48	49	151660	6.01e-28	100
BJJLIZOP_CDS_0262	MT944117.1	97.959	49	49	152343	8.95e-28	100
BJJLIZOP_CDS_0263	OL739525.1	98.675	151	151	151825	7.72e-100	311
BJJLIZOP_CDS_0263	OP595145.1	91.391	151	151	151363	1.03e-91	288
BJJLIZOP_CDS_0263	PV730300.1	99.038	104	151	146712	8.15e-81	213
BJJLIZOP_CDS_0263	PV730300.1	90.385	52	151	146712	8.15e-81	101
BJJLIZOP_CDS_0263	MT496970.1	98.077	104	151	151202	1.60e-80	213
BJJLIZOP_CDS_0263	MT496970.1	90.385	52	151	151202	1.60e-80	101
BJJLIZOP_CDS_0263	OM386667.1	98.077	104	151	156300	3.60e-80	211
BJJLIZOP_CDS_0263	OM386667.1	90.385	52	151	156300	3.60e-80	101
BJJLIZOP_CDS_0263	OR062529.1	98.077	104	151	151980	3.60e-80	211
BJJLIZOP_CDS_0263	OR062529.1	90.385	52	151	151980	3.60e-80	101
BJJLIZOP_CDS_0263	OR062526.1	98.077	104	151	151980	3.60e-80	211
BJJLIZOP_CDS_0263	OR062526.1	90.385	52	151	151980	3.60e-80	101
BJJLIZOP_CDS_0263	MH051333.1	98.077	104	151	151671	3.60e-80	211
BJJLIZOP_CDS_0263	MH051333.1	90.385	52	151	151671	3.60e-80	101
BJJLIZOP_CDS_0263	MK373788.1	98.077	104	151	151194	3.60e-80	211
BJJLIZOP_CDS_0263	MK373788.1	90.385	52	151	151194	3.60e-80	101
BJJLIZOP_CDS_0263	OR062524.1	98.077	104	151	150431	3.60e-80	211
BJJLIZOP_CDS_0263	OR062524.1	90.385	52	151	150431	3.60e-80	101
BJJLIZOP_CDS_0263	LR597654.1	98.077	104	151	150152	3.60e-80	211
BJJLIZOP_CDS_0263	LR597654.1	90.385	52	151	150152	3.60e-80	101
BJJLIZOP_CDS_0263	KX552041.2	98.077	104	151	149813	3.60e-80	211
BJJLIZOP_CDS_0263	KX552041.2	90.385	52	151	149813	3.60e-80	101
BJJLIZOP_CDS_0263	MH160766.1	98.077	104	151	149803	3.60e-80	211
BJJLIZOP_CDS_0263	MH160766.1	90.385	52	151	149803	3.60e-80	101
BJJLIZOP_CDS_0263	KX664695.3	98.077	104	151	149268	3.60e-80	211
BJJLIZOP_CDS_0263	KX664695.3	90.385	52	151	149268	3.60e-80	101
BJJLIZOP_CDS_0263	OM386659.1	98.077	104	151	149194	3.60e-80	211
BJJLIZOP_CDS_0263	OM386659.1	90.385	52	151	149194	3.60e-80	101
BJJLIZOP_CDS_0263	OM386656.1	98.077	104	151	149073	3.60e-80	211
BJJLIZOP_CDS_0263	OM386656.1	90.385	52	151	149073	3.60e-80	101
BJJLIZOP_CDS_0263	OM362897.1	97.115	104	151	152401	8.33e-80	210
BJJLIZOP_CDS_0263	OM362897.1	90.385	52	151	152401	8.33e-80	101
BJJLIZOP_CDS_0263	MT944117.1	97.115	104	151	152343	8.33e-80	210
BJJLIZOP_CDS_0263	MT944117.1	90.385	52	151	152343	8.33e-80	101
BJJLIZOP_CDS_0263	LR746137.1	97.115	104	151	152148	8.33e-80	210
BJJLIZOP_CDS_0263	LR746137.1	90.385	52	151	152148	8.33e-80	101
BJJLIZOP_CDS_0263	MN850618.1	97.115	104	151	150473	8.33e-80	210
BJJLIZOP_CDS_0263	MN850618.1	90.385	52	151	150473	8.33e-80	101
BJJLIZOP_CDS_0263	OR544956.1	97.115	104	151	130723	8.33e-80	210
BJJLIZOP_CDS_0263	OR544956.1	90.385	52	151	130723	8.33e-80	101
BJJLIZOP_CDS_0263	OP172792.1	97.115	104	151	151993	8.68e-80	209
BJJLIZOP_CDS_0263	OP172792.1	90.385	52	151	151993	8.68e-80	102
BJJLIZOP_CDS_0263	OR437326.1	97.115	104	151	148445	1.00e-79	210
BJJLIZOP_CDS_0263	OR437326.1	90.385	52	151	148445	1.00e-79	101
BJJLIZOP_CDS_0263	PP129558.1	97.115	104	151	149967	1.42e-79	208
BJJLIZOP_CDS_0263	PP129558.1	92.308	52	151	149967	1.42e-79	102
BJJLIZOP_CDS_0263	MN850598.1	97.115	104	151	144998	1.42e-79	208
BJJLIZOP_CDS_0263	MN850598.1	92.308	52	151	144998	1.42e-79	102
BJJLIZOP_CDS_0263	PQ433349.1	97.115	104	151	151245	1.83e-79	210
BJJLIZOP_CDS_0263	PQ433349.1	88.462	52	151	151245	1.83e-79	100
BJJLIZOP_CDS_0263	OL505078.1	97.115	104	151	151425	2.15e-79	210
BJJLIZOP_CDS_0263	OL505078.1	88.462	52	151	151425	2.15e-79	100
BJJLIZOP_CDS_0263	OR067838.1	97.115	104	151	149856	6.31e-79	208
BJJLIZOP_CDS_0263	OR067838.1	90.385	52	151	149856	6.31e-79	100
BJJLIZOP_CDS_0263	MN850565.1	95.192	104	151	150947	9.80e-79	206
BJJLIZOP_CDS_0263	MN850565.1	92.308	52	151	150947	9.80e-79	102
BJJLIZOP_CDS_0263	JX561091.1	89.431	123	151	147737	1.24e-69	225
BJJLIZOP_CDS_0263	JX561091.1	95.833	48	151	147737	3.69e-26	100
BJJLIZOP_CDS_0263	OZ035743.1	88.618	123	151	142881	2.23e-69	224
BJJLIZOP_CDS_0263	OZ035743.1	97.917	48	151	142881	1.33e-26	102
BJJLIZOP_CDS_0263	MW175890.1	88.618	123	151	150892	2.23e-69	224
BJJLIZOP_CDS_0263	MW175890.1	97.917	48	151	150892	1.33e-26	102
BJJLIZOP_CDS_0263	MN850648.1	87.805	123	151	149335	5.55e-69	223
BJJLIZOP_CDS_0263	MN850648.1	97.917	48	151	149335	1.33e-26	102
BJJLIZOP_CDS_0263	OL631481.1	87.805	123	151	149818	5.55e-69	223
BJJLIZOP_CDS_0263	OL631481.1	97.917	48	151	149818	1.33e-26	102
BJJLIZOP_CDS_0263	OR786310.1	87.805	123	151	149880	5.55e-69	223
BJJLIZOP_CDS_0263	OR786310.1	97.917	48	151	149880	1.33e-26	102
BJJLIZOP_CDS_0263	MH252123.1	87.805	123	151	150925	5.55e-69	223
BJJLIZOP_CDS_0263	MH252123.1	97.917	48	151	150925	1.33e-26	102
BJJLIZOP_CDS_0263	PQ826431.1	87.805	123	151	151106	5.55e-69	223
BJJLIZOP_CDS_0263	PQ826431.1	97.917	48	151	151106	1.33e-26	102
BJJLIZOP_CDS_0263	OP172791.1	87.805	123	151	151113	5.55e-69	223
BJJLIZOP_CDS_0263	OP172791.1	97.917	48	151	151113	1.33e-26	102
BJJLIZOP_CDS_0263	MN850571.1	87.805	123	151	151514	5.55e-69	223
BJJLIZOP_CDS_0263	MN850571.1	97.917	48	151	151514	1.33e-26	102
BJJLIZOP_CDS_0263	OR352955.1	87.805	123	151	152808	5.55e-69	223
BJJLIZOP_CDS_0263	OR352955.1	97.917	48	151	152808	1.33e-26	102
BJJLIZOP_CDS_0263	OQ031492.1	86.992	123	151	149246	1.97e-68	221
BJJLIZOP_CDS_0263	OQ031492.1	97.917	48	151	149246	1.33e-26	102
BJJLIZOP_CDS_0263	OZ035728.1	86.992	123	151	149471	1.97e-68	221
BJJLIZOP_CDS_0263	OZ035728.1	97.917	48	151	149471	1.33e-26	102
BJJLIZOP_CDS_0263	PV191315.1	86.992	123	151	151674	2.07e-68	221
BJJLIZOP_CDS_0263	PV191315.1	97.917	48	151	151674	1.33e-26	102
BJJLIZOP_CDS_0263	MZ726793.1	87.805	123	151	151660	2.17e-68	221
BJJLIZOP_CDS_0263	MZ726793.1	97.917	48	151	151660	1.33e-26	102
BJJLIZOP_CDS_0263	OZ035771.1	86.992	123	151	144811	9.02e-68	219
BJJLIZOP_CDS_0263	OZ035771.1	95.833	48	151	144811	1.80e-25	99.0
BJJLIZOP_CDS_0263	OR352956.1	87.603	121	151	149254	2.19e-65	213
BJJLIZOP_CDS_0263	OR352956.1	95.455	44	151	149254	4.61e-23	92.0
BJJLIZOP_CDS_0264	OR544956.1	100.000	65	65	130723	9.93e-38	129
BJJLIZOP_CDS_0264	OZ035743.1	100.000	65	65	142881	9.93e-38	129
BJJLIZOP_CDS_0264	MN850598.1	100.000	65	65	144998	9.93e-38	129
BJJLIZOP_CDS_0264	JX561091.1	100.000	65	65	147737	9.93e-38	129
BJJLIZOP_CDS_0264	OQ031492.1	100.000	65	65	149246	9.93e-38	129
BJJLIZOP_CDS_0264	OR352956.1	100.000	65	65	149254	9.93e-38	129
BJJLIZOP_CDS_0264	MN850648.1	100.000	65	65	149335	9.93e-38	129
BJJLIZOP_CDS_0264	OL631481.1	100.000	65	65	149818	9.93e-38	129
BJJLIZOP_CDS_0264	OR786310.1	100.000	65	65	149880	9.93e-38	129
BJJLIZOP_CDS_0264	PP129558.1	100.000	65	65	149967	9.93e-38	129
BJJLIZOP_CDS_0264	MN850618.1	100.000	65	65	150473	9.93e-38	129
BJJLIZOP_CDS_0264	PQ826431.1	100.000	65	65	151106	9.93e-38	129
BJJLIZOP_CDS_0264	MT496970.1	100.000	65	65	151202	9.93e-38	129
BJJLIZOP_CDS_0264	MZ726793.1	100.000	65	65	151660	9.93e-38	129
BJJLIZOP_CDS_0264	PV191315.1	100.000	65	65	151674	9.93e-38	129
BJJLIZOP_CDS_0264	OL739525.1	100.000	65	65	151825	9.93e-38	129
BJJLIZOP_CDS_0264	OM362897.1	100.000	65	65	152401	9.93e-38	129
BJJLIZOP_CDS_0264	OR352955.1	100.000	65	65	152808	9.93e-38	129
BJJLIZOP_CDS_0264	PV730300.1	98.462	65	65	146712	1.57e-37	129
BJJLIZOP_CDS_0264	OM386656.1	98.462	65	65	149073	1.57e-37	129
BJJLIZOP_CDS_0264	OM386659.1	98.462	65	65	149194	1.57e-37	129
BJJLIZOP_CDS_0264	KX664695.3	98.462	65	65	149268	1.57e-37	129
BJJLIZOP_CDS_0264	MH160766.1	98.462	65	65	149803	1.57e-37	129
BJJLIZOP_CDS_0264	KX552041.2	98.462	65	65	149813	1.57e-37	129
BJJLIZOP_CDS_0264	LR597654.1	98.462	65	65	150152	1.57e-37	129
BJJLIZOP_CDS_0264	OR062524.1	98.462	65	65	150431	1.57e-37	129
BJJLIZOP_CDS_0264	MH252123.1	98.462	65	65	150925	1.57e-37	129
BJJLIZOP_CDS_0264	MN850565.1	98.462	65	65	150947	1.57e-37	129
BJJLIZOP_CDS_0264	OP172791.1	98.462	65	65	151113	1.57e-37	129
BJJLIZOP_CDS_0264	MK373788.1	98.462	65	65	151194	1.57e-37	129
BJJLIZOP_CDS_0264	OP595145.1	98.462	65	65	151363	1.57e-37	129
BJJLIZOP_CDS_0264	OL505078.1	98.462	65	65	151425	1.57e-37	129
BJJLIZOP_CDS_0264	MN850571.1	98.462	65	65	151514	1.57e-37	129
BJJLIZOP_CDS_0264	MH051333.1	98.462	65	65	151671	1.57e-37	129
BJJLIZOP_CDS_0264	OR062529.1	98.462	65	65	151980	1.57e-37	129
BJJLIZOP_CDS_0264	OR062526.1	98.462	65	65	151980	1.57e-37	129
BJJLIZOP_CDS_0264	LR746137.1	98.462	65	65	152148	1.57e-37	129
BJJLIZOP_CDS_0264	OM386667.1	98.462	65	65	156300	1.57e-37	129
BJJLIZOP_CDS_0264	MW175890.1	98.462	65	65	150892	4.35e-37	127
BJJLIZOP_CDS_0264	OR437326.1	96.923	65	65	148445	7.28e-37	127
BJJLIZOP_CDS_0264	MT944117.1	98.462	65	65	152343	9.28e-37	127
BJJLIZOP_CDS_0264	OP172792.1	95.385	65	65	151993	6.80e-36	124
BJJLIZOP_CDS_0264	OZ035728.1	93.846	65	65	149471	1.55e-35	123
BJJLIZOP_CDS_0264	OZ035771.1	92.308	65	65	144811	4.31e-35	122
BJJLIZOP_CDS_0264	OR067838.1	100.000	41	65	149856	5.24e-26	81.6
BJJLIZOP_CDS_0264	OR067838.1	100.000	22	65	149856	5.24e-26	48.9
BJJLIZOP_CDS_0264	PQ433349.1	96.296	27	65	151245	1.95e-10	52.0
BJJLIZOP_CDS_0265	MN850598.1	100.000	89	89	144998	8.00e-57	185
BJJLIZOP_CDS_0265	PV730300.1	100.000	89	89	146712	8.00e-57	185
BJJLIZOP_CDS_0265	JX561091.1	100.000	89	89	147737	8.00e-57	185
BJJLIZOP_CDS_0265	OR352956.1	100.000	89	89	149254	8.00e-57	185
BJJLIZOP_CDS_0265	PP129558.1	100.000	89	89	149967	8.00e-57	185
BJJLIZOP_CDS_0265	MN850565.1	100.000	89	89	150947	8.00e-57	185
BJJLIZOP_CDS_0265	OP595145.1	100.000	89	89	151363	8.00e-57	185
BJJLIZOP_CDS_0265	MN850571.1	100.000	89	89	151514	8.00e-57	185
BJJLIZOP_CDS_0265	MZ726793.1	100.000	89	89	151660	8.00e-57	185
BJJLIZOP_CDS_0265	OP172791.1	98.876	89	89	151113	4.41e-56	183
BJJLIZOP_CDS_0265	OL505078.1	98.876	89	89	151425	4.41e-56	183
BJJLIZOP_CDS_0265	OR544956.1	97.753	89	89	130723	6.89e-56	182
BJJLIZOP_CDS_0265	OR437326.1	97.753	89	89	148445	6.89e-56	182
BJJLIZOP_CDS_0265	OQ031492.1	97.753	89	89	149246	6.89e-56	182
BJJLIZOP_CDS_0265	MN850648.1	97.753	89	89	149335	6.89e-56	182
BJJLIZOP_CDS_0265	PQ826431.1	97.753	89	89	151106	6.89e-56	182
BJJLIZOP_CDS_0265	MT496970.1	97.753	89	89	151202	6.89e-56	182
BJJLIZOP_CDS_0265	PV191315.1	97.753	89	89	151674	6.89e-56	182
BJJLIZOP_CDS_0265	MT944117.1	97.753	89	89	152343	6.89e-56	182
BJJLIZOP_CDS_0265	OM362897.1	97.753	89	89	152401	6.89e-56	182
BJJLIZOP_CDS_0265	MN850618.1	96.629	89	89	150473	3.45e-55	181
BJJLIZOP_CDS_0265	OR786310.1	96.629	89	89	149880	3.69e-55	180
BJJLIZOP_CDS_0265	OL739525.1	96.629	89	89	151825	3.69e-55	180
BJJLIZOP_CDS_0265	OM386659.1	91.011	89	89	149194	4.47e-52	171
BJJLIZOP_CDS_0265	KX664695.3	91.011	89	89	149268	4.47e-52	171
BJJLIZOP_CDS_0265	MH160766.1	91.011	89	89	149803	4.47e-52	171
BJJLIZOP_CDS_0265	KX552041.2	91.011	89	89	149813	4.47e-52	171
BJJLIZOP_CDS_0265	LR597654.1	91.011	89	89	150152	4.47e-52	171
BJJLIZOP_CDS_0265	OR062524.1	91.011	89	89	150431	4.48e-52	171
BJJLIZOP_CDS_0265	MK373788.1	91.011	89	89	151194	4.48e-52	171
BJJLIZOP_CDS_0265	MH051333.1	91.011	89	89	151671	4.48e-52	171
BJJLIZOP_CDS_0265	OR062529.1	91.011	89	89	151980	4.48e-52	171
BJJLIZOP_CDS_0265	OR062526.1	91.011	89	89	151980	4.48e-52	171
BJJLIZOP_CDS_0265	OM386667.1	91.011	89	89	156300	4.48e-52	171
BJJLIZOP_CDS_0265	OZ035743.1	91.011	89	89	142881	2.03e-51	170
BJJLIZOP_CDS_0265	OZ035771.1	91.011	89	89	144811	2.03e-51	170
BJJLIZOP_CDS_0265	OZ035728.1	91.011	89	89	149471	2.03e-51	170
BJJLIZOP_CDS_0265	OL631481.1	91.011	89	89	149818	2.03e-51	170
BJJLIZOP_CDS_0265	OR067838.1	91.011	89	89	149856	2.03e-51	170
BJJLIZOP_CDS_0265	MH252123.1	91.011	89	89	150925	2.03e-51	170
BJJLIZOP_CDS_0265	OR352955.1	91.011	89	89	152808	2.03e-51	170
BJJLIZOP_CDS_0265	PQ433349.1	91.011	89	89	151245	2.59e-51	169
BJJLIZOP_CDS_0265	LR746137.1	91.011	89	89	152148	2.59e-51	169
BJJLIZOP_CDS_0265	OP172792.1	89.888	89	89	151993	3.97e-51	169
BJJLIZOP_CDS_0265	OM386656.1	91.011	89	89	149073	1.32e-50	167
BJJLIZOP_CDS_0265	MW175890.1	89.888	89	89	150892	1.88e-50	167
BJJLIZOP_CDS_0266	OR544956.1	100.000	65	65	130723	3.84e-40	136
BJJLIZOP_CDS_0266	OZ035743.1	100.000	65	65	142881	3.84e-40	136
BJJLIZOP_CDS_0266	OZ035771.1	100.000	65	65	144811	3.84e-40	136
BJJLIZOP_CDS_0266	MN850598.1	100.000	65	65	144998	3.84e-40	136
BJJLIZOP_CDS_0266	PV730300.1	100.000	65	65	146712	3.84e-40	136
BJJLIZOP_CDS_0266	JX561091.1	100.000	65	65	147737	3.84e-40	136
BJJLIZOP_CDS_0266	OM386656.1	100.000	65	65	149073	3.84e-40	136
BJJLIZOP_CDS_0266	OM386659.1	100.000	65	65	149194	3.84e-40	136
BJJLIZOP_CDS_0266	OQ031492.1	100.000	65	65	149246	3.84e-40	136
BJJLIZOP_CDS_0266	OR352956.1	100.000	65	65	149254	3.84e-40	136
BJJLIZOP_CDS_0266	KX664695.3	100.000	65	65	149268	3.84e-40	136
BJJLIZOP_CDS_0266	MN850648.1	100.000	65	65	149335	3.84e-40	136
BJJLIZOP_CDS_0266	OZ035728.1	100.000	65	65	149471	3.84e-40	136
BJJLIZOP_CDS_0266	MH160766.1	100.000	65	65	149803	3.84e-40	136
BJJLIZOP_CDS_0266	KX552041.2	100.000	65	65	149813	3.84e-40	136
BJJLIZOP_CDS_0266	OL631481.1	100.000	65	65	149818	3.84e-40	136
BJJLIZOP_CDS_0266	OR786310.1	100.000	65	65	149880	3.84e-40	136
BJJLIZOP_CDS_0266	PP129558.1	100.000	65	65	149967	3.84e-40	136
BJJLIZOP_CDS_0266	LR597654.1	100.000	65	65	150152	3.84e-40	136
BJJLIZOP_CDS_0266	OR062524.1	100.000	65	65	150431	3.84e-40	136
BJJLIZOP_CDS_0266	MN850618.1	100.000	65	65	150473	3.84e-40	136
BJJLIZOP_CDS_0266	MW175890.1	100.000	65	65	150892	3.84e-40	136
BJJLIZOP_CDS_0266	MH252123.1	100.000	65	65	150925	3.84e-40	136
BJJLIZOP_CDS_0266	MN850565.1	100.000	65	65	150947	3.84e-40	136
BJJLIZOP_CDS_0266	PQ826431.1	100.000	65	65	151106	3.84e-40	136
BJJLIZOP_CDS_0266	OP172791.1	100.000	65	65	151113	3.84e-40	136
BJJLIZOP_CDS_0266	MK373788.1	100.000	65	65	151194	3.84e-40	136
BJJLIZOP_CDS_0266	MT496970.1	100.000	65	65	151202	3.84e-40	136
BJJLIZOP_CDS_0266	PQ433349.1	100.000	65	65	151245	3.84e-40	136
BJJLIZOP_CDS_0266	OP595145.1	100.000	65	65	151363	3.84e-40	136
BJJLIZOP_CDS_0266	OL505078.1	100.000	65	65	151425	3.84e-40	136
BJJLIZOP_CDS_0266	MN850571.1	100.000	65	65	151514	3.84e-40	136
BJJLIZOP_CDS_0266	MZ726793.1	100.000	65	65	151660	3.84e-40	136
BJJLIZOP_CDS_0266	MH051333.1	100.000	65	65	151671	3.84e-40	136
BJJLIZOP_CDS_0266	PV191315.1	100.000	65	65	151674	3.84e-40	136
BJJLIZOP_CDS_0266	OL739525.1	100.000	65	65	151825	3.84e-40	136
BJJLIZOP_CDS_0266	OR062529.1	100.000	65	65	151980	3.84e-40	136
BJJLIZOP_CDS_0266	OR062526.1	100.000	65	65	151980	3.84e-40	136
BJJLIZOP_CDS_0266	LR746137.1	100.000	65	65	152148	3.84e-40	136
BJJLIZOP_CDS_0266	MT944117.1	100.000	65	65	152343	3.84e-40	136
BJJLIZOP_CDS_0266	OM362897.1	100.000	65	65	152401	3.84e-40	136
BJJLIZOP_CDS_0266	OR352955.1	100.000	65	65	152808	3.84e-40	136
BJJLIZOP_CDS_0266	OM386667.1	100.000	65	65	156300	3.84e-40	136
BJJLIZOP_CDS_0266	OP172792.1	98.462	65	65	151993	5.60e-40	135
BJJLIZOP_CDS_0266	OR067838.1	98.462	65	65	149856	1.71e-39	134
BJJLIZOP_CDS_0266	OR437326.1	98.462	65	65	148445	5.03e-39	133
BJJLIZOP_CDS_0267	OR544956.1	100.000	57	57	130723	3.64e-35	122
BJJLIZOP_CDS_0267	OZ035743.1	100.000	57	57	142881	3.64e-35	122
BJJLIZOP_CDS_0267	MN850598.1	100.000	57	57	144998	3.64e-35	122
BJJLIZOP_CDS_0267	OM386656.1	100.000	57	57	149073	3.64e-35	122
BJJLIZOP_CDS_0267	OM386659.1	100.000	57	57	149194	3.64e-35	122
BJJLIZOP_CDS_0267	OQ031492.1	100.000	57	57	149246	3.64e-35	122
BJJLIZOP_CDS_0267	MN850648.1	100.000	57	57	149335	3.64e-35	122
BJJLIZOP_CDS_0267	OZ035728.1	100.000	57	57	149471	3.64e-35	122
BJJLIZOP_CDS_0267	MH160766.1	100.000	57	57	149803	3.64e-35	122
BJJLIZOP_CDS_0267	KX552041.2	100.000	57	57	149813	3.64e-35	122
BJJLIZOP_CDS_0267	OR067838.1	100.000	57	57	149856	3.64e-35	122
BJJLIZOP_CDS_0267	OR786310.1	100.000	57	57	149880	3.64e-35	122
BJJLIZOP_CDS_0267	PP129558.1	100.000	57	57	149967	3.64e-35	122
BJJLIZOP_CDS_0267	LR597654.1	100.000	57	57	150152	3.64e-35	122
BJJLIZOP_CDS_0267	OR062524.1	100.000	57	57	150431	3.64e-35	122
BJJLIZOP_CDS_0267	MN850618.1	100.000	57	57	150473	3.64e-35	122
BJJLIZOP_CDS_0267	MN850565.1	100.000	57	57	150947	3.64e-35	122
BJJLIZOP_CDS_0267	PQ826431.1	100.000	57	57	151106	3.64e-35	122
BJJLIZOP_CDS_0267	OP172791.1	100.000	57	57	151113	3.64e-35	122
BJJLIZOP_CDS_0267	MK373788.1	100.000	57	57	151194	3.64e-35	122
BJJLIZOP_CDS_0267	MT496970.1	100.000	57	57	151202	3.64e-35	122
BJJLIZOP_CDS_0267	PQ433349.1	100.000	57	57	151245	3.64e-35	122
BJJLIZOP_CDS_0267	OL505078.1	100.000	57	57	151425	3.64e-35	122
BJJLIZOP_CDS_0267	MZ726793.1	100.000	57	57	151660	3.64e-35	122
BJJLIZOP_CDS_0267	MH051333.1	100.000	57	57	151671	3.64e-35	122
BJJLIZOP_CDS_0267	PV191315.1	100.000	57	57	151674	3.64e-35	122
BJJLIZOP_CDS_0267	OL739525.1	100.000	57	57	151825	3.64e-35	122
BJJLIZOP_CDS_0267	OR062529.1	100.000	57	57	151980	3.64e-35	122
BJJLIZOP_CDS_0267	OR062526.1	100.000	57	57	151980	3.64e-35	122
BJJLIZOP_CDS_0267	OP172792.1	100.000	57	57	151993	3.64e-35	122
BJJLIZOP_CDS_0267	MT944117.1	100.000	57	57	152343	3.64e-35	122
BJJLIZOP_CDS_0267	OM362897.1	100.000	57	57	152401	3.64e-35	122
BJJLIZOP_CDS_0267	OM386667.1	100.000	57	57	156300	3.64e-35	122
BJJLIZOP_CDS_0267	KX664695.3	98.246	57	57	149268	1.13e-34	120
BJJLIZOP_CDS_0267	OR352956.1	98.246	57	57	149254	1.72e-34	120
BJJLIZOP_CDS_0267	OZ035771.1	89.474	57	57	144811	1.50e-30	108
BJJLIZOP_CDS_0267	MN850571.1	89.474	57	57	151514	1.50e-30	108
BJJLIZOP_CDS_0267	PV730300.1	71.930	57	57	146712	1.14e-25	94.7
BJJLIZOP_CDS_0267	OR437326.1	71.930	57	57	148445	1.14e-25	94.7
BJJLIZOP_CDS_0267	OL631481.1	71.930	57	57	149818	1.14e-25	94.7
BJJLIZOP_CDS_0267	MW175890.1	71.930	57	57	150892	1.14e-25	94.7
BJJLIZOP_CDS_0267	MH252123.1	71.930	57	57	150925	1.14e-25	94.7
BJJLIZOP_CDS_0267	OP595145.1	71.930	57	57	151363	1.14e-25	94.7
BJJLIZOP_CDS_0267	OR352955.1	71.930	57	57	152808	1.14e-25	94.7
BJJLIZOP_CDS_0267	JX561091.1	66.667	54	57	147737	8.34e-21	80.9
BJJLIZOP_CDS_0267	LR746137.1	66.667	54	57	152148	8.34e-21	80.9
BJJLIZOP_CDS_0268	OZ035743.1	100.000	102	102	142881	4.95e-66	212
BJJLIZOP_CDS_0268	MN850598.1	100.000	102	102	144998	4.95e-66	212
BJJLIZOP_CDS_0268	OR352956.1	100.000	102	102	149254	4.95e-66	212
BJJLIZOP_CDS_0268	OR067838.1	100.000	102	102	149856	4.95e-66	212
BJJLIZOP_CDS_0268	MZ726793.1	100.000	102	102	151660	4.95e-66	212
BJJLIZOP_CDS_0268	MZ726793.1	44.118	102	102	151660	4.02e-16	70.1
BJJLIZOP_CDS_0268	OP172792.1	100.000	102	102	151993	4.95e-66	212
BJJLIZOP_CDS_0268	OZ035728.1	99.020	102	102	149471	1.08e-65	211
BJJLIZOP_CDS_0268	PV191315.1	99.020	102	102	151674	3.01e-65	210
BJJLIZOP_CDS_0268	PV191315.1	44.118	102	102	151674	1.29e-16	71.6
BJJLIZOP_CDS_0268	OL739525.1	99.020	102	102	151825	3.01e-65	210
BJJLIZOP_CDS_0268	OL739525.1	44.118	102	102	151825	1.29e-16	71.6
BJJLIZOP_CDS_0268	OM386656.1	98.039	102	102	149073	1.77e-64	207
BJJLIZOP_CDS_0268	OM386659.1	98.039	102	102	149194	1.77e-64	207
BJJLIZOP_CDS_0268	KX664695.3	98.039	102	102	149268	1.77e-64	207
BJJLIZOP_CDS_0268	MH160766.1	98.039	102	102	149803	1.77e-64	207
BJJLIZOP_CDS_0268	KX552041.2	98.039	102	102	149813	1.77e-64	207
BJJLIZOP_CDS_0268	PP129558.1	98.039	102	102	149967	1.77e-64	207
BJJLIZOP_CDS_0268	LR597654.1	98.039	102	102	150152	1.77e-64	207
BJJLIZOP_CDS_0268	OR062524.1	98.039	102	102	150431	1.77e-64	207
BJJLIZOP_CDS_0268	MN850565.1	98.039	102	102	150947	1.77e-64	207
BJJLIZOP_CDS_0268	PQ433349.1	98.039	102	102	151245	1.77e-64	207
BJJLIZOP_CDS_0268	MH051333.1	98.039	102	102	151671	1.77e-64	207
BJJLIZOP_CDS_0268	OR062529.1	98.039	102	102	151980	1.77e-64	207
BJJLIZOP_CDS_0268	OR062526.1	98.039	102	102	151980	1.77e-64	207
BJJLIZOP_CDS_0268	OM386667.1	98.039	102	102	156300	1.77e-64	207
BJJLIZOP_CDS_0268	JX561091.1	98.039	102	102	147737	7.37e-64	206
BJJLIZOP_CDS_0268	PQ826431.1	98.039	102	102	151106	7.37e-64	206
BJJLIZOP_CDS_0268	PQ826431.1	43.137	102	102	151106	1.95e-15	68.2
BJJLIZOP_CDS_0268	LR746137.1	98.039	102	102	152148	7.37e-64	206
BJJLIZOP_CDS_0268	MK373788.1	97.059	102	102	151194	4.88e-63	204
BJJLIZOP_CDS_0268	OQ031492.1	97.059	102	102	149246	5.54e-63	203
BJJLIZOP_CDS_0268	OR786310.1	97.059	102	102	149880	5.54e-63	203
BJJLIZOP_CDS_0268	OR786310.1	44.118	102	102	149880	4.02e-16	70.1
BJJLIZOP_CDS_0268	OP172791.1	97.059	102	102	151113	5.54e-63	203
BJJLIZOP_CDS_0268	OP172791.1	42.157	102	102	151113	1.01e-14	66.2
BJJLIZOP_CDS_0268	MT496970.1	97.059	102	102	151202	5.54e-63	203
BJJLIZOP_CDS_0268	MT496970.1	43.137	102	102	151202	2.79e-15	67.8
BJJLIZOP_CDS_0268	OL505078.1	97.059	102	102	151425	5.54e-63	203
BJJLIZOP_CDS_0268	OL505078.1	43.137	102	102	151425	1.57e-15	68.6
BJJLIZOP_CDS_0268	MN850648.1	95.098	102	102	149335	1.09e-62	202
BJJLIZOP_CDS_0268	MN850648.1	44.118	102	102	149335	4.02e-16	70.1
BJJLIZOP_CDS_0268	OM362897.1	96.078	102	102	152401	4.32e-62	201
BJJLIZOP_CDS_0268	OM362897.1	43.137	102	102	152401	1.95e-15	68.2
BJJLIZOP_CDS_0268	MT944117.1	95.098	102	102	152343	1.32e-61	199
BJJLIZOP_CDS_0268	MT944117.1	43.137	102	102	152343	1.95e-15	68.2
BJJLIZOP_CDS_0268	MN850618.1	95.098	102	102	150473	1.94e-61	199
BJJLIZOP_CDS_0268	MN850618.1	44.118	102	102	150473	4.02e-16	70.1
BJJLIZOP_CDS_0268	PV730300.1	78.431	102	102	146712	1.18e-51	171
BJJLIZOP_CDS_0268	PV730300.1	44.554	101	102	146712	5.88e-16	69.7
BJJLIZOP_CDS_0268	OR437326.1	78.431	102	102	148445	1.18e-51	171
BJJLIZOP_CDS_0268	OR437326.1	44.554	101	102	148445	5.88e-16	69.7
BJJLIZOP_CDS_0268	OL631481.1	78.431	102	102	149818	1.18e-51	171
BJJLIZOP_CDS_0268	OL631481.1	44.554	101	102	149818	5.88e-16	69.7
BJJLIZOP_CDS_0268	MH252123.1	78.431	102	102	150925	1.18e-51	171
BJJLIZOP_CDS_0268	MH252123.1	44.554	101	102	150925	5.88e-16	69.7
BJJLIZOP_CDS_0268	OP595145.1	78.431	102	102	151363	1.18e-51	171
BJJLIZOP_CDS_0268	OP595145.1	44.554	101	102	151363	5.88e-16	69.7
BJJLIZOP_CDS_0268	MW175890.1	78.431	102	102	150892	2.15e-51	170
BJJLIZOP_CDS_0268	MW175890.1	44.554	101	102	150892	1.65e-15	68.2
BJJLIZOP_CDS_0268	OR352955.1	77.451	102	102	152808	5.77e-50	166
BJJLIZOP_CDS_0268	OR352955.1	44.554	101	102	152808	1.78e-15	68.2
BJJLIZOP_CDS_0268	OZ035771.1	65.686	102	102	144811	1.09e-40	140
BJJLIZOP_CDS_0268	MN850571.1	65.686	102	102	151514	1.21e-40	139
BJJLIZOP_CDS_0268	OR544956.1	91.837	49	102	130723	1.38e-24	94.4
BJJLIZOP_CDS_0269	MN850648.1	100.000	101	101	149335	8.83e-66	211
BJJLIZOP_CDS_0269	MN850648.1	42.718	103	101	149335	3.96e-15	67.0
BJJLIZOP_CDS_0269	MZ726793.1	100.000	101	101	151660	8.83e-66	211
BJJLIZOP_CDS_0269	MZ726793.1	44.118	102	101	151660	3.62e-16	70.1
BJJLIZOP_CDS_0269	OR786310.1	99.010	101	101	149880	4.04e-65	209
BJJLIZOP_CDS_0269	OR786310.1	44.660	103	101	149880	7.52e-18	75.1
BJJLIZOP_CDS_0269	MN850618.1	99.010	101	101	150473	4.04e-65	209
BJJLIZOP_CDS_0269	MN850618.1	44.660	103	101	150473	1.19e-17	74.3
BJJLIZOP_CDS_0269	PQ826431.1	99.010	101	101	151106	4.04e-65	209
BJJLIZOP_CDS_0269	PQ826431.1	44.660	103	101	151106	6.31e-18	75.1
BJJLIZOP_CDS_0269	OM362897.1	99.010	101	101	152401	4.04e-65	209
BJJLIZOP_CDS_0269	OM362897.1	43.689	103	101	152401	5.12e-17	72.4
BJJLIZOP_CDS_0269	PV191315.1	98.020	101	101	151674	1.63e-64	207
BJJLIZOP_CDS_0269	PV191315.1	44.118	102	101	151674	3.87e-16	70.1
BJJLIZOP_CDS_0269	OL739525.1	98.020	101	101	151825	1.63e-64	207
BJJLIZOP_CDS_0269	OL739525.1	44.118	102	101	151825	3.87e-16	70.1
BJJLIZOP_CDS_0269	OL505078.1	98.020	101	101	151425	1.73e-64	207
BJJLIZOP_CDS_0269	OL505078.1	44.660	103	101	151425	7.52e-18	75.1
BJJLIZOP_CDS_0269	MT944117.1	98.020	101	101	152343	1.78e-64	207
BJJLIZOP_CDS_0269	MT944117.1	44.660	103	101	152343	1.20e-17	74.3
BJJLIZOP_CDS_0269	MT496970.1	98.020	101	101	151202	2.98e-64	207
BJJLIZOP_CDS_0269	MT496970.1	44.660	103	101	151202	7.52e-18	75.1
BJJLIZOP_CDS_0269	OP172791.1	97.030	101	101	151113	6.41e-64	206
BJJLIZOP_CDS_0269	OP172791.1	44.660	103	101	151113	7.52e-18	75.1
BJJLIZOP_CDS_0269	PV730300.1	97.030	101	101	146712	4.96e-63	203
BJJLIZOP_CDS_0269	PV730300.1	43.689	103	101	146712	1.24e-14	65.9
BJJLIZOP_CDS_0269	OR437326.1	97.030	101	101	148445	4.96e-63	203
BJJLIZOP_CDS_0269	OR437326.1	43.689	103	101	148445	1.24e-14	65.9
BJJLIZOP_CDS_0269	OL631481.1	97.030	101	101	149818	4.96e-63	203
BJJLIZOP_CDS_0269	OL631481.1	43.689	103	101	149818	1.24e-14	65.9
BJJLIZOP_CDS_0269	MH252123.1	97.030	101	101	150925	4.96e-63	203
BJJLIZOP_CDS_0269	MH252123.1	43.689	103	101	150925	1.24e-14	65.9
BJJLIZOP_CDS_0269	OP595145.1	97.030	101	101	151363	4.96e-63	203
BJJLIZOP_CDS_0269	OP595145.1	43.689	103	101	151363	1.24e-14	65.9
BJJLIZOP_CDS_0269	OR352955.1	96.040	101	101	152808	3.32e-62	201
BJJLIZOP_CDS_0269	OR352955.1	43.689	103	101	152808	1.47e-13	62.8
BJJLIZOP_CDS_0269	MW175890.1	96.040	101	101	150892	4.89e-62	201
BJJLIZOP_CDS_0269	MW175890.1	43.689	103	101	150892	2.80e-14	64.7
BJJLIZOP_CDS_0269	JX561091.1	44.660	103	101	147737	6.31e-18	75.1
BJJLIZOP_CDS_0269	LR746137.1	44.660	103	101	152148	6.31e-18	75.1
BJJLIZOP_CDS_0269	OQ031492.1	44.660	103	101	149246	7.52e-18	75.1
BJJLIZOP_CDS_0269	OZ035743.1	44.118	102	101	142881	3.62e-16	70.1
BJJLIZOP_CDS_0269	MN850598.1	44.118	102	101	144998	3.62e-16	70.1
BJJLIZOP_CDS_0269	OR352956.1	44.118	102	101	149254	3.62e-16	70.1
BJJLIZOP_CDS_0269	OR067838.1	44.118	102	101	149856	3.62e-16	70.1
BJJLIZOP_CDS_0269	OP172792.1	44.118	102	101	151993	3.62e-16	70.1
BJJLIZOP_CDS_0269	OM386656.1	44.118	102	101	149073	6.42e-16	69.3
BJJLIZOP_CDS_0269	OM386659.1	44.118	102	101	149194	6.42e-16	69.3
BJJLIZOP_CDS_0269	KX664695.3	44.118	102	101	149268	6.42e-16	69.3
BJJLIZOP_CDS_0269	MH160766.1	44.118	102	101	149803	6.42e-16	69.3
BJJLIZOP_CDS_0269	KX552041.2	44.118	102	101	149813	6.42e-16	69.3
BJJLIZOP_CDS_0269	PP129558.1	44.118	102	101	149967	6.42e-16	69.3
BJJLIZOP_CDS_0269	LR597654.1	44.118	102	101	150152	6.42e-16	69.3
BJJLIZOP_CDS_0269	OR062524.1	44.118	102	101	150431	6.42e-16	69.3
BJJLIZOP_CDS_0269	MN850565.1	44.118	102	101	150947	6.42e-16	69.3
BJJLIZOP_CDS_0269	PQ433349.1	44.118	102	101	151245	6.42e-16	69.3
BJJLIZOP_CDS_0269	MH051333.1	44.118	102	101	151671	6.42e-16	69.3
BJJLIZOP_CDS_0269	OR062529.1	44.118	102	101	151980	6.42e-16	69.3
BJJLIZOP_CDS_0269	OR062526.1	44.118	102	101	151980	6.42e-16	69.3
BJJLIZOP_CDS_0269	OM386667.1	44.118	102	101	156300	6.42e-16	69.3
BJJLIZOP_CDS_0269	MK373788.1	44.118	102	101	151194	6.55e-16	69.3
BJJLIZOP_CDS_0269	OZ035728.1	42.718	103	101	149471	7.29e-16	69.3
BJJLIZOP_CDS_0269	MN850571.1	39.000	100	101	151514	1.21e-15	68.6
BJJLIZOP_CDS_0269	OZ035771.1	39.000	100	101	144811	1.27e-15	68.6
BJJLIZOP_CDS_0270	PV730300.1	100.000	120	120	146712	3.60e-78	248
BJJLIZOP_CDS_0270	MN850648.1	100.000	120	120	149335	3.60e-78	248
BJJLIZOP_CDS_0270	OL631481.1	100.000	120	120	149818	3.60e-78	248
BJJLIZOP_CDS_0270	MW175890.1	100.000	120	120	150892	3.60e-78	248
BJJLIZOP_CDS_0270	MH252123.1	100.000	120	120	150925	3.60e-78	248
BJJLIZOP_CDS_0270	OP595145.1	100.000	120	120	151363	3.60e-78	248
BJJLIZOP_CDS_0270	MZ726793.1	100.000	120	120	151660	3.60e-78	248
BJJLIZOP_CDS_0270	PV191315.1	100.000	120	120	151674	3.60e-78	248
BJJLIZOP_CDS_0270	OL739525.1	100.000	120	120	151825	3.60e-78	248
BJJLIZOP_CDS_0270	OM362897.1	100.000	120	120	152401	3.60e-78	248
BJJLIZOP_CDS_0270	OR352955.1	100.000	120	120	152808	3.60e-78	248
BJJLIZOP_CDS_0270	MN850618.1	99.167	120	120	150473	8.94e-78	246
BJJLIZOP_CDS_0270	OL505078.1	99.167	120	120	151425	1.08e-77	246
BJJLIZOP_CDS_0270	MT944117.1	99.167	120	120	152343	1.14e-77	246
BJJLIZOP_CDS_0270	PQ826431.1	99.167	120	120	151106	1.41e-77	246
BJJLIZOP_CDS_0270	OR786310.1	98.333	120	120	149880	1.68e-77	246
BJJLIZOP_CDS_0270	OP172791.1	98.333	120	120	151113	4.73e-77	244
BJJLIZOP_CDS_0270	OR437326.1	98.333	120	120	148445	6.09e-77	244
BJJLIZOP_CDS_0270	MT496970.1	97.938	97	120	151202	4.62e-63	198
BJJLIZOP_CDS_0270	MT496970.1	96.154	26	120	151202	4.62e-63	56.6
BJJLIZOP_CDS_0270	OZ035771.1	58.407	113	120	144811	2.70e-39	137
BJJLIZOP_CDS_0270	MN850571.1	58.407	113	120	151514	2.70e-39	137
BJJLIZOP_CDS_0270	LR597654.1	55.652	115	120	150152	4.91e-38	133
BJJLIZOP_CDS_0270	JX561091.1	54.867	113	120	147737	6.80e-37	130
BJJLIZOP_CDS_0270	LR746137.1	54.867	113	120	152148	6.80e-37	130
BJJLIZOP_CDS_0270	MK373788.1	54.867	113	120	151194	8.92e-37	129
BJJLIZOP_CDS_0270	OZ035728.1	54.867	113	120	149471	1.13e-36	129
BJJLIZOP_CDS_0270	OM386656.1	54.867	113	120	149073	1.21e-36	129
BJJLIZOP_CDS_0270	OM386659.1	54.867	113	120	149194	1.21e-36	129
BJJLIZOP_CDS_0270	KX664695.3	54.867	113	120	149268	1.21e-36	129
BJJLIZOP_CDS_0270	MH160766.1	54.867	113	120	149803	1.21e-36	129
BJJLIZOP_CDS_0270	KX552041.2	54.867	113	120	149813	1.21e-36	129
BJJLIZOP_CDS_0270	OR062524.1	54.867	113	120	150431	1.21e-36	129
BJJLIZOP_CDS_0270	MH051333.1	54.867	113	120	151671	1.21e-36	129
BJJLIZOP_CDS_0270	OR062529.1	54.867	113	120	151980	1.21e-36	129
BJJLIZOP_CDS_0270	OR062526.1	54.867	113	120	151980	1.21e-36	129
BJJLIZOP_CDS_0270	OM386667.1	54.867	113	120	156300	1.21e-36	129
BJJLIZOP_CDS_0270	OZ035743.1	60.000	95	120	142881	8.02e-34	121
BJJLIZOP_CDS_0270	MN850598.1	60.000	95	120	144998	9.37e-34	121
BJJLIZOP_CDS_0270	OR352956.1	60.000	95	120	149254	9.37e-34	121
BJJLIZOP_CDS_0270	PP129558.1	60.000	95	120	149967	9.37e-34	121
BJJLIZOP_CDS_0270	OP172792.1	60.000	95	120	151993	9.37e-34	121
BJJLIZOP_CDS_0270	OR067838.1	60.000	95	120	149856	1.23e-33	120
BJJLIZOP_CDS_0270	MN850565.1	60.000	95	120	150947	1.51e-33	120
BJJLIZOP_CDS_0270	PQ433349.1	60.000	95	120	151245	1.51e-33	120
BJJLIZOP_CDS_0270	OQ031492.1	100.000	21	120	149246	2.36e-07	45.8
BJJLIZOP_CDS_0271	OZ035743.1	100.000	120	120	142881	9.27e-76	241
BJJLIZOP_CDS_0271	PV730300.1	100.000	120	120	146712	9.27e-76	241
BJJLIZOP_CDS_0271	JX561091.1	100.000	120	120	147737	9.27e-76	241
BJJLIZOP_CDS_0271	OQ031492.1	100.000	120	120	149246	9.27e-76	241
BJJLIZOP_CDS_0271	OR352956.1	100.000	120	120	149254	9.27e-76	241
BJJLIZOP_CDS_0271	OZ035728.1	100.000	120	120	149471	9.27e-76	241
BJJLIZOP_CDS_0271	OL631481.1	100.000	120	120	149818	9.27e-76	241
BJJLIZOP_CDS_0271	OR067838.1	100.000	120	120	149856	9.27e-76	241
BJJLIZOP_CDS_0271	OR786310.1	100.000	120	120	149880	9.27e-76	241
BJJLIZOP_CDS_0271	PP129558.1	100.000	120	120	149967	9.27e-76	241
BJJLIZOP_CDS_0271	MN850618.1	100.000	120	120	150473	9.27e-76	241
BJJLIZOP_CDS_0271	MW175890.1	100.000	120	120	150892	9.27e-76	241
BJJLIZOP_CDS_0271	MH252123.1	100.000	120	120	150925	9.27e-76	241
BJJLIZOP_CDS_0271	MN850565.1	100.000	120	120	150947	9.27e-76	241
BJJLIZOP_CDS_0271	PQ826431.1	100.000	120	120	151106	9.27e-76	241
BJJLIZOP_CDS_0271	OP172791.1	100.000	120	120	151113	9.27e-76	241
BJJLIZOP_CDS_0271	MK373788.1	100.000	120	120	151194	9.27e-76	241
BJJLIZOP_CDS_0271	MT496970.1	100.000	120	120	151202	9.27e-76	241
BJJLIZOP_CDS_0271	PQ433349.1	100.000	120	120	151245	9.27e-76	241
BJJLIZOP_CDS_0271	OP595145.1	100.000	120	120	151363	9.27e-76	241
BJJLIZOP_CDS_0271	MN850571.1	100.000	120	120	151514	9.27e-76	241
BJJLIZOP_CDS_0271	MZ726793.1	100.000	120	120	151660	9.27e-76	241
BJJLIZOP_CDS_0271	PV191315.1	100.000	120	120	151674	9.27e-76	241
BJJLIZOP_CDS_0271	OL739525.1	100.000	120	120	151825	9.27e-76	241
BJJLIZOP_CDS_0271	OP172792.1	100.000	120	120	151993	9.27e-76	241
BJJLIZOP_CDS_0271	LR746137.1	100.000	120	120	152148	9.27e-76	241
BJJLIZOP_CDS_0271	OM362897.1	100.000	120	120	152401	9.27e-76	241
BJJLIZOP_CDS_0271	MN850648.1	99.167	120	120	149335	2.74e-75	239
BJJLIZOP_CDS_0271	OZ035771.1	99.167	120	120	144811	2.85e-75	239
BJJLIZOP_CDS_0271	OM386656.1	99.167	120	120	149073	2.85e-75	239
BJJLIZOP_CDS_0271	OM386659.1	99.167	120	120	149194	2.85e-75	239
BJJLIZOP_CDS_0271	KX664695.3	99.167	120	120	149268	2.85e-75	239
BJJLIZOP_CDS_0271	MH160766.1	99.167	120	120	149803	2.85e-75	239
BJJLIZOP_CDS_0271	KX552041.2	99.167	120	120	149813	2.85e-75	239
BJJLIZOP_CDS_0271	LR597654.1	99.167	120	120	150152	2.85e-75	239
BJJLIZOP_CDS_0271	OR062524.1	99.167	120	120	150431	2.85e-75	239
BJJLIZOP_CDS_0271	MH051333.1	99.167	120	120	151671	2.85e-75	239
BJJLIZOP_CDS_0271	OR062529.1	99.167	120	120	151980	2.85e-75	239
BJJLIZOP_CDS_0271	OR062526.1	99.167	120	120	151980	2.85e-75	239
BJJLIZOP_CDS_0271	OM386667.1	99.167	120	120	156300	2.85e-75	239
BJJLIZOP_CDS_0271	OR437326.1	99.167	120	120	148445	2.88e-75	239
BJJLIZOP_CDS_0271	MN850598.1	99.167	120	120	144998	4.50e-75	239
BJJLIZOP_CDS_0271	MT944117.1	99.167	120	120	152343	4.78e-74	236
BJJLIZOP_CDS_0271	OR352955.1	99.167	120	120	152808	1.21e-73	235
BJJLIZOP_CDS_0271	OL505078.1	100.000	82	120	151425	5.71e-60	167
BJJLIZOP_CDS_0271	OL505078.1	100.000	38	120	151425	5.71e-60	77.8
BJJLIZOP_CDS_0272	MZ726793.1	100.000	122	122	151660	2.11e-75	240
BJJLIZOP_CDS_0272	MH051333.1	100.000	122	122	151671	2.11e-75	240
BJJLIZOP_CDS_0272	OR544956.1	99.180	122	122	130723	4.03e-75	239
BJJLIZOP_CDS_0272	OR786310.1	99.180	122	122	149880	4.03e-75	239
BJJLIZOP_CDS_0272	MN850618.1	99.180	122	122	150473	4.03e-75	239
BJJLIZOP_CDS_0272	PQ433349.1	99.180	122	122	151245	4.03e-75	239
BJJLIZOP_CDS_0272	OL739525.1	99.180	122	122	151825	4.03e-75	239
BJJLIZOP_CDS_0272	LR746137.1	99.180	122	122	152148	4.03e-75	239
BJJLIZOP_CDS_0272	OM362897.1	99.180	122	122	152401	4.03e-75	239
BJJLIZOP_CDS_0272	MH252123.1	99.180	122	122	150925	5.83e-75	239
BJJLIZOP_CDS_0272	OM386656.1	98.361	122	122	149073	6.06e-75	239
BJJLIZOP_CDS_0272	OM386659.1	98.361	122	122	149194	6.06e-75	239
BJJLIZOP_CDS_0272	KX664695.3	98.361	122	122	149268	6.06e-75	239
BJJLIZOP_CDS_0272	MH160766.1	98.361	122	122	149803	6.06e-75	239
BJJLIZOP_CDS_0272	KX552041.2	98.361	122	122	149813	6.06e-75	239
BJJLIZOP_CDS_0272	LR597654.1	98.361	122	122	150152	6.06e-75	239
BJJLIZOP_CDS_0272	OR062524.1	98.361	122	122	150431	6.06e-75	239
BJJLIZOP_CDS_0272	OM386667.1	98.361	122	122	156300	6.06e-75	239
BJJLIZOP_CDS_0272	OQ031492.1	99.180	122	122	149246	7.49e-75	238
BJJLIZOP_CDS_0272	PV730300.1	98.361	122	122	146712	1.05e-74	238
BJJLIZOP_CDS_0272	JX561091.1	98.361	122	122	147737	1.05e-74	238
BJJLIZOP_CDS_0272	PP129558.1	98.361	122	122	149967	1.05e-74	238
BJJLIZOP_CDS_0272	OP595145.1	98.361	122	122	151363	1.11e-74	238
BJJLIZOP_CDS_0272	OL631481.1	98.361	122	122	149818	1.26e-74	238
BJJLIZOP_CDS_0272	MN850648.1	98.361	122	122	149335	1.34e-74	238
BJJLIZOP_CDS_0272	PV191315.1	98.361	122	122	151674	1.35e-74	238
BJJLIZOP_CDS_0272	OR352955.1	98.361	122	122	152808	1.38e-74	238
BJJLIZOP_CDS_0272	OL505078.1	97.541	122	122	151425	1.58e-74	238
BJJLIZOP_CDS_0272	OZ035743.1	97.541	122	122	142881	1.67e-74	237
BJJLIZOP_CDS_0272	MN850598.1	97.541	122	122	144998	1.67e-74	237
BJJLIZOP_CDS_0272	OP172792.1	97.541	122	122	151993	1.69e-74	237
BJJLIZOP_CDS_0272	MW175890.1	96.721	122	122	150892	6.50e-74	236
BJJLIZOP_CDS_0272	OP172791.1	97.541	122	122	151113	9.13e-74	235
BJJLIZOP_CDS_0272	MT496970.1	97.541	122	122	151202	9.13e-74	235
BJJLIZOP_CDS_0272	MT944117.1	97.541	122	122	152343	4.06e-73	233
BJJLIZOP_CDS_0273	OR544956.1	100.000	136	136	130723	1.64e-86	273
BJJLIZOP_CDS_0273	OZ035743.1	100.000	136	136	142881	1.64e-86	273
BJJLIZOP_CDS_0273	MN850598.1	100.000	136	136	144998	1.64e-86	273
BJJLIZOP_CDS_0273	PV730300.1	100.000	136	136	146712	1.64e-86	273
BJJLIZOP_CDS_0273	OM386656.1	100.000	136	136	149073	1.64e-86	273
BJJLIZOP_CDS_0273	OM386659.1	100.000	136	136	149194	1.64e-86	273
BJJLIZOP_CDS_0273	OQ031492.1	100.000	136	136	149246	1.64e-86	273
BJJLIZOP_CDS_0273	KX664695.3	100.000	136	136	149268	1.64e-86	273
BJJLIZOP_CDS_0273	MH160766.1	100.000	136	136	149803	1.64e-86	273
BJJLIZOP_CDS_0273	KX552041.2	100.000	136	136	149813	1.64e-86	273
BJJLIZOP_CDS_0273	PP129558.1	100.000	136	136	149967	1.64e-86	273
BJJLIZOP_CDS_0273	LR597654.1	100.000	136	136	150152	1.64e-86	273
BJJLIZOP_CDS_0273	OR062524.1	100.000	136	136	150431	1.64e-86	273
BJJLIZOP_CDS_0273	MN850618.1	100.000	136	136	150473	1.64e-86	273
BJJLIZOP_CDS_0273	MH252123.1	100.000	136	136	150925	1.64e-86	273
BJJLIZOP_CDS_0273	PQ433349.1	100.000	136	136	151245	1.64e-86	273
BJJLIZOP_CDS_0273	OP595145.1	100.000	136	136	151363	1.64e-86	273
BJJLIZOP_CDS_0273	MZ726793.1	100.000	136	136	151660	1.64e-86	273
BJJLIZOP_CDS_0273	MH051333.1	100.000	136	136	151671	1.64e-86	273
BJJLIZOP_CDS_0273	PV191315.1	100.000	136	136	151674	1.64e-86	273
BJJLIZOP_CDS_0273	LR746137.1	100.000	136	136	152148	1.64e-86	273
BJJLIZOP_CDS_0273	OM362897.1	100.000	136	136	152401	1.64e-86	273
BJJLIZOP_CDS_0273	OM386667.1	100.000	136	136	156300	1.64e-86	273
BJJLIZOP_CDS_0273	MT944117.1	99.265	136	136	152343	3.14e-86	271
BJJLIZOP_CDS_0273	OL631481.1	99.265	136	136	149818	6.19e-86	271
BJJLIZOP_CDS_0273	OR786310.1	99.265	136	136	149880	6.19e-86	271
BJJLIZOP_CDS_0273	OL505078.1	99.265	136	136	151425	6.19e-86	271
BJJLIZOP_CDS_0273	OR352955.1	99.265	136	136	152808	6.19e-86	271
BJJLIZOP_CDS_0273	MN850648.1	99.265	136	136	149335	7.09e-86	271
BJJLIZOP_CDS_0273	JX561091.1	98.529	136	136	147737	9.49e-86	270
BJJLIZOP_CDS_0273	OL739525.1	98.529	136	136	151825	1.78e-85	270
BJJLIZOP_CDS_0273	OP172792.1	97.059	136	136	151993	9.98e-85	267
BJJLIZOP_CDS_0273	MW175890.1	95.588	136	136	150892	2.33e-82	261
BJJLIZOP_CDS_0273	OP172791.1	95.652	138	136	151113	3.78e-82	260
BJJLIZOP_CDS_0273	MT496970.1	95.652	138	136	151202	3.78e-82	260
BJJLIZOP_CDS_0273	PQ826431.1	100.000	120	136	151106	4.64e-75	239
BJJLIZOP_CDS_0273	MK373788.1	100.000	120	136	151194	4.64e-75	239
BJJLIZOP_CDS_0273	OZ035771.1	100.000	118	136	144811	1.18e-73	236
BJJLIZOP_CDS_0273	OR437326.1	100.000	118	136	148445	1.18e-73	236
BJJLIZOP_CDS_0273	OR352956.1	100.000	118	136	149254	1.18e-73	236
BJJLIZOP_CDS_0273	OZ035728.1	100.000	118	136	149471	1.18e-73	236
BJJLIZOP_CDS_0273	OR067838.1	100.000	118	136	149856	1.18e-73	236
BJJLIZOP_CDS_0273	MN850565.1	100.000	118	136	150947	1.18e-73	236
BJJLIZOP_CDS_0273	MN850571.1	100.000	118	136	151514	1.18e-73	236
BJJLIZOP_CDS_0273	OR062529.1	100.000	118	136	151980	1.18e-73	236
BJJLIZOP_CDS_0273	OR062526.1	100.000	118	136	151980	1.18e-73	236
BJJLIZOP_CDS_0274	OR544956.1	100.000	169	169	130723	4.13e-115	356
BJJLIZOP_CDS_0274	OZ035743.1	100.000	169	169	142881	4.13e-115	356
BJJLIZOP_CDS_0274	OZ035771.1	100.000	169	169	144811	4.13e-115	356
BJJLIZOP_CDS_0274	MN850598.1	100.000	169	169	144998	4.13e-115	356
BJJLIZOP_CDS_0274	JX561091.1	100.000	169	169	147737	4.13e-115	356
BJJLIZOP_CDS_0274	OR437326.1	100.000	169	169	148445	4.13e-115	356
BJJLIZOP_CDS_0274	OM386656.1	100.000	169	169	149073	4.13e-115	356
BJJLIZOP_CDS_0274	OM386659.1	100.000	169	169	149194	4.13e-115	356
BJJLIZOP_CDS_0274	OQ031492.1	100.000	169	169	149246	4.13e-115	356
BJJLIZOP_CDS_0274	OR352956.1	100.000	169	169	149254	4.13e-115	356
BJJLIZOP_CDS_0274	KX664695.3	100.000	169	169	149268	4.13e-115	356
BJJLIZOP_CDS_0274	MN850648.1	100.000	169	169	149335	4.13e-115	356
BJJLIZOP_CDS_0274	OZ035728.1	100.000	169	169	149471	4.13e-115	356
BJJLIZOP_CDS_0274	MH160766.1	100.000	169	169	149803	4.13e-115	356
BJJLIZOP_CDS_0274	KX552041.2	100.000	169	169	149813	4.13e-115	356
BJJLIZOP_CDS_0274	OR067838.1	100.000	169	169	149856	4.13e-115	356
BJJLIZOP_CDS_0274	PP129558.1	100.000	169	169	149967	4.13e-115	356
BJJLIZOP_CDS_0274	LR597654.1	100.000	169	169	150152	4.13e-115	356
BJJLIZOP_CDS_0274	OR062524.1	100.000	169	169	150431	4.13e-115	356
BJJLIZOP_CDS_0274	MN850618.1	100.000	169	169	150473	4.13e-115	356
BJJLIZOP_CDS_0274	MH252123.1	100.000	169	169	150925	4.13e-115	356
BJJLIZOP_CDS_0274	OP172791.1	100.000	169	169	151113	4.13e-115	356
BJJLIZOP_CDS_0274	MK373788.1	100.000	169	169	151194	4.13e-115	356
BJJLIZOP_CDS_0274	MT496970.1	100.000	169	169	151202	4.13e-115	356
BJJLIZOP_CDS_0274	PQ433349.1	100.000	169	169	151245	4.13e-115	356
BJJLIZOP_CDS_0274	OP595145.1	100.000	169	169	151363	4.13e-115	356
BJJLIZOP_CDS_0274	OL505078.1	100.000	169	169	151425	4.13e-115	356
BJJLIZOP_CDS_0274	MN850571.1	100.000	169	169	151514	4.13e-115	356
BJJLIZOP_CDS_0274	MZ726793.1	100.000	169	169	151660	4.13e-115	356
BJJLIZOP_CDS_0274	MH051333.1	100.000	169	169	151671	4.13e-115	356
BJJLIZOP_CDS_0274	PV191315.1	100.000	169	169	151674	4.13e-115	356
BJJLIZOP_CDS_0274	OL739525.1	100.000	169	169	151825	4.13e-115	356
BJJLIZOP_CDS_0274	OR062529.1	100.000	169	169	151980	4.13e-115	356
BJJLIZOP_CDS_0274	OR062526.1	100.000	169	169	151980	4.13e-115	356
BJJLIZOP_CDS_0274	OP172792.1	100.000	169	169	151993	4.13e-115	356
BJJLIZOP_CDS_0274	LR746137.1	100.000	169	169	152148	4.13e-115	356
BJJLIZOP_CDS_0274	MT944117.1	100.000	169	169	152343	4.13e-115	356
BJJLIZOP_CDS_0274	OM362897.1	100.000	169	169	152401	4.13e-115	356
BJJLIZOP_CDS_0274	OR352955.1	100.000	169	169	152808	4.13e-115	356
BJJLIZOP_CDS_0274	OM386667.1	100.000	169	169	156300	4.14e-115	356
BJJLIZOP_CDS_0274	OR786310.1	99.408	169	169	149880	1.39e-114	355
BJJLIZOP_CDS_0274	MN850565.1	99.408	169	169	150947	1.41e-114	355
BJJLIZOP_CDS_0274	PV730300.1	99.408	169	169	146712	1.67e-114	354
BJJLIZOP_CDS_0274	PQ826431.1	99.408	169	169	151106	1.67e-114	354
BJJLIZOP_CDS_0274	OL631481.1	99.408	169	169	149818	1.78e-114	354
BJJLIZOP_CDS_0274	MW175890.1	99.408	169	169	150892	1.96e-114	354
BJJLIZOP_CDS_0275	PV730300.1	100.000	530	530	146712	0.0	1108
BJJLIZOP_CDS_0275	PQ826431.1	100.000	530	530	151106	0.0	1108
BJJLIZOP_CDS_0275	OR786310.1	100.000	530	530	149880	0.0	1108
BJJLIZOP_CDS_0275	OR067838.1	100.000	530	530	149856	0.0	1108
BJJLIZOP_CDS_0275	OR062529.1	100.000	530	530	151980	0.0	1108
BJJLIZOP_CDS_0275	OR062526.1	100.000	530	530	151980	0.0	1108
BJJLIZOP_CDS_0275	OQ031492.1	100.000	530	530	149246	0.0	1108
BJJLIZOP_CDS_0275	OP595145.1	100.000	530	530	151363	0.0	1108
BJJLIZOP_CDS_0275	OL739525.1	100.000	530	530	151825	0.0	1108
BJJLIZOP_CDS_0275	MT496970.1	100.000	530	530	151202	0.0	1108
BJJLIZOP_CDS_0275	MN850648.1	100.000	530	530	149335	0.0	1108
BJJLIZOP_CDS_0275	MN850618.1	100.000	530	530	150473	0.0	1108
BJJLIZOP_CDS_0275	MK373788.1	100.000	530	530	151194	0.0	1108
BJJLIZOP_CDS_0275	OL505078.1	99.811	530	530	151425	0.0	1107
BJJLIZOP_CDS_0275	OR437326.1	99.811	530	530	148445	0.0	1107
BJJLIZOP_CDS_0275	MZ726793.1	99.811	530	530	151660	0.0	1107
BJJLIZOP_CDS_0275	JX561091.1	99.811	530	530	147737	0.0	1107
BJJLIZOP_CDS_0275	PQ433349.1	99.811	530	530	151245	0.0	1107
BJJLIZOP_CDS_0275	OP172792.1	99.811	530	530	151993	0.0	1107
BJJLIZOP_CDS_0275	OM362897.1	99.811	530	530	152401	0.0	1107
BJJLIZOP_CDS_0275	MH252123.1	99.811	530	530	150925	0.0	1107
BJJLIZOP_CDS_0275	LR746137.1	99.623	530	530	152148	0.0	1106
BJJLIZOP_CDS_0275	OZ035743.1	99.623	530	530	142881	0.0	1106
BJJLIZOP_CDS_0275	OR352956.1	99.623	530	530	149254	0.0	1106
BJJLIZOP_CDS_0275	OR352955.1	99.623	530	530	152808	0.0	1106
BJJLIZOP_CDS_0275	OR062524.1	99.623	530	530	150431	0.0	1106
BJJLIZOP_CDS_0275	OP172791.1	99.623	530	530	151113	0.0	1106
BJJLIZOP_CDS_0275	OM386667.1	99.623	530	530	156300	0.0	1106
BJJLIZOP_CDS_0275	OM386659.1	99.623	530	530	149194	0.0	1106
BJJLIZOP_CDS_0275	OM386656.1	99.623	530	530	149073	0.0	1106
BJJLIZOP_CDS_0275	OL631481.1	99.623	530	530	149818	0.0	1106
BJJLIZOP_CDS_0275	MW175890.1	99.623	530	530	150892	0.0	1106
BJJLIZOP_CDS_0275	MN850598.1	99.623	530	530	144998	0.0	1106
BJJLIZOP_CDS_0275	MN850571.1	99.623	530	530	151514	0.0	1106
BJJLIZOP_CDS_0275	LR597654.1	99.623	530	530	150152	0.0	1106
BJJLIZOP_CDS_0275	KX552041.2	99.623	530	530	149813	0.0	1106
BJJLIZOP_CDS_0275	OZ035728.1	99.434	530	530	149471	0.0	1105
BJJLIZOP_CDS_0275	OR544956.1	99.623	530	530	130723	0.0	1105
BJJLIZOP_CDS_0275	MN850565.1	99.434	530	530	150947	0.0	1105
BJJLIZOP_CDS_0275	MH160766.1	99.434	530	530	149803	0.0	1105
BJJLIZOP_CDS_0275	PP129558.1	99.434	530	530	149967	0.0	1105
BJJLIZOP_CDS_0275	PV191315.1	99.623	530	530	151674	0.0	1104
BJJLIZOP_CDS_0275	MT944117.1	99.623	530	530	152343	0.0	1104
BJJLIZOP_CDS_0275	KX664695.3	99.434	530	530	149268	0.0	1103
BJJLIZOP_CDS_0275	MH051333.1	99.434	530	530	151671	0.0	1103
BJJLIZOP_CDS_0275	OZ035771.1	92.281	285	530	144811	2.28e-178	555
BJJLIZOP_CDS_0275	OZ035771.1	98.824	255	530	144811	9.63e-169	527
BJJLIZOP_CDS_0276	OZ035771.1	100.000	83	83	144811	1.53e-51	170
BJJLIZOP_CDS_0276	OQ031492.1	100.000	83	83	149246	1.53e-51	170
BJJLIZOP_CDS_0276	OR352956.1	100.000	83	83	149254	1.53e-51	170
BJJLIZOP_CDS_0276	KX664695.3	100.000	83	83	149268	1.53e-51	170
BJJLIZOP_CDS_0276	MH160766.1	100.000	83	83	149803	1.53e-51	170
BJJLIZOP_CDS_0276	KX552041.2	100.000	83	83	149813	1.53e-51	170
BJJLIZOP_CDS_0276	OR067838.1	100.000	83	83	149856	1.53e-51	170
BJJLIZOP_CDS_0276	OR786310.1	100.000	83	83	149880	1.53e-51	170
BJJLIZOP_CDS_0276	LR597654.1	100.000	83	83	150152	1.53e-51	170
BJJLIZOP_CDS_0276	MN850618.1	100.000	83	83	150473	1.53e-51	170
BJJLIZOP_CDS_0276	PQ826431.1	100.000	83	83	151106	1.53e-51	170
BJJLIZOP_CDS_0276	MK373788.1	100.000	83	83	151194	1.53e-51	170
BJJLIZOP_CDS_0276	OP595145.1	100.000	83	83	151363	1.53e-51	170
BJJLIZOP_CDS_0276	MZ726793.1	100.000	83	83	151660	1.53e-51	170
BJJLIZOP_CDS_0276	MH051333.1	100.000	83	83	151671	1.53e-51	170
BJJLIZOP_CDS_0276	OL739525.1	100.000	83	83	151825	1.53e-51	170
BJJLIZOP_CDS_0276	MT944117.1	100.000	83	83	152343	1.53e-51	170
BJJLIZOP_CDS_0276	OM362897.1	100.000	83	83	152401	1.53e-51	170
BJJLIZOP_CDS_0276	OR352955.1	100.000	83	83	152808	1.53e-51	170
BJJLIZOP_CDS_0276	OM386659.1	98.795	83	83	149194	2.08e-51	169
BJJLIZOP_CDS_0276	MN850648.1	98.795	83	83	149335	2.08e-51	169
BJJLIZOP_CDS_0276	OZ035728.1	98.795	83	83	149471	2.08e-51	169
BJJLIZOP_CDS_0276	LR746137.1	98.795	83	83	152148	2.08e-51	169
BJJLIZOP_CDS_0276	OM386667.1	98.795	83	83	156300	2.08e-51	169
BJJLIZOP_CDS_0276	PQ433349.1	98.795	83	83	151245	4.10e-51	169
BJJLIZOP_CDS_0276	MN850571.1	98.795	83	83	151514	4.10e-51	169
BJJLIZOP_CDS_0276	PV730300.1	98.795	83	83	146712	6.93e-51	168
BJJLIZOP_CDS_0276	OR062524.1	98.795	83	83	150431	6.93e-51	168
BJJLIZOP_CDS_0276	OZ035743.1	98.795	83	83	142881	7.27e-51	168
BJJLIZOP_CDS_0276	OR437326.1	98.795	83	83	148445	7.27e-51	168
BJJLIZOP_CDS_0276	MW175890.1	98.795	83	83	150892	7.27e-51	168
BJJLIZOP_CDS_0276	OP172791.1	98.795	83	83	151113	7.27e-51	168
BJJLIZOP_CDS_0276	MT496970.1	98.795	83	83	151202	7.27e-51	168
BJJLIZOP_CDS_0276	OL505078.1	98.795	83	83	151425	7.27e-51	168
BJJLIZOP_CDS_0276	OR062529.1	98.795	83	83	151980	7.27e-51	168
BJJLIZOP_CDS_0276	OR062526.1	98.795	83	83	151980	7.27e-51	168
BJJLIZOP_CDS_0276	OM386656.1	98.795	83	83	149073	8.92e-51	167
BJJLIZOP_CDS_0276	MH252123.1	98.795	83	83	150925	1.11e-50	167
BJJLIZOP_CDS_0276	OL631481.1	98.795	83	83	149818	1.64e-50	167
BJJLIZOP_CDS_0276	MN850565.1	98.795	83	83	150947	1.64e-50	167
BJJLIZOP_CDS_0276	OP172792.1	97.590	83	83	151993	3.06e-50	166
BJJLIZOP_CDS_0276	MN850598.1	96.386	83	83	144998	2.26e-49	164
BJJLIZOP_CDS_0276	JX561091.1	96.386	83	83	147737	8.45e-49	162
BJJLIZOP_CDS_0276	PP129558.1	96.386	83	83	149967	8.45e-49	162
BJJLIZOP_CDS_0276	PV191315.1	96.386	83	83	151674	8.45e-49	162
BJJLIZOP_CDS_0276	OR544956.1	96.970	66	83	130723	2.87e-37	129
BJJLIZOP_CDS_0277	MN850598.1	100.000	185	185	144998	8.96e-125	385
BJJLIZOP_CDS_0277	JX561091.1	100.000	185	185	147737	8.96e-125	385
BJJLIZOP_CDS_0277	OR437326.1	100.000	185	185	148445	8.96e-125	385
BJJLIZOP_CDS_0277	OM386656.1	100.000	185	185	149073	8.96e-125	385
BJJLIZOP_CDS_0277	OQ031492.1	100.000	185	185	149246	8.96e-125	385
BJJLIZOP_CDS_0277	KX664695.3	100.000	185	185	149268	8.96e-125	385
BJJLIZOP_CDS_0277	MH160766.1	100.000	185	185	149803	8.96e-125	385
BJJLIZOP_CDS_0277	KX552041.2	100.000	185	185	149813	8.96e-125	385
BJJLIZOP_CDS_0277	OR067838.1	100.000	185	185	149856	8.96e-125	385
BJJLIZOP_CDS_0277	PP129558.1	100.000	185	185	149967	8.96e-125	385
BJJLIZOP_CDS_0277	LR597654.1	100.000	185	185	150152	8.96e-125	385
BJJLIZOP_CDS_0277	MN850618.1	100.000	185	185	150473	8.96e-125	385
BJJLIZOP_CDS_0277	MZ726793.1	100.000	185	185	151660	8.96e-125	385
BJJLIZOP_CDS_0277	PV191315.1	100.000	185	185	151674	8.96e-125	385
BJJLIZOP_CDS_0277	MT944117.1	100.000	185	185	152343	8.96e-125	385
BJJLIZOP_CDS_0277	OM362897.1	99.459	185	185	152401	1.14e-123	381
BJJLIZOP_CDS_0277	OR062529.1	95.135	185	185	151980	1.91e-118	366
BJJLIZOP_CDS_0277	OR062526.1	95.135	185	185	151980	1.91e-118	366
BJJLIZOP_CDS_0277	MN850571.1	94.595	185	185	151514	1.58e-117	364
BJJLIZOP_CDS_0277	OZ035743.1	87.027	185	185	142881	1.09e-107	336
BJJLIZOP_CDS_0277	MK373788.1	85.405	185	185	151194	4.75e-105	328
BJJLIZOP_CDS_0277	MN850648.1	82.873	181	185	149335	1.85e-99	312
BJJLIZOP_CDS_0277	PV730300.1	82.873	181	185	146712	2.97e-99	311
BJJLIZOP_CDS_0277	OR352956.1	82.873	181	185	149254	2.97e-99	311
BJJLIZOP_CDS_0277	OL631481.1	82.873	181	185	149818	2.97e-99	311
BJJLIZOP_CDS_0277	OR786310.1	82.873	181	185	149880	2.97e-99	311
BJJLIZOP_CDS_0277	OR062524.1	82.873	181	185	150431	2.97e-99	311
BJJLIZOP_CDS_0277	MW175890.1	82.873	181	185	150892	2.97e-99	311
BJJLIZOP_CDS_0277	MN850565.1	82.873	181	185	150947	2.97e-99	311
BJJLIZOP_CDS_0277	OP595145.1	82.873	181	185	151363	2.97e-99	311
BJJLIZOP_CDS_0277	MH051333.1	82.873	181	185	151671	2.97e-99	311
BJJLIZOP_CDS_0277	OL739525.1	82.873	181	185	151825	2.97e-99	311
BJJLIZOP_CDS_0277	OR352955.1	82.873	181	185	152808	2.97e-99	311
BJJLIZOP_CDS_0277	OM386659.1	82.320	181	185	149194	5.80e-99	311
BJJLIZOP_CDS_0277	OZ035728.1	82.320	181	185	149471	5.80e-99	311
BJJLIZOP_CDS_0277	OM386667.1	82.320	181	185	156300	5.80e-99	311
BJJLIZOP_CDS_0277	MH252123.1	82.320	181	185	150925	9.77e-99	310
BJJLIZOP_CDS_0277	OZ035771.1	82.320	181	185	144811	1.02e-98	310
BJJLIZOP_CDS_0277	OP172791.1	82.320	181	185	151113	1.02e-98	310
BJJLIZOP_CDS_0277	MT496970.1	82.320	181	185	151202	1.02e-98	310
BJJLIZOP_CDS_0277	OL505078.1	82.320	181	185	151425	1.02e-98	310
BJJLIZOP_CDS_0277	PQ826431.1	82.873	181	185	151106	1.26e-98	310
BJJLIZOP_CDS_0277	LR746137.1	81.768	181	185	152148	2.86e-98	308
BJJLIZOP_CDS_0277	PQ433349.1	81.768	181	185	151245	6.77e-98	308
BJJLIZOP_CDS_0277	OP172792.1	82.320	181	185	151993	1.22e-97	307
BJJLIZOP_CDS_0278	OM362897.1	99.784	462	462	152401	0.0	888
BJJLIZOP_CDS_0278	MT944117.1	99.784	462	462	152343	0.0	888
BJJLIZOP_CDS_0278	PP129558.1	99.567	462	462	149967	0.0	886
BJJLIZOP_CDS_0278	OR062529.1	99.567	462	462	151980	0.0	886
BJJLIZOP_CDS_0278	OR062526.1	99.567	462	462	151980	0.0	886
BJJLIZOP_CDS_0278	MZ726793.1	99.567	462	462	151660	0.0	886
BJJLIZOP_CDS_0278	MN850618.1	99.567	462	462	150473	0.0	886
BJJLIZOP_CDS_0278	JX561091.1	99.567	462	462	147737	0.0	886
BJJLIZOP_CDS_0278	OQ031492.1	99.351	462	462	149246	0.0	885
BJJLIZOP_CDS_0278	PV191315.1	99.567	462	462	151674	0.0	885
BJJLIZOP_CDS_0278	OZ035743.1	99.783	461	462	142881	0.0	885
BJJLIZOP_CDS_0278	OM386656.1	99.783	461	462	149073	0.0	885
BJJLIZOP_CDS_0278	MN850598.1	99.783	461	462	144998	0.0	885
BJJLIZOP_CDS_0278	MK373788.1	99.783	461	462	151194	0.0	885
BJJLIZOP_CDS_0278	MH160766.1	99.783	461	462	149803	0.0	885
BJJLIZOP_CDS_0278	LR597654.1	99.783	461	462	150152	0.0	885
BJJLIZOP_CDS_0278	KX664695.3	99.783	461	462	149268	0.0	885
BJJLIZOP_CDS_0278	KX552041.2	99.783	461	462	149813	0.0	885
BJJLIZOP_CDS_0278	OR067838.1	99.566	461	462	149856	0.0	884
BJJLIZOP_CDS_0278	MN850571.1	99.566	461	462	151514	0.0	883
BJJLIZOP_CDS_0278	OR437326.1	99.134	462	462	148445	0.0	883
BJJLIZOP_CDS_0278	OL631481.1	66.595	467	462	149818	2.88e-178	551
BJJLIZOP_CDS_0278	MN850565.1	66.167	467	462	150947	2.73e-177	549
BJJLIZOP_CDS_0278	MW175890.1	58.190	464	462	150892	1.25e-144	455
BJJLIZOP_CDS_0278	MH051333.1	58.190	464	462	151671	1.25e-144	455
BJJLIZOP_CDS_0278	OP172791.1	58.190	464	462	151113	2.22e-144	454
BJJLIZOP_CDS_0278	MT496970.1	58.190	464	462	151202	2.78e-144	454
BJJLIZOP_CDS_0278	MN850648.1	58.280	465	462	149335	4.45e-144	453
BJJLIZOP_CDS_0278	OM386659.1	58.190	464	462	149194	5.94e-144	453
BJJLIZOP_CDS_0278	OM386667.1	58.190	464	462	156300	5.95e-144	453
BJJLIZOP_CDS_0278	OL505078.1	58.190	464	462	151425	6.00e-144	453
BJJLIZOP_CDS_0278	LR746137.1	57.974	464	462	152148	6.36e-144	453
BJJLIZOP_CDS_0278	OR786310.1	58.190	464	462	149880	7.71e-144	452
BJJLIZOP_CDS_0278	OL739525.1	57.974	464	462	151825	1.14e-143	452
BJJLIZOP_CDS_0278	OZ035728.1	57.974	464	462	149471	2.34e-143	451
BJJLIZOP_CDS_0278	PV730300.1	58.280	465	462	146712	1.98e-142	449
BJJLIZOP_CDS_0278	OR062524.1	57.849	465	462	150431	3.82e-142	448
BJJLIZOP_CDS_0278	OP595145.1	58.065	465	462	151363	4.50e-142	447
BJJLIZOP_CDS_0278	OR352956.1	57.849	465	462	149254	6.13e-142	447
BJJLIZOP_CDS_0278	PQ826431.1	57.634	465	462	151106	7.36e-142	447
BJJLIZOP_CDS_0278	MH252123.1	57.849	465	462	150925	9.01e-142	447
BJJLIZOP_CDS_0278	OP172792.1	57.602	467	462	151993	1.10e-141	446
BJJLIZOP_CDS_0278	OR352955.1	57.634	465	462	152808	4.37e-141	445
BJJLIZOP_CDS_0278	PQ433349.1	57.692	468	462	151245	1.82e-140	443
BJJLIZOP_CDS_0278	OZ035771.1	57.759	464	462	144811	5.78e-140	441
BJJLIZOP_CDS_0278	OR544956.1	99.020	102	462	130723	2.14e-58	206
BJJLIZOP_CDS_0279	PQ433349.1	100.000	584	584	151245	0.0	1223
BJJLIZOP_CDS_0279	OL739525.1	100.000	584	584	151825	0.0	1223
BJJLIZOP_CDS_0279	OL505078.1	100.000	584	584	151425	0.0	1223
BJJLIZOP_CDS_0279	LR746137.1	100.000	584	584	152148	0.0	1223
BJJLIZOP_CDS_0279	OR786310.1	99.658	584	584	149880	0.0	1222
BJJLIZOP_CDS_0279	OM386659.1	99.829	584	584	149194	0.0	1222
BJJLIZOP_CDS_0279	OZ035743.1	99.658	584	584	142881	0.0	1221
BJJLIZOP_CDS_0279	OR437326.1	99.829	584	584	148445	0.0	1221
BJJLIZOP_CDS_0279	MW175890.1	99.829	584	584	150892	0.0	1221
BJJLIZOP_CDS_0279	MT496970.1	99.829	584	584	151202	0.0	1221
BJJLIZOP_CDS_0279	OR352956.1	99.658	584	584	149254	0.0	1221
BJJLIZOP_CDS_0279	OM362897.1	99.658	584	584	152401	0.0	1221
BJJLIZOP_CDS_0279	MZ726793.1	99.658	584	584	151660	0.0	1221
BJJLIZOP_CDS_0279	MN850648.1	99.658	584	584	149335	0.0	1221
BJJLIZOP_CDS_0279	JX561091.1	99.658	584	584	147737	0.0	1221
BJJLIZOP_CDS_0279	PP129558.1	99.658	584	584	149967	0.0	1221
BJJLIZOP_CDS_0279	OL631481.1	99.658	584	584	149818	0.0	1221
BJJLIZOP_CDS_0279	MH160766.1	99.658	584	584	149803	0.0	1221
BJJLIZOP_CDS_0279	OR062524.1	99.658	584	584	150431	0.0	1220
BJJLIZOP_CDS_0279	OP595145.1	99.658	584	584	151363	0.0	1220
BJJLIZOP_CDS_0279	MH252123.1	99.658	584	584	150925	0.0	1220
BJJLIZOP_CDS_0279	OR352955.1	99.486	584	584	152808	0.0	1219
BJJLIZOP_CDS_0279	OR062529.1	99.486	584	584	151980	0.0	1219
BJJLIZOP_CDS_0279	OR062526.1	99.486	584	584	151980	0.0	1219
BJJLIZOP_CDS_0279	OM386656.1	99.486	584	584	149073	0.0	1219
BJJLIZOP_CDS_0279	MT944117.1	99.486	584	584	152343	0.0	1219
BJJLIZOP_CDS_0279	LR597654.1	99.486	584	584	150152	0.0	1219
BJJLIZOP_CDS_0279	KX664695.3	99.486	584	584	149268	0.0	1219
BJJLIZOP_CDS_0279	KX552041.2	99.486	584	584	149813	0.0	1219
BJJLIZOP_CDS_0279	PQ826431.1	99.486	584	584	151106	0.0	1219
BJJLIZOP_CDS_0279	OP172792.1	99.486	584	584	151993	0.0	1219
BJJLIZOP_CDS_0279	OR067838.1	99.315	584	584	149856	0.0	1218
BJJLIZOP_CDS_0279	OQ031492.1	99.315	584	584	149246	0.0	1218
BJJLIZOP_CDS_0279	MK373788.1	99.486	584	584	151194	0.0	1218
BJJLIZOP_CDS_0279	MN850565.1	99.315	584	584	150947	0.0	1217
BJJLIZOP_CDS_0279	MN850618.1	99.315	584	584	150473	0.0	1214
BJJLIZOP_CDS_0279	OM386667.1	97.005	601	584	156300	0.0	1211
BJJLIZOP_CDS_0279	PV730300.1	91.667	588	584	146712	0.0	1122
BJJLIZOP_CDS_0279	PV191315.1	91.667	588	584	151674	0.0	1122
BJJLIZOP_CDS_0279	OP172791.1	91.667	588	584	151113	0.0	1122
BJJLIZOP_CDS_0279	MH051333.1	99.711	346	584	151671	0.0	723
BJJLIZOP_CDS_0279	MH051333.1	99.286	280	584	151671	0.0	583
BJJLIZOP_CDS_0279	OZ035728.1	96.393	305	584	149471	0.0	613
BJJLIZOP_CDS_0279	OZ035728.1	100.000	291	584	149471	0.0	612
BJJLIZOP_CDS_0279	MN850571.1	96.393	305	584	151514	0.0	613
BJJLIZOP_CDS_0279	MN850571.1	100.000	291	584	151514	0.0	612
BJJLIZOP_CDS_0279	OZ035771.1	96.393	305	584	144811	0.0	613
BJJLIZOP_CDS_0279	OZ035771.1	100.000	291	584	144811	0.0	612
BJJLIZOP_CDS_0279	MN850598.1	100.000	291	584	144998	0.0	612
BJJLIZOP_CDS_0279	MN850598.1	95.738	305	584	144998	0.0	610
BJJLIZOP_CDS_0279	OR544956.1	95.378	238	584	130723	6.10e-151	479
BJJLIZOP_CDS_0279	OR544956.1	100.000	125	584	130723	1.07e-76	263
BJJLIZOP_CDS_0279	OR544956.1	91.489	47	584	130723	8.10e-20	92.0
BJJLIZOP_CDS_0280	OR544956.1	100.000	156	156	130723	2.39e-104	325
BJJLIZOP_CDS_0280	PV730300.1	100.000	156	156	146712	2.39e-104	325
BJJLIZOP_CDS_0280	JX561091.1	100.000	156	156	147737	2.39e-104	325
BJJLIZOP_CDS_0280	OR437326.1	100.000	156	156	148445	2.39e-104	325
BJJLIZOP_CDS_0280	OM386659.1	100.000	156	156	149194	2.39e-104	325
BJJLIZOP_CDS_0280	OQ031492.1	100.000	156	156	149246	2.39e-104	325
BJJLIZOP_CDS_0280	OR352956.1	100.000	156	156	149254	2.39e-104	325
BJJLIZOP_CDS_0280	MN850648.1	100.000	156	156	149335	2.39e-104	325
BJJLIZOP_CDS_0280	OZ035728.1	100.000	156	156	149471	2.39e-104	325
BJJLIZOP_CDS_0280	OR786310.1	100.000	156	156	149880	2.39e-104	325
BJJLIZOP_CDS_0280	PP129558.1	100.000	156	156	149967	2.39e-104	325
BJJLIZOP_CDS_0280	MN850618.1	100.000	156	156	150473	2.39e-104	325
BJJLIZOP_CDS_0280	MW175890.1	100.000	156	156	150892	2.39e-104	325
BJJLIZOP_CDS_0280	PQ826431.1	100.000	156	156	151106	2.39e-104	325
BJJLIZOP_CDS_0280	OP172791.1	100.000	156	156	151113	2.39e-104	325
BJJLIZOP_CDS_0280	MT496970.1	100.000	156	156	151202	2.39e-104	325
BJJLIZOP_CDS_0280	PQ433349.1	100.000	156	156	151245	2.39e-104	325
BJJLIZOP_CDS_0280	OL505078.1	100.000	156	156	151425	2.39e-104	325
BJJLIZOP_CDS_0280	MZ726793.1	100.000	156	156	151660	2.39e-104	325
BJJLIZOP_CDS_0280	OL739525.1	100.000	156	156	151825	2.39e-104	325
BJJLIZOP_CDS_0280	LR746137.1	100.000	156	156	152148	2.39e-104	325
BJJLIZOP_CDS_0280	MT944117.1	100.000	156	156	152343	2.39e-104	325
BJJLIZOP_CDS_0280	OM362897.1	100.000	156	156	152401	2.39e-104	325
BJJLIZOP_CDS_0280	OM386667.1	100.000	156	156	156300	2.39e-104	325
BJJLIZOP_CDS_0280	PV191315.1	99.359	156	156	151674	8.34e-104	323
BJJLIZOP_CDS_0280	OZ035771.1	99.359	156	156	144811	8.92e-104	323
BJJLIZOP_CDS_0280	MH252123.1	99.359	156	156	150925	8.92e-104	323
BJJLIZOP_CDS_0280	OP595145.1	99.359	156	156	151363	8.92e-104	323
BJJLIZOP_CDS_0280	OM386656.1	99.359	156	156	149073	2.35e-103	322
BJJLIZOP_CDS_0280	KX664695.3	99.359	156	156	149268	2.35e-103	322
BJJLIZOP_CDS_0280	KX552041.2	99.359	156	156	149813	2.35e-103	322
BJJLIZOP_CDS_0280	OR067838.1	99.359	156	156	149856	2.35e-103	322
BJJLIZOP_CDS_0280	LR597654.1	99.359	156	156	150152	2.35e-103	322
BJJLIZOP_CDS_0280	MN850565.1	99.359	156	156	150947	2.35e-103	322
BJJLIZOP_CDS_0280	MK373788.1	99.359	156	156	151194	2.35e-103	322
BJJLIZOP_CDS_0280	MH051333.1	99.359	156	156	151671	2.35e-103	322
BJJLIZOP_CDS_0280	OR062529.1	99.359	156	156	151980	2.35e-103	322
BJJLIZOP_CDS_0280	OR062526.1	99.359	156	156	151980	2.35e-103	322
BJJLIZOP_CDS_0280	OR352955.1	99.359	156	156	152808	2.35e-103	322
BJJLIZOP_CDS_0280	OR062524.1	98.718	156	156	150431	2.96e-103	322
BJJLIZOP_CDS_0280	MN850571.1	98.718	156	156	151514	2.96e-103	322
BJJLIZOP_CDS_0280	OP172792.1	98.718	156	156	151993	1.30e-102	320
BJJLIZOP_CDS_0280	MN850598.1	98.077	156	156	144998	4.86e-102	318
BJJLIZOP_CDS_0280	OL631481.1	98.077	156	156	149818	4.86e-102	318
BJJLIZOP_CDS_0280	OZ035743.1	97.436	156	156	142881	7.52e-102	317
BJJLIZOP_CDS_0280	MH160766.1	97.436	156	156	149803	8.78e-102	317
BJJLIZOP_CDS_0281	MK373788.1	100.000	63	63	151194	8.84e-36	124
BJJLIZOP_CDS_0281	OZ035743.1	98.413	63	63	142881	2.45e-35	122
BJJLIZOP_CDS_0281	OZ035771.1	98.413	63	63	144811	2.45e-35	122
BJJLIZOP_CDS_0281	MH160766.1	98.413	63	63	149803	2.45e-35	122
BJJLIZOP_CDS_0281	MN850571.1	98.413	63	63	151514	2.45e-35	122
BJJLIZOP_CDS_0281	OP595145.1	98.413	63	63	151363	4.27e-35	122
BJJLIZOP_CDS_0281	OP172792.1	98.413	63	63	151993	4.27e-35	122
BJJLIZOP_CDS_0281	OL631481.1	96.825	63	63	149818	5.39e-35	121
BJJLIZOP_CDS_0281	KX664695.3	96.825	63	63	149268	1.01e-34	120
BJJLIZOP_CDS_0281	KX552041.2	96.825	63	63	149813	1.01e-34	120
BJJLIZOP_CDS_0281	OR067838.1	96.825	63	63	149856	1.01e-34	120
BJJLIZOP_CDS_0281	LR597654.1	96.825	63	63	150152	1.01e-34	120
BJJLIZOP_CDS_0281	MN850565.1	96.825	63	63	150947	1.01e-34	120
BJJLIZOP_CDS_0281	MH051333.1	96.825	63	63	151671	1.01e-34	120
BJJLIZOP_CDS_0281	OR062529.1	96.825	63	63	151980	1.01e-34	120
BJJLIZOP_CDS_0281	OR062526.1	96.825	63	63	151980	1.01e-34	120
BJJLIZOP_CDS_0281	OR352955.1	96.825	63	63	152808	1.01e-34	120
BJJLIZOP_CDS_0281	MN850598.1	96.825	63	63	144998	1.05e-34	120
BJJLIZOP_CDS_0281	OR437326.1	96.825	63	63	148445	1.05e-34	120
BJJLIZOP_CDS_0281	OM386659.1	96.825	63	63	149194	1.05e-34	120
BJJLIZOP_CDS_0281	OQ031492.1	96.825	63	63	149246	1.05e-34	120
BJJLIZOP_CDS_0281	OR352956.1	96.825	63	63	149254	1.05e-34	120
BJJLIZOP_CDS_0281	MN850648.1	96.825	63	63	149335	1.05e-34	120
BJJLIZOP_CDS_0281	OZ035728.1	96.825	63	63	149471	1.05e-34	120
BJJLIZOP_CDS_0281	OR786310.1	96.825	63	63	149880	1.05e-34	120
BJJLIZOP_CDS_0281	PP129558.1	96.825	63	63	149967	1.05e-34	120
BJJLIZOP_CDS_0281	OR062524.1	96.825	63	63	150431	1.05e-34	120
BJJLIZOP_CDS_0281	MN850618.1	96.825	63	63	150473	1.05e-34	120
BJJLIZOP_CDS_0281	MW175890.1	96.825	63	63	150892	1.05e-34	120
BJJLIZOP_CDS_0281	MH252123.1	96.825	63	63	150925	1.05e-34	120
BJJLIZOP_CDS_0281	PQ826431.1	96.825	63	63	151106	1.05e-34	120
BJJLIZOP_CDS_0281	OP172791.1	96.825	63	63	151113	1.05e-34	120
BJJLIZOP_CDS_0281	MT496970.1	96.825	63	63	151202	1.05e-34	120
BJJLIZOP_CDS_0281	PQ433349.1	96.825	63	63	151245	1.05e-34	120
BJJLIZOP_CDS_0281	OL505078.1	96.825	63	63	151425	1.05e-34	120
BJJLIZOP_CDS_0281	PV191315.1	96.825	63	63	151674	1.05e-34	120
BJJLIZOP_CDS_0281	OL739525.1	96.825	63	63	151825	1.05e-34	120
BJJLIZOP_CDS_0281	LR746137.1	96.825	63	63	152148	1.05e-34	120
BJJLIZOP_CDS_0281	MT944117.1	96.825	63	63	152343	1.05e-34	120
BJJLIZOP_CDS_0281	OM362897.1	96.825	63	63	152401	1.05e-34	120
BJJLIZOP_CDS_0281	OM386667.1	96.825	63	63	156300	1.05e-34	120
BJJLIZOP_CDS_0281	JX561091.1	96.825	63	63	147737	1.18e-34	120
BJJLIZOP_CDS_0281	MZ726793.1	96.825	63	63	151660	1.18e-34	120
BJJLIZOP_CDS_0281	OR544956.1	95.238	63	63	130723	2.50e-34	119
BJJLIZOP_CDS_0281	OM386656.1	95.238	63	63	149073	3.10e-34	119
BJJLIZOP_CDS_0281	PV730300.1	95.238	63	63	146712	3.69e-34	119
BJJLIZOP_CDS_0282	OR352956.1	98.010	201	201	149254	8.47e-136	417
BJJLIZOP_CDS_0282	MK373788.1	98.010	201	201	151194	1.64e-135	416
BJJLIZOP_CDS_0282	OR544956.1	98.010	201	201	130723	1.73e-135	416
BJJLIZOP_CDS_0282	OZ035743.1	98.010	201	201	142881	1.73e-135	416
BJJLIZOP_CDS_0282	MN850598.1	98.010	201	201	144998	1.73e-135	416
BJJLIZOP_CDS_0282	PV730300.1	98.010	201	201	146712	1.73e-135	416
BJJLIZOP_CDS_0282	JX561091.1	98.010	201	201	147737	1.73e-135	416
BJJLIZOP_CDS_0282	OM386659.1	98.010	201	201	149194	1.73e-135	416
BJJLIZOP_CDS_0282	MN850648.1	98.010	201	201	149335	1.73e-135	416
BJJLIZOP_CDS_0282	OZ035728.1	98.010	201	201	149471	1.73e-135	416
BJJLIZOP_CDS_0282	KX552041.2	98.010	201	201	149813	1.73e-135	416
BJJLIZOP_CDS_0282	OR786310.1	98.010	201	201	149880	1.73e-135	416
BJJLIZOP_CDS_0282	PP129558.1	98.010	201	201	149967	1.73e-135	416
BJJLIZOP_CDS_0282	OR062524.1	98.010	201	201	150431	1.73e-135	416
BJJLIZOP_CDS_0282	MN850618.1	98.010	201	201	150473	1.73e-135	416
BJJLIZOP_CDS_0282	MW175890.1	98.010	201	201	150892	1.73e-135	416
BJJLIZOP_CDS_0282	MH252123.1	98.010	201	201	150925	1.73e-135	416
BJJLIZOP_CDS_0282	MN850565.1	98.010	201	201	150947	1.73e-135	416
BJJLIZOP_CDS_0282	PQ826431.1	98.010	201	201	151106	1.73e-135	416
BJJLIZOP_CDS_0282	MT496970.1	98.010	201	201	151202	1.73e-135	416
BJJLIZOP_CDS_0282	PQ433349.1	98.010	201	201	151245	1.73e-135	416
BJJLIZOP_CDS_0282	OP595145.1	98.010	201	201	151363	1.73e-135	416
BJJLIZOP_CDS_0282	MN850571.1	98.010	201	201	151514	1.73e-135	416
BJJLIZOP_CDS_0282	MZ726793.1	98.010	201	201	151660	1.73e-135	416
BJJLIZOP_CDS_0282	MH051333.1	98.010	201	201	151671	1.73e-135	416
BJJLIZOP_CDS_0282	OM362897.1	98.010	201	201	152401	1.73e-135	416
BJJLIZOP_CDS_0282	OR352955.1	98.010	201	201	152808	1.73e-135	416
BJJLIZOP_CDS_0282	OM386667.1	98.010	201	201	156300	1.73e-135	416
BJJLIZOP_CDS_0282	OR437326.1	97.512	201	201	148445	2.65e-135	416
BJJLIZOP_CDS_0282	OP172791.1	97.512	201	201	151113	2.65e-135	416
BJJLIZOP_CDS_0282	PV191315.1	97.512	201	201	151674	2.65e-135	416
BJJLIZOP_CDS_0282	OL739525.1	97.512	201	201	151825	2.65e-135	416
BJJLIZOP_CDS_0282	LR746137.1	97.512	201	201	152148	2.65e-135	416
BJJLIZOP_CDS_0282	MT944117.1	97.512	201	201	152343	2.65e-135	416
BJJLIZOP_CDS_0282	OM386656.1	97.512	201	201	149073	3.69e-135	415
BJJLIZOP_CDS_0282	KX664695.3	97.512	201	201	149268	3.69e-135	415
BJJLIZOP_CDS_0282	OR067838.1	97.512	201	201	149856	3.69e-135	415
BJJLIZOP_CDS_0282	LR597654.1	97.512	201	201	150152	3.69e-135	415
BJJLIZOP_CDS_0282	OR062529.1	97.512	201	201	151980	3.69e-135	415
BJJLIZOP_CDS_0282	OR062526.1	97.512	201	201	151980	3.69e-135	415
BJJLIZOP_CDS_0282	OL505078.1	97.512	201	201	151425	5.59e-135	415
BJJLIZOP_CDS_0282	OZ035771.1	97.512	201	201	144811	5.64e-135	415
BJJLIZOP_CDS_0282	MH160766.1	97.512	201	201	149803	5.70e-135	415
BJJLIZOP_CDS_0282	OL631481.1	97.512	201	201	149818	6.34e-135	414
BJJLIZOP_CDS_0282	OP172792.1	97.015	201	201	151993	1.32e-134	414
BJJLIZOP_CDS_0282	OQ031492.1	97.015	201	201	149246	2.65e-134	413
BJJLIZOP_CDS_0283	OZ035743.1	100.000	218	218	142881	4.21e-150	459
BJJLIZOP_CDS_0283	MN850598.1	100.000	218	218	144998	4.21e-150	459
BJJLIZOP_CDS_0283	OM386656.1	100.000	218	218	149073	4.21e-150	459
BJJLIZOP_CDS_0283	OR352956.1	100.000	218	218	149254	4.21e-150	459
BJJLIZOP_CDS_0283	MH160766.1	100.000	218	218	149803	4.21e-150	459
BJJLIZOP_CDS_0283	KX552041.2	100.000	218	218	149813	4.21e-150	459
BJJLIZOP_CDS_0283	OR067838.1	100.000	218	218	149856	4.21e-150	459
BJJLIZOP_CDS_0283	LR597654.1	100.000	218	218	150152	4.21e-150	459
BJJLIZOP_CDS_0283	MH252123.1	100.000	218	218	150925	4.21e-150	459
BJJLIZOP_CDS_0283	MK373788.1	100.000	218	218	151194	4.21e-150	459
BJJLIZOP_CDS_0283	OP595145.1	100.000	218	218	151363	4.21e-150	459
BJJLIZOP_CDS_0283	OR062529.1	100.000	218	218	151980	4.21e-150	459
BJJLIZOP_CDS_0283	OR062526.1	100.000	218	218	151980	4.21e-150	459
BJJLIZOP_CDS_0283	OR352955.1	100.000	218	218	152808	4.21e-150	459
BJJLIZOP_CDS_0283	KX664695.3	99.541	218	218	149268	1.57e-149	457
BJJLIZOP_CDS_0283	OR062524.1	99.541	218	218	150431	2.02e-149	457
BJJLIZOP_CDS_0283	OP172792.1	99.083	218	218	151993	2.89e-149	456
BJJLIZOP_CDS_0283	PQ826431.1	77.064	218	218	151106	1.31e-115	360
BJJLIZOP_CDS_0283	OL505078.1	77.064	218	218	151425	1.31e-115	360
BJJLIZOP_CDS_0283	OR786310.1	77.064	218	218	149880	2.17e-115	359
BJJLIZOP_CDS_0283	OZ035771.1	77.064	218	218	144811	2.34e-115	359
BJJLIZOP_CDS_0283	PV730300.1	77.064	218	218	146712	2.34e-115	359
BJJLIZOP_CDS_0283	JX561091.1	77.064	218	218	147737	2.34e-115	359
BJJLIZOP_CDS_0283	OR437326.1	77.064	218	218	148445	2.34e-115	359
BJJLIZOP_CDS_0283	OM386659.1	77.064	218	218	149194	2.34e-115	359
BJJLIZOP_CDS_0283	OZ035728.1	77.064	218	218	149471	2.34e-115	359
BJJLIZOP_CDS_0283	OL631481.1	77.064	218	218	149818	2.34e-115	359
BJJLIZOP_CDS_0283	PP129558.1	77.064	218	218	149967	2.34e-115	359
BJJLIZOP_CDS_0283	MN850618.1	77.064	218	218	150473	2.34e-115	359
BJJLIZOP_CDS_0283	MW175890.1	77.064	218	218	150892	2.34e-115	359
BJJLIZOP_CDS_0283	OP172791.1	77.064	218	218	151113	2.34e-115	359
BJJLIZOP_CDS_0283	MT496970.1	77.064	218	218	151202	2.34e-115	359
BJJLIZOP_CDS_0283	PQ433349.1	77.064	218	218	151245	2.34e-115	359
BJJLIZOP_CDS_0283	MN850571.1	77.064	218	218	151514	2.34e-115	359
BJJLIZOP_CDS_0283	MZ726793.1	77.064	218	218	151660	2.34e-115	359
BJJLIZOP_CDS_0283	PV191315.1	77.064	218	218	151674	2.34e-115	359
BJJLIZOP_CDS_0283	OL739525.1	77.064	218	218	151825	2.34e-115	359
BJJLIZOP_CDS_0283	LR746137.1	77.064	218	218	152148	2.34e-115	359
BJJLIZOP_CDS_0283	MT944117.1	77.064	218	218	152343	2.34e-115	359
BJJLIZOP_CDS_0283	OM362897.1	77.064	218	218	152401	2.34e-115	359
BJJLIZOP_CDS_0283	OM386667.1	77.064	218	218	156300	2.34e-115	359
BJJLIZOP_CDS_0283	MN850565.1	76.606	218	218	150947	3.69e-115	358
BJJLIZOP_CDS_0283	MH051333.1	76.606	218	218	151671	3.69e-115	358
BJJLIZOP_CDS_0283	OR544956.1	76.606	218	218	130723	1.49e-114	357
BJJLIZOP_CDS_0283	MN850648.1	76.606	218	218	149335	2.90e-114	356
BJJLIZOP_CDS_0283	OQ031492.1	60.550	218	218	149246	9.52e-82	263
BJJLIZOP_CDS_0284	OQ031492.1	100.000	275	275	149246	0.0	572
BJJLIZOP_CDS_0284	OM362897.1	100.000	275	275	152401	0.0	572
BJJLIZOP_CDS_0284	MT944117.1	100.000	275	275	152343	0.0	572
BJJLIZOP_CDS_0284	PV730300.1	99.636	275	275	146712	0.0	571
BJJLIZOP_CDS_0284	PV191315.1	99.636	275	275	151674	0.0	571
BJJLIZOP_CDS_0284	PQ433349.1	99.636	275	275	151245	0.0	571
BJJLIZOP_CDS_0284	OZ035728.1	99.636	275	275	149471	0.0	571
BJJLIZOP_CDS_0284	OR437326.1	99.636	275	275	148445	0.0	571
BJJLIZOP_CDS_0284	OP595145.1	99.636	275	275	151363	0.0	571
BJJLIZOP_CDS_0284	OL739525.1	99.636	275	275	151825	0.0	571
BJJLIZOP_CDS_0284	MT496970.1	99.636	275	275	151202	0.0	571
BJJLIZOP_CDS_0284	LR746137.1	99.636	275	275	152148	0.0	571
BJJLIZOP_CDS_0284	OZ035743.1	99.636	275	275	142881	0.0	570
BJJLIZOP_CDS_0284	OR352955.1	99.636	275	275	152808	0.0	570
BJJLIZOP_CDS_0284	MW175890.1	99.273	275	275	150892	0.0	570
BJJLIZOP_CDS_0284	MN850565.1	99.636	275	275	150947	0.0	570
BJJLIZOP_CDS_0284	MH160766.1	99.636	275	275	149803	0.0	570
BJJLIZOP_CDS_0284	MH051333.1	99.636	275	275	151671	0.0	570
BJJLIZOP_CDS_0284	KX552041.2	99.636	275	275	149813	0.0	570
BJJLIZOP_CDS_0284	MN850618.1	99.636	275	275	150473	0.0	570
BJJLIZOP_CDS_0284	PQ826431.1	99.273	275	275	151106	0.0	569
BJJLIZOP_CDS_0284	OZ035771.1	99.273	275	275	144811	0.0	569
BJJLIZOP_CDS_0284	OR786310.1	99.273	275	275	149880	0.0	569
BJJLIZOP_CDS_0284	OP172791.1	99.273	275	275	151113	0.0	569
BJJLIZOP_CDS_0284	MZ726793.1	99.273	275	275	151660	0.0	569
BJJLIZOP_CDS_0284	MN850648.1	99.273	275	275	149335	0.0	569
BJJLIZOP_CDS_0284	MH252123.1	99.273	275	275	150925	0.0	569
BJJLIZOP_CDS_0284	JX561091.1	99.273	275	275	147737	0.0	569
BJJLIZOP_CDS_0284	OP172792.1	99.273	275	275	151993	0.0	569
BJJLIZOP_CDS_0284	OM386667.1	99.273	275	275	156300	0.0	569
BJJLIZOP_CDS_0284	OM386659.1	99.273	275	275	149194	0.0	569
BJJLIZOP_CDS_0284	OL631481.1	99.273	275	275	149818	0.0	569
BJJLIZOP_CDS_0284	OR062529.1	99.273	275	275	151980	0.0	568
BJJLIZOP_CDS_0284	OR062526.1	99.273	275	275	151980	0.0	568
BJJLIZOP_CDS_0284	OM386656.1	99.273	275	275	149073	0.0	568
BJJLIZOP_CDS_0284	LR597654.1	99.273	275	275	150152	0.0	568
BJJLIZOP_CDS_0284	KX664695.3	99.273	275	275	149268	0.0	568
BJJLIZOP_CDS_0284	OR544956.1	99.273	275	275	130723	0.0	568
BJJLIZOP_CDS_0284	OR352956.1	98.909	275	275	149254	0.0	567
BJJLIZOP_CDS_0284	MK373788.1	98.909	275	275	151194	0.0	567
BJJLIZOP_CDS_0284	MN850598.1	99.273	275	275	144998	0.0	566
BJJLIZOP_CDS_0284	MN850571.1	98.182	275	275	151514	0.0	564
BJJLIZOP_CDS_0284	OR062524.1	98.182	275	275	150431	0.0	561
BJJLIZOP_CDS_0284	OL505078.1	99.617	261	275	151425	4.07e-178	542
BJJLIZOP_CDS_0284	OR067838.1	98.851	261	275	149856	4.56e-177	539
BJJLIZOP_CDS_0284	PP129558.1	98.636	220	275	149967	1.44e-158	457
BJJLIZOP_CDS_0284	PP129558.1	100.000	57	275	149967	1.44e-158	118
BJJLIZOP_CDS_0285	OR352956.1	100.000	183	183	149254	1.09e-109	341
BJJLIZOP_CDS_0285	MK373788.1	99.454	183	183	151194	4.00e-109	340
BJJLIZOP_CDS_0285	PP129558.1	99.454	183	183	149967	6.31e-109	339
BJJLIZOP_CDS_0285	OP172792.1	97.814	183	183	151993	1.44e-107	335
BJJLIZOP_CDS_0285	OZ035771.1	91.803	183	183	144811	4.58e-97	305
BJJLIZOP_CDS_0285	OM386656.1	84.153	183	183	149073	2.19e-87	277
BJJLIZOP_CDS_0285	MH160766.1	84.153	183	183	149803	2.19e-87	277
BJJLIZOP_CDS_0285	KX552041.2	84.153	183	183	149813	2.19e-87	277
BJJLIZOP_CDS_0285	MH252123.1	84.153	183	183	150925	2.19e-87	277
BJJLIZOP_CDS_0285	OR062529.1	84.153	183	183	151980	2.19e-87	277
BJJLIZOP_CDS_0285	OR062526.1	84.153	183	183	151980	2.19e-87	277
BJJLIZOP_CDS_0285	OR352955.1	84.153	183	183	152808	2.19e-87	277
BJJLIZOP_CDS_0285	LR597654.1	83.607	183	183	150152	7.64e-87	276
BJJLIZOP_CDS_0285	MN850598.1	83.607	183	183	144998	1.06e-86	275
BJJLIZOP_CDS_0285	KX664695.3	83.060	183	183	149268	1.33e-86	275
BJJLIZOP_CDS_0285	OZ035743.1	83.607	183	183	142881	1.42e-86	275
BJJLIZOP_CDS_0285	JX561091.1	83.607	183	183	147737	1.50e-86	275
BJJLIZOP_CDS_0285	MN850618.1	83.607	183	183	150473	1.50e-86	275
BJJLIZOP_CDS_0285	MZ726793.1	83.607	183	183	151660	1.50e-86	275
BJJLIZOP_CDS_0285	OM386659.1	83.060	183	183	149194	7.08e-86	273
BJJLIZOP_CDS_0285	OM386667.1	83.060	183	183	156300	7.08e-86	273
BJJLIZOP_CDS_0285	OZ035728.1	83.060	183	183	149471	8.68e-86	273
BJJLIZOP_CDS_0285	MH051333.1	83.060	183	183	151671	8.68e-86	273
BJJLIZOP_CDS_0285	OQ031492.1	83.060	183	183	149246	1.17e-85	272
BJJLIZOP_CDS_0285	OP172791.1	83.060	183	183	151113	1.17e-85	272
BJJLIZOP_CDS_0285	MT944117.1	83.060	183	183	152343	1.17e-85	272
BJJLIZOP_CDS_0285	PQ826431.1	83.060	183	183	151106	2.40e-85	271
BJJLIZOP_CDS_0285	OR437326.1	82.514	183	183	148445	3.60e-85	271
BJJLIZOP_CDS_0285	PV191315.1	82.514	183	183	151674	3.60e-85	271
BJJLIZOP_CDS_0285	OR544956.1	82.514	183	183	130723	4.95e-85	271
BJJLIZOP_CDS_0285	MW175890.1	82.514	183	183	150892	5.35e-85	271
BJJLIZOP_CDS_0285	OR786310.1	82.514	183	183	149880	5.73e-85	270
BJJLIZOP_CDS_0285	OL505078.1	82.514	183	183	151425	5.73e-85	270
BJJLIZOP_CDS_0285	OL739525.1	82.514	183	183	151825	5.73e-85	270
BJJLIZOP_CDS_0285	OR067838.1	81.967	183	183	149856	1.10e-84	270
BJJLIZOP_CDS_0285	MN850648.1	82.514	183	183	149335	1.22e-84	270
BJJLIZOP_CDS_0285	OM362897.1	82.514	183	183	152401	1.64e-84	269
BJJLIZOP_CDS_0285	PQ433349.1	82.514	183	183	151245	4.59e-84	268
BJJLIZOP_CDS_0285	OP595145.1	82.099	162	183	151363	1.00e-71	233
BJJLIZOP_CDS_0285	OP595145.1	75.000	36	183	151363	5.52e-09	52.8
BJJLIZOP_CDS_0285	MN850571.1	82.099	162	183	151514	1.00e-71	233
BJJLIZOP_CDS_0285	MN850571.1	95.455	22	183	151514	3.47e-07	47.4
BJJLIZOP_CDS_0285	OR062524.1	81.481	162	183	150431	2.67e-71	231
BJJLIZOP_CDS_0285	MN850565.1	81.481	162	183	150947	7.09e-71	230
BJJLIZOP_CDS_0285	MN850565.1	95.455	22	183	150947	5.01e-07	47.0
BJJLIZOP_CDS_0285	OL631481.1	81.481	162	183	149818	7.52e-71	230
BJJLIZOP_CDS_0285	PV730300.1	80.864	162	183	146712	1.83e-70	228
BJJLIZOP_CDS_0285	PV730300.1	92.593	27	183	146712	1.83e-70	53.5
BJJLIZOP_CDS_0285	LR746137.1	80.864	162	183	152148	5.06e-70	228
BJJLIZOP_CDS_0285	LR746137.1	58.000	50	183	152148	4.88e-09	52.8
BJJLIZOP_CDS_0285	MT496970.1	80.247	162	183	151202	2.45e-69	226
BJJLIZOP_CDS_0285	MT496970.1	100.000	22	183	151202	9.87e-08	48.9
BJJLIZOP_CDS_0286	OR544956.1	100.000	43	73	130723	1.15e-23	90.1
BJJLIZOP_CDS_0286	OZ035743.1	100.000	43	73	142881	1.15e-23	90.1
BJJLIZOP_CDS_0286	OZ035771.1	100.000	43	73	144811	1.15e-23	90.1
BJJLIZOP_CDS_0286	MN850598.1	100.000	43	73	144998	1.15e-23	90.1
BJJLIZOP_CDS_0286	PV730300.1	100.000	43	73	146712	1.15e-23	90.1
BJJLIZOP_CDS_0286	OR437326.1	100.000	43	73	148445	1.15e-23	90.1
BJJLIZOP_CDS_0286	OM386656.1	100.000	43	73	149073	1.15e-23	90.1
BJJLIZOP_CDS_0286	OM386659.1	100.000	43	73	149194	1.15e-23	90.1
BJJLIZOP_CDS_0286	OQ031492.1	100.000	43	73	149246	1.15e-23	90.1
BJJLIZOP_CDS_0286	OR352956.1	100.000	43	73	149254	1.15e-23	90.1
BJJLIZOP_CDS_0286	KX664695.3	100.000	43	73	149268	1.15e-23	90.1
BJJLIZOP_CDS_0286	MN850648.1	100.000	43	73	149335	1.15e-23	90.1
BJJLIZOP_CDS_0286	OZ035728.1	100.000	43	73	149471	1.15e-23	90.1
BJJLIZOP_CDS_0286	KX552041.2	100.000	43	73	149813	1.15e-23	90.1
BJJLIZOP_CDS_0286	OL631481.1	100.000	43	73	149818	1.15e-23	90.1
BJJLIZOP_CDS_0286	OR067838.1	100.000	43	73	149856	1.15e-23	90.1
BJJLIZOP_CDS_0286	OR786310.1	100.000	43	73	149880	1.15e-23	90.1
BJJLIZOP_CDS_0286	PP129558.1	100.000	43	73	149967	1.15e-23	90.1
BJJLIZOP_CDS_0286	LR597654.1	100.000	43	73	150152	1.15e-23	90.1
BJJLIZOP_CDS_0286	MN850618.1	100.000	43	73	150473	1.15e-23	90.1
BJJLIZOP_CDS_0286	MW175890.1	100.000	43	73	150892	1.15e-23	90.1
BJJLIZOP_CDS_0286	MH252123.1	100.000	43	73	150925	1.15e-23	90.1
BJJLIZOP_CDS_0286	MN850565.1	100.000	43	73	150947	1.15e-23	90.1
BJJLIZOP_CDS_0286	PQ826431.1	100.000	43	73	151106	1.15e-23	90.1
BJJLIZOP_CDS_0286	OP172791.1	100.000	43	73	151113	1.15e-23	90.1
BJJLIZOP_CDS_0286	MK373788.1	100.000	43	73	151194	1.15e-23	90.1
BJJLIZOP_CDS_0286	MT496970.1	100.000	43	73	151202	1.15e-23	90.1
BJJLIZOP_CDS_0286	OP595145.1	100.000	43	73	151363	1.15e-23	90.1
BJJLIZOP_CDS_0286	OL505078.1	100.000	43	73	151425	1.15e-23	90.1
BJJLIZOP_CDS_0286	MN850571.1	100.000	43	73	151514	1.15e-23	90.1
BJJLIZOP_CDS_0286	MH051333.1	100.000	43	73	151671	1.15e-23	90.1
BJJLIZOP_CDS_0286	PV191315.1	100.000	43	73	151674	1.15e-23	90.1
BJJLIZOP_CDS_0286	OL739525.1	100.000	43	73	151825	1.15e-23	90.1
BJJLIZOP_CDS_0286	OR062529.1	100.000	43	73	151980	1.15e-23	90.1
BJJLIZOP_CDS_0286	OR062526.1	100.000	43	73	151980	1.15e-23	90.1
BJJLIZOP_CDS_0286	LR746137.1	100.000	43	73	152148	1.15e-23	90.1
BJJLIZOP_CDS_0286	MT944117.1	100.000	43	73	152343	1.15e-23	90.1
BJJLIZOP_CDS_0286	OM362897.1	100.000	43	73	152401	1.15e-23	90.1
BJJLIZOP_CDS_0286	OR352955.1	100.000	43	73	152808	1.15e-23	90.1
BJJLIZOP_CDS_0286	OM386667.1	100.000	43	73	156300	1.15e-23	90.1
BJJLIZOP_CDS_0286	MH160766.1	97.674	43	73	149803	8.78e-23	87.4
BJJLIZOP_CDS_0286	OP172792.1	95.349	43	73	151993	7.22e-20	79.3
BJJLIZOP_CDS_0286	JX561091.1	83.721	43	73	147737	7.65e-20	79.3
BJJLIZOP_CDS_0286	PQ433349.1	83.721	43	73	151245	7.65e-20	79.3
BJJLIZOP_CDS_0286	MZ726793.1	83.721	43	73	151660	7.65e-20	79.3
BJJLIZOP_CDS_0286	OR062524.1	83.721	43	73	150431	8.77e-20	79.0
BJJLIZOP_CDS_0287	PP129558.1	99.691	324	324	149967	0.0	634
BJJLIZOP_CDS_0287	OR062524.1	99.691	324	324	150431	0.0	634
BJJLIZOP_CDS_0287	OR352955.1	99.383	324	324	152808	0.0	634
BJJLIZOP_CDS_0287	OR062529.1	99.383	324	324	151980	0.0	634
BJJLIZOP_CDS_0287	OR062526.1	99.383	324	324	151980	0.0	634
BJJLIZOP_CDS_0287	MN850598.1	99.691	324	324	144998	0.0	634
BJJLIZOP_CDS_0287	MH160766.1	99.383	324	324	149803	0.0	634
BJJLIZOP_CDS_0287	LR597654.1	99.383	324	324	150152	0.0	634
BJJLIZOP_CDS_0287	KX552041.2	99.383	324	324	149813	0.0	634
BJJLIZOP_CDS_0287	PV730300.1	99.383	324	324	146712	0.0	632
BJJLIZOP_CDS_0287	PQ433349.1	99.383	324	324	151245	0.0	632
BJJLIZOP_CDS_0287	OZ035771.1	99.383	324	324	144811	0.0	632
BJJLIZOP_CDS_0287	OR437326.1	99.383	324	324	148445	0.0	632
BJJLIZOP_CDS_0287	OR352956.1	99.383	324	324	149254	0.0	632
BJJLIZOP_CDS_0287	OP595145.1	99.383	324	324	151363	0.0	632
BJJLIZOP_CDS_0287	MZ726793.1	99.383	324	324	151660	0.0	632
BJJLIZOP_CDS_0287	MN850648.1	99.383	324	324	149335	0.0	632
BJJLIZOP_CDS_0287	MH252123.1	99.383	324	324	150925	0.0	632
BJJLIZOP_CDS_0287	JX561091.1	99.383	324	324	147737	0.0	632
BJJLIZOP_CDS_0287	OZ035743.1	99.074	324	324	142881	0.0	632
BJJLIZOP_CDS_0287	OM386656.1	99.074	324	324	149073	0.0	632
BJJLIZOP_CDS_0287	OL739525.1	99.074	324	324	151825	0.0	632
BJJLIZOP_CDS_0287	KX664695.3	99.074	324	324	149268	0.0	632
BJJLIZOP_CDS_0287	OQ031492.1	99.074	324	324	149246	0.0	632
BJJLIZOP_CDS_0287	OP172792.1	99.074	324	324	151993	0.0	632
BJJLIZOP_CDS_0287	MT944117.1	99.074	324	324	152343	0.0	632
BJJLIZOP_CDS_0287	OZ035728.1	99.074	324	324	149471	0.0	631
BJJLIZOP_CDS_0287	OR786310.1	99.074	324	324	149880	0.0	631
BJJLIZOP_CDS_0287	OR067838.1	99.074	324	324	149856	0.0	631
BJJLIZOP_CDS_0287	OL631481.1	99.074	324	324	149818	0.0	631
BJJLIZOP_CDS_0287	MN850565.1	99.074	324	324	150947	0.0	631
BJJLIZOP_CDS_0287	PQ826431.1	99.074	324	324	151106	0.0	631
BJJLIZOP_CDS_0287	LR746137.1	98.765	324	324	152148	0.0	630
BJJLIZOP_CDS_0287	MN850571.1	98.765	324	324	151514	0.0	630
BJJLIZOP_CDS_0287	MK373788.1	98.765	324	324	151194	0.0	629
BJJLIZOP_CDS_0287	MH051333.1	98.765	324	324	151671	0.0	625
BJJLIZOP_CDS_0287	OL505078.1	73.148	324	324	151425	1.27e-153	474
BJJLIZOP_CDS_0287	MW175890.1	73.148	324	324	150892	2.28e-153	473
BJJLIZOP_CDS_0287	OP172791.1	73.148	324	324	151113	2.28e-153	473
BJJLIZOP_CDS_0287	MT496970.1	73.148	324	324	151202	2.28e-153	473
BJJLIZOP_CDS_0287	PV191315.1	73.148	324	324	151674	2.28e-153	473
BJJLIZOP_CDS_0287	MN850618.1	73.457	324	324	150473	2.37e-153	473
BJJLIZOP_CDS_0287	OM362897.1	72.840	324	324	152401	3.46e-153	473
BJJLIZOP_CDS_0287	OM386659.1	72.840	324	324	149194	9.44e-153	472
BJJLIZOP_CDS_0287	OM386667.1	72.840	324	324	156300	9.44e-153	472
BJJLIZOP_CDS_0287	OR544956.1	68.159	201	324	130723	9.70e-119	272
BJJLIZOP_CDS_0287	OR544956.1	78.846	104	324	130723	9.70e-119	171
BJJLIZOP_CDS_0288	PP129558.1	100.000	116	116	149967	1.24e-73	234
BJJLIZOP_CDS_0288	MK373788.1	99.138	116	116	151194	4.09e-73	233
BJJLIZOP_CDS_0288	OZ035728.1	99.138	116	116	149471	9.15e-73	232
BJJLIZOP_CDS_0288	MH051333.1	99.138	116	116	151671	9.15e-73	232
BJJLIZOP_CDS_0288	OR067838.1	99.138	116	116	149856	9.61e-73	232
BJJLIZOP_CDS_0288	OL739525.1	97.414	116	116	151825	1.43e-72	231
BJJLIZOP_CDS_0288	OR544956.1	97.414	116	116	130723	2.74e-72	231
BJJLIZOP_CDS_0288	OM386659.1	97.414	116	116	149194	2.74e-72	231
BJJLIZOP_CDS_0288	MN850618.1	97.414	116	116	150473	2.74e-72	231
BJJLIZOP_CDS_0288	MW175890.1	97.414	116	116	150892	2.74e-72	231
BJJLIZOP_CDS_0288	OP172791.1	97.414	116	116	151113	2.74e-72	231
BJJLIZOP_CDS_0288	OL505078.1	97.414	116	116	151425	2.74e-72	231
BJJLIZOP_CDS_0288	PV191315.1	97.414	116	116	151674	2.74e-72	231
BJJLIZOP_CDS_0288	OM386667.1	97.414	116	116	156300	2.74e-72	231
BJJLIZOP_CDS_0288	OP172792.1	98.276	116	116	151993	5.88e-72	230
BJJLIZOP_CDS_0288	OR352956.1	96.552	116	116	149254	1.05e-71	229
BJJLIZOP_CDS_0288	MN850571.1	96.552	116	116	151514	1.05e-71	229
BJJLIZOP_CDS_0288	MT496970.1	96.552	116	116	151202	1.10e-71	229
BJJLIZOP_CDS_0288	OM362897.1	96.552	116	116	152401	1.10e-71	229
BJJLIZOP_CDS_0288	OR062524.1	96.552	116	116	150431	1.20e-71	229
BJJLIZOP_CDS_0288	LR746137.1	97.414	116	116	152148	1.25e-71	229
BJJLIZOP_CDS_0288	MN850598.1	97.414	116	116	144998	1.34e-71	229
BJJLIZOP_CDS_0288	OM386656.1	97.414	116	116	149073	1.34e-71	229
BJJLIZOP_CDS_0288	MH160766.1	97.414	116	116	149803	1.34e-71	229
BJJLIZOP_CDS_0288	KX552041.2	97.414	116	116	149813	1.34e-71	229
BJJLIZOP_CDS_0288	LR597654.1	97.414	116	116	150152	1.34e-71	229
BJJLIZOP_CDS_0288	OR062529.1	97.414	116	116	151980	1.34e-71	229
BJJLIZOP_CDS_0288	OR062526.1	97.414	116	116	151980	1.34e-71	229
BJJLIZOP_CDS_0288	OR352955.1	97.414	116	116	152808	1.34e-71	229
BJJLIZOP_CDS_0288	OP595145.1	95.690	116	116	151363	3.50e-71	228
BJJLIZOP_CDS_0288	OZ035743.1	96.552	116	116	142881	4.91e-71	227
BJJLIZOP_CDS_0288	OZ035771.1	96.552	116	116	144811	4.91e-71	227
BJJLIZOP_CDS_0288	JX561091.1	96.552	116	116	147737	4.91e-71	227
BJJLIZOP_CDS_0288	OR437326.1	96.552	116	116	148445	4.91e-71	227
BJJLIZOP_CDS_0288	OQ031492.1	96.552	116	116	149246	4.91e-71	227
BJJLIZOP_CDS_0288	KX664695.3	96.552	116	116	149268	4.91e-71	227
BJJLIZOP_CDS_0288	OL631481.1	96.552	116	116	149818	4.91e-71	227
BJJLIZOP_CDS_0288	OR786310.1	96.552	116	116	149880	4.91e-71	227
BJJLIZOP_CDS_0288	MN850565.1	96.552	116	116	150947	4.91e-71	227
BJJLIZOP_CDS_0288	PQ826431.1	96.552	116	116	151106	4.91e-71	227
BJJLIZOP_CDS_0288	PQ433349.1	96.552	116	116	151245	4.91e-71	227
BJJLIZOP_CDS_0288	MT944117.1	96.552	116	116	152343	4.91e-71	227
BJJLIZOP_CDS_0288	PV730300.1	95.690	116	116	146712	7.82e-71	226
BJJLIZOP_CDS_0288	MN850648.1	95.690	116	116	149335	7.82e-71	226
BJJLIZOP_CDS_0288	MZ726793.1	95.690	116	116	151660	1.65e-70	226
BJJLIZOP_CDS_0288	MH252123.1	94.828	116	116	150925	1.06e-69	223
BJJLIZOP_CDS_0289	PP129558.1	99.371	159	170	149967	4.81e-75	241
BJJLIZOP_CDS_0289	OR067838.1	98.742	159	170	149856	5.10e-75	241
BJJLIZOP_CDS_0289	MK373788.1	97.484	159	170	151194	2.16e-74	239
BJJLIZOP_CDS_0289	MN850571.1	96.226	159	170	151514	3.00e-73	236
BJJLIZOP_CDS_0289	OZ035771.1	96.226	159	170	144811	4.21e-73	236
BJJLIZOP_CDS_0289	OR544956.1	96.226	159	170	130723	4.51e-73	236
BJJLIZOP_CDS_0289	MN850598.1	96.226	159	170	144998	4.51e-73	236
BJJLIZOP_CDS_0289	OM386659.1	96.226	159	170	149194	4.51e-73	236
BJJLIZOP_CDS_0289	OR352956.1	96.226	159	170	149254	4.51e-73	236
BJJLIZOP_CDS_0289	OR786310.1	96.226	159	170	149880	4.51e-73	236
BJJLIZOP_CDS_0289	MW175890.1	96.226	159	170	150892	4.51e-73	236
BJJLIZOP_CDS_0289	OP172791.1	96.226	159	170	151113	4.51e-73	236
BJJLIZOP_CDS_0289	MT496970.1	96.226	159	170	151202	4.51e-73	236
BJJLIZOP_CDS_0289	OP595145.1	96.226	159	170	151363	4.51e-73	236
BJJLIZOP_CDS_0289	OL505078.1	96.226	159	170	151425	4.51e-73	236
BJJLIZOP_CDS_0289	OL739525.1	96.226	159	170	151825	4.51e-73	236
BJJLIZOP_CDS_0289	OR062529.1	96.226	159	170	151980	4.51e-73	236
BJJLIZOP_CDS_0289	OR062526.1	96.226	159	170	151980	4.51e-73	236
BJJLIZOP_CDS_0289	OM362897.1	96.226	159	170	152401	4.51e-73	236
BJJLIZOP_CDS_0289	OM386667.1	96.226	159	170	156300	4.51e-73	236
BJJLIZOP_CDS_0289	JX561091.1	96.226	159	170	147737	4.69e-73	236
BJJLIZOP_CDS_0289	OQ031492.1	96.226	159	170	149246	4.69e-73	236
BJJLIZOP_CDS_0289	MZ726793.1	96.226	159	170	151660	4.69e-73	236
BJJLIZOP_CDS_0289	MT944117.1	96.226	159	170	152343	4.69e-73	236
BJJLIZOP_CDS_0289	OR062524.1	95.597	159	170	150431	1.19e-72	234
BJJLIZOP_CDS_0289	MN850618.1	95.597	159	170	150473	2.02e-72	234
BJJLIZOP_CDS_0289	OR437326.1	95.597	159	170	148445	2.06e-72	234
BJJLIZOP_CDS_0289	MH252123.1	95.597	159	170	150925	2.06e-72	234
BJJLIZOP_CDS_0289	PQ826431.1	95.597	159	170	151106	2.06e-72	234
BJJLIZOP_CDS_0289	PQ433349.1	95.597	159	170	151245	2.06e-72	234
BJJLIZOP_CDS_0289	OM386656.1	95.597	159	170	149073	2.43e-72	234
BJJLIZOP_CDS_0289	KX664695.3	95.597	159	170	149268	2.43e-72	234
BJJLIZOP_CDS_0289	OZ035728.1	95.597	159	170	149471	2.43e-72	234
BJJLIZOP_CDS_0289	MH160766.1	95.597	159	170	149803	2.43e-72	234
BJJLIZOP_CDS_0289	KX552041.2	95.597	159	170	149813	2.43e-72	234
BJJLIZOP_CDS_0289	OL631481.1	95.597	159	170	149818	2.43e-72	234
BJJLIZOP_CDS_0289	LR597654.1	95.597	159	170	150152	2.43e-72	234
BJJLIZOP_CDS_0289	MH051333.1	95.597	159	170	151671	2.43e-72	234
BJJLIZOP_CDS_0289	LR746137.1	95.597	159	170	152148	2.43e-72	234
BJJLIZOP_CDS_0289	OR352955.1	95.597	159	170	152808	2.43e-72	234
BJJLIZOP_CDS_0289	PV191315.1	95.597	159	170	151674	4.30e-72	233
BJJLIZOP_CDS_0289	MN850565.1	94.969	159	170	150947	1.06e-71	232
BJJLIZOP_CDS_0289	MN850648.1	94.969	159	170	149335	1.84e-71	231
BJJLIZOP_CDS_0289	PV730300.1	94.340	159	170	146712	2.39e-71	231
BJJLIZOP_CDS_0289	OZ035743.1	94.969	159	170	142881	1.09e-70	229
BJJLIZOP_CDS_0289	OP172792.1	96.711	152	170	151993	5.83e-69	224
BJJLIZOP_CDS_0290	OR067838.1	98.985	197	197	149856	1.01e-117	365
BJJLIZOP_CDS_0290	PP129558.1	98.477	197	197	149967	2.59e-117	364
BJJLIZOP_CDS_0290	MK373788.1	98.477	197	197	151194	2.59e-117	364
BJJLIZOP_CDS_0290	OR544956.1	98.477	197	197	130723	8.93e-117	362
BJJLIZOP_CDS_0290	MN850618.1	98.477	197	197	150473	8.94e-117	362
BJJLIZOP_CDS_0290	MW175890.1	98.477	197	197	150892	8.94e-117	362
BJJLIZOP_CDS_0290	PV191315.1	98.477	197	197	151674	8.94e-117	362
BJJLIZOP_CDS_0290	OP172792.1	97.462	197	197	151993	2.14e-116	361
BJJLIZOP_CDS_0290	KX664695.3	97.970	197	197	149268	4.68e-116	360
BJJLIZOP_CDS_0290	LR746137.1	97.970	197	197	152148	4.68e-116	360
BJJLIZOP_CDS_0290	MZ726793.1	97.970	197	197	151660	4.81e-116	360
BJJLIZOP_CDS_0290	PV730300.1	97.970	197	197	146712	4.91e-116	360
BJJLIZOP_CDS_0290	OR786310.1	97.970	197	197	149880	6.75e-116	360
BJJLIZOP_CDS_0290	OR437326.1	97.462	197	197	148445	3.43e-115	358
BJJLIZOP_CDS_0290	OR352956.1	97.462	197	197	149254	3.43e-115	358
BJJLIZOP_CDS_0290	MN850648.1	97.462	197	197	149335	3.43e-115	358
BJJLIZOP_CDS_0290	PQ826431.1	97.462	197	197	151106	3.43e-115	358
BJJLIZOP_CDS_0290	MT496970.1	97.462	197	197	151202	3.43e-115	358
BJJLIZOP_CDS_0290	OP595145.1	97.462	197	197	151363	3.43e-115	358
BJJLIZOP_CDS_0290	OM362897.1	97.462	197	197	152401	3.43e-115	358
BJJLIZOP_CDS_0290	OM386659.1	96.954	197	197	149194	1.71e-114	356
BJJLIZOP_CDS_0290	OP172791.1	96.954	197	197	151113	1.71e-114	356
BJJLIZOP_CDS_0290	OM386667.1	96.954	197	197	156300	1.71e-114	356
BJJLIZOP_CDS_0290	OL631481.1	96.954	197	197	149818	1.92e-114	355
BJJLIZOP_CDS_0290	MN850565.1	96.954	197	197	150947	1.92e-114	355
BJJLIZOP_CDS_0290	OZ035728.1	96.954	197	197	149471	3.47e-114	355
BJJLIZOP_CDS_0290	OL739525.1	96.954	197	197	151825	4.17e-114	355
BJJLIZOP_CDS_0290	OZ035771.1	96.447	197	197	144811	4.77e-114	354
BJJLIZOP_CDS_0290	OL505078.1	96.447	197	197	151425	2.40e-113	352
BJJLIZOP_CDS_0290	MH252123.1	95.939	197	197	150925	6.63e-113	351
BJJLIZOP_CDS_0290	OQ031492.1	95.431	197	197	149246	2.16e-112	350
BJJLIZOP_CDS_0290	MT944117.1	95.431	197	197	152343	2.16e-112	350
BJJLIZOP_CDS_0290	OR062524.1	95.431	197	197	150431	2.75e-112	349
BJJLIZOP_CDS_0290	OR062529.1	95.431	197	197	151980	2.75e-112	349
BJJLIZOP_CDS_0290	OR062526.1	95.431	197	197	151980	2.75e-112	349
BJJLIZOP_CDS_0290	JX561091.1	95.431	197	197	147737	4.17e-112	349
BJJLIZOP_CDS_0290	OM386656.1	97.838	185	197	149073	5.12e-108	337
BJJLIZOP_CDS_0290	MH160766.1	97.838	185	197	149803	5.12e-108	337
BJJLIZOP_CDS_0290	LR597654.1	97.838	185	197	150152	5.12e-108	337
BJJLIZOP_CDS_0290	PQ433349.1	97.838	185	197	151245	5.12e-108	337
BJJLIZOP_CDS_0290	MH051333.1	97.838	185	197	151671	5.12e-108	337
BJJLIZOP_CDS_0290	OR352955.1	97.838	185	197	152808	5.12e-108	337
BJJLIZOP_CDS_0290	KX552041.2	97.297	185	197	149813	8.30e-108	337
BJJLIZOP_CDS_0290	MN850598.1	96.757	185	197	144998	8.55e-107	333
BJJLIZOP_CDS_0290	OZ035743.1	96.757	185	197	142881	1.70e-106	333
BJJLIZOP_CDS_0290	MN850571.1	97.101	138	197	151514	1.49e-95	246
BJJLIZOP_CDS_0290	MN850571.1	95.082	61	197	151514	1.49e-95	119
BJJLIZOP_CDS_0291	OR544956.1	100.000	196	196	130723	6.50e-134	411
BJJLIZOP_CDS_0291	OZ035771.1	100.000	196	196	144811	6.50e-134	411
BJJLIZOP_CDS_0291	PV730300.1	100.000	196	196	146712	6.50e-134	411
BJJLIZOP_CDS_0291	OR437326.1	100.000	196	196	148445	6.50e-134	411
BJJLIZOP_CDS_0291	OM386659.1	100.000	196	196	149194	6.50e-134	411
BJJLIZOP_CDS_0291	OR352956.1	100.000	196	196	149254	6.50e-134	411
BJJLIZOP_CDS_0291	KX664695.3	100.000	196	196	149268	6.50e-134	411
BJJLIZOP_CDS_0291	OL631481.1	100.000	196	196	149818	6.50e-134	411
BJJLIZOP_CDS_0291	OR786310.1	100.000	196	196	149880	6.50e-134	411
BJJLIZOP_CDS_0291	MN850618.1	100.000	196	196	150473	6.50e-134	411
BJJLIZOP_CDS_0291	MW175890.1	100.000	196	196	150892	6.50e-134	411
BJJLIZOP_CDS_0291	MH252123.1	100.000	196	196	150925	6.50e-134	411
BJJLIZOP_CDS_0291	MN850565.1	100.000	196	196	150947	6.50e-134	411
BJJLIZOP_CDS_0291	PQ826431.1	100.000	196	196	151106	6.50e-134	411
BJJLIZOP_CDS_0291	OP172791.1	100.000	196	196	151113	6.50e-134	411
BJJLIZOP_CDS_0291	MT496970.1	100.000	196	196	151202	6.50e-134	411
BJJLIZOP_CDS_0291	OP595145.1	100.000	196	196	151363	6.50e-134	411
BJJLIZOP_CDS_0291	OL505078.1	100.000	196	196	151425	6.50e-134	411
BJJLIZOP_CDS_0291	MN850571.1	100.000	196	196	151514	6.50e-134	411
BJJLIZOP_CDS_0291	MZ726793.1	100.000	196	196	151660	6.50e-134	411
BJJLIZOP_CDS_0291	OL739525.1	100.000	196	196	151825	6.50e-134	411
BJJLIZOP_CDS_0291	OR062529.1	100.000	196	196	151980	6.50e-134	411
BJJLIZOP_CDS_0291	OR062526.1	100.000	196	196	151980	6.50e-134	411
BJJLIZOP_CDS_0291	LR746137.1	100.000	196	196	152148	6.50e-134	411
BJJLIZOP_CDS_0291	OM362897.1	100.000	196	196	152401	6.50e-134	411
BJJLIZOP_CDS_0291	OM386667.1	100.000	196	196	156300	6.50e-134	411
BJJLIZOP_CDS_0291	PV191315.1	99.490	196	196	151674	1.76e-133	410
BJJLIZOP_CDS_0291	MN850648.1	99.490	196	196	149335	1.87e-133	410
BJJLIZOP_CDS_0291	OZ035743.1	99.490	196	196	142881	3.12e-133	409
BJJLIZOP_CDS_0291	MN850598.1	99.490	196	196	144998	3.12e-133	409
BJJLIZOP_CDS_0291	OM386656.1	99.490	196	196	149073	3.12e-133	409
BJJLIZOP_CDS_0291	OZ035728.1	99.490	196	196	149471	3.12e-133	409
BJJLIZOP_CDS_0291	MH160766.1	99.490	196	196	149803	3.12e-133	409
BJJLIZOP_CDS_0291	KX552041.2	99.490	196	196	149813	3.12e-133	409
BJJLIZOP_CDS_0291	OR067838.1	99.490	196	196	149856	3.12e-133	409
BJJLIZOP_CDS_0291	LR597654.1	99.490	196	196	150152	3.12e-133	409
BJJLIZOP_CDS_0291	OR062524.1	99.490	196	196	150431	3.12e-133	409
BJJLIZOP_CDS_0291	MK373788.1	99.490	196	196	151194	3.12e-133	409
BJJLIZOP_CDS_0291	PQ433349.1	99.490	196	196	151245	3.12e-133	409
BJJLIZOP_CDS_0291	MH051333.1	99.490	196	196	151671	3.12e-133	409
BJJLIZOP_CDS_0291	OP172792.1	99.490	196	196	151993	3.12e-133	409
BJJLIZOP_CDS_0291	OR352955.1	99.490	196	196	152808	3.12e-133	409
BJJLIZOP_CDS_0291	PP129558.1	98.980	196	196	149967	5.10e-133	409
BJJLIZOP_CDS_0291	JX561091.1	99.490	196	196	147737	6.19e-133	409
BJJLIZOP_CDS_0291	OQ031492.1	98.980	196	196	149246	1.80e-132	407
BJJLIZOP_CDS_0291	MT944117.1	98.980	196	196	152343	1.80e-132	407
BJJLIZOP_CDS_0292	PV191315.1	99.730	370	370	151674	0.0	751
BJJLIZOP_CDS_0292	OR544956.1	99.730	370	370	130723	0.0	751
BJJLIZOP_CDS_0292	OR437326.1	99.730	370	370	148445	0.0	751
BJJLIZOP_CDS_0292	OR067838.1	99.730	370	370	149856	0.0	751
BJJLIZOP_CDS_0292	OQ031492.1	99.730	370	370	149246	0.0	751
BJJLIZOP_CDS_0292	OP172791.1	99.730	370	370	151113	0.0	751
BJJLIZOP_CDS_0292	OM386667.1	99.730	370	370	156300	0.0	751
BJJLIZOP_CDS_0292	OM386659.1	99.730	370	370	149194	0.0	751
BJJLIZOP_CDS_0292	OM362897.1	99.730	370	370	152401	0.0	751
BJJLIZOP_CDS_0292	OL505078.1	99.730	370	370	151425	0.0	751
BJJLIZOP_CDS_0292	MZ726793.1	99.730	370	370	151660	0.0	751
BJJLIZOP_CDS_0292	MW175890.1	99.730	370	370	150892	0.0	751
BJJLIZOP_CDS_0292	MT944117.1	99.730	370	370	152343	0.0	751
BJJLIZOP_CDS_0292	MT496970.1	99.730	370	370	151202	0.0	751
BJJLIZOP_CDS_0292	MN850648.1	99.730	370	370	149335	0.0	751
BJJLIZOP_CDS_0292	MN850618.1	99.730	370	370	150473	0.0	751
BJJLIZOP_CDS_0292	MN850598.1	99.730	370	370	144998	0.0	751
BJJLIZOP_CDS_0292	MN850565.1	99.730	370	370	150947	0.0	751
BJJLIZOP_CDS_0292	MH160766.1	99.730	370	370	149803	0.0	751
BJJLIZOP_CDS_0292	MH051333.1	99.730	370	370	151671	0.0	751
BJJLIZOP_CDS_0292	KX552041.2	99.730	370	370	149813	0.0	751
BJJLIZOP_CDS_0292	JX561091.1	99.730	370	370	147737	0.0	751
BJJLIZOP_CDS_0292	PQ433349.1	99.459	370	370	151245	0.0	749
BJJLIZOP_CDS_0292	OP595145.1	99.459	370	370	151363	0.0	749
BJJLIZOP_CDS_0292	OZ035728.1	99.459	370	370	149471	0.0	748
BJJLIZOP_CDS_0292	LR746137.1	99.459	370	370	152148	0.0	748
BJJLIZOP_CDS_0292	PQ826431.1	99.459	370	370	151106	0.0	748
BJJLIZOP_CDS_0292	OR786310.1	99.459	370	370	149880	0.0	748
BJJLIZOP_CDS_0292	OL739525.1	99.459	370	370	151825	0.0	748
BJJLIZOP_CDS_0292	OL631481.1	99.459	370	370	149818	0.0	748
BJJLIZOP_CDS_0292	MH252123.1	99.459	370	370	150925	0.0	748
BJJLIZOP_CDS_0292	KX664695.3	99.459	370	370	149268	0.0	748
BJJLIZOP_CDS_0292	OZ035743.1	99.459	370	370	142881	0.0	747
BJJLIZOP_CDS_0292	OM386656.1	99.459	370	370	149073	0.0	747
BJJLIZOP_CDS_0292	LR597654.1	99.459	370	370	150152	0.0	747
BJJLIZOP_CDS_0292	PV730300.1	99.189	370	370	146712	0.0	746
BJJLIZOP_CDS_0292	OR352955.1	99.189	370	370	152808	0.0	746
BJJLIZOP_CDS_0292	OP172792.1	99.189	370	370	151993	0.0	746
BJJLIZOP_CDS_0292	MN850571.1	99.189	370	370	151514	0.0	746
BJJLIZOP_CDS_0292	MK373788.1	99.189	370	370	151194	0.0	746
BJJLIZOP_CDS_0292	OR062529.1	98.649	370	370	151980	0.0	744
BJJLIZOP_CDS_0292	OR062526.1	98.649	370	370	151980	0.0	744
BJJLIZOP_CDS_0292	OR062524.1	98.649	370	370	150431	0.0	744
BJJLIZOP_CDS_0292	PP129558.1	98.649	370	370	149967	0.0	743
BJJLIZOP_CDS_0292	OZ035771.1	98.649	370	370	144811	0.0	742
BJJLIZOP_CDS_0292	OR352956.1	98.649	370	370	149254	0.0	742
BJJLIZOP_CDS_0293	OR544956.1	100.000	65	65	130723	2.20e-38	131
BJJLIZOP_CDS_0293	MN850598.1	100.000	65	65	144998	2.20e-38	131
BJJLIZOP_CDS_0293	JX561091.1	100.000	65	65	147737	2.20e-38	131
BJJLIZOP_CDS_0293	OM386656.1	100.000	65	65	149073	2.20e-38	131
BJJLIZOP_CDS_0293	OM386659.1	100.000	65	65	149194	2.20e-38	131
BJJLIZOP_CDS_0293	OQ031492.1	100.000	65	65	149246	2.20e-38	131
BJJLIZOP_CDS_0293	KX664695.3	100.000	65	65	149268	2.20e-38	131
BJJLIZOP_CDS_0293	MN850648.1	100.000	65	65	149335	2.20e-38	131
BJJLIZOP_CDS_0293	MH160766.1	100.000	65	65	149803	2.20e-38	131
BJJLIZOP_CDS_0293	KX552041.2	100.000	65	65	149813	2.20e-38	131
BJJLIZOP_CDS_0293	OR786310.1	100.000	65	65	149880	2.20e-38	131
BJJLIZOP_CDS_0293	PP129558.1	100.000	65	65	149967	2.20e-38	131
BJJLIZOP_CDS_0293	LR597654.1	100.000	65	65	150152	2.20e-38	131
BJJLIZOP_CDS_0293	MW175890.1	100.000	65	65	150892	2.20e-38	131
BJJLIZOP_CDS_0293	MN850565.1	100.000	65	65	150947	2.20e-38	131
BJJLIZOP_CDS_0293	OP172791.1	100.000	65	65	151113	2.20e-38	131
BJJLIZOP_CDS_0293	MT496970.1	100.000	65	65	151202	2.20e-38	131
BJJLIZOP_CDS_0293	PQ433349.1	100.000	65	65	151245	2.20e-38	131
BJJLIZOP_CDS_0293	MZ726793.1	100.000	65	65	151660	2.20e-38	131
BJJLIZOP_CDS_0293	PV191315.1	100.000	65	65	151674	2.20e-38	131
BJJLIZOP_CDS_0293	OL739525.1	100.000	65	65	151825	2.20e-38	131
BJJLIZOP_CDS_0293	OM362897.1	100.000	65	65	152401	2.20e-38	131
BJJLIZOP_CDS_0293	OR352955.1	100.000	65	65	152808	2.20e-38	131
BJJLIZOP_CDS_0293	OM386667.1	100.000	65	65	156300	2.20e-38	131
BJJLIZOP_CDS_0293	OZ035743.1	98.462	65	65	142881	3.55e-38	130
BJJLIZOP_CDS_0293	MK373788.1	98.462	65	65	151194	3.55e-38	130
BJJLIZOP_CDS_0293	OP595145.1	98.462	65	65	151363	3.55e-38	130
BJJLIZOP_CDS_0293	MN850571.1	98.462	65	65	151514	3.55e-38	130
BJJLIZOP_CDS_0293	MH051333.1	98.462	65	65	151671	3.55e-38	130
BJJLIZOP_CDS_0293	LR746137.1	98.462	65	65	152148	3.55e-38	130
BJJLIZOP_CDS_0293	OR437326.1	98.462	65	65	148445	5.44e-38	130
BJJLIZOP_CDS_0293	MN850618.1	100.000	64	65	150473	8.50e-38	129
BJJLIZOP_CDS_0293	MH252123.1	100.000	64	65	150925	8.50e-38	129
BJJLIZOP_CDS_0293	OL505078.1	100.000	64	65	151425	8.50e-38	129
BJJLIZOP_CDS_0293	MT944117.1	100.000	64	65	152343	8.50e-38	129
BJJLIZOP_CDS_0293	PV730300.1	98.438	64	65	146712	1.47e-37	129
BJJLIZOP_CDS_0293	OZ035728.1	98.438	64	65	149471	1.47e-37	129
BJJLIZOP_CDS_0293	OL631481.1	98.438	64	65	149818	1.47e-37	129
BJJLIZOP_CDS_0293	PQ826431.1	98.462	65	65	151106	1.48e-37	129
BJJLIZOP_CDS_0293	OR067838.1	91.667	36	65	149856	2.11e-26	69.7
BJJLIZOP_CDS_0293	OR067838.1	100.000	30	65	149856	2.11e-26	62.4
BJJLIZOP_CDS_0293	OP172792.1	68.750	64	65	151993	4.13e-25	93.6
BJJLIZOP_CDS_0293	OR062524.1	60.938	64	65	150431	1.30e-22	86.7
BJJLIZOP_CDS_0293	OR062529.1	60.938	64	65	151980	1.30e-22	86.7
BJJLIZOP_CDS_0293	OR062526.1	60.938	64	65	151980	1.30e-22	86.7
BJJLIZOP_CDS_0293	OZ035771.1	59.375	64	65	144811	3.84e-22	85.1
BJJLIZOP_CDS_0293	OR352956.1	59.375	64	65	149254	3.84e-22	85.1
BJJLIZOP_CDS_0294	OR544956.1	100.000	57	57	130723	4.30e-33	115
BJJLIZOP_CDS_0294	OZ035743.1	100.000	57	57	142881	4.30e-33	115
BJJLIZOP_CDS_0294	MN850598.1	100.000	57	57	144998	4.30e-33	115
BJJLIZOP_CDS_0294	JX561091.1	100.000	57	57	147737	4.30e-33	115
BJJLIZOP_CDS_0294	OR437326.1	100.000	57	57	148445	4.30e-33	115
BJJLIZOP_CDS_0294	OM386656.1	100.000	57	57	149073	4.30e-33	115
BJJLIZOP_CDS_0294	OM386659.1	100.000	57	57	149194	4.30e-33	115
BJJLIZOP_CDS_0294	OQ031492.1	100.000	57	57	149246	4.30e-33	115
BJJLIZOP_CDS_0294	KX664695.3	100.000	57	57	149268	4.30e-33	115
BJJLIZOP_CDS_0294	MN850648.1	100.000	57	57	149335	4.30e-33	115
BJJLIZOP_CDS_0294	OZ035728.1	100.000	57	57	149471	4.30e-33	115
BJJLIZOP_CDS_0294	MH160766.1	100.000	57	57	149803	4.30e-33	115
BJJLIZOP_CDS_0294	KX552041.2	100.000	57	57	149813	4.30e-33	115
BJJLIZOP_CDS_0294	OL631481.1	100.000	57	57	149818	4.30e-33	115
BJJLIZOP_CDS_0294	OR067838.1	100.000	57	57	149856	4.30e-33	115
BJJLIZOP_CDS_0294	OR786310.1	100.000	57	57	149880	4.30e-33	115
BJJLIZOP_CDS_0294	PP129558.1	100.000	57	57	149967	4.30e-33	115
BJJLIZOP_CDS_0294	LR597654.1	100.000	57	57	150152	4.30e-33	115
BJJLIZOP_CDS_0294	MN850618.1	100.000	57	57	150473	4.30e-33	115
BJJLIZOP_CDS_0294	MW175890.1	100.000	57	57	150892	4.30e-33	115
BJJLIZOP_CDS_0294	MH252123.1	100.000	57	57	150925	4.30e-33	115
BJJLIZOP_CDS_0294	MN850565.1	100.000	57	57	150947	4.30e-33	115
BJJLIZOP_CDS_0294	MT496970.1	100.000	57	57	151202	4.30e-33	115
BJJLIZOP_CDS_0294	PQ433349.1	100.000	57	57	151245	4.30e-33	115
BJJLIZOP_CDS_0294	OP595145.1	100.000	57	57	151363	4.30e-33	115
BJJLIZOP_CDS_0294	OL505078.1	100.000	57	57	151425	4.30e-33	115
BJJLIZOP_CDS_0294	MN850571.1	100.000	57	57	151514	4.30e-33	115
BJJLIZOP_CDS_0294	MZ726793.1	100.000	57	57	151660	4.30e-33	115
BJJLIZOP_CDS_0294	MH051333.1	100.000	57	57	151671	4.30e-33	115
BJJLIZOP_CDS_0294	PV191315.1	100.000	57	57	151674	4.30e-33	115
BJJLIZOP_CDS_0294	OL739525.1	100.000	57	57	151825	4.30e-33	115
BJJLIZOP_CDS_0294	MT944117.1	100.000	57	57	152343	4.30e-33	115
BJJLIZOP_CDS_0294	OM362897.1	100.000	57	57	152401	4.30e-33	115
BJJLIZOP_CDS_0294	OR352955.1	100.000	57	57	152808	4.30e-33	115
BJJLIZOP_CDS_0294	OM386667.1	100.000	57	57	156300	4.30e-33	115
BJJLIZOP_CDS_0294	PQ826431.1	98.246	57	57	151106	1.28e-32	114
BJJLIZOP_CDS_0294	PV730300.1	98.246	57	57	146712	1.40e-32	114
BJJLIZOP_CDS_0294	OP172792.1	96.491	57	57	151993	3.99e-32	113
BJJLIZOP_CDS_0294	LR746137.1	96.491	57	57	152148	5.19e-32	112
BJJLIZOP_CDS_0294	OZ035771.1	94.737	57	57	144811	3.19e-31	110
BJJLIZOP_CDS_0294	OR352956.1	92.982	57	57	149254	3.32e-31	110
BJJLIZOP_CDS_0294	OR062524.1	92.982	57	57	150431	3.32e-31	110
BJJLIZOP_CDS_0294	MK373788.1	92.982	57	57	151194	3.32e-31	110
BJJLIZOP_CDS_0294	OR062529.1	92.982	57	57	151980	3.32e-31	110
BJJLIZOP_CDS_0294	OR062526.1	92.982	57	57	151980	3.32e-31	110
BJJLIZOP_CDS_0294	OP172791.1	94.737	57	57	151113	7.30e-31	109
BJJLIZOP_CDS_0295	OM386659.1	100.000	132	132	149194	2.74e-86	271
BJJLIZOP_CDS_0295	MT496970.1	100.000	132	132	151202	2.74e-86	271
BJJLIZOP_CDS_0295	MT944117.1	100.000	132	132	152343	2.74e-86	271
BJJLIZOP_CDS_0295	OM386667.1	100.000	132	132	156300	2.74e-86	271
BJJLIZOP_CDS_0295	MN850618.1	99.242	132	132	150473	2.51e-85	269
BJJLIZOP_CDS_0295	PQ433349.1	99.242	132	132	151245	2.51e-85	269
BJJLIZOP_CDS_0295	MN850648.1	98.485	132	132	149335	8.69e-85	267
BJJLIZOP_CDS_0295	OL505078.1	98.485	132	132	151425	9.57e-85	267
BJJLIZOP_CDS_0295	OM362897.1	98.485	132	132	152401	9.57e-85	267
BJJLIZOP_CDS_0295	OL739525.1	97.727	132	132	151825	1.40e-84	267
BJJLIZOP_CDS_0295	OR786310.1	96.970	132	132	149880	4.30e-84	265
BJJLIZOP_CDS_0295	OP172792.1	96.970	132	132	151993	8.38e-84	265
BJJLIZOP_CDS_0295	JX561091.1	97.727	132	132	147737	2.55e-83	263
BJJLIZOP_CDS_0295	MZ726793.1	97.727	132	132	151660	2.55e-83	263
BJJLIZOP_CDS_0295	OR062524.1	100.000	61	132	150431	4.05e-36	128
BJJLIZOP_CDS_0295	MK373788.1	100.000	61	132	151194	4.05e-36	128
BJJLIZOP_CDS_0295	OR062529.1	100.000	61	132	151980	4.05e-36	128
BJJLIZOP_CDS_0295	OR062526.1	100.000	61	132	151980	4.05e-36	128
BJJLIZOP_CDS_0295	LR746137.1	100.000	61	132	152148	4.05e-36	128
BJJLIZOP_CDS_0295	OZ035771.1	78.049	82	132	144811	9.60e-36	127
BJJLIZOP_CDS_0295	OR352956.1	98.361	61	132	149254	1.97e-35	126
BJJLIZOP_CDS_0295	OZ035743.1	95.000	60	132	142881	1.06e-33	121
BJJLIZOP_CDS_0295	MN850598.1	95.000	60	132	144998	1.06e-33	121
BJJLIZOP_CDS_0295	OM386656.1	95.000	60	132	149073	1.06e-33	121
BJJLIZOP_CDS_0295	KX664695.3	95.000	60	132	149268	1.06e-33	121
BJJLIZOP_CDS_0295	OZ035728.1	95.000	60	132	149471	1.06e-33	121
BJJLIZOP_CDS_0295	MH160766.1	95.000	60	132	149803	1.06e-33	121
BJJLIZOP_CDS_0295	KX552041.2	95.000	60	132	149813	1.06e-33	121
BJJLIZOP_CDS_0295	OL631481.1	95.000	60	132	149818	1.06e-33	121
BJJLIZOP_CDS_0295	OR067838.1	95.000	60	132	149856	1.06e-33	121
BJJLIZOP_CDS_0295	LR597654.1	95.000	60	132	150152	1.06e-33	121
BJJLIZOP_CDS_0295	MH051333.1	95.000	60	132	151671	1.06e-33	121
BJJLIZOP_CDS_0295	OR352955.1	95.000	60	132	152808	1.06e-33	121
BJJLIZOP_CDS_0295	OP595145.1	93.333	60	132	151363	4.71e-33	119
BJJLIZOP_CDS_0295	PV730300.1	91.667	60	132	146712	1.42e-32	118
BJJLIZOP_CDS_0295	MN850571.1	91.667	60	132	151514	1.42e-32	118
BJJLIZOP_CDS_0295	OQ031492.1	100.000	55	132	149246	5.12e-32	116
BJJLIZOP_CDS_0295	PP129558.1	90.000	60	132	149967	1.42e-31	115
BJJLIZOP_CDS_0295	MW175890.1	90.000	60	132	150892	1.42e-31	115
BJJLIZOP_CDS_0295	MH252123.1	90.000	60	132	150925	1.42e-31	115
BJJLIZOP_CDS_0295	MN850565.1	90.000	60	132	150947	1.42e-31	115
BJJLIZOP_CDS_0295	PQ826431.1	90.000	60	132	151106	1.42e-31	115
BJJLIZOP_CDS_0295	PV191315.1	90.000	60	132	151674	1.42e-31	115
BJJLIZOP_CDS_0295	OR544956.1	65.476	84	132	130723	1.93e-31	115
BJJLIZOP_CDS_0295	OR437326.1	88.333	60	132	148445	2.30e-31	115
BJJLIZOP_CDS_0295	OP172791.1	66.667	60	132	151113	1.25e-21	87.0
BJJLIZOP_CDS_0296	OQ031492.1	100.000	187	187	149246	1.00e-125	387
BJJLIZOP_CDS_0296	MT944117.1	99.465	187	187	152343	5.40e-125	385
BJJLIZOP_CDS_0296	OZ035743.1	99.465	187	187	142881	2.01e-124	384
BJJLIZOP_CDS_0296	JX561091.1	99.465	187	187	147737	2.01e-124	384
BJJLIZOP_CDS_0296	OR437326.1	99.465	187	187	148445	2.01e-124	384
BJJLIZOP_CDS_0296	OM386659.1	99.465	187	187	149194	2.01e-124	384
BJJLIZOP_CDS_0296	MN850648.1	99.465	187	187	149335	2.01e-124	384
BJJLIZOP_CDS_0296	OL631481.1	99.465	187	187	149818	2.01e-124	384
BJJLIZOP_CDS_0296	MN850618.1	99.465	187	187	150473	2.01e-124	384
BJJLIZOP_CDS_0296	OL739525.1	99.465	187	187	151825	2.01e-124	384
BJJLIZOP_CDS_0296	OM362897.1	99.465	187	187	152401	2.01e-124	384
BJJLIZOP_CDS_0296	OM386667.1	99.465	187	187	156300	2.01e-124	384
BJJLIZOP_CDS_0296	MT496970.1	98.930	187	187	151202	6.01e-124	382
BJJLIZOP_CDS_0296	OR786310.1	98.930	187	187	149880	1.11e-123	382
BJJLIZOP_CDS_0296	MN850598.1	98.930	187	187	144998	1.14e-123	382
BJJLIZOP_CDS_0296	KX664695.3	98.930	187	187	149268	1.14e-123	382
BJJLIZOP_CDS_0296	OZ035728.1	98.930	187	187	149471	1.14e-123	382
BJJLIZOP_CDS_0296	MH160766.1	98.930	187	187	149803	1.14e-123	382
BJJLIZOP_CDS_0296	KX552041.2	98.930	187	187	149813	1.14e-123	382
BJJLIZOP_CDS_0296	OR062524.1	98.930	187	187	150431	1.14e-123	382
BJJLIZOP_CDS_0296	PQ826431.1	98.930	187	187	151106	1.14e-123	382
BJJLIZOP_CDS_0296	MK373788.1	98.930	187	187	151194	1.14e-123	382
BJJLIZOP_CDS_0296	OP595145.1	98.930	187	187	151363	1.14e-123	382
BJJLIZOP_CDS_0296	MH051333.1	98.930	187	187	151671	1.14e-123	382
BJJLIZOP_CDS_0296	PV191315.1	98.930	187	187	151674	1.14e-123	382
BJJLIZOP_CDS_0296	OR062529.1	98.930	187	187	151980	1.14e-123	382
BJJLIZOP_CDS_0296	OR062526.1	98.930	187	187	151980	1.14e-123	382
BJJLIZOP_CDS_0296	LR746137.1	98.930	187	187	152148	1.14e-123	382
BJJLIZOP_CDS_0296	OR544956.1	98.396	187	187	130723	1.74e-123	381
BJJLIZOP_CDS_0296	MW175890.1	98.396	187	187	150892	1.74e-123	381
BJJLIZOP_CDS_0296	PQ433349.1	98.396	187	187	151245	1.76e-123	381
BJJLIZOP_CDS_0296	LR597654.1	98.396	187	187	150152	1.98e-123	381
BJJLIZOP_CDS_0296	PV730300.1	98.396	187	187	146712	3.27e-123	380
BJJLIZOP_CDS_0296	OR352956.1	98.396	187	187	149254	3.63e-123	380
BJJLIZOP_CDS_0296	OM386656.1	98.396	187	187	149073	4.41e-123	380
BJJLIZOP_CDS_0296	OR352955.1	98.396	187	187	152808	4.41e-123	380
BJJLIZOP_CDS_0296	OP172792.1	97.861	187	187	151993	1.90e-122	378
BJJLIZOP_CDS_0296	OZ035771.1	97.861	187	187	144811	3.08e-122	377
BJJLIZOP_CDS_0296	OR067838.1	97.326	187	187	149856	4.21e-122	377
BJJLIZOP_CDS_0296	PP129558.1	97.861	187	187	149967	4.29e-122	377
BJJLIZOP_CDS_0296	MH252123.1	97.861	187	187	150925	4.29e-122	377
BJJLIZOP_CDS_0296	MN850565.1	97.861	187	187	150947	4.29e-122	377
BJJLIZOP_CDS_0296	MN850571.1	98.396	187	187	151514	2.26e-121	375
BJJLIZOP_CDS_0296	MZ726793.1	86.096	187	187	151660	5.16e-106	331
BJJLIZOP_CDS_0296	OL505078.1	98.958	96	187	151425	6.69e-102	197
BJJLIZOP_CDS_0296	OL505078.1	98.901	91	187	151425	6.69e-102	189
BJJLIZOP_CDS_0296	OP172791.1	79.894	189	187	151113	2.64e-93	295
BJJLIZOP_CDS_0297	MZ726793.1	100.000	92	92	151660	2.20e-59	192
BJJLIZOP_CDS_0297	MZ726793.1	34.409	93	92	151660	1.06e-08	48.5
BJJLIZOP_CDS_0297	OR544956.1	100.000	92	92	130723	2.84e-59	192
BJJLIZOP_CDS_0297	OR544956.1	34.409	93	92	130723	1.06e-08	48.5
BJJLIZOP_CDS_0297	MN850598.1	100.000	92	92	144998	2.84e-59	192
BJJLIZOP_CDS_0297	MN850598.1	34.409	93	92	144998	1.06e-08	48.5
BJJLIZOP_CDS_0297	OR437326.1	100.000	92	92	148445	2.84e-59	192
BJJLIZOP_CDS_0297	OR437326.1	34.409	93	92	148445	1.06e-08	48.5
BJJLIZOP_CDS_0297	OM386659.1	100.000	92	92	149194	2.84e-59	192
BJJLIZOP_CDS_0297	OM386659.1	34.409	93	92	149194	1.06e-08	48.5
BJJLIZOP_CDS_0297	OQ031492.1	100.000	92	92	149246	2.84e-59	192
BJJLIZOP_CDS_0297	OQ031492.1	34.409	93	92	149246	1.06e-08	48.5
BJJLIZOP_CDS_0297	MN850648.1	100.000	92	92	149335	2.84e-59	192
BJJLIZOP_CDS_0297	MN850648.1	34.831	89	92	149335	2.11e-10	53.1
BJJLIZOP_CDS_0297	KX552041.2	100.000	92	92	149813	2.84e-59	192
BJJLIZOP_CDS_0297	KX552041.2	34.409	93	92	149813	1.06e-08	48.5
BJJLIZOP_CDS_0297	OL631481.1	100.000	92	92	149818	2.84e-59	192
BJJLIZOP_CDS_0297	OL631481.1	34.409	93	92	149818	1.06e-08	48.5
BJJLIZOP_CDS_0297	PP129558.1	100.000	92	92	149967	2.84e-59	192
BJJLIZOP_CDS_0297	PP129558.1	34.409	93	92	149967	1.06e-08	48.5
BJJLIZOP_CDS_0297	LR597654.1	100.000	92	92	150152	2.84e-59	192
BJJLIZOP_CDS_0297	LR597654.1	34.409	93	92	150152	1.06e-08	48.5
BJJLIZOP_CDS_0297	MN850618.1	100.000	92	92	150473	2.84e-59	192
BJJLIZOP_CDS_0297	MN850618.1	34.409	93	92	150473	1.06e-08	48.5
BJJLIZOP_CDS_0297	MW175890.1	100.000	92	92	150892	2.84e-59	192
BJJLIZOP_CDS_0297	MW175890.1	34.409	93	92	150892	1.06e-08	48.5
BJJLIZOP_CDS_0297	MH252123.1	100.000	92	92	150925	2.84e-59	192
BJJLIZOP_CDS_0297	MH252123.1	34.409	93	92	150925	1.06e-08	48.5
BJJLIZOP_CDS_0297	MN850565.1	100.000	92	92	150947	2.84e-59	192
BJJLIZOP_CDS_0297	MN850565.1	34.409	93	92	150947	1.06e-08	48.5
BJJLIZOP_CDS_0297	PQ826431.1	100.000	92	92	151106	2.84e-59	192
BJJLIZOP_CDS_0297	PQ826431.1	34.409	93	92	151106	1.06e-08	48.5
BJJLIZOP_CDS_0297	OP172791.1	100.000	92	92	151113	2.84e-59	192
BJJLIZOP_CDS_0297	OP172791.1	34.409	93	92	151113	1.06e-08	48.5
BJJLIZOP_CDS_0297	MT496970.1	100.000	92	92	151202	2.84e-59	192
BJJLIZOP_CDS_0297	MT496970.1	34.409	93	92	151202	1.06e-08	48.5
BJJLIZOP_CDS_0297	PQ433349.1	100.000	92	92	151245	2.84e-59	192
BJJLIZOP_CDS_0297	PQ433349.1	34.409	93	92	151245	1.06e-08	48.5
BJJLIZOP_CDS_0297	MH051333.1	100.000	92	92	151671	2.84e-59	192
BJJLIZOP_CDS_0297	MH051333.1	34.409	93	92	151671	1.06e-08	48.5
BJJLIZOP_CDS_0297	PV191315.1	100.000	92	92	151674	2.84e-59	192
BJJLIZOP_CDS_0297	PV191315.1	34.409	93	92	151674	1.06e-08	48.5
BJJLIZOP_CDS_0297	OL739525.1	100.000	92	92	151825	2.84e-59	192
BJJLIZOP_CDS_0297	OL739525.1	34.409	93	92	151825	1.06e-08	48.5
BJJLIZOP_CDS_0297	MT944117.1	100.000	92	92	152343	2.84e-59	192
BJJLIZOP_CDS_0297	MT944117.1	34.409	93	92	152343	1.06e-08	48.5
BJJLIZOP_CDS_0297	OM362897.1	100.000	92	92	152401	2.84e-59	192
BJJLIZOP_CDS_0297	OM362897.1	34.409	93	92	152401	5.83e-09	49.3
BJJLIZOP_CDS_0297	OM386667.1	100.000	92	92	156300	2.84e-59	192
BJJLIZOP_CDS_0297	OM386667.1	34.409	93	92	156300	1.06e-08	48.5
BJJLIZOP_CDS_0297	LR746137.1	98.913	92	92	152148	1.08e-58	191
BJJLIZOP_CDS_0297	LR746137.1	34.409	93	92	152148	1.06e-08	48.5
BJJLIZOP_CDS_0297	JX561091.1	98.913	92	92	147737	1.34e-58	190
BJJLIZOP_CDS_0297	JX561091.1	34.409	93	92	147737	1.06e-08	48.5
BJJLIZOP_CDS_0297	PV730300.1	98.913	92	92	146712	1.38e-58	190
BJJLIZOP_CDS_0297	PV730300.1	34.831	89	92	146712	2.11e-10	53.1
BJJLIZOP_CDS_0297	OL505078.1	98.913	92	92	151425	2.17e-58	190
BJJLIZOP_CDS_0297	OL505078.1	34.409	93	92	151425	1.06e-08	48.5
BJJLIZOP_CDS_0297	OZ035743.1	97.826	92	92	142881	3.11e-58	189
BJJLIZOP_CDS_0297	OZ035743.1	34.409	93	92	142881	1.20e-08	48.1
BJJLIZOP_CDS_0297	KX664695.3	97.826	92	92	149268	1.08e-57	188
BJJLIZOP_CDS_0297	KX664695.3	34.409	93	92	149268	1.06e-08	48.5
BJJLIZOP_CDS_0297	OR786310.1	96.739	92	92	149880	1.23e-57	187
BJJLIZOP_CDS_0297	OR786310.1	34.409	93	92	149880	1.06e-08	48.5
BJJLIZOP_CDS_0297	OM386656.1	96.739	92	92	149073	1.62e-57	187
BJJLIZOP_CDS_0297	OM386656.1	34.409	93	92	149073	1.06e-08	48.5
BJJLIZOP_CDS_0297	MH160766.1	96.739	92	92	149803	1.62e-57	187
BJJLIZOP_CDS_0297	MH160766.1	34.409	93	92	149803	1.06e-08	48.5
BJJLIZOP_CDS_0297	OR062524.1	96.739	92	92	150431	1.62e-57	187
BJJLIZOP_CDS_0297	OR062524.1	34.409	93	92	150431	1.06e-08	48.5
BJJLIZOP_CDS_0297	OP595145.1	96.739	92	92	151363	1.62e-57	187
BJJLIZOP_CDS_0297	OP595145.1	34.409	93	92	151363	1.96e-08	47.8
BJJLIZOP_CDS_0297	MN850571.1	96.739	92	92	151514	1.62e-57	187
BJJLIZOP_CDS_0297	MN850571.1	34.831	89	92	151514	2.11e-10	53.1
BJJLIZOP_CDS_0297	OR352955.1	96.739	92	92	152808	1.62e-57	187
BJJLIZOP_CDS_0297	OR352955.1	34.409	93	92	152808	1.06e-08	48.5
BJJLIZOP_CDS_0297	OR067838.1	96.739	92	92	149856	1.73e-57	187
BJJLIZOP_CDS_0297	OR067838.1	34.409	93	92	149856	7.97e-09	48.9
BJJLIZOP_CDS_0297	OZ035771.1	95.652	92	92	144811	1.68e-56	184
BJJLIZOP_CDS_0297	OZ035771.1	34.409	93	92	144811	1.06e-08	48.5
BJJLIZOP_CDS_0297	OR352956.1	95.652	92	92	149254	1.68e-56	184
BJJLIZOP_CDS_0297	OR352956.1	34.409	93	92	149254	7.97e-09	48.9
BJJLIZOP_CDS_0297	MK373788.1	95.652	92	92	151194	1.68e-56	184
BJJLIZOP_CDS_0297	MK373788.1	34.409	93	92	151194	7.97e-09	48.9
BJJLIZOP_CDS_0297	OR062529.1	95.652	92	92	151980	1.68e-56	184
BJJLIZOP_CDS_0297	OR062529.1	34.409	93	92	151980	1.06e-08	48.5
BJJLIZOP_CDS_0297	OR062526.1	95.652	92	92	151980	1.68e-56	184
BJJLIZOP_CDS_0297	OR062526.1	34.409	93	92	151980	1.06e-08	48.5
BJJLIZOP_CDS_0297	OP172792.1	86.957	92	92	151993	7.15e-49	162
BJJLIZOP_CDS_0297	OP172792.1	34.409	93	92	151993	1.04e-08	48.5
BJJLIZOP_CDS_0297	OZ035728.1	80.435	92	92	149471	7.81e-46	154
BJJLIZOP_CDS_0297	OZ035728.1	34.409	93	92	149471	1.06e-08	48.5
BJJLIZOP_CDS_0298	OQ031492.1	99.621	264	264	149246	6.00e-177	538
BJJLIZOP_CDS_0298	MT944117.1	99.621	264	264	152343	6.00e-177	538
BJJLIZOP_CDS_0298	OR544956.1	99.242	264	264	130723	2.51e-176	536
BJJLIZOP_CDS_0298	OZ035743.1	99.242	264	264	142881	2.51e-176	536
BJJLIZOP_CDS_0298	OZ035771.1	99.242	264	264	144811	2.51e-176	536
BJJLIZOP_CDS_0298	MN850598.1	99.242	264	264	144998	2.51e-176	536
BJJLIZOP_CDS_0298	PV730300.1	99.242	264	264	146712	2.51e-176	536
BJJLIZOP_CDS_0298	OM386656.1	99.242	264	264	149073	2.51e-176	536
BJJLIZOP_CDS_0298	MH160766.1	99.242	264	264	149803	2.51e-176	536
BJJLIZOP_CDS_0298	KX552041.2	99.242	264	264	149813	2.51e-176	536
BJJLIZOP_CDS_0298	OL631481.1	99.242	264	264	149818	2.51e-176	536
BJJLIZOP_CDS_0298	OR786310.1	99.242	264	264	149880	2.51e-176	536
BJJLIZOP_CDS_0298	PP129558.1	99.242	264	264	149967	2.51e-176	536
BJJLIZOP_CDS_0298	LR597654.1	99.242	264	264	150152	2.51e-176	536
BJJLIZOP_CDS_0298	MN850618.1	99.242	264	264	150473	2.51e-176	536
BJJLIZOP_CDS_0298	MW175890.1	99.242	264	264	150892	2.51e-176	536
BJJLIZOP_CDS_0298	MN850565.1	99.242	264	264	150947	2.51e-176	536
BJJLIZOP_CDS_0298	PQ826431.1	99.242	264	264	151106	2.51e-176	536
BJJLIZOP_CDS_0298	OP172791.1	99.242	264	264	151113	2.51e-176	536
BJJLIZOP_CDS_0298	MT496970.1	99.242	264	264	151202	2.51e-176	536
BJJLIZOP_CDS_0298	PQ433349.1	99.242	264	264	151245	2.51e-176	536
BJJLIZOP_CDS_0298	OL505078.1	99.242	264	264	151425	2.51e-176	536
BJJLIZOP_CDS_0298	MN850571.1	99.242	264	264	151514	2.51e-176	536
BJJLIZOP_CDS_0298	MZ726793.1	99.242	264	264	151660	2.51e-176	536
BJJLIZOP_CDS_0298	MH051333.1	99.242	264	264	151671	2.51e-176	536
BJJLIZOP_CDS_0298	PV191315.1	99.242	264	264	151674	2.51e-176	536
BJJLIZOP_CDS_0298	OL739525.1	99.242	264	264	151825	2.51e-176	536
BJJLIZOP_CDS_0298	OM362897.1	99.242	264	264	152401	2.51e-176	536
BJJLIZOP_CDS_0298	OR352955.1	99.242	264	264	152808	2.51e-176	536
BJJLIZOP_CDS_0298	MH252123.1	98.864	264	264	150925	7.63e-176	535
BJJLIZOP_CDS_0298	KX664695.3	98.864	264	264	149268	8.83e-176	535
BJJLIZOP_CDS_0298	OZ035728.1	98.864	264	264	149471	8.83e-176	535
BJJLIZOP_CDS_0298	OR062524.1	98.864	264	264	150431	8.83e-176	535
BJJLIZOP_CDS_0298	LR746137.1	98.864	264	264	152148	8.83e-176	535
BJJLIZOP_CDS_0298	OR437326.1	98.864	264	264	148445	1.11e-175	535
BJJLIZOP_CDS_0298	JX561091.1	98.485	264	264	147737	1.58e-175	534
BJJLIZOP_CDS_0298	OM386659.1	98.864	264	264	149194	2.44e-175	533
BJJLIZOP_CDS_0298	OM386667.1	98.864	264	264	156300	2.44e-175	533
BJJLIZOP_CDS_0298	OP172792.1	98.485	264	264	151993	3.39e-175	533
BJJLIZOP_CDS_0298	MN850648.1	98.106	264	264	149335	4.07e-175	533
BJJLIZOP_CDS_0298	OP595145.1	98.106	264	264	151363	1.30e-174	531
BJJLIZOP_CDS_0298	OR352956.1	97.727	264	264	149254	2.09e-174	531
BJJLIZOP_CDS_0298	MK373788.1	97.727	264	264	151194	2.09e-174	531
BJJLIZOP_CDS_0298	OR062529.1	97.727	264	264	151980	2.09e-174	531
BJJLIZOP_CDS_0298	OR062526.1	97.727	264	264	151980	2.09e-174	531
BJJLIZOP_CDS_0298	OR067838.1	96.324	136	264	149856	3.04e-146	276
BJJLIZOP_CDS_0298	OR067838.1	98.450	129	264	149856	3.04e-146	258
BJJLIZOP_CDS_0299	OR544956.1	98.780	82	82	130723	3.98e-49	163
BJJLIZOP_CDS_0299	OZ035743.1	98.780	82	82	142881	3.98e-49	163
BJJLIZOP_CDS_0299	OR437326.1	98.780	82	82	148445	3.98e-49	163
BJJLIZOP_CDS_0299	OM386656.1	98.780	82	82	149073	3.98e-49	163
BJJLIZOP_CDS_0299	OM386659.1	98.780	82	82	149194	3.98e-49	163
BJJLIZOP_CDS_0299	KX552041.2	98.780	82	82	149813	3.98e-49	163
BJJLIZOP_CDS_0299	PP129558.1	98.780	82	82	149967	3.98e-49	163
BJJLIZOP_CDS_0299	LR597654.1	98.780	82	82	150152	3.98e-49	163
BJJLIZOP_CDS_0299	OR062524.1	98.780	82	82	150431	3.98e-49	163
BJJLIZOP_CDS_0299	MN850618.1	98.780	82	82	150473	3.98e-49	163
BJJLIZOP_CDS_0299	MW175890.1	98.780	82	82	150892	3.98e-49	163
BJJLIZOP_CDS_0299	MH252123.1	98.780	82	82	150925	3.98e-49	163
BJJLIZOP_CDS_0299	PQ826431.1	98.780	82	82	151106	3.98e-49	163
BJJLIZOP_CDS_0299	OP172791.1	98.780	82	82	151113	3.98e-49	163
BJJLIZOP_CDS_0299	MT496970.1	98.780	82	82	151202	3.98e-49	163
BJJLIZOP_CDS_0299	PQ433349.1	98.780	82	82	151245	3.98e-49	163
BJJLIZOP_CDS_0299	OL505078.1	98.780	82	82	151425	3.98e-49	163
BJJLIZOP_CDS_0299	MN850571.1	98.780	82	82	151514	3.98e-49	163
BJJLIZOP_CDS_0299	MZ726793.1	98.780	82	82	151660	3.98e-49	163
BJJLIZOP_CDS_0299	PV191315.1	98.780	82	82	151674	3.98e-49	163
BJJLIZOP_CDS_0299	OM362897.1	98.780	82	82	152401	3.98e-49	163
BJJLIZOP_CDS_0299	OM386667.1	98.780	82	82	156300	3.98e-49	163
BJJLIZOP_CDS_0299	OZ035771.1	97.561	82	82	144811	5.49e-49	162
BJJLIZOP_CDS_0299	MN850598.1	97.561	82	82	144998	5.49e-49	162
BJJLIZOP_CDS_0299	MH160766.1	97.561	82	82	149803	5.49e-49	162
BJJLIZOP_CDS_0299	OL631481.1	97.561	82	82	149818	5.49e-49	162
BJJLIZOP_CDS_0299	OR067838.1	97.561	82	82	149856	5.49e-49	162
BJJLIZOP_CDS_0299	OR786310.1	97.561	82	82	149880	5.49e-49	162
BJJLIZOP_CDS_0299	MK373788.1	97.561	82	82	151194	5.49e-49	162
BJJLIZOP_CDS_0299	MH051333.1	97.561	82	82	151671	5.49e-49	162
BJJLIZOP_CDS_0299	OL739525.1	97.561	82	82	151825	5.49e-49	162
BJJLIZOP_CDS_0299	OR062529.1	97.561	82	82	151980	5.49e-49	162
BJJLIZOP_CDS_0299	OR062526.1	97.561	82	82	151980	5.49e-49	162
BJJLIZOP_CDS_0299	OP172792.1	97.561	82	82	151993	5.49e-49	162
BJJLIZOP_CDS_0299	LR746137.1	97.561	82	82	152148	5.49e-49	162
BJJLIZOP_CDS_0299	MN850648.1	96.341	82	82	149335	7.94e-49	162
BJJLIZOP_CDS_0299	KX664695.3	97.561	82	82	149268	1.07e-48	161
BJJLIZOP_CDS_0299	OZ035728.1	97.561	82	82	149471	1.07e-48	161
BJJLIZOP_CDS_0299	PV730300.1	97.561	82	82	146712	1.94e-48	161
BJJLIZOP_CDS_0299	MT944117.1	97.561	82	82	152343	1.94e-48	161
BJJLIZOP_CDS_0299	OR352956.1	96.341	82	82	149254	2.00e-48	160
BJJLIZOP_CDS_0299	OR352955.1	97.561	82	82	152808	2.11e-48	160
BJJLIZOP_CDS_0299	JX561091.1	96.341	82	82	147737	4.78e-48	160
BJJLIZOP_CDS_0299	OP595145.1	95.122	82	82	151363	5.07e-48	159
BJJLIZOP_CDS_0299	OQ031492.1	97.561	82	82	149246	5.37e-48	159
BJJLIZOP_CDS_0299	MN850565.1	96.721	61	82	150947	3.38e-34	120
BJJLIZOP_CDS_0299	MN850565.1	100.000	21	82	150947	1.86e-07	44.7
BJJLIZOP_CDS_0300	OR544956.1	100.000	89	89	130723	1.17e-53	176
BJJLIZOP_CDS_0300	OR544956.1	34.409	93	89	130723	9.45e-09	48.5
BJJLIZOP_CDS_0300	OZ035771.1	100.000	89	89	144811	1.17e-53	176
BJJLIZOP_CDS_0300	OZ035771.1	33.333	93	89	144811	5.63e-09	49.3
BJJLIZOP_CDS_0300	MN850598.1	100.000	89	89	144998	1.17e-53	176
BJJLIZOP_CDS_0300	MN850598.1	34.409	93	89	144998	9.46e-09	48.5
BJJLIZOP_CDS_0300	JX561091.1	100.000	89	89	147737	1.17e-53	176
BJJLIZOP_CDS_0300	JX561091.1	35.484	93	89	147737	1.58e-09	50.8
BJJLIZOP_CDS_0300	OR437326.1	100.000	89	89	148445	1.17e-53	176
BJJLIZOP_CDS_0300	OR437326.1	34.409	93	89	148445	9.46e-09	48.5
BJJLIZOP_CDS_0300	OM386656.1	100.000	89	89	149073	1.17e-53	176
BJJLIZOP_CDS_0300	OM386656.1	31.461	89	89	149073	5.23e-08	46.2
BJJLIZOP_CDS_0300	OM386659.1	100.000	89	89	149194	1.17e-53	176
BJJLIZOP_CDS_0300	OM386659.1	34.409	93	89	149194	9.46e-09	48.5
BJJLIZOP_CDS_0300	OQ031492.1	100.000	89	89	149246	1.17e-53	176
BJJLIZOP_CDS_0300	OQ031492.1	34.409	93	89	149246	9.46e-09	48.5
BJJLIZOP_CDS_0300	KX664695.3	100.000	89	89	149268	1.17e-53	176
BJJLIZOP_CDS_0300	KX664695.3	35.484	93	89	149268	1.33e-09	50.8
BJJLIZOP_CDS_0300	OZ035728.1	100.000	89	89	149471	1.17e-53	176
BJJLIZOP_CDS_0300	OZ035728.1	34.409	93	89	149471	2.11e-07	44.7
BJJLIZOP_CDS_0300	MH160766.1	100.000	89	89	149803	1.17e-53	176
BJJLIZOP_CDS_0300	MH160766.1	31.461	89	89	149803	5.23e-08	46.2
BJJLIZOP_CDS_0300	KX552041.2	100.000	89	89	149813	1.17e-53	176
BJJLIZOP_CDS_0300	KX552041.2	34.409	93	89	149813	9.46e-09	48.5
BJJLIZOP_CDS_0300	OL631481.1	100.000	89	89	149818	1.17e-53	176
BJJLIZOP_CDS_0300	OL631481.1	34.409	93	89	149818	9.46e-09	48.5
BJJLIZOP_CDS_0300	OR786310.1	100.000	89	89	149880	1.17e-53	176
BJJLIZOP_CDS_0300	OR786310.1	33.333	93	89	149880	4.56e-08	46.6
BJJLIZOP_CDS_0300	PP129558.1	100.000	89	89	149967	1.17e-53	176
BJJLIZOP_CDS_0300	PP129558.1	34.409	93	89	149967	9.46e-09	48.5
BJJLIZOP_CDS_0300	LR597654.1	100.000	89	89	150152	1.17e-53	176
BJJLIZOP_CDS_0300	LR597654.1	34.409	93	89	150152	9.46e-09	48.5
BJJLIZOP_CDS_0300	OR062524.1	100.000	89	89	150431	1.17e-53	176
BJJLIZOP_CDS_0300	OR062524.1	31.461	89	89	150431	5.23e-08	46.2
BJJLIZOP_CDS_0300	MN850618.1	100.000	89	89	150473	1.17e-53	176
BJJLIZOP_CDS_0300	MN850618.1	34.409	93	89	150473	9.46e-09	48.5
BJJLIZOP_CDS_0300	MW175890.1	100.000	89	89	150892	1.17e-53	176
BJJLIZOP_CDS_0300	MW175890.1	34.409	93	89	150892	9.46e-09	48.5
BJJLIZOP_CDS_0300	MH252123.1	100.000	89	89	150925	1.17e-53	176
BJJLIZOP_CDS_0300	MH252123.1	34.409	93	89	150925	9.46e-09	48.5
BJJLIZOP_CDS_0300	MN850565.1	100.000	89	89	150947	1.17e-53	176
BJJLIZOP_CDS_0300	MN850565.1	34.409	93	89	150947	9.46e-09	48.5
BJJLIZOP_CDS_0300	PQ826431.1	100.000	89	89	151106	1.17e-53	176
BJJLIZOP_CDS_0300	PQ826431.1	34.409	93	89	151106	9.46e-09	48.5
BJJLIZOP_CDS_0300	OP172791.1	100.000	89	89	151113	1.17e-53	176
BJJLIZOP_CDS_0300	OP172791.1	34.409	93	89	151113	9.46e-09	48.5
BJJLIZOP_CDS_0300	MT496970.1	100.000	89	89	151202	1.17e-53	176
BJJLIZOP_CDS_0300	MT496970.1	34.409	93	89	151202	9.46e-09	48.5
BJJLIZOP_CDS_0300	PQ433349.1	100.000	89	89	151245	1.17e-53	176
BJJLIZOP_CDS_0300	PQ433349.1	34.409	93	89	151245	9.46e-09	48.5
BJJLIZOP_CDS_0300	OL505078.1	100.000	89	89	151425	1.17e-53	176
BJJLIZOP_CDS_0300	OL505078.1	33.708	89	89	151425	7.12e-09	48.9
BJJLIZOP_CDS_0300	MZ726793.1	100.000	89	89	151660	1.17e-53	176
BJJLIZOP_CDS_0300	MZ726793.1	34.409	93	89	151660	1.01e-08	48.5
BJJLIZOP_CDS_0300	MH051333.1	100.000	89	89	151671	1.17e-53	176
BJJLIZOP_CDS_0300	MH051333.1	34.409	93	89	151671	9.46e-09	48.5
BJJLIZOP_CDS_0300	PV191315.1	100.000	89	89	151674	1.17e-53	176
BJJLIZOP_CDS_0300	PV191315.1	34.409	93	89	151674	9.46e-09	48.5
BJJLIZOP_CDS_0300	OL739525.1	100.000	89	89	151825	1.17e-53	176
BJJLIZOP_CDS_0300	OL739525.1	34.409	93	89	151825	9.46e-09	48.5
BJJLIZOP_CDS_0300	OR062529.1	100.000	89	89	151980	1.17e-53	176
BJJLIZOP_CDS_0300	OR062529.1	33.333	93	89	151980	5.63e-09	49.3
BJJLIZOP_CDS_0300	OR062526.1	100.000	89	89	151980	1.17e-53	176
BJJLIZOP_CDS_0300	OR062526.1	33.333	93	89	151980	5.63e-09	49.3
BJJLIZOP_CDS_0300	LR746137.1	100.000	89	89	152148	1.17e-53	176
BJJLIZOP_CDS_0300	LR746137.1	34.409	93	89	152148	1.27e-08	48.1
BJJLIZOP_CDS_0300	MT944117.1	100.000	89	89	152343	1.17e-53	176
BJJLIZOP_CDS_0300	MT944117.1	34.409	93	89	152343	9.46e-09	48.5
BJJLIZOP_CDS_0300	OR352955.1	100.000	89	89	152808	1.17e-53	176
BJJLIZOP_CDS_0300	OR352955.1	31.461	89	89	152808	5.23e-08	46.2
BJJLIZOP_CDS_0300	OM386667.1	100.000	89	89	156300	1.17e-53	176
BJJLIZOP_CDS_0300	OM386667.1	34.409	93	89	156300	9.46e-09	48.5
BJJLIZOP_CDS_0300	OZ035743.1	97.753	89	89	142881	2.87e-53	175
BJJLIZOP_CDS_0300	OZ035743.1	31.461	89	89	142881	9.96e-08	45.4
BJJLIZOP_CDS_0300	OM362897.1	98.876	89	89	152401	4.45e-53	174
BJJLIZOP_CDS_0300	OM362897.1	34.409	93	89	152401	9.46e-09	48.5
BJJLIZOP_CDS_0300	OR352956.1	97.753	89	89	149254	4.81e-53	174
BJJLIZOP_CDS_0300	OR352956.1	33.333	93	89	149254	5.63e-09	49.3
BJJLIZOP_CDS_0300	OR067838.1	97.753	89	89	149856	4.81e-53	174
BJJLIZOP_CDS_0300	OR067838.1	31.461	89	89	149856	5.28e-08	46.2
BJJLIZOP_CDS_0300	MK373788.1	97.753	89	89	151194	4.81e-53	174
BJJLIZOP_CDS_0300	MK373788.1	33.333	93	89	151194	5.63e-09	49.3
BJJLIZOP_CDS_0300	OP172792.1	96.629	89	89	151993	7.08e-53	174
BJJLIZOP_CDS_0300	OP172792.1	34.831	89	89	151993	6.02e-10	52.0
BJJLIZOP_CDS_0300	OP595145.1	97.753	89	89	151363	1.11e-52	173
BJJLIZOP_CDS_0300	OP595145.1	31.461	89	89	151363	5.23e-08	46.2
BJJLIZOP_CDS_0300	PV730300.1	98.876	89	89	146712	1.82e-52	172
BJJLIZOP_CDS_0300	PV730300.1	34.409	93	89	146712	4.91e-09	49.3
BJJLIZOP_CDS_0300	MN850648.1	98.876	89	89	149335	1.82e-52	172
BJJLIZOP_CDS_0300	MN850648.1	34.409	93	89	149335	9.46e-09	48.5
BJJLIZOP_CDS_0300	MN850571.1	98.876	89	89	151514	1.82e-52	172
BJJLIZOP_CDS_0300	MN850571.1	31.461	89	89	151514	5.23e-08	46.2
BJJLIZOP_CDS_0301	OR544956.1	100.000	200	200	130723	1.78e-133	410
BJJLIZOP_CDS_0301	OZ035743.1	100.000	200	200	142881	1.78e-133	410
BJJLIZOP_CDS_0301	OZ035771.1	100.000	200	200	144811	1.78e-133	410
BJJLIZOP_CDS_0301	MN850598.1	100.000	200	200	144998	1.78e-133	410
BJJLIZOP_CDS_0301	PV730300.1	100.000	200	200	146712	1.78e-133	410
BJJLIZOP_CDS_0301	JX561091.1	100.000	200	200	147737	1.78e-133	410
BJJLIZOP_CDS_0301	OR437326.1	100.000	200	200	148445	1.78e-133	410
BJJLIZOP_CDS_0301	OM386656.1	100.000	200	200	149073	1.78e-133	410
BJJLIZOP_CDS_0301	OM386659.1	100.000	200	200	149194	1.78e-133	410
BJJLIZOP_CDS_0301	OQ031492.1	100.000	200	200	149246	1.78e-133	410
BJJLIZOP_CDS_0301	KX664695.3	100.000	200	200	149268	1.78e-133	410
BJJLIZOP_CDS_0301	MN850648.1	100.000	200	200	149335	1.78e-133	410
BJJLIZOP_CDS_0301	OZ035728.1	100.000	200	200	149471	1.78e-133	410
BJJLIZOP_CDS_0301	MH160766.1	100.000	200	200	149803	1.78e-133	410
BJJLIZOP_CDS_0301	KX552041.2	100.000	200	200	149813	1.78e-133	410
BJJLIZOP_CDS_0301	OL631481.1	100.000	200	200	149818	1.78e-133	410
BJJLIZOP_CDS_0301	OR067838.1	100.000	200	200	149856	1.78e-133	410
BJJLIZOP_CDS_0301	OR786310.1	100.000	200	200	149880	1.78e-133	410
BJJLIZOP_CDS_0301	PP129558.1	100.000	200	200	149967	1.78e-133	410
BJJLIZOP_CDS_0301	LR597654.1	100.000	200	200	150152	1.78e-133	410
BJJLIZOP_CDS_0301	OR062524.1	100.000	200	200	150431	1.78e-133	410
BJJLIZOP_CDS_0301	MN850618.1	100.000	200	200	150473	1.78e-133	410
BJJLIZOP_CDS_0301	MW175890.1	100.000	200	200	150892	1.78e-133	410
BJJLIZOP_CDS_0301	MH252123.1	100.000	200	200	150925	1.78e-133	410
BJJLIZOP_CDS_0301	MN850565.1	100.000	200	200	150947	1.78e-133	410
BJJLIZOP_CDS_0301	PQ826431.1	100.000	200	200	151106	1.78e-133	410
BJJLIZOP_CDS_0301	OP172791.1	100.000	200	200	151113	1.78e-133	410
BJJLIZOP_CDS_0301	MK373788.1	100.000	200	200	151194	1.78e-133	410
BJJLIZOP_CDS_0301	MT496970.1	100.000	200	200	151202	1.78e-133	410
BJJLIZOP_CDS_0301	PQ433349.1	100.000	200	200	151245	1.78e-133	410
BJJLIZOP_CDS_0301	OP595145.1	100.000	200	200	151363	1.78e-133	410
BJJLIZOP_CDS_0301	OL505078.1	100.000	200	200	151425	1.78e-133	410
BJJLIZOP_CDS_0301	MN850571.1	100.000	200	200	151514	1.78e-133	410
BJJLIZOP_CDS_0301	MZ726793.1	100.000	200	200	151660	1.78e-133	410
BJJLIZOP_CDS_0301	MH051333.1	100.000	200	200	151671	1.78e-133	410
BJJLIZOP_CDS_0301	PV191315.1	100.000	200	200	151674	1.78e-133	410
BJJLIZOP_CDS_0301	OL739525.1	100.000	200	200	151825	1.78e-133	410
BJJLIZOP_CDS_0301	OR062529.1	100.000	200	200	151980	1.78e-133	410
BJJLIZOP_CDS_0301	OR062526.1	100.000	200	200	151980	1.78e-133	410
BJJLIZOP_CDS_0301	LR746137.1	100.000	200	200	152148	1.78e-133	410
BJJLIZOP_CDS_0301	MT944117.1	100.000	200	200	152343	1.78e-133	410
BJJLIZOP_CDS_0301	OM362897.1	100.000	200	200	152401	1.78e-133	410
BJJLIZOP_CDS_0301	OR352955.1	100.000	200	200	152808	1.78e-133	410
BJJLIZOP_CDS_0301	OM386667.1	100.000	200	200	156300	1.78e-133	410
BJJLIZOP_CDS_0301	OR352956.1	99.500	200	200	149254	7.38e-133	409
BJJLIZOP_CDS_0301	OP172792.1	99.500	200	200	151993	6.33e-132	406
BJJLIZOP_CDS_0302	OR544956.1	100.000	173	173	130723	2.43e-115	357
BJJLIZOP_CDS_0302	OZ035771.1	100.000	173	173	144811	2.43e-115	357
BJJLIZOP_CDS_0302	PV730300.1	100.000	173	173	146712	2.43e-115	357
BJJLIZOP_CDS_0302	JX561091.1	100.000	173	173	147737	2.43e-115	357
BJJLIZOP_CDS_0302	OR437326.1	100.000	173	173	148445	2.43e-115	357
BJJLIZOP_CDS_0302	OM386659.1	100.000	173	173	149194	2.43e-115	357
BJJLIZOP_CDS_0302	OQ031492.1	100.000	173	173	149246	2.43e-115	357
BJJLIZOP_CDS_0302	OR352956.1	100.000	173	173	149254	2.43e-115	357
BJJLIZOP_CDS_0302	MN850648.1	100.000	173	173	149335	2.43e-115	357
BJJLIZOP_CDS_0302	OR786310.1	100.000	173	173	149880	2.43e-115	357
BJJLIZOP_CDS_0302	PP129558.1	100.000	173	173	149967	2.43e-115	357
BJJLIZOP_CDS_0302	MN850618.1	100.000	173	173	150473	2.43e-115	357
BJJLIZOP_CDS_0302	MW175890.1	100.000	173	173	150892	2.43e-115	357
BJJLIZOP_CDS_0302	MN850565.1	100.000	173	173	150947	2.43e-115	357
BJJLIZOP_CDS_0302	PQ826431.1	100.000	173	173	151106	2.43e-115	357
BJJLIZOP_CDS_0302	MT496970.1	100.000	173	173	151202	2.43e-115	357
BJJLIZOP_CDS_0302	OP595145.1	100.000	173	173	151363	2.43e-115	357
BJJLIZOP_CDS_0302	MZ726793.1	100.000	173	173	151660	2.43e-115	357
BJJLIZOP_CDS_0302	PV191315.1	100.000	173	173	151674	2.43e-115	357
BJJLIZOP_CDS_0302	OL739525.1	100.000	173	173	151825	2.43e-115	357
BJJLIZOP_CDS_0302	OR062529.1	100.000	173	173	151980	2.43e-115	357
BJJLIZOP_CDS_0302	OR062526.1	100.000	173	173	151980	2.43e-115	357
BJJLIZOP_CDS_0302	MT944117.1	100.000	173	173	152343	2.43e-115	357
BJJLIZOP_CDS_0302	OM362897.1	100.000	173	173	152401	2.43e-115	357
BJJLIZOP_CDS_0302	OM386667.1	100.000	173	173	156300	2.43e-115	357
BJJLIZOP_CDS_0302	OR062524.1	99.422	173	173	150431	7.41e-115	355
BJJLIZOP_CDS_0302	OL505078.1	99.422	173	173	151425	7.41e-115	355
BJJLIZOP_CDS_0302	MN850571.1	99.422	173	173	151514	7.41e-115	355
BJJLIZOP_CDS_0302	PQ433349.1	99.422	173	173	151245	1.32e-114	355
BJJLIZOP_CDS_0302	LR746137.1	98.844	173	173	152148	2.09e-114	354
BJJLIZOP_CDS_0302	OP172791.1	99.422	173	173	151113	2.11e-114	354
BJJLIZOP_CDS_0302	MH252123.1	99.422	173	173	150925	2.34e-114	354
BJJLIZOP_CDS_0302	OZ035743.1	98.844	173	173	142881	3.29e-114	353
BJJLIZOP_CDS_0302	MN850598.1	98.844	173	173	144998	3.29e-114	353
BJJLIZOP_CDS_0302	OM386656.1	98.844	173	173	149073	3.29e-114	353
BJJLIZOP_CDS_0302	KX664695.3	98.844	173	173	149268	3.29e-114	353
BJJLIZOP_CDS_0302	KX552041.2	98.844	173	173	149813	3.29e-114	353
BJJLIZOP_CDS_0302	OL631481.1	98.844	173	173	149818	3.29e-114	353
BJJLIZOP_CDS_0302	LR597654.1	98.844	173	173	150152	3.29e-114	353
BJJLIZOP_CDS_0302	MK373788.1	98.844	173	173	151194	3.29e-114	353
BJJLIZOP_CDS_0302	MH051333.1	98.844	173	173	151671	3.29e-114	353
BJJLIZOP_CDS_0302	OR352955.1	98.844	173	173	152808	3.29e-114	353
BJJLIZOP_CDS_0302	MH160766.1	98.844	173	173	149803	3.59e-114	353
BJJLIZOP_CDS_0302	OZ035728.1	98.844	173	173	149471	5.99e-114	353
BJJLIZOP_CDS_0302	OP172792.1	98.844	173	173	151993	1.02e-113	352
BJJLIZOP_CDS_0302	OR067838.1	98.266	173	173	149856	7.28e-113	350
BJJLIZOP_CDS_0303	OR544956.1	100.000	104	104	130723	3.90e-67	215
BJJLIZOP_CDS_0303	OZ035771.1	100.000	104	104	144811	3.90e-67	215
BJJLIZOP_CDS_0303	MN850598.1	100.000	104	104	144998	3.90e-67	215
BJJLIZOP_CDS_0303	PV730300.1	100.000	104	104	146712	3.90e-67	215
BJJLIZOP_CDS_0303	JX561091.1	100.000	104	104	147737	3.90e-67	215
BJJLIZOP_CDS_0303	OR437326.1	100.000	104	104	148445	3.90e-67	215
BJJLIZOP_CDS_0303	OM386656.1	100.000	104	104	149073	3.90e-67	215
BJJLIZOP_CDS_0303	OM386659.1	100.000	104	104	149194	3.90e-67	215
BJJLIZOP_CDS_0303	OQ031492.1	100.000	104	104	149246	3.90e-67	215
BJJLIZOP_CDS_0303	OR352956.1	100.000	104	104	149254	3.90e-67	215
BJJLIZOP_CDS_0303	MN850648.1	100.000	104	104	149335	3.90e-67	215
BJJLIZOP_CDS_0303	OZ035728.1	100.000	104	104	149471	3.90e-67	215
BJJLIZOP_CDS_0303	MH160766.1	100.000	104	104	149803	3.90e-67	215
BJJLIZOP_CDS_0303	KX552041.2	100.000	104	104	149813	3.90e-67	215
BJJLIZOP_CDS_0303	OL631481.1	100.000	104	104	149818	3.90e-67	215
BJJLIZOP_CDS_0303	OR067838.1	100.000	104	104	149856	3.90e-67	215
BJJLIZOP_CDS_0303	OR786310.1	100.000	104	104	149880	3.90e-67	215
BJJLIZOP_CDS_0303	PP129558.1	100.000	104	104	149967	3.90e-67	215
BJJLIZOP_CDS_0303	LR597654.1	100.000	104	104	150152	3.90e-67	215
BJJLIZOP_CDS_0303	OR062524.1	100.000	104	104	150431	3.90e-67	215
BJJLIZOP_CDS_0303	MN850618.1	100.000	104	104	150473	3.90e-67	215
BJJLIZOP_CDS_0303	MW175890.1	100.000	104	104	150892	3.90e-67	215
BJJLIZOP_CDS_0303	MH252123.1	100.000	104	104	150925	3.90e-67	215
BJJLIZOP_CDS_0303	PQ826431.1	100.000	104	104	151106	3.90e-67	215
BJJLIZOP_CDS_0303	OP172791.1	100.000	104	104	151113	3.90e-67	215
BJJLIZOP_CDS_0303	MK373788.1	100.000	104	104	151194	3.90e-67	215
BJJLIZOP_CDS_0303	MT496970.1	100.000	104	104	151202	3.90e-67	215
BJJLIZOP_CDS_0303	PQ433349.1	100.000	104	104	151245	3.90e-67	215
BJJLIZOP_CDS_0303	OP595145.1	100.000	104	104	151363	3.90e-67	215
BJJLIZOP_CDS_0303	OL505078.1	100.000	104	104	151425	3.90e-67	215
BJJLIZOP_CDS_0303	MN850571.1	100.000	104	104	151514	3.90e-67	215
BJJLIZOP_CDS_0303	MZ726793.1	100.000	104	104	151660	3.90e-67	215
BJJLIZOP_CDS_0303	PV191315.1	100.000	104	104	151674	3.90e-67	215
BJJLIZOP_CDS_0303	OR062529.1	100.000	104	104	151980	3.90e-67	215
BJJLIZOP_CDS_0303	OR062526.1	100.000	104	104	151980	3.90e-67	215
BJJLIZOP_CDS_0303	LR746137.1	100.000	104	104	152148	3.90e-67	215
BJJLIZOP_CDS_0303	MT944117.1	100.000	104	104	152343	3.90e-67	215
BJJLIZOP_CDS_0303	OM362897.1	100.000	104	104	152401	3.90e-67	215
BJJLIZOP_CDS_0303	OR352955.1	100.000	104	104	152808	3.90e-67	215
BJJLIZOP_CDS_0303	OM386667.1	100.000	104	104	156300	3.90e-67	215
BJJLIZOP_CDS_0303	OZ035743.1	99.038	104	104	142881	1.72e-66	214
BJJLIZOP_CDS_0303	MH051333.1	99.038	104	104	151671	1.72e-66	214
BJJLIZOP_CDS_0303	KX664695.3	99.038	104	104	149268	1.75e-66	213
BJJLIZOP_CDS_0303	OL739525.1	99.038	104	104	151825	2.82e-66	213
BJJLIZOP_CDS_0303	MN850565.1	99.038	104	104	150947	3.35e-66	213
BJJLIZOP_CDS_0303	OP172792.1	99.038	104	104	151993	5.66e-66	212
BJJLIZOP_CDS_0304	OZ035743.1	100.000	76	76	142881	4.49e-45	151
BJJLIZOP_CDS_0304	OZ035771.1	100.000	76	76	144811	4.49e-45	151
BJJLIZOP_CDS_0304	MN850598.1	100.000	76	76	144998	4.49e-45	151
BJJLIZOP_CDS_0304	PV730300.1	100.000	76	76	146712	4.49e-45	151
BJJLIZOP_CDS_0304	JX561091.1	100.000	76	76	147737	4.49e-45	151
BJJLIZOP_CDS_0304	OR437326.1	100.000	76	76	148445	4.49e-45	151
BJJLIZOP_CDS_0304	OM386656.1	100.000	76	76	149073	4.49e-45	151
BJJLIZOP_CDS_0304	OM386659.1	100.000	76	76	149194	4.49e-45	151
BJJLIZOP_CDS_0304	OQ031492.1	100.000	76	76	149246	4.49e-45	151
BJJLIZOP_CDS_0304	KX664695.3	100.000	76	76	149268	4.49e-45	151
BJJLIZOP_CDS_0304	MN850648.1	100.000	76	76	149335	4.49e-45	151
BJJLIZOP_CDS_0304	MH160766.1	100.000	76	76	149803	4.49e-45	151
BJJLIZOP_CDS_0304	KX552041.2	100.000	76	76	149813	4.49e-45	151
BJJLIZOP_CDS_0304	OL631481.1	100.000	76	76	149818	4.49e-45	151
BJJLIZOP_CDS_0304	OR067838.1	100.000	76	76	149856	4.49e-45	151
BJJLIZOP_CDS_0304	OR786310.1	100.000	76	76	149880	4.49e-45	151
BJJLIZOP_CDS_0304	PP129558.1	100.000	76	76	149967	4.49e-45	151
BJJLIZOP_CDS_0304	LR597654.1	100.000	76	76	150152	4.49e-45	151
BJJLIZOP_CDS_0304	OR062524.1	100.000	76	76	150431	4.49e-45	151
BJJLIZOP_CDS_0304	MN850618.1	100.000	76	76	150473	4.49e-45	151
BJJLIZOP_CDS_0304	MW175890.1	100.000	76	76	150892	4.49e-45	151
BJJLIZOP_CDS_0304	MH252123.1	100.000	76	76	150925	4.49e-45	151
BJJLIZOP_CDS_0304	MN850565.1	100.000	76	76	150947	4.49e-45	151
BJJLIZOP_CDS_0304	PQ826431.1	100.000	76	76	151106	4.49e-45	151
BJJLIZOP_CDS_0304	OP172791.1	100.000	76	76	151113	4.49e-45	151
BJJLIZOP_CDS_0304	MK373788.1	100.000	76	76	151194	4.49e-45	151
BJJLIZOP_CDS_0304	MT496970.1	100.000	76	76	151202	4.49e-45	151
BJJLIZOP_CDS_0304	PQ433349.1	100.000	76	76	151245	4.49e-45	151
BJJLIZOP_CDS_0304	OP595145.1	100.000	76	76	151363	4.49e-45	151
BJJLIZOP_CDS_0304	OL505078.1	100.000	76	76	151425	4.49e-45	151
BJJLIZOP_CDS_0304	MN850571.1	100.000	76	76	151514	4.49e-45	151
BJJLIZOP_CDS_0304	MZ726793.1	100.000	76	76	151660	4.49e-45	151
BJJLIZOP_CDS_0304	MH051333.1	100.000	76	76	151671	4.49e-45	151
BJJLIZOP_CDS_0304	PV191315.1	100.000	76	76	151674	4.49e-45	151
BJJLIZOP_CDS_0304	OL739525.1	100.000	76	76	151825	4.49e-45	151
BJJLIZOP_CDS_0304	OR062529.1	100.000	76	76	151980	4.49e-45	151
BJJLIZOP_CDS_0304	OR062526.1	100.000	76	76	151980	4.49e-45	151
BJJLIZOP_CDS_0304	OP172792.1	100.000	76	76	151993	4.49e-45	151
BJJLIZOP_CDS_0304	LR746137.1	100.000	76	76	152148	4.49e-45	151
BJJLIZOP_CDS_0304	MT944117.1	100.000	76	76	152343	4.49e-45	151
BJJLIZOP_CDS_0304	OM362897.1	100.000	76	76	152401	4.49e-45	151
BJJLIZOP_CDS_0304	OR352955.1	100.000	76	76	152808	4.49e-45	151
BJJLIZOP_CDS_0304	OM386667.1	100.000	76	76	156300	4.49e-45	151
BJJLIZOP_CDS_0304	OZ035728.1	98.684	76	76	149471	6.18e-45	150
BJJLIZOP_CDS_0304	OR352956.1	98.684	76	76	149254	5.34e-44	148
BJJLIZOP_CDS_0304	OR544956.1	97.368	76	76	130723	4.74e-42	142
BJJLIZOP_CDS_0305	OR544956.1	100.000	63	63	130723	3.31e-37	128
BJJLIZOP_CDS_0305	OZ035743.1	100.000	63	63	142881	3.31e-37	128
BJJLIZOP_CDS_0305	OZ035771.1	100.000	63	63	144811	3.31e-37	128
BJJLIZOP_CDS_0305	MN850598.1	100.000	63	63	144998	3.31e-37	128
BJJLIZOP_CDS_0305	PV730300.1	100.000	63	63	146712	3.31e-37	128
BJJLIZOP_CDS_0305	JX561091.1	100.000	63	63	147737	3.31e-37	128
BJJLIZOP_CDS_0305	OR437326.1	100.000	63	63	148445	3.31e-37	128
BJJLIZOP_CDS_0305	OM386656.1	100.000	63	63	149073	3.31e-37	128
BJJLIZOP_CDS_0305	OM386659.1	100.000	63	63	149194	3.31e-37	128
BJJLIZOP_CDS_0305	OR352956.1	100.000	63	63	149254	3.31e-37	128
BJJLIZOP_CDS_0305	KX664695.3	100.000	63	63	149268	3.31e-37	128
BJJLIZOP_CDS_0305	MN850648.1	100.000	63	63	149335	3.31e-37	128
BJJLIZOP_CDS_0305	OZ035728.1	100.000	63	63	149471	3.31e-37	128
BJJLIZOP_CDS_0305	MH160766.1	100.000	63	63	149803	3.31e-37	128
BJJLIZOP_CDS_0305	KX552041.2	100.000	63	63	149813	3.31e-37	128
BJJLIZOP_CDS_0305	OL631481.1	100.000	63	63	149818	3.31e-37	128
BJJLIZOP_CDS_0305	OR067838.1	100.000	63	63	149856	3.31e-37	128
BJJLIZOP_CDS_0305	OR786310.1	100.000	63	63	149880	3.31e-37	128
BJJLIZOP_CDS_0305	PP129558.1	100.000	63	63	149967	3.31e-37	128
BJJLIZOP_CDS_0305	LR597654.1	100.000	63	63	150152	3.31e-37	128
BJJLIZOP_CDS_0305	OR062524.1	100.000	63	63	150431	3.31e-37	128
BJJLIZOP_CDS_0305	MN850618.1	100.000	63	63	150473	3.31e-37	128
BJJLIZOP_CDS_0305	MW175890.1	100.000	63	63	150892	3.31e-37	128
BJJLIZOP_CDS_0305	MH252123.1	100.000	63	63	150925	3.31e-37	128
BJJLIZOP_CDS_0305	MN850565.1	100.000	63	63	150947	3.31e-37	128
BJJLIZOP_CDS_0305	PQ826431.1	100.000	63	63	151106	3.31e-37	128
BJJLIZOP_CDS_0305	OP172791.1	100.000	63	63	151113	3.31e-37	128
BJJLIZOP_CDS_0305	MK373788.1	100.000	63	63	151194	3.31e-37	128
BJJLIZOP_CDS_0305	MT496970.1	100.000	63	63	151202	3.31e-37	128
BJJLIZOP_CDS_0305	PQ433349.1	100.000	63	63	151245	3.31e-37	128
BJJLIZOP_CDS_0305	OP595145.1	100.000	63	63	151363	3.31e-37	128
BJJLIZOP_CDS_0305	OL505078.1	100.000	63	63	151425	3.31e-37	128
BJJLIZOP_CDS_0305	MN850571.1	100.000	63	63	151514	3.31e-37	128
BJJLIZOP_CDS_0305	MZ726793.1	100.000	63	63	151660	3.31e-37	128
BJJLIZOP_CDS_0305	MH051333.1	100.000	63	63	151671	3.31e-37	128
BJJLIZOP_CDS_0305	PV191315.1	100.000	63	63	151674	3.31e-37	128
BJJLIZOP_CDS_0305	OL739525.1	100.000	63	63	151825	3.31e-37	128
BJJLIZOP_CDS_0305	OR062529.1	100.000	63	63	151980	3.31e-37	128
BJJLIZOP_CDS_0305	OR062526.1	100.000	63	63	151980	3.31e-37	128
BJJLIZOP_CDS_0305	OP172792.1	100.000	63	63	151993	3.31e-37	128
BJJLIZOP_CDS_0305	LR746137.1	100.000	63	63	152148	3.31e-37	128
BJJLIZOP_CDS_0305	MT944117.1	100.000	63	63	152343	3.31e-37	128
BJJLIZOP_CDS_0305	OM362897.1	100.000	63	63	152401	3.31e-37	128
BJJLIZOP_CDS_0305	OR352955.1	100.000	63	63	152808	3.31e-37	128
BJJLIZOP_CDS_0305	OM386667.1	100.000	63	63	156300	3.31e-37	128
BJJLIZOP_CDS_0305	OQ031492.1	98.413	63	63	149246	1.83e-36	125
BJJLIZOP_CDS_0306	OZ035743.1	100.000	187	187	142881	2.30e-127	392
BJJLIZOP_CDS_0306	OZ035771.1	100.000	187	187	144811	2.30e-127	392
BJJLIZOP_CDS_0306	OR437326.1	100.000	187	187	148445	2.30e-127	392
BJJLIZOP_CDS_0306	OQ031492.1	100.000	187	187	149246	2.30e-127	392
BJJLIZOP_CDS_0306	KX664695.3	100.000	187	187	149268	2.30e-127	392
BJJLIZOP_CDS_0306	MN850648.1	100.000	187	187	149335	2.30e-127	392
BJJLIZOP_CDS_0306	MH160766.1	100.000	187	187	149803	2.30e-127	392
BJJLIZOP_CDS_0306	OL631481.1	100.000	187	187	149818	2.30e-127	392
BJJLIZOP_CDS_0306	OR067838.1	100.000	187	187	149856	2.30e-127	392
BJJLIZOP_CDS_0306	PP129558.1	100.000	187	187	149967	2.30e-127	392
BJJLIZOP_CDS_0306	LR597654.1	100.000	187	187	150152	2.30e-127	392
BJJLIZOP_CDS_0306	OR062524.1	100.000	187	187	150431	2.30e-127	392
BJJLIZOP_CDS_0306	MH252123.1	100.000	187	187	150925	2.30e-127	392
BJJLIZOP_CDS_0306	PQ826431.1	100.000	187	187	151106	2.30e-127	392
BJJLIZOP_CDS_0306	OP172791.1	100.000	187	187	151113	2.30e-127	392
BJJLIZOP_CDS_0306	MK373788.1	100.000	187	187	151194	2.30e-127	392
BJJLIZOP_CDS_0306	OP595145.1	100.000	187	187	151363	2.30e-127	392
BJJLIZOP_CDS_0306	OL505078.1	100.000	187	187	151425	2.30e-127	392
BJJLIZOP_CDS_0306	MN850571.1	100.000	187	187	151514	2.30e-127	392
BJJLIZOP_CDS_0306	MZ726793.1	100.000	187	187	151660	2.30e-127	392
BJJLIZOP_CDS_0306	MH051333.1	100.000	187	187	151671	2.30e-127	392
BJJLIZOP_CDS_0306	PV191315.1	100.000	187	187	151674	2.30e-127	392
BJJLIZOP_CDS_0306	OL739525.1	100.000	187	187	151825	2.30e-127	392
BJJLIZOP_CDS_0306	OR062529.1	100.000	187	187	151980	2.30e-127	392
BJJLIZOP_CDS_0306	OR062526.1	100.000	187	187	151980	2.30e-127	392
BJJLIZOP_CDS_0306	OM362897.1	100.000	187	187	152401	2.30e-127	392
BJJLIZOP_CDS_0306	OM386659.1	99.465	187	187	149194	7.86e-127	390
BJJLIZOP_CDS_0306	MN850565.1	99.465	187	187	150947	7.86e-127	390
BJJLIZOP_CDS_0306	OM386667.1	99.465	187	187	156300	7.86e-127	390
BJJLIZOP_CDS_0306	OR352956.1	99.465	187	187	149254	8.42e-127	390
BJJLIZOP_CDS_0306	PQ433349.1	99.465	187	187	151245	8.42e-127	390
BJJLIZOP_CDS_0306	OR544956.1	99.465	187	187	130723	8.58e-127	390
BJJLIZOP_CDS_0306	JX561091.1	99.465	187	187	147737	8.58e-127	390
BJJLIZOP_CDS_0306	MN850618.1	99.465	187	187	150473	8.58e-127	390
BJJLIZOP_CDS_0306	MW175890.1	99.465	187	187	150892	8.58e-127	390
BJJLIZOP_CDS_0306	MN850598.1	98.930	187	187	144998	1.61e-126	390
BJJLIZOP_CDS_0306	OM386656.1	98.930	187	187	149073	1.61e-126	390
BJJLIZOP_CDS_0306	KX552041.2	98.930	187	187	149813	1.61e-126	390
BJJLIZOP_CDS_0306	OR352955.1	98.930	187	187	152808	1.61e-126	390
BJJLIZOP_CDS_0306	OR786310.1	99.465	187	187	149880	2.17e-126	389
BJJLIZOP_CDS_0306	LR746137.1	98.930	187	187	152148	3.29e-126	389
BJJLIZOP_CDS_0306	MT496970.1	98.930	187	187	151202	4.62e-126	388
BJJLIZOP_CDS_0306	PV730300.1	98.396	187	187	146712	5.04e-126	388
BJJLIZOP_CDS_0306	OZ035728.1	98.396	187	187	149471	9.74e-126	387
BJJLIZOP_CDS_0306	MT944117.1	98.930	187	187	152343	3.63e-125	386
BJJLIZOP_CDS_0306	OP172792.1	97.861	187	187	151993	5.50e-125	385
BJJLIZOP_CDS_0307	OR544956.1	100.000	227	227	130723	8.39e-146	447
BJJLIZOP_CDS_0307	OR437326.1	100.000	227	227	148445	8.39e-146	447
BJJLIZOP_CDS_0307	OM386659.1	100.000	227	227	149194	8.39e-146	447
BJJLIZOP_CDS_0307	OQ031492.1	100.000	227	227	149246	8.39e-146	447
BJJLIZOP_CDS_0307	OR786310.1	100.000	227	227	149880	8.39e-146	447
BJJLIZOP_CDS_0307	MN850618.1	100.000	227	227	150473	8.39e-146	447
BJJLIZOP_CDS_0307	MW175890.1	100.000	227	227	150892	8.39e-146	447
BJJLIZOP_CDS_0307	MT496970.1	100.000	227	227	151202	8.39e-146	447
BJJLIZOP_CDS_0307	OP595145.1	100.000	227	227	151363	8.39e-146	447
BJJLIZOP_CDS_0307	MZ726793.1	100.000	227	227	151660	8.39e-146	447
BJJLIZOP_CDS_0307	PV191315.1	100.000	227	227	151674	8.39e-146	447
BJJLIZOP_CDS_0307	OL739525.1	100.000	227	227	151825	8.39e-146	447
BJJLIZOP_CDS_0307	OR062529.1	100.000	227	227	151980	8.39e-146	447
BJJLIZOP_CDS_0307	OR062526.1	100.000	227	227	151980	8.39e-146	447
BJJLIZOP_CDS_0307	LR746137.1	100.000	227	227	152148	8.39e-146	447
BJJLIZOP_CDS_0307	MT944117.1	100.000	227	227	152343	8.39e-146	447
BJJLIZOP_CDS_0307	OM362897.1	100.000	227	227	152401	8.39e-146	447
BJJLIZOP_CDS_0307	OM386667.1	100.000	227	227	156300	8.39e-146	447
BJJLIZOP_CDS_0307	OR352956.1	99.559	227	227	149254	1.65e-145	446
BJJLIZOP_CDS_0307	PV730300.1	99.559	227	227	146712	3.38e-145	445
BJJLIZOP_CDS_0307	OL631481.1	99.559	227	227	149818	3.38e-145	445
BJJLIZOP_CDS_0307	PQ826431.1	99.559	227	227	151106	3.38e-145	445
BJJLIZOP_CDS_0307	PQ433349.1	99.119	227	227	151245	6.40e-145	444
BJJLIZOP_CDS_0307	OP172791.1	99.559	227	227	151113	7.61e-145	444
BJJLIZOP_CDS_0307	JX561091.1	100.000	225	227	147737	1.68e-144	443
BJJLIZOP_CDS_0307	OZ035743.1	99.119	227	227	142881	2.38e-144	443
BJJLIZOP_CDS_0307	MN850648.1	99.119	227	227	149335	3.61e-144	442
BJJLIZOP_CDS_0307	MN850571.1	99.119	227	227	151514	4.60e-144	442
BJJLIZOP_CDS_0307	OP172792.1	97.797	227	227	151993	2.38e-143	440
BJJLIZOP_CDS_0307	OZ035728.1	97.797	227	227	149471	2.21e-142	437
BJJLIZOP_CDS_0307	MH252123.1	97.357	227	227	150925	7.25e-142	436
BJJLIZOP_CDS_0307	OZ035771.1	97.357	227	227	144811	1.75e-141	434
BJJLIZOP_CDS_0307	OM386656.1	97.357	227	227	149073	1.75e-141	434
BJJLIZOP_CDS_0307	MH160766.1	97.357	227	227	149803	1.75e-141	434
BJJLIZOP_CDS_0307	KX552041.2	97.357	227	227	149813	1.75e-141	434
BJJLIZOP_CDS_0307	OR067838.1	97.357	227	227	149856	1.75e-141	434
BJJLIZOP_CDS_0307	MK373788.1	97.357	227	227	151194	1.75e-141	434
BJJLIZOP_CDS_0307	MN850565.1	96.916	227	227	150947	2.38e-141	434
BJJLIZOP_CDS_0307	OR352955.1	96.916	227	227	152808	2.38e-141	434
BJJLIZOP_CDS_0307	OL505078.1	96.916	227	227	151425	4.06e-141	434
BJJLIZOP_CDS_0307	LR597654.1	96.916	227	227	150152	4.83e-141	433
BJJLIZOP_CDS_0307	KX664695.3	96.916	227	227	149268	5.07e-141	433
BJJLIZOP_CDS_0307	PP129558.1	96.916	227	227	149967	5.07e-141	433
BJJLIZOP_CDS_0307	MN850598.1	96.916	227	227	144998	9.23e-141	432
BJJLIZOP_CDS_0307	OR062524.1	96.916	227	227	150431	1.51e-140	432
BJJLIZOP_CDS_0307	MH051333.1	96.916	227	227	151671	1.51e-140	432
BJJLIZOP_CDS_0308	OR352956.1	99.683	315	315	149254	0.0	649
BJJLIZOP_CDS_0308	OR352956.1	41.176	289	315	149254	6.30e-65	219
BJJLIZOP_CDS_0308	OM362897.1	99.683	315	315	152401	0.0	649
BJJLIZOP_CDS_0308	OM362897.1	41.176	289	315	152401	6.12e-65	219
BJJLIZOP_CDS_0308	MZ726793.1	99.683	315	315	151660	0.0	649
BJJLIZOP_CDS_0308	MZ726793.1	41.176	289	315	151660	6.12e-65	219
BJJLIZOP_CDS_0308	MT944117.1	99.683	315	315	152343	0.0	649
BJJLIZOP_CDS_0308	MT944117.1	41.176	289	315	152343	6.12e-65	219
BJJLIZOP_CDS_0308	MN850618.1	99.683	315	315	150473	0.0	649
BJJLIZOP_CDS_0308	MN850618.1	40.830	289	315	150473	5.81e-64	216
BJJLIZOP_CDS_0308	OZ035743.1	99.683	315	315	142881	0.0	648
BJJLIZOP_CDS_0308	OZ035743.1	41.522	289	315	142881	1.80e-65	221
BJJLIZOP_CDS_0308	OR062529.1	99.683	315	315	151980	0.0	648
BJJLIZOP_CDS_0308	OR062529.1	41.176	289	315	151980	4.23e-64	217
BJJLIZOP_CDS_0308	OR062526.1	99.683	315	315	151980	0.0	648
BJJLIZOP_CDS_0308	OR062526.1	41.176	289	315	151980	4.23e-64	217
BJJLIZOP_CDS_0308	LR746137.1	99.683	315	315	152148	0.0	648
BJJLIZOP_CDS_0308	LR746137.1	41.176	289	315	152148	6.12e-65	219
BJJLIZOP_CDS_0308	MN850648.1	99.683	315	315	149335	0.0	648
BJJLIZOP_CDS_0308	MN850648.1	40.830	289	315	149335	9.17e-65	219
BJJLIZOP_CDS_0308	MN850571.1	99.365	315	315	151514	0.0	648
BJJLIZOP_CDS_0308	MN850571.1	41.176	289	315	151514	5.61e-65	219
BJJLIZOP_CDS_0308	PQ433349.1	99.683	315	315	151245	0.0	647
BJJLIZOP_CDS_0308	PQ433349.1	41.176	289	315	151245	6.12e-65	219
BJJLIZOP_CDS_0308	OP595145.1	99.683	315	315	151363	0.0	647
BJJLIZOP_CDS_0308	OP595145.1	40.830	289	315	151363	9.17e-65	219
BJJLIZOP_CDS_0308	OR352955.1	99.365	315	315	152808	0.0	647
BJJLIZOP_CDS_0308	OR352955.1	40.830	289	315	152808	6.16e-64	216
BJJLIZOP_CDS_0308	MN850565.1	99.365	315	315	150947	0.0	647
BJJLIZOP_CDS_0308	MN850565.1	41.176	289	315	150947	6.30e-65	219
BJJLIZOP_CDS_0308	MH051333.1	99.365	315	315	151671	0.0	647
BJJLIZOP_CDS_0308	MH051333.1	41.522	289	315	151671	4.63e-65	219
BJJLIZOP_CDS_0308	KX664695.3	99.365	315	315	149268	0.0	647
BJJLIZOP_CDS_0308	KX664695.3	40.830	289	315	149268	7.25e-64	216
BJJLIZOP_CDS_0308	MW175890.1	99.365	315	315	150892	0.0	646
BJJLIZOP_CDS_0308	MW175890.1	41.176	289	315	150892	6.12e-65	219
BJJLIZOP_CDS_0308	PQ826431.1	98.730	315	315	151106	0.0	646
BJJLIZOP_CDS_0308	PQ826431.1	41.176	289	315	151106	8.17e-65	219
BJJLIZOP_CDS_0308	OZ035728.1	99.048	315	315	149471	0.0	646
BJJLIZOP_CDS_0308	OZ035728.1	41.176	289	315	149471	6.30e-65	219
BJJLIZOP_CDS_0308	OR437326.1	98.730	315	315	148445	0.0	646
BJJLIZOP_CDS_0308	OR437326.1	41.176	289	315	148445	1.13e-64	218
BJJLIZOP_CDS_0308	OR067838.1	99.048	315	315	149856	0.0	646
BJJLIZOP_CDS_0308	OR067838.1	41.176	289	315	149856	6.30e-65	219
BJJLIZOP_CDS_0308	OM386667.1	98.730	315	315	156300	0.0	646
BJJLIZOP_CDS_0308	OM386667.1	41.176	289	315	156300	8.17e-65	219
BJJLIZOP_CDS_0308	OM386659.1	98.730	315	315	149194	0.0	646
BJJLIZOP_CDS_0308	OM386659.1	41.176	289	315	149194	8.17e-65	219
BJJLIZOP_CDS_0308	OL505078.1	99.048	315	315	151425	0.0	646
BJJLIZOP_CDS_0308	OL505078.1	41.176	289	315	151425	6.12e-65	219
BJJLIZOP_CDS_0308	MT496970.1	98.730	315	315	151202	0.0	646
BJJLIZOP_CDS_0308	MT496970.1	41.176	289	315	151202	8.17e-65	219
BJJLIZOP_CDS_0308	MK373788.1	99.048	315	315	151194	0.0	646
BJJLIZOP_CDS_0308	MK373788.1	40.830	289	315	151194	2.45e-64	218
BJJLIZOP_CDS_0308	MH252123.1	99.048	315	315	150925	0.0	646
BJJLIZOP_CDS_0308	MH252123.1	41.176	289	315	150925	7.42e-65	219
BJJLIZOP_CDS_0308	PV730300.1	99.048	315	315	146712	0.0	645
BJJLIZOP_CDS_0308	PV730300.1	41.176	289	315	146712	6.12e-65	219
BJJLIZOP_CDS_0308	OZ035771.1	98.730	315	315	144811	0.0	645
BJJLIZOP_CDS_0308	OZ035771.1	41.522	289	315	144811	2.43e-65	220
BJJLIZOP_CDS_0308	OL739525.1	99.048	315	315	151825	0.0	645
BJJLIZOP_CDS_0308	OL739525.1	40.830	289	315	151825	1.78e-64	218
BJJLIZOP_CDS_0308	PP129558.1	99.048	315	315	149967	0.0	645
BJJLIZOP_CDS_0308	PP129558.1	41.176	289	315	149967	1.02e-64	218
BJJLIZOP_CDS_0308	OR544956.1	99.048	315	315	130723	0.0	645
BJJLIZOP_CDS_0308	OR544956.1	41.176	289	315	130723	6.12e-65	219
BJJLIZOP_CDS_0308	OP172791.1	98.413	315	315	151113	0.0	645
BJJLIZOP_CDS_0308	OP172791.1	41.176	289	315	151113	8.17e-65	219
BJJLIZOP_CDS_0308	OR062524.1	99.048	315	315	150431	0.0	644
BJJLIZOP_CDS_0308	OR062524.1	41.522	289	315	150431	4.63e-65	219
BJJLIZOP_CDS_0308	PV191315.1	99.367	316	315	151674	0.0	644
BJJLIZOP_CDS_0308	PV191315.1	41.176	289	315	151674	6.12e-65	219
BJJLIZOP_CDS_0308	OP172792.1	98.730	315	315	151993	0.0	644
BJJLIZOP_CDS_0308	OP172792.1	40.830	289	315	151993	1.09e-64	218
BJJLIZOP_CDS_0308	JX561091.1	99.367	316	315	147737	0.0	644
BJJLIZOP_CDS_0308	JX561091.1	41.176	289	315	147737	6.12e-65	219
BJJLIZOP_CDS_0308	OR786310.1	98.730	315	315	149880	0.0	644
BJJLIZOP_CDS_0308	OR786310.1	40.830	289	315	149880	1.78e-64	218
BJJLIZOP_CDS_0308	LR597654.1	98.413	315	315	150152	0.0	644
BJJLIZOP_CDS_0308	LR597654.1	40.807	223	315	150152	5.19e-56	167
BJJLIZOP_CDS_0308	LR597654.1	45.946	74	315	150152	5.19e-56	67.4
BJJLIZOP_CDS_0308	OL631481.1	98.730	315	315	149818	0.0	643
BJJLIZOP_CDS_0308	OL631481.1	40.830	289	315	149818	1.59e-64	218
BJJLIZOP_CDS_0308	KX552041.2	98.413	315	315	149813	0.0	643
BJJLIZOP_CDS_0308	KX552041.2	41.522	289	315	149813	3.40e-65	220
BJJLIZOP_CDS_0308	MN850598.1	98.413	315	315	144998	0.0	642
BJJLIZOP_CDS_0308	MN850598.1	41.176	289	315	144998	8.99e-65	219
BJJLIZOP_CDS_0308	MH160766.1	98.095	315	315	149803	0.0	639
BJJLIZOP_CDS_0308	MH160766.1	41.522	289	315	149803	3.00e-65	220
BJJLIZOP_CDS_0308	OQ031492.1	100.000	306	315	149246	0.0	629
BJJLIZOP_CDS_0308	OQ031492.1	41.176	221	315	149246	5.50e-54	169
BJJLIZOP_CDS_0308	OQ031492.1	42.466	73	315	149246	5.50e-54	58.5
BJJLIZOP_CDS_0308	OM386656.1	98.750	240	315	149073	0.0	490
BJJLIZOP_CDS_0308	OM386656.1	96.386	83	315	149073	0.0	167
BJJLIZOP_CDS_0308	OM386656.1	41.176	289	315	149073	6.30e-65	219
BJJLIZOP_CDS_0309	PP129558.1	100.000	304	314	149967	0.0	636
BJJLIZOP_CDS_0309	PP129558.1	41.176	289	314	149967	2.32e-64	218
BJJLIZOP_CDS_0309	PV730300.1	99.671	304	314	146712	0.0	635
BJJLIZOP_CDS_0309	PV730300.1	41.176	289	314	146712	1.39e-64	218
BJJLIZOP_CDS_0309	PV191315.1	99.671	304	314	151674	0.0	635
BJJLIZOP_CDS_0309	PV191315.1	41.176	289	314	151674	9.70e-66	221
BJJLIZOP_CDS_0309	PQ433349.1	99.671	304	314	151245	0.0	635
BJJLIZOP_CDS_0309	PQ433349.1	41.176	289	314	151245	1.34e-64	218
BJJLIZOP_CDS_0309	OR544956.1	99.671	304	314	130723	0.0	635
BJJLIZOP_CDS_0309	OR544956.1	40.830	289	314	130723	4.25e-64	217
BJJLIZOP_CDS_0309	OM362897.1	99.671	304	314	152401	0.0	635
BJJLIZOP_CDS_0309	OM362897.1	41.176	289	314	152401	1.64e-64	218
BJJLIZOP_CDS_0309	OL505078.1	99.671	304	314	151425	0.0	635
BJJLIZOP_CDS_0309	OL505078.1	41.176	289	314	151425	1.82e-64	218
BJJLIZOP_CDS_0309	MZ726793.1	99.671	304	314	151660	0.0	635
BJJLIZOP_CDS_0309	MZ726793.1	41.176	289	314	151660	1.64e-64	218
BJJLIZOP_CDS_0309	MW175890.1	99.671	304	314	150892	0.0	635
BJJLIZOP_CDS_0309	MW175890.1	41.176	289	314	150892	1.07e-64	218
BJJLIZOP_CDS_0309	MT944117.1	99.671	304	314	152343	0.0	635
BJJLIZOP_CDS_0309	MT944117.1	41.176	289	314	152343	1.64e-64	218
BJJLIZOP_CDS_0309	MH252123.1	99.671	304	314	150925	0.0	635
BJJLIZOP_CDS_0309	MH252123.1	41.176	289	314	150925	1.82e-64	218
BJJLIZOP_CDS_0309	LR746137.1	99.671	304	314	152148	0.0	635
BJJLIZOP_CDS_0309	LR746137.1	41.176	289	314	152148	1.12e-64	218
BJJLIZOP_CDS_0309	JX561091.1	99.671	304	314	147737	0.0	635
BJJLIZOP_CDS_0309	JX561091.1	41.176	289	314	147737	1.12e-64	218
BJJLIZOP_CDS_0309	OP595145.1	99.342	304	314	151363	0.0	634
BJJLIZOP_CDS_0309	OP595145.1	41.176	289	314	151363	1.32e-64	218
BJJLIZOP_CDS_0309	MN850648.1	99.342	304	314	149335	0.0	634
BJJLIZOP_CDS_0309	MN850648.1	41.176	289	314	149335	2.03e-64	218
BJJLIZOP_CDS_0309	MN850618.1	99.671	304	314	150473	0.0	634
BJJLIZOP_CDS_0309	MN850618.1	41.176	289	314	150473	1.64e-64	218
BJJLIZOP_CDS_0309	OR786310.1	99.342	304	314	149880	0.0	634
BJJLIZOP_CDS_0309	OR786310.1	41.176	289	314	149880	1.56e-64	218
BJJLIZOP_CDS_0309	OL739525.1	99.342	304	314	151825	0.0	634
BJJLIZOP_CDS_0309	OL739525.1	41.176	289	314	151825	1.39e-64	218
BJJLIZOP_CDS_0309	OZ035728.1	99.342	304	314	149471	0.0	633
BJJLIZOP_CDS_0309	OZ035728.1	41.176	289	314	149471	1.99e-64	218
BJJLIZOP_CDS_0309	OR352956.1	99.342	304	314	149254	0.0	633
BJJLIZOP_CDS_0309	OR352956.1	41.176	289	314	149254	1.64e-64	218
BJJLIZOP_CDS_0309	OR067838.1	99.342	304	314	149856	0.0	633
BJJLIZOP_CDS_0309	OR067838.1	40.830	289	314	149856	3.44e-64	217
BJJLIZOP_CDS_0309	OM386656.1	99.342	304	314	149073	0.0	633
BJJLIZOP_CDS_0309	OM386656.1	42.544	228	314	149073	3.29e-54	179
BJJLIZOP_CDS_0309	OM386656.1	37.681	69	314	149073	3.29e-54	48.9
BJJLIZOP_CDS_0309	OL631481.1	99.342	304	314	149818	0.0	633
BJJLIZOP_CDS_0309	OL631481.1	41.522	289	314	149818	1.60e-65	221
BJJLIZOP_CDS_0309	MN850565.1	99.342	304	314	150947	0.0	633
BJJLIZOP_CDS_0309	MN850565.1	41.176	289	314	150947	2.21e-64	218
BJJLIZOP_CDS_0309	MK373788.1	99.342	304	314	151194	0.0	633
BJJLIZOP_CDS_0309	MK373788.1	41.176	289	314	151194	1.82e-64	218
BJJLIZOP_CDS_0309	OZ035743.1	99.342	304	314	142881	0.0	633
BJJLIZOP_CDS_0309	OZ035743.1	41.176	289	314	142881	1.12e-64	218
BJJLIZOP_CDS_0309	PQ826431.1	99.342	304	314	151106	0.0	632
BJJLIZOP_CDS_0309	PQ826431.1	40.830	289	314	151106	3.25e-64	217
BJJLIZOP_CDS_0309	OP172791.1	99.342	304	314	151113	0.0	632
BJJLIZOP_CDS_0309	OP172791.1	41.176	289	314	151113	2.15e-64	218
BJJLIZOP_CDS_0309	OM386667.1	99.342	304	314	156300	0.0	632
BJJLIZOP_CDS_0309	OM386667.1	40.830	289	314	156300	3.25e-64	217
BJJLIZOP_CDS_0309	OM386659.1	99.342	304	314	149194	0.0	632
BJJLIZOP_CDS_0309	OM386659.1	40.830	289	314	149194	3.25e-64	217
BJJLIZOP_CDS_0309	MT496970.1	99.342	304	314	151202	0.0	632
BJJLIZOP_CDS_0309	MT496970.1	40.830	289	314	151202	3.25e-64	217
BJJLIZOP_CDS_0309	OR437326.1	99.342	304	314	148445	0.0	632
BJJLIZOP_CDS_0309	OR437326.1	40.830	289	314	148445	3.25e-64	217
BJJLIZOP_CDS_0309	OP172792.1	99.013	304	314	151993	0.0	632
BJJLIZOP_CDS_0309	OP172792.1	40.830	289	314	151993	3.79e-64	217
BJJLIZOP_CDS_0309	OR352955.1	99.013	304	314	152808	0.0	631
BJJLIZOP_CDS_0309	OR352955.1	41.176	289	314	152808	2.21e-64	218
BJJLIZOP_CDS_0309	MN850571.1	99.013	304	314	151514	0.0	631
BJJLIZOP_CDS_0309	MN850571.1	41.176	289	314	151514	8.86e-65	219
BJJLIZOP_CDS_0309	MN850598.1	99.013	304	314	144998	0.0	631
BJJLIZOP_CDS_0309	MN850598.1	41.522	289	314	144998	2.88e-65	220
BJJLIZOP_CDS_0309	KX664695.3	99.013	304	314	149268	0.0	630
BJJLIZOP_CDS_0309	KX664695.3	41.176	289	314	149268	2.21e-64	218
BJJLIZOP_CDS_0309	OR062529.1	99.013	304	314	151980	0.0	629
BJJLIZOP_CDS_0309	OR062529.1	41.176	289	314	151980	1.12e-64	218
BJJLIZOP_CDS_0309	OR062526.1	99.013	304	314	151980	0.0	629
BJJLIZOP_CDS_0309	OR062526.1	41.176	289	314	151980	1.12e-64	218
BJJLIZOP_CDS_0309	MH160766.1	99.013	304	314	149803	0.0	629
BJJLIZOP_CDS_0309	MH160766.1	41.522	289	314	149803	1.88e-65	221
BJJLIZOP_CDS_0309	KX552041.2	99.013	304	314	149813	0.0	629
BJJLIZOP_CDS_0309	KX552041.2	41.522	289	314	149813	3.77e-65	219
BJJLIZOP_CDS_0309	OZ035771.1	99.013	304	314	144811	0.0	629
BJJLIZOP_CDS_0309	OZ035771.1	41.176	289	314	144811	2.21e-64	218
BJJLIZOP_CDS_0309	OR062524.1	99.013	304	314	150431	0.0	628
BJJLIZOP_CDS_0309	OR062524.1	41.176	289	314	150431	2.48e-64	217
BJJLIZOP_CDS_0309	MH051333.1	99.013	304	314	151671	0.0	628
BJJLIZOP_CDS_0309	MH051333.1	41.176	289	314	151671	2.21e-64	218
BJJLIZOP_CDS_0309	OQ031492.1	99.569	232	314	149246	7.00e-179	485
BJJLIZOP_CDS_0309	OQ031492.1	97.403	77	314	149246	7.00e-179	159
BJJLIZOP_CDS_0309	OQ031492.1	41.176	289	314	149246	1.28e-64	218
BJJLIZOP_CDS_0309	LR597654.1	96.596	235	314	150152	1.46e-177	476
BJJLIZOP_CDS_0309	LR597654.1	98.718	78	314	150152	1.46e-177	163
BJJLIZOP_CDS_0309	LR597654.1	41.522	289	314	150152	2.20e-65	220
BJJLIZOP_CDS_0310	OR544956.1	100.000	92	92	130723	1.71e-58	190
BJJLIZOP_CDS_0310	OZ035743.1	100.000	92	92	142881	1.71e-58	190
BJJLIZOP_CDS_0310	MN850598.1	100.000	92	92	144998	1.71e-58	190
BJJLIZOP_CDS_0310	PV730300.1	100.000	92	92	146712	1.71e-58	190
BJJLIZOP_CDS_0310	OR437326.1	100.000	92	92	148445	1.71e-58	190
BJJLIZOP_CDS_0310	OM386656.1	100.000	92	92	149073	1.71e-58	190
BJJLIZOP_CDS_0310	OQ031492.1	100.000	92	92	149246	1.71e-58	190
BJJLIZOP_CDS_0310	KX664695.3	100.000	92	92	149268	1.71e-58	190
BJJLIZOP_CDS_0310	MN850648.1	100.000	92	92	149335	1.71e-58	190
BJJLIZOP_CDS_0310	OZ035728.1	100.000	92	92	149471	1.71e-58	190
BJJLIZOP_CDS_0310	MH160766.1	100.000	92	92	149803	1.71e-58	190
BJJLIZOP_CDS_0310	KX552041.2	100.000	92	92	149813	1.71e-58	190
BJJLIZOP_CDS_0310	OL631481.1	100.000	92	92	149818	1.71e-58	190
BJJLIZOP_CDS_0310	OR067838.1	100.000	92	92	149856	1.71e-58	190
BJJLIZOP_CDS_0310	PP129558.1	100.000	92	92	149967	1.71e-58	190
BJJLIZOP_CDS_0310	LR597654.1	100.000	92	92	150152	1.71e-58	190
BJJLIZOP_CDS_0310	OR062524.1	100.000	92	92	150431	1.71e-58	190
BJJLIZOP_CDS_0310	MN850618.1	100.000	92	92	150473	1.71e-58	190
BJJLIZOP_CDS_0310	MW175890.1	100.000	92	92	150892	1.71e-58	190
BJJLIZOP_CDS_0310	MH252123.1	100.000	92	92	150925	1.71e-58	190
BJJLIZOP_CDS_0310	MN850565.1	100.000	92	92	150947	1.71e-58	190
BJJLIZOP_CDS_0310	OP172791.1	100.000	92	92	151113	1.71e-58	190
BJJLIZOP_CDS_0310	MK373788.1	100.000	92	92	151194	1.71e-58	190
BJJLIZOP_CDS_0310	MT496970.1	100.000	92	92	151202	1.71e-58	190
BJJLIZOP_CDS_0310	PQ433349.1	100.000	92	92	151245	1.71e-58	190
BJJLIZOP_CDS_0310	OP595145.1	100.000	92	92	151363	1.71e-58	190
BJJLIZOP_CDS_0310	OL505078.1	100.000	92	92	151425	1.71e-58	190
BJJLIZOP_CDS_0310	MN850571.1	100.000	92	92	151514	1.71e-58	190
BJJLIZOP_CDS_0310	MZ726793.1	100.000	92	92	151660	1.71e-58	190
BJJLIZOP_CDS_0310	MH051333.1	100.000	92	92	151671	1.71e-58	190
BJJLIZOP_CDS_0310	PV191315.1	100.000	92	92	151674	1.71e-58	190
BJJLIZOP_CDS_0310	OL739525.1	100.000	92	92	151825	1.71e-58	190
BJJLIZOP_CDS_0310	OR062529.1	100.000	92	92	151980	1.71e-58	190
BJJLIZOP_CDS_0310	OR062526.1	100.000	92	92	151980	1.71e-58	190
BJJLIZOP_CDS_0310	LR746137.1	100.000	92	92	152148	1.71e-58	190
BJJLIZOP_CDS_0310	MT944117.1	100.000	92	92	152343	1.71e-58	190
BJJLIZOP_CDS_0310	OM362897.1	100.000	92	92	152401	1.71e-58	190
BJJLIZOP_CDS_0310	OR352955.1	100.000	92	92	152808	1.71e-58	190
BJJLIZOP_CDS_0310	JX561091.1	98.913	92	92	147737	6.20e-58	188
BJJLIZOP_CDS_0310	OR352956.1	98.913	92	92	149254	6.20e-58	188
BJJLIZOP_CDS_0310	OP172792.1	98.913	92	92	151993	7.67e-58	188
BJJLIZOP_CDS_0310	OM386659.1	98.913	92	92	149194	8.79e-58	188
BJJLIZOP_CDS_0310	OM386667.1	98.913	92	92	156300	8.79e-58	188
BJJLIZOP_CDS_0310	OZ035771.1	98.913	92	92	144811	1.19e-57	187
BJJLIZOP_CDS_0310	OR786310.1	98.913	92	92	149880	1.73e-57	187
BJJLIZOP_CDS_0310	PQ826431.1	98.913	92	92	151106	1.73e-57	187
BJJLIZOP_CDS_0311	PV730300.1	100.000	592	592	146712	0.0	1186
BJJLIZOP_CDS_0311	PV191315.1	100.000	592	592	151674	0.0	1186
BJJLIZOP_CDS_0311	PQ826431.1	100.000	592	592	151106	0.0	1186
BJJLIZOP_CDS_0311	PQ433349.1	100.000	592	592	151245	0.0	1186
BJJLIZOP_CDS_0311	PP129558.1	100.000	592	592	149967	0.0	1186
BJJLIZOP_CDS_0311	OZ035771.1	100.000	592	592	144811	0.0	1186
BJJLIZOP_CDS_0311	OZ035743.1	100.000	592	592	142881	0.0	1186
BJJLIZOP_CDS_0311	OZ035728.1	100.000	592	592	149471	0.0	1186
BJJLIZOP_CDS_0311	OR786310.1	100.000	592	592	149880	0.0	1186
BJJLIZOP_CDS_0311	OR437326.1	100.000	592	592	148445	0.0	1186
BJJLIZOP_CDS_0311	OR352955.1	100.000	592	592	152808	0.0	1186
BJJLIZOP_CDS_0311	OR062529.1	100.000	592	592	151980	0.0	1186
BJJLIZOP_CDS_0311	OR062526.1	100.000	592	592	151980	0.0	1186
BJJLIZOP_CDS_0311	OR062524.1	100.000	592	592	150431	0.0	1186
BJJLIZOP_CDS_0311	OQ031492.1	100.000	592	592	149246	0.0	1186
BJJLIZOP_CDS_0311	OP595145.1	100.000	592	592	151363	0.0	1186
BJJLIZOP_CDS_0311	OP172791.1	100.000	592	592	151113	0.0	1186
BJJLIZOP_CDS_0311	OM386667.1	100.000	592	592	156300	0.0	1186
BJJLIZOP_CDS_0311	OM386659.1	100.000	592	592	149194	0.0	1186
BJJLIZOP_CDS_0311	OM362897.1	100.000	592	592	152401	0.0	1186
BJJLIZOP_CDS_0311	OL739525.1	100.000	592	592	151825	0.0	1186
BJJLIZOP_CDS_0311	OL631481.1	100.000	592	592	149818	0.0	1186
BJJLIZOP_CDS_0311	OL505078.1	100.000	592	592	151425	0.0	1186
BJJLIZOP_CDS_0311	MZ726793.1	100.000	592	592	151660	0.0	1186
BJJLIZOP_CDS_0311	MW175890.1	100.000	592	592	150892	0.0	1186
BJJLIZOP_CDS_0311	MT944117.1	100.000	592	592	152343	0.0	1186
BJJLIZOP_CDS_0311	MT496970.1	100.000	592	592	151202	0.0	1186
BJJLIZOP_CDS_0311	MN850648.1	100.000	592	592	149335	0.0	1186
BJJLIZOP_CDS_0311	MN850618.1	100.000	592	592	150473	0.0	1186
BJJLIZOP_CDS_0311	MN850598.1	100.000	592	592	144998	0.0	1186
BJJLIZOP_CDS_0311	MK373788.1	100.000	592	592	151194	0.0	1186
BJJLIZOP_CDS_0311	MH051333.1	100.000	592	592	151671	0.0	1186
BJJLIZOP_CDS_0311	LR746137.1	100.000	592	592	152148	0.0	1186
BJJLIZOP_CDS_0311	LR597654.1	100.000	592	592	150152	0.0	1186
BJJLIZOP_CDS_0311	JX561091.1	100.000	592	592	147737	0.0	1186
BJJLIZOP_CDS_0311	OR352956.1	99.831	592	592	149254	0.0	1184
BJJLIZOP_CDS_0311	OR067838.1	99.831	592	592	149856	0.0	1184
BJJLIZOP_CDS_0311	OP172792.1	99.831	592	592	151993	0.0	1184
BJJLIZOP_CDS_0311	OM386656.1	99.831	592	592	149073	0.0	1184
BJJLIZOP_CDS_0311	MN850571.1	99.831	592	592	151514	0.0	1184
BJJLIZOP_CDS_0311	MN850565.1	99.831	592	592	150947	0.0	1184
BJJLIZOP_CDS_0311	MH252123.1	99.831	592	592	150925	0.0	1184
BJJLIZOP_CDS_0311	MH160766.1	99.831	592	592	149803	0.0	1184
BJJLIZOP_CDS_0311	KX664695.3	99.831	592	592	149268	0.0	1184
BJJLIZOP_CDS_0311	KX552041.2	99.831	592	592	149813	0.0	1184
BJJLIZOP_CDS_0311	OR544956.1	100.000	493	592	130723	0.0	977
BJJLIZOP_CDS_0311	OR544956.1	100.000	96	592	130723	2.95e-56	203
BJJLIZOP_CDS_0312	OZ035743.1	99.301	143	143	142881	1.05e-82	262
BJJLIZOP_CDS_0312	OZ035771.1	99.301	143	143	144811	1.05e-82	262
BJJLIZOP_CDS_0312	PV730300.1	99.301	143	143	146712	1.05e-82	262
BJJLIZOP_CDS_0312	OR352956.1	99.301	143	143	149254	1.05e-82	262
BJJLIZOP_CDS_0312	MN850648.1	99.301	143	143	149335	1.05e-82	262
BJJLIZOP_CDS_0312	OZ035728.1	99.301	143	143	149471	1.05e-82	262
BJJLIZOP_CDS_0312	MH160766.1	99.301	143	143	149803	1.05e-82	262
BJJLIZOP_CDS_0312	OR786310.1	99.301	143	143	149880	1.05e-82	262
BJJLIZOP_CDS_0312	MT496970.1	99.301	143	143	151202	1.05e-82	262
BJJLIZOP_CDS_0312	PQ433349.1	99.301	143	143	151245	1.05e-82	262
BJJLIZOP_CDS_0312	OP595145.1	99.301	143	143	151363	1.05e-82	262
BJJLIZOP_CDS_0312	MH051333.1	99.301	143	143	151671	1.05e-82	262
BJJLIZOP_CDS_0312	OL739525.1	99.301	143	143	151825	1.05e-82	262
BJJLIZOP_CDS_0312	PQ826431.1	99.301	143	143	151106	1.28e-82	262
BJJLIZOP_CDS_0312	OM386659.1	99.301	143	143	149194	1.57e-82	261
BJJLIZOP_CDS_0312	OM386667.1	99.301	143	143	156300	1.57e-82	261
BJJLIZOP_CDS_0312	MN850598.1	98.601	143	143	144998	1.89e-82	261
BJJLIZOP_CDS_0312	JX561091.1	98.601	143	143	147737	1.89e-82	261
BJJLIZOP_CDS_0312	OM386656.1	98.601	143	143	149073	1.89e-82	261
BJJLIZOP_CDS_0312	OQ031492.1	98.601	143	143	149246	1.89e-82	261
BJJLIZOP_CDS_0312	KX664695.3	98.601	143	143	149268	1.89e-82	261
BJJLIZOP_CDS_0312	KX552041.2	98.601	143	143	149813	1.89e-82	261
BJJLIZOP_CDS_0312	OR067838.1	98.601	143	143	149856	1.89e-82	261
BJJLIZOP_CDS_0312	PP129558.1	98.601	143	143	149967	1.89e-82	261
BJJLIZOP_CDS_0312	LR597654.1	98.601	143	143	150152	1.89e-82	261
BJJLIZOP_CDS_0312	OR062524.1	98.601	143	143	150431	1.89e-82	261
BJJLIZOP_CDS_0312	MN850618.1	98.601	143	143	150473	1.89e-82	261
BJJLIZOP_CDS_0312	MH252123.1	98.601	143	143	150925	1.89e-82	261
BJJLIZOP_CDS_0312	MN850565.1	98.601	143	143	150947	1.89e-82	261
BJJLIZOP_CDS_0312	OP172791.1	98.601	143	143	151113	1.89e-82	261
BJJLIZOP_CDS_0312	MK373788.1	98.601	143	143	151194	1.89e-82	261
BJJLIZOP_CDS_0312	OL505078.1	98.601	143	143	151425	1.89e-82	261
BJJLIZOP_CDS_0312	MZ726793.1	98.601	143	143	151660	1.89e-82	261
BJJLIZOP_CDS_0312	PV191315.1	98.601	143	143	151674	1.89e-82	261
BJJLIZOP_CDS_0312	OR062529.1	98.601	143	143	151980	1.89e-82	261
BJJLIZOP_CDS_0312	OR062526.1	98.601	143	143	151980	1.89e-82	261
BJJLIZOP_CDS_0312	MT944117.1	98.601	143	143	152343	1.89e-82	261
BJJLIZOP_CDS_0312	OM362897.1	98.601	143	143	152401	1.89e-82	261
BJJLIZOP_CDS_0312	OL631481.1	98.601	143	143	149818	2.36e-82	261
BJJLIZOP_CDS_0312	OR544956.1	98.601	143	143	130723	2.47e-82	261
BJJLIZOP_CDS_0312	MW175890.1	98.601	143	143	150892	2.47e-82	261
BJJLIZOP_CDS_0312	OR352955.1	98.601	143	143	152808	2.75e-82	261
BJJLIZOP_CDS_0312	OP172792.1	98.601	143	143	151993	2.78e-82	261
BJJLIZOP_CDS_0312	MN850571.1	98.601	143	143	151514	6.52e-82	259
BJJLIZOP_CDS_0312	LR746137.1	97.902	143	143	152148	7.04e-82	259
BJJLIZOP_CDS_0312	OR437326.1	97.203	143	143	148445	3.48e-81	258
BJJLIZOP_CDS_0313	PV730300.1	100.000	264	264	146712	3.30e-179	545
BJJLIZOP_CDS_0313	MH160766.1	100.000	264	264	149803	3.30e-179	545
BJJLIZOP_CDS_0313	MH252123.1	100.000	264	264	150925	3.30e-179	545
BJJLIZOP_CDS_0313	OP172791.1	100.000	264	264	151113	3.30e-179	545
BJJLIZOP_CDS_0313	MK373788.1	100.000	264	264	151194	3.30e-179	545
BJJLIZOP_CDS_0313	MT496970.1	100.000	264	264	151202	3.30e-179	545
BJJLIZOP_CDS_0313	OZ035743.1	99.621	264	264	142881	5.62e-179	544
BJJLIZOP_CDS_0313	OQ031492.1	99.621	264	264	149246	5.62e-179	544
BJJLIZOP_CDS_0313	KX664695.3	99.621	264	264	149268	5.62e-179	544
BJJLIZOP_CDS_0313	MN850648.1	99.621	264	264	149335	5.62e-179	544
BJJLIZOP_CDS_0313	OZ035728.1	99.621	264	264	149471	5.62e-179	544
BJJLIZOP_CDS_0313	KX552041.2	99.621	264	264	149813	5.62e-179	544
BJJLIZOP_CDS_0313	OL631481.1	99.621	264	264	149818	5.62e-179	544
BJJLIZOP_CDS_0313	OR067838.1	99.621	264	264	149856	5.62e-179	544
BJJLIZOP_CDS_0313	PP129558.1	99.621	264	264	149967	5.62e-179	544
BJJLIZOP_CDS_0313	LR597654.1	99.621	264	264	150152	5.62e-179	544
BJJLIZOP_CDS_0313	OR062524.1	99.621	264	264	150431	5.62e-179	544
BJJLIZOP_CDS_0313	MW175890.1	99.621	264	264	150892	5.62e-179	544
BJJLIZOP_CDS_0313	PQ826431.1	99.621	264	264	151106	5.62e-179	544
BJJLIZOP_CDS_0313	PQ433349.1	99.621	264	264	151245	5.62e-179	544
BJJLIZOP_CDS_0313	OP595145.1	99.621	264	264	151363	5.62e-179	544
BJJLIZOP_CDS_0313	OL505078.1	99.621	264	264	151425	5.62e-179	544
BJJLIZOP_CDS_0313	MN850571.1	99.621	264	264	151514	5.62e-179	544
BJJLIZOP_CDS_0313	MZ726793.1	99.621	264	264	151660	5.62e-179	544
BJJLIZOP_CDS_0313	PV191315.1	99.621	264	264	151674	5.62e-179	544
BJJLIZOP_CDS_0313	OP172792.1	99.621	264	264	151993	5.62e-179	544
BJJLIZOP_CDS_0313	LR746137.1	99.621	264	264	152148	5.62e-179	544
BJJLIZOP_CDS_0313	OR352955.1	99.621	264	264	152808	5.62e-179	544
BJJLIZOP_CDS_0313	OM386659.1	99.621	264	264	149194	6.31e-179	544
BJJLIZOP_CDS_0313	MH051333.1	99.621	264	264	151671	6.31e-179	544
BJJLIZOP_CDS_0313	OM386667.1	99.621	264	264	156300	6.31e-179	544
BJJLIZOP_CDS_0313	OR062529.1	99.242	264	264	151980	1.90e-178	542
BJJLIZOP_CDS_0313	OR062526.1	99.242	264	264	151980	1.90e-178	542
BJJLIZOP_CDS_0313	MT944117.1	98.864	264	264	152343	2.07e-178	542
BJJLIZOP_CDS_0313	OR437326.1	99.242	264	264	148445	2.09e-178	542
BJJLIZOP_CDS_0313	OM362897.1	99.242	264	264	152401	2.33e-178	542
BJJLIZOP_CDS_0313	MN850598.1	99.242	264	264	144998	2.44e-178	542
BJJLIZOP_CDS_0313	JX561091.1	99.620	263	264	147737	2.47e-178	542
BJJLIZOP_CDS_0313	OR544956.1	99.242	264	264	130723	5.94e-178	541
BJJLIZOP_CDS_0313	MN850618.1	99.242	264	264	150473	5.95e-178	541
BJJLIZOP_CDS_0313	OL739525.1	98.864	264	264	151825	1.42e-177	540
BJJLIZOP_CDS_0313	OR786310.1	98.485	264	264	149880	5.09e-177	538
BJJLIZOP_CDS_0313	MN850565.1	97.727	264	264	150947	3.14e-176	536
BJJLIZOP_CDS_0313	OZ035771.1	97.348	264	264	144811	1.15e-175	535
BJJLIZOP_CDS_0313	OM386656.1	97.348	264	264	149073	1.15e-175	535
BJJLIZOP_CDS_0313	OR352956.1	97.348	264	264	149254	1.15e-175	535
