ETMEFFSM_CDS_0018	4949504f1ebbbf58665c3493f1e5ab8c	44	Phobius	CYTOPLASMIC_DOMAIN	Region of a membrane-bound protein predicted to be outside the membrane, in the cytoplasm.	35	44	-	T	13-04-2026	-	-	-	-
ETMEFFSM_CDS_0018	4949504f1ebbbf58665c3493f1e5ab8c	44	TMHMM	TMhelix	Region of a membrane-bound protein predicted to be embedded in the membrane.	10	32	-	T	13-04-2026	-	-	-	-
ETMEFFSM_CDS_0018	4949504f1ebbbf58665c3493f1e5ab8c	44	Phobius	TRANSMEMBRANE	Region of a membrane-bound protein predicted to be embedded in the membrane.	14	34	-	T	13-04-2026	-	-	-	-
ETMEFFSM_CDS_0018	4949504f1ebbbf58665c3493f1e5ab8c	44	Phobius	NON_CYTOPLASMIC_DOMAIN	Region of a membrane-bound protein predicted to be outside the membrane, in the extracellular region.	1	13	-	T	13-04-2026	-	-	-	-
ETMEFFSM_CDS_0077	bf70ddee1d7b5345c855ae1c28c1de3d	133	Gene3D	G3DSA:3.30.2000.20	-	9	133	7.5E-20	T	13-04-2026	-	-	-	-
ETMEFFSM_CDS_0077	bf70ddee1d7b5345c855ae1c28c1de3d	133	Pfam	PF13554	Phage tail terminator protein	23	127	1.8E-16	T	13-04-2026	IPR025395	PPhage tail terminator protein-like	-	-
ETMEFFSM_CDS_0003	8dfd20fec9d51c78fb7abb9a75a909b1	242	Phobius	NON_CYTOPLASMIC_DOMAIN	Region of a membrane-bound protein predicted to be outside the membrane, in the extracellular region.	1	56	-	T	13-04-2026	-	-	-	-
ETMEFFSM_CDS_0003	8dfd20fec9d51c78fb7abb9a75a909b1	242	TMHMM	TMhelix	Region of a membrane-bound protein predicted to be embedded in the membrane.	58	80	-	T	13-04-2026	-	-	-	-
ETMEFFSM_CDS_0003	8dfd20fec9d51c78fb7abb9a75a909b1	242	Phobius	CYTOPLASMIC_DOMAIN	Region of a membrane-bound protein predicted to be outside the membrane, in the cytoplasm.	79	242	-	T	13-04-2026	-	-	-	-
ETMEFFSM_CDS_0003	8dfd20fec9d51c78fb7abb9a75a909b1	242	Phobius	TRANSMEMBRANE	Region of a membrane-bound protein predicted to be embedded in the membrane.	57	78	-	T	13-04-2026	-	-	-	-
ETMEFFSM_CDS_0027	57e0fd158e65f3cc5b5dfc8669c236b3	173	Pfam	PF23796	Family of unknown function (DUF7174)	5	172	9.5E-49	T	13-04-2026	IPR055598	Protein of unknown function DUF7174	-	-
ETMEFFSM_CDS_0023	353eb6ead213e1db5edb74d81cae5393	77	Pfam	PF23805	Family of unknown function (DUF7180)	1	76	8.2E-23	T	13-04-2026	IPR055604	Protein of unknown function DUF7180	-	-
ETMEFFSM_CDS_0073	ecd9e91fb7145128b905e29933b61600	85	Pfam	PF08809	Phage related hypothetical protein (DUF1799)	1	79	7.6E-12	T	13-04-2026	IPR014915	Bacteriophage TLS, TfmB	-	-
ETMEFFSM_CDS_0066	84ea16fc7fa3fb9408deb78dff5d2cf9	320	Pfam	PF20051	Family of unknown function (DUF6453)	4	297	4.2E-132	T	13-04-2026	IPR045604	Protein of unknown function DUF6453	-	-
ETMEFFSM_CDS_0059	0bf1fa2c1442ef34659b3e819857dc2b	323	Pfam	PF12684	PDDEXK-like domain of unknown function (DUF3799)	30	302	5.8E-15	T	13-04-2026	IPR024432	Putative exodeoxyribonuclease 8, PDDEXK-like domain	-	-
ETMEFFSM_CDS_0059	0bf1fa2c1442ef34659b3e819857dc2b	323	Gene3D	G3DSA:3.90.320.10	-	11	319	2.3E-49	T	13-04-2026	IPR011604	PD-(D/E)XK endonuclease-like domain superfamily	-	Reactome:R-BTA-174437|Reactome:R-BTA-5685938|Reactome:R-BTA-5685942|Reactome:R-BTA-5693568|Reactome:R-BTA-5693579|Reactome:R-BTA-5693607|Reactome:R-BTA-5693616|Reactome:R-BTA-6804756|Reactome:R-BTA-69166|Reactome:R-BTA-69473|Reactome:R-GGA-5685938|Reactome:R-GGA-5685942|Reactome:R-GGA-5693568|Reactome:R-GGA-5693579|Reactome:R-GGA-5693607|Reactome:R-GGA-5693616|Reactome:R-HSA-174437|Reactome:R-HSA-5685938|Reactome:R-HSA-5685942|Reactome:R-HSA-5693554|Reactome:R-HSA-5693568|Reactome:R-HSA-5693579|Reactome:R-HSA-5693607|Reactome:R-HSA-5693616|Reactome:R-HSA-6804756|Reactome:R-HSA-69166|Reactome:R-HSA-69473|Reactome:R-HSA-9701192|Reactome:R-HSA-9704331|Reactome:R-HSA-9704646|Reactome:R-HSA-9709570|Reactome:R-HSA-9709603|Reactome:R-HSA-9913635|Reactome:R-MMU-174437|Reactome:R-MMU-5685938|Reactome:R-MMU-5685942|Reactome:R-MMU-5693568|Reactome:R-MMU-5693579|Reactome:R-MMU-5693607|Reactome:R-MMU-5693616|Reactome:R-MMU-6804756|Reactome:R-MMU-69166|Reactome:R-MMU-69473|Reactome:R-RNO-174437|Reactome:R-RNO-5685938|Reactome:R-RNO-5685942|Reactome:R-RNO-5693568|Reactome:R-RNO-5693579|Reactome:R-RNO-5693607|Reactome:R-RNO-5693616|Reactome:R-RNO-6804756|Reactome:R-RNO-69166|Reactome:R-RNO-69473|Reactome:R-SCE-69166|Reactome:R-SPO-174437|Reactome:R-SPO-69166
ETMEFFSM_CDS_0075	dbae683c7aa1b533c5f8cf44b083a47a	82	Phobius	SIGNAL_PEPTIDE	Signal peptide region	1	26	-	T	13-04-2026	-	-	-	-
ETMEFFSM_CDS_0075	dbae683c7aa1b533c5f8cf44b083a47a	82	Phobius	SIGNAL_PEPTIDE_C_REGION	C-terminal region of a signal peptide.	22	26	-	T	13-04-2026	-	-	-	-
ETMEFFSM_CDS_0075	dbae683c7aa1b533c5f8cf44b083a47a	82	SignalP_EUK	SignalP-noTM	SignalP-noTM	1	23	-	T	13-04-2026	-	-	-	-
ETMEFFSM_CDS_0075	dbae683c7aa1b533c5f8cf44b083a47a	82	Phobius	SIGNAL_PEPTIDE_N_REGION	N-terminal region of a signal peptide.	1	9	-	T	13-04-2026	-	-	-	-
ETMEFFSM_CDS_0075	dbae683c7aa1b533c5f8cf44b083a47a	82	SignalP_GRAM_POSITIVE	SignalP-TM	SignalP-TM	1	32	-	T	13-04-2026	-	-	-	-
ETMEFFSM_CDS_0075	dbae683c7aa1b533c5f8cf44b083a47a	82	Phobius	SIGNAL_PEPTIDE_H_REGION	Hydrophobic region of a signal peptide.	10	21	-	T	13-04-2026	-	-	-	-
ETMEFFSM_CDS_0075	dbae683c7aa1b533c5f8cf44b083a47a	82	TMHMM	TMhelix	Region of a membrane-bound protein predicted to be embedded in the membrane.	7	24	-	T	13-04-2026	-	-	-	-
ETMEFFSM_CDS_0075	dbae683c7aa1b533c5f8cf44b083a47a	82	Phobius	NON_CYTOPLASMIC_DOMAIN	Region of a membrane-bound protein predicted to be outside the membrane, in the extracellular region.	27	82	-	T	13-04-2026	-	-	-	-
ETMEFFSM_CDS_0075	dbae683c7aa1b533c5f8cf44b083a47a	82	SignalP_EUK	SignalP-noTM	SignalP-noTM	1	21	-	T	13-04-2026	-	-	-	-
ETMEFFSM_CDS_0043	3e4182178fc94eeb5d686dd51e3585ca	57	Pfam	PF23896	Domain of unknown function (DUF7244)	1	57	9.3E-26	T	13-04-2026	IPR055668	Domain of unknown function DUF7244	-	-
ETMEFFSM_CDS_0052	e7c1d029723e305bb16507e157265cb2	139	Pfam	PF08774	VRR-NUC domain	24	126	5.6E-5	T	13-04-2026	IPR014883	VRR-NUC domain	GO:0016788(InterPro)	Reactome:R-HSA-6783310|Reactome:R-MMU-6783310
ETMEFFSM_CDS_0052	e7c1d029723e305bb16507e157265cb2	139	Gene3D	G3DSA:3.40.1350.10	-	19	139	1.5E-19	T	13-04-2026	IPR011856	tRNA endonuclease-like domain superfamily	GO:0003676(InterPro)	Reactome:R-HSA-6783310|Reactome:R-HSA-6784531|Reactome:R-MMU-6783310
ETMEFFSM_CDS_0072	c8609ca10e95ebf9337fc314d046d74d	990	Pfam	PF06791	Prophage tail length tape measure protein	209	409	6.0E-48	T	13-04-2026	IPR009628	Bacteriophage tail tape measure, N-terminal	-	-
ETMEFFSM_CDS_0072	c8609ca10e95ebf9337fc314d046d74d	990	Coils	Coil	Coil	574	608	-	T	13-04-2026	-	-	-	-
ETMEFFSM_CDS_0072	c8609ca10e95ebf9337fc314d046d74d	990	Hamap	MF_04138	Tape measure protein [H].	1	988	13.451269	T	13-04-2026	IPR043680	Tape measure protein	-	-
ETMEFFSM_CDS_0072	c8609ca10e95ebf9337fc314d046d74d	990	Pfam	PF09718	Lambda phage tail tape-measure protein (Tape_meas_lam_C)	773	846	1.7E-13	T	13-04-2026	IPR006431	Bacteriophage tail tape measure, C-terminal	-	-
ETMEFFSM_CDS_0072	c8609ca10e95ebf9337fc314d046d74d	990	NCBIfam	TIGR01541	phage tail tape measure protein	617	948	2.9E-47	T	13-04-2026	IPR006431	Bacteriophage tail tape measure, C-terminal	-	-
ETMEFFSM_CDS_0072	c8609ca10e95ebf9337fc314d046d74d	990	Coils	Coil	Coil	636	656	-	T	13-04-2026	-	-	-	-
ETMEFFSM_CDS_0072	c8609ca10e95ebf9337fc314d046d74d	990	Coils	Coil	Coil	523	550	-	T	13-04-2026	-	-	-	-
ETMEFFSM_CDS_0072	c8609ca10e95ebf9337fc314d046d74d	990	Coils	Coil	Coil	151	171	-	T	13-04-2026	-	-	-	-
ETMEFFSM_CDS_0072	c8609ca10e95ebf9337fc314d046d74d	990	Coils	Coil	Coil	109	129	-	T	13-04-2026	-	-	-	-
ETMEFFSM_CDS_0062	56aa82b55ecd982344036801bbd2940c	52	TMHMM	TMhelix	Region of a membrane-bound protein predicted to be embedded in the membrane.	26	48	-	T	13-04-2026	-	-	-	-
ETMEFFSM_CDS_0034	bd6009ef7a05031ce6b0d536226e4773	54	Coils	Coil	Coil	30	50	-	T	13-04-2026	-	-	-	-
ETMEFFSM_CDS_0071	455acd521a0ea9f554def79eed11e007	115	Pfam	PF05939	Phage minor tail protein	4	111	2.6E-14	T	13-04-2026	IPR010265	Bacteriophage lambda, Tail tip protein M	-	-
ETMEFFSM_CDS_0006	5fb48ec6725d23e55119c95cd8daa4f5	539	Gene3D	G3DSA:3.30.420.240	-	343	519	7.5E-8	T	13-04-2026	-	-	-	-
ETMEFFSM_CDS_0006	5fb48ec6725d23e55119c95cd8daa4f5	539	Pfam	PF17289	Terminase RNaseH-like domain	368	519	8.4E-4	T	13-04-2026	IPR035421	Terminase, large subunit gp17-like, C-terminal	-	MetaCyc:PWY-7250
ETMEFFSM_CDS_0006	5fb48ec6725d23e55119c95cd8daa4f5	539	NCBIfam	TIGR01630	phage terminase large subunit C-terminal domain	379	522	5.7E-23	T	13-04-2026	IPR006517	Phage terminase large subunit-like, C-terminal domain	-	-
ETMEFFSM_CDS_0081	3b450dfad65eb0016c1ff434409694b3	81	Pfam	PF24231	Family of unknown function (DUF7444)	2	80	7.9E-16	T	13-04-2026	IPR055867	Protein of unknown function DUF7444	-	-
ETMEFFSM_CDS_0004	06d8797d7e279fd13147fee039bb07bb	425	Pfam	PF06381	Phage portal protein	37	374	3.2E-62	T	13-04-2026	IPR024459	Anti-CBASS protein Acb1-like, N-terminal domain	-	-
ETMEFFSM_CDS_0067	ffac269bc1069a3516cd35abe9008255	1141	PANTHER	PTHR36251	FELS-1 PROPHAGE HOST SPECIFICITY PROTEIN-RELATED	19	899	1.4E-262	T	13-04-2026	IPR053171	Viral Tip Attachment Protein	-	-
ETMEFFSM_CDS_0067	ffac269bc1069a3516cd35abe9008255	1141	CDD	cd00063	FN3	644	732	1.1864E-6	T	13-04-2026	IPR003961	Fibronectin type III	GO:0005515(InterPro)	Reactome:R-BTA-1266695|Reactome:R-BTA-140834|Reactome:R-BTA-210993|Reactome:R-BTA-388844|Reactome:R-BTA-445355|Reactome:R-BTA-5627123|Reactome:R-BTA-5673001|Reactome:R-BTA-6785807|Reactome:R-BTA-77387|Reactome:R-BTA-8849932|Reactome:R-BTA-8932505|Reactome:R-BTA-8983432|Reactome:R-BTA-8985947|Reactome:R-BTA-9020558|Reactome:R-BTA-9020958|Reactome:R-BTA-909733|Reactome:R-BTA-912526|Reactome:R-BTA-912694|Reactome:R-BTA-983168|Reactome:R-CEL-114608|Reactome:R-CEL-1474228|Reactome:R-CEL-1971475|Reactome:R-CEL-2022928|Reactome:R-CEL-2024096|Reactome:R-CEL-210991|Reactome:R-CEL-216083|Reactome:R-CEL-2682334|Reactome:R-CEL-3000157|Reactome:R-CEL-3000171|Reactome:R-CEL-3000178|Reactome:R-CEL-351906|Reactome:R-CEL-373752|Reactome:R-CEL-373753|Reactome:R-CEL-373756|Reactome:R-CEL-375165|Reactome:R-CEL-376176|Reactome:R-CEL-388844|Reactome:R-CEL-3928662|Reactome:R-CEL-3928663|Reactome:R-CEL-3928664|Reactome:R-CEL-3928665|Reactome:R-CEL-416700|Reactome:R-CEL-418885|Reactome:R-CEL-418886|Reactome:R-CEL-418889|Reactome:R-CEL-433692|Reactome:R-CEL-5218920|Reactome:R-CEL-5673001|Reactome:R-CEL-6798695|Reactome:R-CEL-6807004|Reactome:R-CEL-6809371|Reactome:R-CEL-77387|Reactome:R-CEL-8849932|Reactome:R-CEL-8863795|Reactome:R-CEL-9013149|Reactome:R-CEL-9013404|Reactome:R-CEL-9013408|Reactome:R-CEL-9013420|Reactome:R-CEL-9013423|Reactome:R-CEL-9013424|Reactome:R-CEL-9749641|Reactome:R-CEL-9764561|Reactome:R-CEL-9772755|Reactome:R-CEL-9913351|Reactome:R-CFA-6785807|Reactome:R-CFA-6788467|Reactome:R-CFA-8932505|Reactome:R-DME-110478|Reactome:R-DME-114604|Reactome:R-DME-209209|Reactome:R-DME-209228|Reactome:R-DME-209338|Reactome:R-DME-210688|Reactome:R-DME-3214847|Reactome:R-DME-354192|Reactome:R-DME-375165|Reactome:R-DME-376172|Reactome:R-DME-376176|Reactome:R-DME-388844|Reactome:R-DME-416700|Reactome:R-DME-525793|Reactome:R-DME-5621480|Reactome:R-DME-5632681|Reactome:R-DME-5673001|Reactome:R-DME-5689603|Reactome:R-DME-6798695|Reactome:R-DME-77387|Reactome:R-DME-8849932|Reactome:R-DME-9009391|Reactome:R-DME-9013407|Reactome:R-DME-912631|Reactome:R-DME-9674555|Reactome:R-DME-9705462|Reactome:R-DME-9772755|Reactome:R-DME-983168|Reactome:R-DRE-1433557|Reactome:R-DRE-210993|Reactome:R-DRE-2682334|Reactome:R-DRE-3214841|Reactome:R-DRE-388844|Reactome:R-DRE-3928662|Reactome:R-DRE-3928663|Reactome:R-DRE-3928664|Reactome:R-DRE-3928665|Reactome:R-DRE-5673001|Reactome:R-DRE-8932505|Reactome:R-DRE-9843940|Reactome:R-DRE-9843970|Reactome:R-GGA-114608|Reactome:R-GGA-1474228|Reactome:R-GGA-1566977|Reactome:R-GGA-163125|Reactome:R-GGA-2129379|Reactome:R-GGA-216083|Reactome:R-GGA-2682334|Reactome:R-GGA-3000170|Reactome:R-GGA-3000178|Reactome:R-GGA-354192|Reactome:R-GGA-354194|Reactome:R-GGA-372708|Reactome:R-GGA-381426|Reactome:R-GGA-3928663|Reactome:R-GGA-3928665|Reactome:R-GGA-449836|Reactome:R-GGA-5654687|Reactome:R-GGA-5674135|Reactome:R-GGA-8854691|Reactome:R-GGA-8874081|Reactome:R-GGA-8932505|Reactome:R-GGA-8957275|Reactome:R-GGA-9860927|Reactome:R-HSA-1059683|Reactome:R-HSA-110056|Reactome:R-HSA-112411|Reactome:R-HSA-114608|Reactome:R-HSA-1170546|Reactome:R-HSA-1266695|Reactome:R-HSA-140834|Reactome:R-HSA-1433557|Reactome:R-HSA-1442490|Reactome:R-HSA-1474228|Reactome:R-HSA-1566977|Reactome:R-HSA-163125|Reactome:R-HSA-1650814|Reactome:R-HSA-181429|Reactome:R-HSA-181430|Reactome:R-HSA-182971|Reactome:R-HSA-186797|Reactome:R-HSA-190373|Reactome:R-HSA-193648|Reactome:R-HSA-196108|Reactome:R-HSA-2022090|Reactome:R-HSA-202427|Reactome:R-HSA-202733|Reactome:R-HSA-204005|Reactome:R-HSA-210500|Reactome:R-HSA-210991|Reactome:R-HSA-210993|Reactome:R-HSA-2122948|Reactome:R-HSA-212676|Reactome:R-HSA-2129379|Reactome:R-HSA-2151201|Reactome:R-HSA-216083|Reactome:R-HSA-2214320|Reactome:R-HSA-2404192|Reactome:R-HSA-2428928|Reactome:R-HSA-2428933|Reactome:R-HSA-2586552|Reactome:R-HSA-264642|Reactome:R-HSA-2682334|Reactome:R-HSA-2892247|Reactome:R-HSA-2979096|Reactome:R-HSA-3000157|Reactome:R-HSA-3000170|Reactome:R-HSA-3000171|Reactome:R-HSA-3000178|Reactome:R-HSA-3214841|Reactome:R-HSA-3214847|Reactome:R-HSA-354192|Reactome:R-HSA-354194|Reactome:R-HSA-372708|Reactome:R-HSA-373752|Reactome:R-HSA-373753|Reactome:R-HSA-373756|Reactome:R-HSA-373760|Reactome:R-HSA-375165|Reactome:R-HSA-376172|Reactome:R-HSA-376176|Reactome:R-HSA-381426|Reactome:R-HSA-388844|Reactome:R-HSA-390522|Reactome:R-HSA-3928662|Reactome:R-HSA-3928663|Reactome:R-HSA-3928664|Reactome:R-HSA-3928665|Reactome:R-HSA-416476|Reactome:R-HSA-416482|Reactome:R-HSA-416700|Reactome:R-HSA-418885|Reactome:R-HSA-418886|Reactome:R-HSA-418889|Reactome:R-HSA-418890|Reactome:R-HSA-419037|Reactome:R-HSA-428540|Reactome:R-HSA-428542|Reactome:R-HSA-428543|Reactome:R-HSA-428890|Reactome:R-HSA-437239|Reactome:R-HSA-4420097|Reactome:R-HSA-445095|Reactome:R-HSA-445144|Reactome:R-HSA-445355|Reactome:R-HSA-446107|Reactome:R-HSA-447038|Reactome:R-HSA-447041|Reactome:R-HSA-447043|Reactome:R-HSA-449836|Reactome:R-HSA-512988|Reactome:R-HSA-525793|Reactome:R-HSA-5627123|Reactome:R-HSA-5632681|Reactome:R-HSA-5635838|Reactome:R-HSA-5654687|Reactome:R-HSA-5654726|Reactome:R-HSA-5673001|Reactome:R-HSA-5674135|Reactome:R-HSA-5683826|Reactome:R-HSA-5687128|Reactome:R-HSA-5688849|Reactome:R-HSA-5688890|Reactome:R-HSA-5689603|Reactome:R-HSA-5694530|Reactome:R-HSA-6783783|Reactome:R-HSA-6785807|Reactome:R-HSA-6788467|Reactome:R-HSA-6798695|Reactome:R-HSA-6802946|Reactome:R-HSA-6802948|Reactome:R-HSA-6802952|Reactome:R-HSA-6802955|Reactome:R-HSA-6807004|Reactome:R-HSA-6811558|Reactome:R-HSA-74713|Reactome:R-HSA-74749|Reactome:R-HSA-74751|Reactome:R-HSA-74752|Reactome:R-HSA-76009|Reactome:R-HSA-77387|Reactome:R-HSA-877300|Reactome:R-HSA-877312|Reactome:R-HSA-8849932|Reactome:R-HSA-8854691|Reactome:R-HSA-8856825|Reactome:R-HSA-8856828|Reactome:R-HSA-8874081|Reactome:R-HSA-8932505|Reactome:R-HSA-8939247|Reactome:R-HSA-8948216|Reactome:R-HSA-8951664|Reactome:R-HSA-8957275|Reactome:R-HSA-8980692|Reactome:R-HSA-8983432|Reactome:R-HSA-8984722|Reactome:R-HSA-8985586|Reactome:R-HSA-8985801|Reactome:R-HSA-8985947|Reactome:R-HSA-9006335|Reactome:R-HSA-9009391|Reactome:R-HSA-9010553|Reactome:R-HSA-9010642|Reactome:R-HSA-9013149|Reactome:R-HSA-9013404|Reactome:R-HSA-9013406|Reactome:R-HSA-9013408|Reactome:R-HSA-9013420|Reactome:R-HSA-9013423|Reactome:R-HSA-9013424|Reactome:R-HSA-9020558|Reactome:R-HSA-9020591|Reactome:R-HSA-9020933|Reactome:R-HSA-9020956|Reactome:R-HSA-9020958|Reactome:R-HSA-9027276|Reactome:R-HSA-9027277|Reactome:R-HSA-9027283|Reactome:R-HSA-9027284|Reactome:R-HSA-9031628|Reactome:R-HSA-9034015|Reactome:R-HSA-909733|Reactome:R-HSA-912526|Reactome:R-HSA-912694|Reactome:R-HSA-9616222|Reactome:R-HSA-9634597|Reactome:R-HSA-9638630|Reactome:R-HSA-9649948|Reactome:R-HSA-9656223|Reactome:R-HSA-9674555|Reactome:R-HSA-9679191|Reactome:R-HSA-9696264|Reactome:R-HSA-9696270|Reactome:R-HSA-9696273|Reactome:R-HSA-9700645|Reactome:R-HSA-9701898|Reactome:R-HSA-9705462|Reactome:R-HSA-9705671|Reactome:R-HSA-9706369|Reactome:R-HSA-9725370|Reactome:R-HSA-9725371|Reactome:R-HSA-9725554|Reactome:R-HSA-9732724|Reactome:R-HSA-977225|Reactome:R-HSA-9772755|Reactome:R-HSA-9820960|Reactome:R-HSA-9824272|Reactome:R-HSA-982772|Reactome:R-HSA-9830674|Reactome:R-HSA-983168|Reactome:R-HSA-9833109|Reactome:R-HSA-9843940|Reactome:R-HSA-9843970|Reactome:R-HSA-9851151|Reactome:R-HSA-9860927|Reactome:R-HSA-9925563|Reactome:R-MMU-1059683|Reactome:R-MMU-110056|Reactome:R-MMU-112411|Reactome:R-MMU-114608|Reactome:R-MMU-1170546|Reactome:R-MMU-1266695|Reactome:R-MMU-140834|Reactome:R-MMU-1433557|Reactome:R-MMU-1442490|Reactome:R-MMU-1474228|Reactome:R-MMU-1566977|Reactome:R-MMU-163125|Reactome:R-MMU-1650814|Reactome:R-MMU-181429|Reactome:R-MMU-181430|Reactome:R-MMU-182971|Reactome:R-MMU-193648|Reactome:R-MMU-196108|Reactome:R-MMU-2022090|Reactome:R-MMU-202427|Reactome:R-MMU-202733|Reactome:R-MMU-204005|Reactome:R-MMU-210500|Reactome:R-MMU-210991|Reactome:R-MMU-210993|Reactome:R-MMU-212676|Reactome:R-MMU-2129379|Reactome:R-MMU-216083|Reactome:R-MMU-2214320|Reactome:R-MMU-2404192|Reactome:R-MMU-2428928|Reactome:R-MMU-2428933|Reactome:R-MMU-264642|Reactome:R-MMU-2682334|Reactome:R-MMU-3000157|Reactome:R-MMU-3000170|Reactome:R-MMU-3000178|Reactome:R-MMU-3214841|Reactome:R-MMU-3214847|Reactome:R-MMU-354192|Reactome:R-MMU-354194|Reactome:R-MMU-372708|Reactome:R-MMU-373752|Reactome:R-MMU-373753|Reactome:R-MMU-373756|Reactome:R-MMU-373760|Reactome:R-MMU-375165|Reactome:R-MMU-376172|Reactome:R-MMU-376176|Reactome:R-MMU-381426|Reactome:R-MMU-388844|Reactome:R-MMU-390522|Reactome:R-MMU-3928662|Reactome:R-MMU-3928663|Reactome:R-MMU-3928664|Reactome:R-MMU-3928665|Reactome:R-MMU-416476|Reactome:R-MMU-416482|Reactome:R-MMU-416700|Reactome:R-MMU-418885|Reactome:R-MMU-418889|Reactome:R-MMU-419037|Reactome:R-MMU-428890|Reactome:R-MMU-437239|Reactome:R-MMU-4420097|Reactome:R-MMU-445095|Reactome:R-MMU-445144|Reactome:R-MMU-445355|Reactome:R-MMU-446107|Reactome:R-MMU-447043|Reactome:R-MMU-449836|Reactome:R-MMU-512988|Reactome:R-MMU-525793|Reactome:R-MMU-5627123|Reactome:R-MMU-5632681|Reactome:R-MMU-5635838|Reactome:R-MMU-5654687|Reactome:R-MMU-5673001|Reactome:R-MMU-5674135|Reactome:R-MMU-5687128|Reactome:R-MMU-5689603|Reactome:R-MMU-5694530|Reactome:R-MMU-6783783|Reactome:R-MMU-6785807|Reactome:R-MMU-6788467|Reactome:R-MMU-6798695|Reactome:R-MMU-6807004|Reactome:R-MMU-6811558|Reactome:R-MMU-74713|Reactome:R-MMU-74749|Reactome:R-MMU-74751|Reactome:R-MMU-74752|Reactome:R-MMU-77387|Reactome:R-MMU-877300|Reactome:R-MMU-877312|Reactome:R-MMU-8849932|Reactome:R-MMU-8854691|Reactome:R-MMU-8856825|Reactome:R-MMU-8856828|Reactome:R-MMU-8874081|Reactome:R-MMU-8932505|Reactome:R-MMU-8948216|Reactome:R-MMU-8957275|Reactome:R-MMU-8980692|Reactome:R-MMU-8983432|Reactome:R-MMU-8984722|Reactome:R-MMU-8985586|Reactome:R-MMU-8985947|Reactome:R-MMU-9006335|Reactome:R-MMU-9009391|Reactome:R-MMU-9010553|Reactome:R-MMU-9013149|Reactome:R-MMU-9013404|Reactome:R-MMU-9013406|Reactome:R-MMU-9013408|Reactome:R-MMU-9013420|Reactome:R-MMU-9013423|Reactome:R-MMU-9013424|Reactome:R-MMU-9020558|Reactome:R-MMU-9020591|Reactome:R-MMU-9020933|Reactome:R-MMU-9020956|Reactome:R-MMU-9020958|Reactome:R-MMU-9027276|Reactome:R-MMU-9027284|Reactome:R-MMU-909733|Reactome:R-MMU-912526|Reactome:R-MMU-912694|Reactome:R-MMU-9634597|Reactome:R-MMU-9696264|Reactome:R-MMU-9696270|Reactome:R-MMU-9696273|Reactome:R-MMU-9706369|Reactome:R-MMU-9732724|Reactome:R-MMU-9772755|Reactome:R-MMU-982772|Reactome:R-MMU-983168|Reactome:R-MMU-9843940|Reactome:R-MMU-9851151|Reactome:R-MMU-9860927|Reactome:R-RNO-1059683|Reactome:R-RNO-110056|Reactome:R-RNO-112411|Reactome:R-RNO-114608|Reactome:R-RNO-1170546|Reactome:R-RNO-140834|Reactome:R-RNO-1474228|Reactome:R-RNO-1566977|Reactome:R-RNO-163125|Reactome:R-RNO-181429|Reactome:R-RNO-181430|Reactome:R-RNO-193648|Reactome:R-RNO-196108|Reactome:R-RNO-202427|Reactome:R-RNO-202733|Reactome:R-RNO-210500|Reactome:R-RNO-210991|Reactome:R-RNO-212676|Reactome:R-RNO-2129379|Reactome:R-RNO-216083|Reactome:R-RNO-2404192|Reactome:R-RNO-2428928|Reactome:R-RNO-2428933|Reactome:R-RNO-264642|Reactome:R-RNO-2682334|Reactome:R-RNO-3000157|Reactome:R-RNO-3000170|Reactome:R-RNO-3000178|Reactome:R-RNO-3214847|Reactome:R-RNO-354192|Reactome:R-RNO-354194|Reactome:R-RNO-372708|Reactome:R-RNO-373752|Reactome:R-RNO-373753|Reactome:R-RNO-373760|Reactome:R-RNO-375165|Reactome:R-RNO-376172|Reactome:R-RNO-381426|Reactome:R-RNO-388844|Reactome:R-RNO-390522|Reactome:R-RNO-3928662|Reactome:R-RNO-3928663|Reactome:R-RNO-3928664|Reactome:R-RNO-3928665|Reactome:R-RNO-416476|Reactome:R-RNO-416482|Reactome:R-RNO-416700|Reactome:R-RNO-418885|Reactome:R-RNO-418889|Reactome:R-RNO-419037|Reactome:R-RNO-437239|Reactome:R-RNO-445095|Reactome:R-RNO-445144|Reactome:R-RNO-446107|Reactome:R-RNO-447043|Reactome:R-RNO-449836|Reactome:R-RNO-525793|Reactome:R-RNO-5632681|Reactome:R-RNO-5654687|Reactome:R-RNO-5673001|Reactome:R-RNO-5674135|Reactome:R-RNO-5687128|Reactome:R-RNO-5689603|Reactome:R-RNO-6785807|Reactome:R-RNO-6788467|Reactome:R-RNO-6798695|Reactome:R-RNO-6811558|Reactome:R-RNO-74713|Reactome:R-RNO-74749|Reactome:R-RNO-74751|Reactome:R-RNO-74752|Reactome:R-RNO-77387|Reactome:R-RNO-8849932|Reactome:R-RNO-8854691|Reactome:R-RNO-8874081|Reactome:R-RNO-8932505|Reactome:R-RNO-8951664|Reactome:R-RNO-8957275|Reactome:R-RNO-8980692|Reactome:R-RNO-8983432|Reactome:R-RNO-8984722|Reactome:R-RNO-9006335|Reactome:R-RNO-9009391|Reactome:R-RNO-9013149|Reactome:R-RNO-9013408|Reactome:R-RNO-9020558|Reactome:R-RNO-9020956|Reactome:R-RNO-9027276|Reactome:R-RNO-9027284|Reactome:R-RNO-912526|Reactome:R-RNO-9634597|Reactome:R-RNO-9772755|Reactome:R-RNO-982772|Reactome:R-RNO-983168|Reactome:R-RNO-9851151|Reactome:R-RNO-9860927|Reactome:R-SSC-1170546|Reactome:R-SSC-9006335|Reactome:R-SSC-9020591|Reactome:R-SSC-9020933|Reactome:R-SSC-9027276|Reactome:R-SSC-9027284|Reactome:R-SSC-982772|Reactome:R-XTR-5654687|Reactome:R-XTR-8932505
ETMEFFSM_CDS_0067	ffac269bc1069a3516cd35abe9008255	1141	Coils	Coil	Coil	914	934	-	T	13-04-2026	-	-	-	-
ETMEFFSM_CDS_0067	ffac269bc1069a3516cd35abe9008255	1141	ProSiteProfiles	PS50853	Fibronectin type-III domain profile.	644	738	11.32973	T	13-04-2026	IPR003961	Fibronectin type III	GO:0005515(InterPro)	Reactome:R-BTA-1266695|Reactome:R-BTA-140834|Reactome:R-BTA-210993|Reactome:R-BTA-388844|Reactome:R-BTA-445355|Reactome:R-BTA-5627123|Reactome:R-BTA-5673001|Reactome:R-BTA-6785807|Reactome:R-BTA-77387|Reactome:R-BTA-8849932|Reactome:R-BTA-8932505|Reactome:R-BTA-8983432|Reactome:R-BTA-8985947|Reactome:R-BTA-9020558|Reactome:R-BTA-9020958|Reactome:R-BTA-909733|Reactome:R-BTA-912526|Reactome:R-BTA-912694|Reactome:R-BTA-983168|Reactome:R-CEL-114608|Reactome:R-CEL-1474228|Reactome:R-CEL-1971475|Reactome:R-CEL-2022928|Reactome:R-CEL-2024096|Reactome:R-CEL-210991|Reactome:R-CEL-216083|Reactome:R-CEL-2682334|Reactome:R-CEL-3000157|Reactome:R-CEL-3000171|Reactome:R-CEL-3000178|Reactome:R-CEL-351906|Reactome:R-CEL-373752|Reactome:R-CEL-373753|Reactome:R-CEL-373756|Reactome:R-CEL-375165|Reactome:R-CEL-376176|Reactome:R-CEL-388844|Reactome:R-CEL-3928662|Reactome:R-CEL-3928663|Reactome:R-CEL-3928664|Reactome:R-CEL-3928665|Reactome:R-CEL-416700|Reactome:R-CEL-418885|Reactome:R-CEL-418886|Reactome:R-CEL-418889|Reactome:R-CEL-433692|Reactome:R-CEL-5218920|Reactome:R-CEL-5673001|Reactome:R-CEL-6798695|Reactome:R-CEL-6807004|Reactome:R-CEL-6809371|Reactome:R-CEL-77387|Reactome:R-CEL-8849932|Reactome:R-CEL-8863795|Reactome:R-CEL-9013149|Reactome:R-CEL-9013404|Reactome:R-CEL-9013408|Reactome:R-CEL-9013420|Reactome:R-CEL-9013423|Reactome:R-CEL-9013424|Reactome:R-CEL-9749641|Reactome:R-CEL-9764561|Reactome:R-CEL-9772755|Reactome:R-CEL-9913351|Reactome:R-CFA-6785807|Reactome:R-CFA-6788467|Reactome:R-CFA-8932505|Reactome:R-DME-110478|Reactome:R-DME-114604|Reactome:R-DME-209209|Reactome:R-DME-209228|Reactome:R-DME-209338|Reactome:R-DME-210688|Reactome:R-DME-3214847|Reactome:R-DME-354192|Reactome:R-DME-375165|Reactome:R-DME-376172|Reactome:R-DME-376176|Reactome:R-DME-388844|Reactome:R-DME-416700|Reactome:R-DME-525793|Reactome:R-DME-5621480|Reactome:R-DME-5632681|Reactome:R-DME-5673001|Reactome:R-DME-5689603|Reactome:R-DME-6798695|Reactome:R-DME-77387|Reactome:R-DME-8849932|Reactome:R-DME-9009391|Reactome:R-DME-9013407|Reactome:R-DME-912631|Reactome:R-DME-9674555|Reactome:R-DME-9705462|Reactome:R-DME-9772755|Reactome:R-DME-983168|Reactome:R-DRE-1433557|Reactome:R-DRE-210993|Reactome:R-DRE-2682334|Reactome:R-DRE-3214841|Reactome:R-DRE-388844|Reactome:R-DRE-3928662|Reactome:R-DRE-3928663|Reactome:R-DRE-3928664|Reactome:R-DRE-3928665|Reactome:R-DRE-5673001|Reactome:R-DRE-8932505|Reactome:R-DRE-9843940|Reactome:R-DRE-9843970|Reactome:R-GGA-114608|Reactome:R-GGA-1474228|Reactome:R-GGA-1566977|Reactome:R-GGA-163125|Reactome:R-GGA-2129379|Reactome:R-GGA-216083|Reactome:R-GGA-2682334|Reactome:R-GGA-3000170|Reactome:R-GGA-3000178|Reactome:R-GGA-354192|Reactome:R-GGA-354194|Reactome:R-GGA-372708|Reactome:R-GGA-381426|Reactome:R-GGA-3928663|Reactome:R-GGA-3928665|Reactome:R-GGA-449836|Reactome:R-GGA-5654687|Reactome:R-GGA-5674135|Reactome:R-GGA-8854691|Reactome:R-GGA-8874081|Reactome:R-GGA-8932505|Reactome:R-GGA-8957275|Reactome:R-GGA-9860927|Reactome:R-HSA-1059683|Reactome:R-HSA-110056|Reactome:R-HSA-112411|Reactome:R-HSA-114608|Reactome:R-HSA-1170546|Reactome:R-HSA-1266695|Reactome:R-HSA-140834|Reactome:R-HSA-1433557|Reactome:R-HSA-1442490|Reactome:R-HSA-1474228|Reactome:R-HSA-1566977|Reactome:R-HSA-163125|Reactome:R-HSA-1650814|Reactome:R-HSA-181429|Reactome:R-HSA-181430|Reactome:R-HSA-182971|Reactome:R-HSA-186797|Reactome:R-HSA-190373|Reactome:R-HSA-193648|Reactome:R-HSA-196108|Reactome:R-HSA-2022090|Reactome:R-HSA-202427|Reactome:R-HSA-202733|Reactome:R-HSA-204005|Reactome:R-HSA-210500|Reactome:R-HSA-210991|Reactome:R-HSA-210993|Reactome:R-HSA-2122948|Reactome:R-HSA-212676|Reactome:R-HSA-2129379|Reactome:R-HSA-2151201|Reactome:R-HSA-216083|Reactome:R-HSA-2214320|Reactome:R-HSA-2404192|Reactome:R-HSA-2428928|Reactome:R-HSA-2428933|Reactome:R-HSA-2586552|Reactome:R-HSA-264642|Reactome:R-HSA-2682334|Reactome:R-HSA-2892247|Reactome:R-HSA-2979096|Reactome:R-HSA-3000157|Reactome:R-HSA-3000170|Reactome:R-HSA-3000171|Reactome:R-HSA-3000178|Reactome:R-HSA-3214841|Reactome:R-HSA-3214847|Reactome:R-HSA-354192|Reactome:R-HSA-354194|Reactome:R-HSA-372708|Reactome:R-HSA-373752|Reactome:R-HSA-373753|Reactome:R-HSA-373756|Reactome:R-HSA-373760|Reactome:R-HSA-375165|Reactome:R-HSA-376172|Reactome:R-HSA-376176|Reactome:R-HSA-381426|Reactome:R-HSA-388844|Reactome:R-HSA-390522|Reactome:R-HSA-3928662|Reactome:R-HSA-3928663|Reactome:R-HSA-3928664|Reactome:R-HSA-3928665|Reactome:R-HSA-416476|Reactome:R-HSA-416482|Reactome:R-HSA-416700|Reactome:R-HSA-418885|Reactome:R-HSA-418886|Reactome:R-HSA-418889|Reactome:R-HSA-418890|Reactome:R-HSA-419037|Reactome:R-HSA-428540|Reactome:R-HSA-428542|Reactome:R-HSA-428543|Reactome:R-HSA-428890|Reactome:R-HSA-437239|Reactome:R-HSA-4420097|Reactome:R-HSA-445095|Reactome:R-HSA-445144|Reactome:R-HSA-445355|Reactome:R-HSA-446107|Reactome:R-HSA-447038|Reactome:R-HSA-447041|Reactome:R-HSA-447043|Reactome:R-HSA-449836|Reactome:R-HSA-512988|Reactome:R-HSA-525793|Reactome:R-HSA-5627123|Reactome:R-HSA-5632681|Reactome:R-HSA-5635838|Reactome:R-HSA-5654687|Reactome:R-HSA-5654726|Reactome:R-HSA-5673001|Reactome:R-HSA-5674135|Reactome:R-HSA-5683826|Reactome:R-HSA-5687128|Reactome:R-HSA-5688849|Reactome:R-HSA-5688890|Reactome:R-HSA-5689603|Reactome:R-HSA-5694530|Reactome:R-HSA-6783783|Reactome:R-HSA-6785807|Reactome:R-HSA-6788467|Reactome:R-HSA-6798695|Reactome:R-HSA-6802946|Reactome:R-HSA-6802948|Reactome:R-HSA-6802952|Reactome:R-HSA-6802955|Reactome:R-HSA-6807004|Reactome:R-HSA-6811558|Reactome:R-HSA-74713|Reactome:R-HSA-74749|Reactome:R-HSA-74751|Reactome:R-HSA-74752|Reactome:R-HSA-76009|Reactome:R-HSA-77387|Reactome:R-HSA-877300|Reactome:R-HSA-877312|Reactome:R-HSA-8849932|Reactome:R-HSA-8854691|Reactome:R-HSA-8856825|Reactome:R-HSA-8856828|Reactome:R-HSA-8874081|Reactome:R-HSA-8932505|Reactome:R-HSA-8939247|Reactome:R-HSA-8948216|Reactome:R-HSA-8951664|Reactome:R-HSA-8957275|Reactome:R-HSA-8980692|Reactome:R-HSA-8983432|Reactome:R-HSA-8984722|Reactome:R-HSA-8985586|Reactome:R-HSA-8985801|Reactome:R-HSA-8985947|Reactome:R-HSA-9006335|Reactome:R-HSA-9009391|Reactome:R-HSA-9010553|Reactome:R-HSA-9010642|Reactome:R-HSA-9013149|Reactome:R-HSA-9013404|Reactome:R-HSA-9013406|Reactome:R-HSA-9013408|Reactome:R-HSA-9013420|Reactome:R-HSA-9013423|Reactome:R-HSA-9013424|Reactome:R-HSA-9020558|Reactome:R-HSA-9020591|Reactome:R-HSA-9020933|Reactome:R-HSA-9020956|Reactome:R-HSA-9020958|Reactome:R-HSA-9027276|Reactome:R-HSA-9027277|Reactome:R-HSA-9027283|Reactome:R-HSA-9027284|Reactome:R-HSA-9031628|Reactome:R-HSA-9034015|Reactome:R-HSA-909733|Reactome:R-HSA-912526|Reactome:R-HSA-912694|Reactome:R-HSA-9616222|Reactome:R-HSA-9634597|Reactome:R-HSA-9638630|Reactome:R-HSA-9649948|Reactome:R-HSA-9656223|Reactome:R-HSA-9674555|Reactome:R-HSA-9679191|Reactome:R-HSA-9696264|Reactome:R-HSA-9696270|Reactome:R-HSA-9696273|Reactome:R-HSA-9700645|Reactome:R-HSA-9701898|Reactome:R-HSA-9705462|Reactome:R-HSA-9705671|Reactome:R-HSA-9706369|Reactome:R-HSA-9725370|Reactome:R-HSA-9725371|Reactome:R-HSA-9725554|Reactome:R-HSA-9732724|Reactome:R-HSA-977225|Reactome:R-HSA-9772755|Reactome:R-HSA-9820960|Reactome:R-HSA-9824272|Reactome:R-HSA-982772|Reactome:R-HSA-9830674|Reactome:R-HSA-983168|Reactome:R-HSA-9833109|Reactome:R-HSA-9843940|Reactome:R-HSA-9843970|Reactome:R-HSA-9851151|Reactome:R-HSA-9860927|Reactome:R-HSA-9925563|Reactome:R-MMU-1059683|Reactome:R-MMU-110056|Reactome:R-MMU-112411|Reactome:R-MMU-114608|Reactome:R-MMU-1170546|Reactome:R-MMU-1266695|Reactome:R-MMU-140834|Reactome:R-MMU-1433557|Reactome:R-MMU-1442490|Reactome:R-MMU-1474228|Reactome:R-MMU-1566977|Reactome:R-MMU-163125|Reactome:R-MMU-1650814|Reactome:R-MMU-181429|Reactome:R-MMU-181430|Reactome:R-MMU-182971|Reactome:R-MMU-193648|Reactome:R-MMU-196108|Reactome:R-MMU-2022090|Reactome:R-MMU-202427|Reactome:R-MMU-202733|Reactome:R-MMU-204005|Reactome:R-MMU-210500|Reactome:R-MMU-210991|Reactome:R-MMU-210993|Reactome:R-MMU-212676|Reactome:R-MMU-2129379|Reactome:R-MMU-216083|Reactome:R-MMU-2214320|Reactome:R-MMU-2404192|Reactome:R-MMU-2428928|Reactome:R-MMU-2428933|Reactome:R-MMU-264642|Reactome:R-MMU-2682334|Reactome:R-MMU-3000157|Reactome:R-MMU-3000170|Reactome:R-MMU-3000178|Reactome:R-MMU-3214841|Reactome:R-MMU-3214847|Reactome:R-MMU-354192|Reactome:R-MMU-354194|Reactome:R-MMU-372708|Reactome:R-MMU-373752|Reactome:R-MMU-373753|Reactome:R-MMU-373756|Reactome:R-MMU-373760|Reactome:R-MMU-375165|Reactome:R-MMU-376172|Reactome:R-MMU-376176|Reactome:R-MMU-381426|Reactome:R-MMU-388844|Reactome:R-MMU-390522|Reactome:R-MMU-3928662|Reactome:R-MMU-3928663|Reactome:R-MMU-3928664|Reactome:R-MMU-3928665|Reactome:R-MMU-416476|Reactome:R-MMU-416482|Reactome:R-MMU-416700|Reactome:R-MMU-418885|Reactome:R-MMU-418889|Reactome:R-MMU-419037|Reactome:R-MMU-428890|Reactome:R-MMU-437239|Reactome:R-MMU-4420097|Reactome:R-MMU-445095|Reactome:R-MMU-445144|Reactome:R-MMU-445355|Reactome:R-MMU-446107|Reactome:R-MMU-447043|Reactome:R-MMU-449836|Reactome:R-MMU-512988|Reactome:R-MMU-525793|Reactome:R-MMU-5627123|Reactome:R-MMU-5632681|Reactome:R-MMU-5635838|Reactome:R-MMU-5654687|Reactome:R-MMU-5673001|Reactome:R-MMU-5674135|Reactome:R-MMU-5687128|Reactome:R-MMU-5689603|Reactome:R-MMU-5694530|Reactome:R-MMU-6783783|Reactome:R-MMU-6785807|Reactome:R-MMU-6788467|Reactome:R-MMU-6798695|Reactome:R-MMU-6807004|Reactome:R-MMU-6811558|Reactome:R-MMU-74713|Reactome:R-MMU-74749|Reactome:R-MMU-74751|Reactome:R-MMU-74752|Reactome:R-MMU-77387|Reactome:R-MMU-877300|Reactome:R-MMU-877312|Reactome:R-MMU-8849932|Reactome:R-MMU-8854691|Reactome:R-MMU-8856825|Reactome:R-MMU-8856828|Reactome:R-MMU-8874081|Reactome:R-MMU-8932505|Reactome:R-MMU-8948216|Reactome:R-MMU-8957275|Reactome:R-MMU-8980692|Reactome:R-MMU-8983432|Reactome:R-MMU-8984722|Reactome:R-MMU-8985586|Reactome:R-MMU-8985947|Reactome:R-MMU-9006335|Reactome:R-MMU-9009391|Reactome:R-MMU-9010553|Reactome:R-MMU-9013149|Reactome:R-MMU-9013404|Reactome:R-MMU-9013406|Reactome:R-MMU-9013408|Reactome:R-MMU-9013420|Reactome:R-MMU-9013423|Reactome:R-MMU-9013424|Reactome:R-MMU-9020558|Reactome:R-MMU-9020591|Reactome:R-MMU-9020933|Reactome:R-MMU-9020956|Reactome:R-MMU-9020958|Reactome:R-MMU-9027276|Reactome:R-MMU-9027284|Reactome:R-MMU-909733|Reactome:R-MMU-912526|Reactome:R-MMU-912694|Reactome:R-MMU-9634597|Reactome:R-MMU-9696264|Reactome:R-MMU-9696270|Reactome:R-MMU-9696273|Reactome:R-MMU-9706369|Reactome:R-MMU-9732724|Reactome:R-MMU-9772755|Reactome:R-MMU-982772|Reactome:R-MMU-983168|Reactome:R-MMU-9843940|Reactome:R-MMU-9851151|Reactome:R-MMU-9860927|Reactome:R-RNO-1059683|Reactome:R-RNO-110056|Reactome:R-RNO-112411|Reactome:R-RNO-114608|Reactome:R-RNO-1170546|Reactome:R-RNO-140834|Reactome:R-RNO-1474228|Reactome:R-RNO-1566977|Reactome:R-RNO-163125|Reactome:R-RNO-181429|Reactome:R-RNO-181430|Reactome:R-RNO-193648|Reactome:R-RNO-196108|Reactome:R-RNO-202427|Reactome:R-RNO-202733|Reactome:R-RNO-210500|Reactome:R-RNO-210991|Reactome:R-RNO-212676|Reactome:R-RNO-2129379|Reactome:R-RNO-216083|Reactome:R-RNO-2404192|Reactome:R-RNO-2428928|Reactome:R-RNO-2428933|Reactome:R-RNO-264642|Reactome:R-RNO-2682334|Reactome:R-RNO-3000157|Reactome:R-RNO-3000170|Reactome:R-RNO-3000178|Reactome:R-RNO-3214847|Reactome:R-RNO-354192|Reactome:R-RNO-354194|Reactome:R-RNO-372708|Reactome:R-RNO-373752|Reactome:R-RNO-373753|Reactome:R-RNO-373760|Reactome:R-RNO-375165|Reactome:R-RNO-376172|Reactome:R-RNO-381426|Reactome:R-RNO-388844|Reactome:R-RNO-390522|Reactome:R-RNO-3928662|Reactome:R-RNO-3928663|Reactome:R-RNO-3928664|Reactome:R-RNO-3928665|Reactome:R-RNO-416476|Reactome:R-RNO-416482|Reactome:R-RNO-416700|Reactome:R-RNO-418885|Reactome:R-RNO-418889|Reactome:R-RNO-419037|Reactome:R-RNO-437239|Reactome:R-RNO-445095|Reactome:R-RNO-445144|Reactome:R-RNO-446107|Reactome:R-RNO-447043|Reactome:R-RNO-449836|Reactome:R-RNO-525793|Reactome:R-RNO-5632681|Reactome:R-RNO-5654687|Reactome:R-RNO-5673001|Reactome:R-RNO-5674135|Reactome:R-RNO-5687128|Reactome:R-RNO-5689603|Reactome:R-RNO-6785807|Reactome:R-RNO-6788467|Reactome:R-RNO-6798695|Reactome:R-RNO-6811558|Reactome:R-RNO-74713|Reactome:R-RNO-74749|Reactome:R-RNO-74751|Reactome:R-RNO-74752|Reactome:R-RNO-77387|Reactome:R-RNO-8849932|Reactome:R-RNO-8854691|Reactome:R-RNO-8874081|Reactome:R-RNO-8932505|Reactome:R-RNO-8951664|Reactome:R-RNO-8957275|Reactome:R-RNO-8980692|Reactome:R-RNO-8983432|Reactome:R-RNO-8984722|Reactome:R-RNO-9006335|Reactome:R-RNO-9009391|Reactome:R-RNO-9013149|Reactome:R-RNO-9013408|Reactome:R-RNO-9020558|Reactome:R-RNO-9020956|Reactome:R-RNO-9027276|Reactome:R-RNO-9027284|Reactome:R-RNO-912526|Reactome:R-RNO-9634597|Reactome:R-RNO-9772755|Reactome:R-RNO-982772|Reactome:R-RNO-983168|Reactome:R-RNO-9851151|Reactome:R-RNO-9860927|Reactome:R-SSC-1170546|Reactome:R-SSC-9006335|Reactome:R-SSC-9020591|Reactome:R-SSC-9020933|Reactome:R-SSC-9027276|Reactome:R-SSC-9027284|Reactome:R-SSC-982772|Reactome:R-XTR-5654687|Reactome:R-XTR-8932505
ETMEFFSM_CDS_0067	ffac269bc1069a3516cd35abe9008255	1141	Gene3D	G3DSA:2.60.40.10	Immunoglobulins	636	735	3.6E-7	T	13-04-2026	IPR013783	Immunoglobulin-like fold	-	Reactome:R-BTA-114608|Reactome:R-BTA-1236974|Reactome:R-BTA-1236977|Reactome:R-BTA-1257604|Reactome:R-BTA-1266695|Reactome:R-BTA-140834|Reactome:R-BTA-163125|Reactome:R-BTA-1632852|Reactome:R-BTA-1660661|Reactome:R-BTA-173736|Reactome:R-BTA-174577|Reactome:R-BTA-1971475|Reactome:R-BTA-198933|Reactome:R-BTA-2022870|Reactome:R-BTA-2022923|Reactome:R-BTA-2024101|Reactome:R-BTA-202424|Reactome:R-BTA-202427|Reactome:R-BTA-202430|Reactome:R-BTA-202433|Reactome:R-BTA-202733|Reactome:R-BTA-2029481|Reactome:R-BTA-2029482|Reactome:R-BTA-2029485|Reactome:R-BTA-210993|Reactome:R-BTA-216083|Reactome:R-BTA-2173791|Reactome:R-BTA-2424491|Reactome:R-BTA-3000178|Reactome:R-BTA-350054|Reactome:R-BTA-375276|Reactome:R-BTA-380972|Reactome:R-BTA-381426|Reactome:R-BTA-388844|Reactome:R-BTA-389948|Reactome:R-BTA-418594|Reactome:R-BTA-420029|Reactome:R-BTA-445355|Reactome:R-BTA-5576892|Reactome:R-BTA-5627123|Reactome:R-BTA-5628897|Reactome:R-BTA-5673001|Reactome:R-BTA-5690714|Reactome:R-BTA-6785807|Reactome:R-BTA-6798695|Reactome:R-BTA-6804756|Reactome:R-BTA-6811558|Reactome:R-BTA-77387|Reactome:R-BTA-8849932|Reactome:R-BTA-8856825|Reactome:R-BTA-8856828|Reactome:R-BTA-8932505|Reactome:R-BTA-8941856|Reactome:R-BTA-8957275|Reactome:R-BTA-8980692|Reactome:R-BTA-8983432|Reactome:R-BTA-8985947|Reactome:R-BTA-9013106|Reactome:R-BTA-9013404|Reactome:R-BTA-9013405|Reactome:R-BTA-9013408|Reactome:R-BTA-9020558|Reactome:R-BTA-9020958|Reactome:R-BTA-909733|Reactome:R-BTA-912526|Reactome:R-BTA-912694|Reactome:R-BTA-9609523|Reactome:R-BTA-977606|Reactome:R-BTA-983168|Reactome:R-BTA-983170|Reactome:R-BTA-983695|Reactome:R-BTA-9927354|Reactome:R-CEL-114608|Reactome:R-CEL-1257604|Reactome:R-CEL-1307965|Reactome:R-CEL-1474228|Reactome:R-CEL-177929|Reactome:R-CEL-190322|Reactome:R-CEL-190370|Reactome:R-CEL-190371|Reactome:R-CEL-190372|Reactome:R-CEL-190373|Reactome:R-CEL-190374|Reactome:R-CEL-190375|Reactome:R-CEL-190377|Reactome:R-CEL-1971475|Reactome:R-CEL-2022928|Reactome:R-CEL-2024096|Reactome:R-CEL-209968|Reactome:R-CEL-210991|Reactome:R-CEL-216083|Reactome:R-CEL-264876|Reactome:R-CEL-2682334|Reactome:R-CEL-3000157|Reactome:R-CEL-3000171|Reactome:R-CEL-3000178|Reactome:R-CEL-351906|Reactome:R-CEL-373752|Reactome:R-CEL-373753|Reactome:R-CEL-373756|Reactome:R-CEL-375165|Reactome:R-CEL-376176|Reactome:R-CEL-388844|Reactome:R-CEL-3928662|Reactome:R-CEL-3928663|Reactome:R-CEL-3928664|Reactome:R-CEL-3928665|Reactome:R-CEL-399954|Reactome:R-CEL-399955|Reactome:R-CEL-399956|Reactome:R-CEL-416482|Reactome:R-CEL-416550|Reactome:R-CEL-416572|Reactome:R-CEL-416700|Reactome:R-CEL-418885|Reactome:R-CEL-418886|Reactome:R-CEL-418889|Reactome:R-CEL-433692|Reactome:R-CEL-445144|Reactome:R-CEL-5140745|Reactome:R-CEL-5218920|Reactome:R-CEL-5620916|Reactome:R-CEL-5654219|Reactome:R-CEL-5654228|Reactome:R-CEL-5654688|Reactome:R-CEL-5654689|Reactome:R-CEL-5654693|Reactome:R-CEL-5654699|Reactome:R-CEL-5654704|Reactome:R-CEL-5654712|Reactome:R-CEL-5654719|Reactome:R-CEL-5654720|Reactome:R-CEL-5654726|Reactome:R-CEL-5654733|Reactome:R-CEL-5673001|Reactome:R-CEL-6798695|Reactome:R-CEL-6807004|Reactome:R-CEL-6809371|Reactome:R-CEL-6811558|Reactome:R-CEL-77387|Reactome:R-CEL-8849932|Reactome:R-CEL-8853383|Reactome:R-CEL-8863795|Reactome:R-CEL-8941413|Reactome:R-CEL-9013149|Reactome:R-CEL-9013404|Reactome:R-CEL-9013405|Reactome:R-CEL-9013408|Reactome:R-CEL-9013420|Reactome:R-CEL-9013423|Reactome:R-CEL-9013424|Reactome:R-CEL-9749641|Reactome:R-CEL-9764561|Reactome:R-CEL-9772755|Reactome:R-CEL-9913351|Reactome:R-CFA-1169091|Reactome:R-CFA-1257604|Reactome:R-CFA-1433557|Reactome:R-CFA-1433559|Reactome:R-CFA-163125|Reactome:R-CFA-1810476|Reactome:R-CFA-193692|Reactome:R-CFA-198933|Reactome:R-CFA-2024096|Reactome:R-CFA-2024101|Reactome:R-CFA-202424|Reactome:R-CFA-202427|Reactome:R-CFA-202430|Reactome:R-CFA-202433|Reactome:R-CFA-2029481|Reactome:R-CFA-2029482|Reactome:R-CFA-2029485|Reactome:R-CFA-209560|Reactome:R-CFA-216083|Reactome:R-CFA-2871837|Reactome:R-CFA-3134963|Reactome:R-CFA-3214841|Reactome:R-CFA-389948|Reactome:R-CFA-445989|Reactome:R-CFA-448706|Reactome:R-CFA-449836|Reactome:R-CFA-5607764|Reactome:R-CFA-5621575|Reactome:R-CFA-5673001|Reactome:R-CFA-5684264|Reactome:R-CFA-5690714|Reactome:R-CFA-6785807|Reactome:R-CFA-6788467|Reactome:R-CFA-6798695|Reactome:R-CFA-6811558|Reactome:R-CFA-8856825|Reactome:R-CFA-8856828|Reactome:R-CFA-8932504|Reactome:R-CFA-8932505|Reactome:R-CFA-8932506|Reactome:R-CFA-9010553|Reactome:R-CFA-9020702|Reactome:R-CFA-933542|Reactome:R-CFA-983170|Reactome:R-CFA-983695|Reactome:R-CFA-9856649|Reactome:R-CFA-9860927|Reactome:R-CFA-9913351|Reactome:R-CFA-9927354|Reactome:R-CFA-9939291|Reactome:R-DDI-114608|Reactome:R-DDI-1169408|Reactome:R-DDI-3322077|Reactome:R-DDI-446353|Reactome:R-DDI-5627123|Reactome:R-DDI-5673000|Reactome:R-DDI-5675221|Reactome:R-DDI-5675482|Reactome:R-DME-109704|Reactome:R-DME-110478|Reactome:R-DME-114604|Reactome:R-DME-114608|Reactome:R-DME-1169091|Reactome:R-DME-1169408|Reactome:R-DME-1227986|Reactome:R-DME-1236394|Reactome:R-DME-1250196|Reactome:R-DME-1250342|Reactome:R-DME-1250347|Reactome:R-DME-1257604|Reactome:R-DME-1307965|Reactome:R-DME-1358803|Reactome:R-DME-1474228|Reactome:R-DME-1810476|Reactome:R-DME-190322|Reactome:R-DME-190370|Reactome:R-DME-190371|Reactome:R-DME-190372|Reactome:R-DME-190373|Reactome:R-DME-190374|Reactome:R-DME-190375|Reactome:R-DME-190377|Reactome:R-DME-1963640|Reactome:R-DME-1963642|Reactome:R-DME-1971475|Reactome:R-DME-2022928|Reactome:R-DME-2024096|Reactome:R-DME-2024101|Reactome:R-DME-202424|Reactome:R-DME-202733|Reactome:R-DME-209209|Reactome:R-DME-209228|Reactome:R-DME-209338|Reactome:R-DME-209394|Reactome:R-DME-209400|Reactome:R-DME-209406|Reactome:R-DME-209560|Reactome:R-DME-209968|Reactome:R-DME-210688|Reactome:R-DME-214399|Reactome:R-DME-214411|Reactome:R-DME-214416|Reactome:R-DME-214842|Reactome:R-DME-214844|Reactome:R-DME-214869|Reactome:R-DME-216083|Reactome:R-DME-264876|Reactome:R-DME-2871837|Reactome:R-DME-3000171|Reactome:R-DME-3000178|Reactome:R-DME-3134963|Reactome:R-DME-3214847|Reactome:R-DME-350054|Reactome:R-DME-354192|Reactome:R-DME-373080|Reactome:R-DME-373752|Reactome:R-DME-373753|Reactome:R-DME-375165|Reactome:R-DME-376172|Reactome:R-DME-376176|Reactome:R-DME-388844|Reactome:R-DME-399954|Reactome:R-DME-399955|Reactome:R-DME-399956|Reactome:R-DME-416482|Reactome:R-DME-416572|Reactome:R-DME-416700|Reactome:R-DME-418886|Reactome:R-DME-418990|Reactome:R-DME-420597|Reactome:R-DME-445989|Reactome:R-DME-446353|Reactome:R-DME-4755510|Reactome:R-DME-525793|Reactome:R-DME-5607761|Reactome:R-DME-5607764|Reactome:R-DME-5620916|Reactome:R-DME-5621480|Reactome:R-DME-5621575|Reactome:R-DME-5627123|Reactome:R-DME-5632681|Reactome:R-DME-5654219|Reactome:R-DME-5654221|Reactome:R-DME-5654227|Reactome:R-DME-5654228|Reactome:R-DME-5654687|Reactome:R-DME-5654688|Reactome:R-DME-5654689|Reactome:R-DME-5654693|Reactome:R-DME-5654695|Reactome:R-DME-5654699|Reactome:R-DME-5654700|Reactome:R-DME-5654704|Reactome:R-DME-5654706|Reactome:R-DME-5654710|Reactome:R-DME-5654712|Reactome:R-DME-5654719|Reactome:R-DME-5654720|Reactome:R-DME-5654726|Reactome:R-DME-5654727|Reactome:R-DME-5654732|Reactome:R-DME-5654733|Reactome:R-DME-5673001|Reactome:R-DME-5676590|Reactome:R-DME-5689603|Reactome:R-DME-6785631|Reactome:R-DME-6798695|Reactome:R-DME-6807878|Reactome:R-DME-6811558|Reactome:R-DME-77387|Reactome:R-DME-8849932|Reactome:R-DME-8863795|Reactome:R-DME-8941413|Reactome:R-DME-9009391|Reactome:R-DME-9013405|Reactome:R-DME-9013407|Reactome:R-DME-9020702|Reactome:R-DME-912631|Reactome:R-DME-933542|Reactome:R-DME-9674555|Reactome:R-DME-9705462|Reactome:R-DME-9772755|Reactome:R-DME-983168|Reactome:R-DME-9860927|Reactome:R-DRE-1236974|Reactome:R-DRE-1236977|Reactome:R-DRE-1257604|Reactome:R-DRE-1433557|Reactome:R-DRE-1433559|Reactome:R-DRE-186763|Reactome:R-DRE-186797|Reactome:R-DRE-190322|Reactome:R-DRE-190370|Reactome:R-DRE-190371|Reactome:R-DRE-190372|Reactome:R-DRE-190373|Reactome:R-DRE-190374|Reactome:R-DRE-190375|Reactome:R-DRE-190377|Reactome:R-DRE-193634|Reactome:R-DRE-193648|Reactome:R-DRE-194306|Reactome:R-DRE-195399|Reactome:R-DRE-198933|Reactome:R-DRE-202733|Reactome:R-DRE-210993|Reactome:R-DRE-2132295|Reactome:R-DRE-216083|Reactome:R-DRE-2682334|Reactome:R-DRE-3214841|Reactome:R-DRE-388844|Reactome:R-DRE-3928662|Reactome:R-DRE-3928663|Reactome:R-DRE-3928664|Reactome:R-DRE-3928665|Reactome:R-DRE-399954|Reactome:R-DRE-399956|Reactome:R-DRE-416476|Reactome:R-DRE-416482|Reactome:R-DRE-418885|Reactome:R-DRE-418990|Reactome:R-DRE-420597|Reactome:R-DRE-4420097|Reactome:R-DRE-449836|Reactome:R-DRE-5218921|Reactome:R-DRE-5654219|Reactome:R-DRE-5654221|Reactome:R-DRE-5654227|Reactome:R-DRE-5654228|Reactome:R-DRE-5654687|Reactome:R-DRE-5654688|Reactome:R-DRE-5654689|Reactome:R-DRE-5654693|Reactome:R-DRE-5654699|Reactome:R-DRE-5654700|Reactome:R-DRE-5654704|Reactome:R-DRE-5654706|Reactome:R-DRE-5654712|Reactome:R-DRE-5654726|Reactome:R-DRE-5673001|Reactome:R-DRE-6798695|Reactome:R-DRE-6811558|Reactome:R-DRE-8849932|Reactome:R-DRE-8932505|Reactome:R-DRE-8980692|Reactome:R-DRE-9007892|Reactome:R-DRE-9013148|Reactome:R-DRE-9013149|Reactome:R-DRE-9013404|Reactome:R-DRE-9013408|Reactome:R-DRE-9013423|Reactome:R-DRE-983168|Reactome:R-DRE-983170|Reactome:R-DRE-9843940|Reactome:R-DRE-9843970|Reactome:R-DRE-9856649|Reactome:R-GGA-109704|Reactome:R-GGA-114608|Reactome:R-GGA-1169091|Reactome:R-GGA-1227892|Reactome:R-GGA-1236974|Reactome:R-GGA-1236977|Reactome:R-GGA-1257604|Reactome:R-GGA-1433557|Reactome:R-GGA-1433559|Reactome:R-GGA-1474228|Reactome:R-GGA-1566977|Reactome:R-GGA-163125|Reactome:R-GGA-1810476|Reactome:R-GGA-190370|Reactome:R-GGA-190371|Reactome:R-GGA-190372|Reactome:R-GGA-190373|Reactome:R-GGA-190374|Reactome:R-GGA-190375|Reactome:R-GGA-190377|Reactome:R-GGA-193692|Reactome:R-GGA-198933|Reactome:R-GGA-202424|Reactome:R-GGA-209560|Reactome:R-GGA-210991|Reactome:R-GGA-2129379|Reactome:R-GGA-2132263|Reactome:R-GGA-2132286|Reactome:R-GGA-216083|Reactome:R-GGA-2424491|Reactome:R-GGA-2682334|Reactome:R-GGA-2871837|Reactome:R-GGA-3000170|Reactome:R-GGA-3000178|Reactome:R-GGA-3134963|Reactome:R-GGA-3214841|Reactome:R-GGA-354192|Reactome:R-GGA-354194|Reactome:R-GGA-372708|Reactome:R-GGA-373920|Reactome:R-GGA-381426|Reactome:R-GGA-388844|Reactome:R-GGA-3928663|Reactome:R-GGA-3928665|Reactome:R-GGA-433692|Reactome:R-GGA-434001|Reactome:R-GGA-434131|Reactome:R-GGA-445989|Reactome:R-GGA-449836|Reactome:R-GGA-5607764|Reactome:R-GGA-5621575|Reactome:R-GGA-5654219|Reactome:R-GGA-5654221|Reactome:R-GGA-5654227|Reactome:R-GGA-5654687|Reactome:R-GGA-5654688|Reactome:R-GGA-5654689|Reactome:R-GGA-5654693|Reactome:R-GGA-5654695|Reactome:R-GGA-5654699|Reactome:R-GGA-5654700|Reactome:R-GGA-5654704|Reactome:R-GGA-5654706|Reactome:R-GGA-5654710|Reactome:R-GGA-5654726|Reactome:R-GGA-5654727|Reactome:R-GGA-5654732|Reactome:R-GGA-5658623|Reactome:R-GGA-5673001|Reactome:R-GGA-5674135|Reactome:R-GGA-5684264|Reactome:R-GGA-6798695|Reactome:R-GGA-6811558|Reactome:R-GGA-8854691|Reactome:R-GGA-8874081|Reactome:R-GGA-8932505|Reactome:R-GGA-8957275|Reactome:R-GGA-9020702|Reactome:R-GGA-9026527|Reactome:R-GGA-9028731|Reactome:R-GGA-9032759|Reactome:R-GGA-9034013|Reactome:R-GGA-9034793|Reactome:R-GGA-933542|Reactome:R-GGA-9603381|Reactome:R-GGA-9749641|Reactome:R-GGA-983170|Reactome:R-GGA-9856649|Reactome:R-GGA-9860927|Reactome:R-HSA-1059683|Reactome:R-HSA-109704|Reactome:R-HSA-110056|Reactome:R-HSA-112411|Reactome:R-HSA-114604|Reactome:R-HSA-114608|Reactome:R-HSA-1169091|Reactome:R-HSA-1169408|Reactome:R-HSA-1170546|Reactome:R-HSA-1227986|Reactome:R-HSA-1236394|Reactome:R-HSA-1236974|Reactome:R-HSA-1236977|Reactome:R-HSA-1236978|Reactome:R-HSA-1250196|Reactome:R-HSA-1250342|Reactome:R-HSA-1250347|Reactome:R-HSA-1251985|Reactome:R-HSA-1257604|Reactome:R-HSA-1266695|Reactome:R-HSA-1300645|Reactome:R-HSA-1306955|Reactome:R-HSA-1307965|Reactome:R-HSA-1358803|Reactome:R-HSA-140834|Reactome:R-HSA-140837|Reactome:R-HSA-140875|Reactome:R-HSA-1433557|Reactome:R-HSA-1433559|Reactome:R-HSA-1442490|Reactome:R-HSA-1445148|Reactome:R-HSA-1462054|Reactome:R-HSA-1474228|Reactome:R-HSA-1483115|Reactome:R-HSA-1483152|Reactome:R-HSA-1566977|Reactome:R-HSA-163125|Reactome:R-HSA-1632852|Reactome:R-HSA-163680|Reactome:R-HSA-164939|Reactome:R-HSA-164940|Reactome:R-HSA-1650814|Reactome:R-HSA-1660499|Reactome:R-HSA-1660514|Reactome:R-HSA-166058|Reactome:R-HSA-1660661|Reactome:R-HSA-166663|Reactome:R-HSA-166665|Reactome:R-HSA-167021|Reactome:R-HSA-167044|Reactome:R-HSA-167590|Reactome:R-HSA-170968|Reactome:R-HSA-170984|Reactome:R-HSA-173107|Reactome:R-HSA-173623|Reactome:R-HSA-173736|Reactome:R-HSA-174577|Reactome:R-HSA-177504|Reactome:R-HSA-177929|Reactome:R-HSA-180534|Reactome:R-HSA-1810476|Reactome:R-HSA-181429|Reactome:R-HSA-181430|Reactome:R-HSA-182218|Reactome:R-HSA-182971|Reactome:R-HSA-1839120|Reactome:R-HSA-1839122|Reactome:R-HSA-1839128|Reactome:R-HSA-1839130|Reactome:R-HSA-1855183|Reactome:R-HSA-1855204|Reactome:R-HSA-186763|Reactome:R-HSA-186797|Reactome:R-HSA-187024|Reactome:R-HSA-187042|Reactome:R-HSA-187706|Reactome:R-HSA-190322|Reactome:R-HSA-190370|Reactome:R-HSA-190371|Reactome:R-HSA-190372|Reactome:R-HSA-190373|Reactome:R-HSA-190374|Reactome:R-HSA-190375|Reactome:R-HSA-190377|Reactome:R-HSA-1912408|Reactome:R-HSA-193634|Reactome:R-HSA-193648|Reactome:R-HSA-193692|Reactome:R-HSA-194306|Reactome:R-HSA-195399|Reactome:R-HSA-196108|Reactome:R-HSA-1963640|Reactome:R-HSA-1963642|Reactome:R-HSA-1971475|Reactome:R-HSA-198203|Reactome:R-HSA-198745|Reactome:R-HSA-198933|Reactome:R-HSA-200425|Reactome:R-HSA-2022090|Reactome:R-HSA-2022854|Reactome:R-HSA-2022857|Reactome:R-HSA-2022870|Reactome:R-HSA-2022923|Reactome:R-HSA-2022928|Reactome:R-HSA-2023837|Reactome:R-HSA-2024096|Reactome:R-HSA-2024101|Reactome:R-HSA-202424|Reactome:R-HSA-202427|Reactome:R-HSA-202430|Reactome:R-HSA-202433|Reactome:R-HSA-2025928|Reactome:R-HSA-202733|Reactome:R-HSA-2029481|Reactome:R-HSA-2029482|Reactome:R-HSA-2029485|Reactome:R-HSA-2033515|Reactome:R-HSA-2033519|Reactome:R-HSA-204005|Reactome:R-HSA-209560|Reactome:R-HSA-210500|Reactome:R-HSA-210744|Reactome:R-HSA-210990|Reactome:R-HSA-210991|Reactome:R-HSA-210993|Reactome:R-HSA-2122947|Reactome:R-HSA-2122948|Reactome:R-HSA-212676|Reactome:R-HSA-2129379|Reactome:R-HSA-2132295|Reactome:R-HSA-2151201|Reactome:R-HSA-2151209|Reactome:R-HSA-216083|Reactome:R-HSA-2160916|Reactome:R-HSA-2168880|Reactome:R-HSA-2172127|Reactome:R-HSA-2173791|Reactome:R-HSA-2197563|Reactome:R-HSA-2206292|Reactome:R-HSA-2206302|Reactome:R-HSA-2214320|Reactome:R-HSA-2219530|Reactome:R-HSA-2243919|Reactome:R-HSA-2404192|Reactome:R-HSA-2424491|Reactome:R-HSA-2428928|Reactome:R-HSA-2428933|Reactome:R-HSA-2454202|Reactome:R-HSA-2559582|Reactome:R-HSA-2565942|Reactome:R-HSA-2586552|Reactome:R-HSA-2644606|Reactome:R-HSA-264642|Reactome:R-HSA-264876|Reactome:R-HSA-2672351|Reactome:R-HSA-2682334|Reactome:R-HSA-2730905|Reactome:R-HSA-2871796|Reactome:R-HSA-2871809|Reactome:R-HSA-2871837|Reactome:R-HSA-2892247|Reactome:R-HSA-2894862|Reactome:R-HSA-2979096|Reactome:R-HSA-3000157|Reactome:R-HSA-3000170|Reactome:R-HSA-3000171|Reactome:R-HSA-3000178|Reactome:R-HSA-3134963|Reactome:R-HSA-3214841|Reactome:R-HSA-3214847|Reactome:R-HSA-3322077|Reactome:R-HSA-350054|Reactome:R-HSA-354192|Reactome:R-HSA-354194|Reactome:R-HSA-3560783|Reactome:R-HSA-3560801|Reactome:R-HSA-3595172|Reactome:R-HSA-3595174|Reactome:R-HSA-3595177|Reactome:R-HSA-3656225|Reactome:R-HSA-3656237|Reactome:R-HSA-3656243|Reactome:R-HSA-3656244|Reactome:R-HSA-3656253|Reactome:R-HSA-372708|Reactome:R-HSA-373752|Reactome:R-HSA-373753|Reactome:R-HSA-373756|Reactome:R-HSA-373760|Reactome:R-HSA-375165|Reactome:R-HSA-375276|Reactome:R-HSA-376172|Reactome:R-HSA-376176|Reactome:R-HSA-3785653|Reactome:R-HSA-380259|Reactome:R-HSA-380270|Reactome:R-HSA-380284|Reactome:R-HSA-380320|Reactome:R-HSA-380972|Reactome:R-HSA-381340|Reactome:R-HSA-381426|Reactome:R-HSA-3878781|Reactome:R-HSA-388844|Reactome:R-HSA-389356|Reactome:R-HSA-389357|Reactome:R-HSA-389359|Reactome:R-HSA-389513|Reactome:R-HSA-389948|Reactome:R-HSA-390522|Reactome:R-HSA-391160|Reactome:R-HSA-3928662|Reactome:R-HSA-3928663|Reactome:R-HSA-3928664|Reactome:R-HSA-3928665|Reactome:R-HSA-399954|Reactome:R-HSA-399955|Reactome:R-HSA-399956|Reactome:R-HSA-4086398|Reactome:R-HSA-4086400|Reactome:R-HSA-416476|Reactome:R-HSA-416482|Reactome:R-HSA-416550|Reactome:R-HSA-416572|Reactome:R-HSA-416700|Reactome:R-HSA-418594|Reactome:R-HSA-418885|Reactome:R-HSA-418886|Reactome:R-HSA-418889|Reactome:R-HSA-418890|Reactome:R-HSA-418990|Reactome:R-HSA-419037|Reactome:R-HSA-420029|Reactome:R-HSA-420597|Reactome:R-HSA-428540|Reactome:R-HSA-428542|Reactome:R-HSA-428543|Reactome:R-HSA-428890|Reactome:R-HSA-430116|Reactome:R-HSA-432142|Reactome:R-HSA-432722|Reactome:R-HSA-433692|Reactome:R-HSA-437239|Reactome:R-HSA-4420097|Reactome:R-HSA-4420332|Reactome:R-HSA-445095|Reactome:R-HSA-445144|Reactome:R-HSA-445355|Reactome:R-HSA-445989|Reactome:R-HSA-446107|Reactome:R-HSA-446353|Reactome:R-HSA-447038|Reactome:R-HSA-447041|Reactome:R-HSA-447043|Reactome:R-HSA-448706|Reactome:R-HSA-449836|Reactome:R-HSA-451927|Reactome:R-HSA-4755510|Reactome:R-HSA-5083628|Reactome:R-HSA-5083629|Reactome:R-HSA-5083633|Reactome:R-HSA-5083635|Reactome:R-HSA-512988|Reactome:R-HSA-5140745|Reactome:R-HSA-5173214|Reactome:R-HSA-5218921|Reactome:R-HSA-5223345|Reactome:R-HSA-525793|Reactome:R-HSA-5576892|Reactome:R-HSA-5603029|Reactome:R-HSA-5607761|Reactome:R-HSA-5607763|Reactome:R-HSA-5607764|Reactome:R-HSA-5619070|Reactome:R-HSA-5620912|Reactome:R-HSA-5620916|Reactome:R-HSA-5621575|Reactome:R-HSA-5627123|Reactome:R-HSA-5628897|Reactome:R-HSA-5632681|Reactome:R-HSA-5635838|Reactome:R-HSA-5654219|Reactome:R-HSA-5654221|Reactome:R-HSA-5654227|Reactome:R-HSA-5654228|Reactome:R-HSA-5654687|Reactome:R-HSA-5654688|Reactome:R-HSA-5654689|Reactome:R-HSA-5654693|Reactome:R-HSA-5654695|Reactome:R-HSA-5654699|Reactome:R-HSA-5654700|Reactome:R-HSA-5654704|Reactome:R-HSA-5654706|Reactome:R-HSA-5654710|Reactome:R-HSA-5654712|Reactome:R-HSA-5654719|Reactome:R-HSA-5654720|Reactome:R-HSA-5654726|Reactome:R-HSA-5654727|Reactome:R-HSA-5654732|Reactome:R-HSA-5654733|Reactome:R-HSA-5655253|Reactome:R-HSA-5655291|Reactome:R-HSA-5655302|Reactome:R-HSA-5655332|Reactome:R-HSA-5658623|Reactome:R-HSA-5660668|Reactome:R-HSA-5673001|Reactome:R-HSA-5674135|Reactome:R-HSA-5676590|Reactome:R-HSA-5683826|Reactome:R-HSA-5684264|Reactome:R-HSA-5687128|Reactome:R-HSA-5688849|Reactome:R-HSA-5688890|Reactome:R-HSA-5689603|Reactome:R-HSA-5690714|Reactome:R-HSA-5694530|Reactome:R-HSA-6783783|Reactome:R-HSA-6785631|Reactome:R-HSA-6785807|Reactome:R-HSA-6788467|Reactome:R-HSA-6798695|Reactome:R-HSA-6802946|Reactome:R-HSA-6802948|Reactome:R-HSA-6802952|Reactome:R-HSA-6802955|Reactome:R-HSA-6804756|Reactome:R-HSA-6806942|Reactome:R-HSA-6807004|Reactome:R-HSA-6809371|Reactome:R-HSA-6811558|Reactome:R-HSA-74713|Reactome:R-HSA-74749|Reactome:R-HSA-74751|Reactome:R-HSA-74752|Reactome:R-HSA-75892|Reactome:R-HSA-76009|Reactome:R-HSA-77387|Reactome:R-HSA-844456|Reactome:R-HSA-877300|Reactome:R-HSA-877312|Reactome:R-HSA-879415|Reactome:R-HSA-8847993|Reactome:R-HSA-8849932|Reactome:R-HSA-8851680|Reactome:R-HSA-8851708|Reactome:R-HSA-8851805|Reactome:R-HSA-8851907|Reactome:R-HSA-8852405|Reactome:R-HSA-8853333|Reactome:R-HSA-8853334|Reactome:R-HSA-8853336|Reactome:R-HSA-8853383|Reactome:R-HSA-8853884|Reactome:R-HSA-8854518|Reactome:R-HSA-8854691|Reactome:R-HSA-8856825|Reactome:R-HSA-8856828|Reactome:R-HSA-8857538|Reactome:R-HSA-8863795|Reactome:R-HSA-8865999|Reactome:R-HSA-8866654|Reactome:R-HSA-8866910|Reactome:R-HSA-8874081|Reactome:R-HSA-8875360|Reactome:R-HSA-8875513|Reactome:R-HSA-8875555|Reactome:R-HSA-8875656|Reactome:R-HSA-8875791|Reactome:R-HSA-8877330|Reactome:R-HSA-8932504|Reactome:R-HSA-8932505|Reactome:R-HSA-8932506|Reactome:R-HSA-8939247|Reactome:R-HSA-8941856|Reactome:R-HSA-8948216|Reactome:R-HSA-8951664|Reactome:R-HSA-8957275|Reactome:R-HSA-8963896|Reactome:R-HSA-8964038|Reactome:R-HSA-8964046|Reactome:R-HSA-8980692|Reactome:R-HSA-8983432|Reactome:R-HSA-8983711|Reactome:R-HSA-8984722|Reactome:R-HSA-8985586|Reactome:R-HSA-8985801|Reactome:R-HSA-8985947|Reactome:R-HSA-9006335|Reactome:R-HSA-9007892|Reactome:R-HSA-9008059|Reactome:R-HSA-9009391|Reactome:R-HSA-9010553|Reactome:R-HSA-9010642|Reactome:R-HSA-9012546|Reactome:R-HSA-9013026|Reactome:R-HSA-9013106|Reactome:R-HSA-9013148|Reactome:R-HSA-9013149|Reactome:R-HSA-9013404|Reactome:R-HSA-9013405|Reactome:R-HSA-9013406|Reactome:R-HSA-9013408|Reactome:R-HSA-9013409|Reactome:R-HSA-9013420|Reactome:R-HSA-9013423|Reactome:R-HSA-9013424|Reactome:R-HSA-9013508|Reactome:R-HSA-9013695|Reactome:R-HSA-9014826|Reactome:R-HSA-9014843|Reactome:R-HSA-9020558|Reactome:R-HSA-9020591|Reactome:R-HSA-9020702|Reactome:R-HSA-9020933|Reactome:R-HSA-9020956|Reactome:R-HSA-9020958|Reactome:R-HSA-9022699|Reactome:R-HSA-9024909|Reactome:R-HSA-9025046|Reactome:R-HSA-9026357|Reactome:R-HSA-9026519|Reactome:R-HSA-9026527|Reactome:R-HSA-9027276|Reactome:R-HSA-9027277|Reactome:R-HSA-9027283|Reactome:R-HSA-9027284|Reactome:R-HSA-9028335|Reactome:R-HSA-9028731|Reactome:R-HSA-9031628|Reactome:R-HSA-9032500|Reactome:R-HSA-9032759|Reactome:R-HSA-9032845|Reactome:R-HSA-9034013|Reactome:R-HSA-9034015|Reactome:R-HSA-9034793|Reactome:R-HSA-9034864|Reactome:R-HSA-9035034|Reactome:R-HSA-909733|Reactome:R-HSA-912526|Reactome:R-HSA-912694|Reactome:R-HSA-917977|Reactome:R-HSA-933542|Reactome:R-HSA-9603381|Reactome:R-HSA-9603505|Reactome:R-HSA-9607240|Reactome:R-HSA-9609523|Reactome:R-HSA-9609690|Reactome:R-HSA-9610379|Reactome:R-HSA-9613354|Reactome:R-HSA-9615017|Reactome:R-HSA-9616222|Reactome:R-HSA-9619483|Reactome:R-HSA-9619665|Reactome:R-HSA-9620244|Reactome:R-HSA-9634597|Reactome:R-HSA-9637628|Reactome:R-HSA-9638334|Reactome:R-HSA-9638630|Reactome:R-HSA-9645135|Reactome:R-HSA-9649948|Reactome:R-HSA-9656223|Reactome:R-HSA-9660826|Reactome:R-HSA-9664323|Reactome:R-HSA-9664422|Reactome:R-HSA-9664565|Reactome:R-HSA-9664873|Reactome:R-HSA-9665686|Reactome:R-HSA-9669914|Reactome:R-HSA-9669917|Reactome:R-HSA-9669921|Reactome:R-HSA-9669924|Reactome:R-HSA-9669926|Reactome:R-HSA-9669929|Reactome:R-HSA-9669933|Reactome:R-HSA-9669934|Reactome:R-HSA-9669935|Reactome:R-HSA-9669936|Reactome:R-HSA-9670439|Reactome:R-HSA-9673767|Reactome:R-HSA-9673768|Reactome:R-HSA-9673770|Reactome:R-HSA-9674396|Reactome:R-HSA-9674401|Reactome:R-HSA-9674403|Reactome:R-HSA-9674404|Reactome:R-HSA-9674428|Reactome:R-HSA-9674555|Reactome:R-HSA-9679191|Reactome:R-HSA-9680187|Reactome:R-HSA-9680350|Reactome:R-HSA-9692916|Reactome:R-HSA-9694614|Reactome:R-HSA-9696264|Reactome:R-HSA-9696270|Reactome:R-HSA-9696273|Reactome:R-HSA-9700645|Reactome:R-HSA-9701898|Reactome:R-HSA-9702509|Reactome:R-HSA-9702518|Reactome:R-HSA-9702569|Reactome:R-HSA-9702577|Reactome:R-HSA-9702581|Reactome:R-HSA-9702590|Reactome:R-HSA-9702596|Reactome:R-HSA-9702600|Reactome:R-HSA-9702605|Reactome:R-HSA-9702614|Reactome:R-HSA-9702620|Reactome:R-HSA-9702624|Reactome:R-HSA-9702632|Reactome:R-HSA-9702636|Reactome:R-HSA-9702998|Reactome:R-HSA-9703009|Reactome:R-HSA-9703648|Reactome:R-HSA-9705462|Reactome:R-HSA-9705671|Reactome:R-HSA-9706369|Reactome:R-HSA-9706374|Reactome:R-HSA-9706377|Reactome:R-HSA-9717207|Reactome:R-HSA-9725370|Reactome:R-HSA-9725371|Reactome:R-HSA-9725554|Reactome:R-HSA-9732724|Reactome:R-HSA-9734091|Reactome:R-HSA-9749641|Reactome:R-HSA-9752946|Reactome:R-HSA-975634|Reactome:R-HSA-9758919|Reactome:R-HSA-977225|Reactome:R-HSA-9772755|Reactome:R-HSA-977443|Reactome:R-HSA-977606|Reactome:R-HSA-9793380|Reactome:R-HSA-9818749|Reactome:R-HSA-9820960|Reactome:R-HSA-9824272|Reactome:R-HSA-9824585|Reactome:R-HSA-9825892|Reactome:R-HSA-982772|Reactome:R-HSA-9830674|Reactome:R-HSA-983168|Reactome:R-HSA-983170|Reactome:R-HSA-9833109|Reactome:R-HSA-9833110|Reactome:R-HSA-983695|Reactome:R-HSA-9843940|Reactome:R-HSA-9843970|Reactome:R-HSA-9844594|Reactome:R-HSA-9851151|Reactome:R-HSA-9854909|Reactome:R-HSA-9856530|Reactome:R-HSA-9856532|Reactome:R-HSA-9856649|Reactome:R-HSA-9860927|Reactome:R-HSA-9913351|Reactome:R-HSA-9925563|Reactome:R-HSA-9926550|Reactome:R-HSA-9927353|Reactome:R-HSA-9927354|Reactome:R-HSA-9939291|Reactome:R-HSA-9953038|Reactome:R-HSA-9953080|Reactome:R-MMU-1059683|Reactome:R-MMU-109704|Reactome:R-MMU-110056|Reactome:R-MMU-112411|Reactome:R-MMU-114604|Reactome:R-MMU-114608|Reactome:R-MMU-1169091|Reactome:R-MMU-1169408|Reactome:R-MMU-1170546|Reactome:R-MMU-1227986|Reactome:R-MMU-1236394|Reactome:R-MMU-1236974|Reactome:R-MMU-1236977|Reactome:R-MMU-1236978|Reactome:R-MMU-1250196|Reactome:R-MMU-1250342|Reactome:R-MMU-1250347|Reactome:R-MMU-1257604|Reactome:R-MMU-1266695|Reactome:R-MMU-1306955|Reactome:R-MMU-1307965|Reactome:R-MMU-1358803|Reactome:R-MMU-140834|Reactome:R-MMU-140837|Reactome:R-MMU-140875|Reactome:R-MMU-1433557|Reactome:R-MMU-1433559|Reactome:R-MMU-1442490|Reactome:R-MMU-1462054|Reactome:R-MMU-1474228|Reactome:R-MMU-1566977|Reactome:R-MMU-163125|Reactome:R-MMU-1632852|Reactome:R-MMU-163680|Reactome:R-MMU-1650814|Reactome:R-MMU-1660499|Reactome:R-MMU-1660514|Reactome:R-MMU-166663|Reactome:R-MMU-166665|Reactome:R-MMU-170968|Reactome:R-MMU-170984|Reactome:R-MMU-173623|Reactome:R-MMU-173736|Reactome:R-MMU-174577|Reactome:R-MMU-177504|Reactome:R-MMU-177929|Reactome:R-MMU-1810476|Reactome:R-MMU-181429|Reactome:R-MMU-181430|Reactome:R-MMU-182971|Reactome:R-MMU-1855183|Reactome:R-MMU-1855204|Reactome:R-MMU-186763|Reactome:R-MMU-186797|Reactome:R-MMU-187042|Reactome:R-MMU-190322|Reactome:R-MMU-190370|Reactome:R-MMU-190371|Reactome:R-MMU-190372|Reactome:R-MMU-190373|Reactome:R-MMU-190374|Reactome:R-MMU-190375|Reactome:R-MMU-190377|Reactome:R-MMU-193634|Reactome:R-MMU-193648|Reactome:R-MMU-193692|Reactome:R-MMU-194306|Reactome:R-MMU-195399|Reactome:R-MMU-196108|Reactome:R-MMU-1963640|Reactome:R-MMU-1963642|Reactome:R-MMU-1971475|Reactome:R-MMU-198203|Reactome:R-MMU-198933|Reactome:R-MMU-200425|Reactome:R-MMU-2022090|Reactome:R-MMU-2022854|Reactome:R-MMU-2022857|Reactome:R-MMU-2022870|Reactome:R-MMU-2022923|Reactome:R-MMU-2024096|Reactome:R-MMU-2024101|Reactome:R-MMU-202424|Reactome:R-MMU-202427|Reactome:R-MMU-202430|Reactome:R-MMU-202433|Reactome:R-MMU-2025928|Reactome:R-MMU-202733|Reactome:R-MMU-2029481|Reactome:R-MMU-2029482|Reactome:R-MMU-2029485|Reactome:R-MMU-204005|Reactome:R-MMU-209560|Reactome:R-MMU-210500|Reactome:R-MMU-210990|Reactome:R-MMU-210991|Reactome:R-MMU-210993|Reactome:R-MMU-2122947|Reactome:R-MMU-212676|Reactome:R-MMU-2129379|Reactome:R-MMU-2132295|Reactome:R-MMU-216083|Reactome:R-MMU-2160916|Reactome:R-MMU-2168880|Reactome:R-MMU-2172127|Reactome:R-MMU-2173791|Reactome:R-MMU-2214320|Reactome:R-MMU-2243919|Reactome:R-MMU-2404192|Reactome:R-MMU-2424491|Reactome:R-MMU-2428928|Reactome:R-MMU-2428933|Reactome:R-MMU-2454202|Reactome:R-MMU-264642|Reactome:R-MMU-264876|Reactome:R-MMU-2672351|Reactome:R-MMU-2682334|Reactome:R-MMU-2730905|Reactome:R-MMU-2871796|Reactome:R-MMU-2871809|Reactome:R-MMU-2871837|Reactome:R-MMU-3000157|Reactome:R-MMU-3000170|Reactome:R-MMU-3000178|Reactome:R-MMU-3134963|Reactome:R-MMU-3214841|Reactome:R-MMU-3214847|Reactome:R-MMU-3322077|Reactome:R-MMU-350054|Reactome:R-MMU-354192|Reactome:R-MMU-354194|Reactome:R-MMU-372708|Reactome:R-MMU-373752|Reactome:R-MMU-373753|Reactome:R-MMU-373756|Reactome:R-MMU-373760|Reactome:R-MMU-375165|Reactome:R-MMU-375276|Reactome:R-MMU-376172|Reactome:R-MMU-376176|Reactome:R-MMU-380972|Reactome:R-MMU-381426|Reactome:R-MMU-388844|Reactome:R-MMU-389356|Reactome:R-MMU-389357|Reactome:R-MMU-389359|Reactome:R-MMU-389513|Reactome:R-MMU-389948|Reactome:R-MMU-390522|Reactome:R-MMU-391160|Reactome:R-MMU-3928662|Reactome:R-MMU-3928663|Reactome:R-MMU-3928664|Reactome:R-MMU-3928665|Reactome:R-MMU-399954|Reactome:R-MMU-399955|Reactome:R-MMU-399956|Reactome:R-MMU-4086398|Reactome:R-MMU-416476|Reactome:R-MMU-416482|Reactome:R-MMU-416550|Reactome:R-MMU-416572|Reactome:R-MMU-416700|Reactome:R-MMU-418594|Reactome:R-MMU-418885|Reactome:R-MMU-418889|Reactome:R-MMU-418990|Reactome:R-MMU-419037|Reactome:R-MMU-420029|Reactome:R-MMU-420597|Reactome:R-MMU-428890|Reactome:R-MMU-430116|Reactome:R-MMU-432142|Reactome:R-MMU-432722|Reactome:R-MMU-433692|Reactome:R-MMU-437239|Reactome:R-MMU-4420097|Reactome:R-MMU-445095|Reactome:R-MMU-445144|Reactome:R-MMU-445355|Reactome:R-MMU-445989|Reactome:R-MMU-446107|Reactome:R-MMU-446353|Reactome:R-MMU-447043|Reactome:R-MMU-448706|Reactome:R-MMU-449836|Reactome:R-MMU-4755510|Reactome:R-MMU-512988|Reactome:R-MMU-5140745|Reactome:R-MMU-5173214|Reactome:R-MMU-5218921|Reactome:R-MMU-5223345|Reactome:R-MMU-525793|Reactome:R-MMU-5607761|Reactome:R-MMU-5607763|Reactome:R-MMU-5607764|Reactome:R-MMU-5620916|Reactome:R-MMU-5621575|Reactome:R-MMU-5627123|Reactome:R-MMU-5628897|Reactome:R-MMU-5632681|Reactome:R-MMU-5635838|Reactome:R-MMU-5654219|Reactome:R-MMU-5654221|Reactome:R-MMU-5654227|Reactome:R-MMU-5654228|Reactome:R-MMU-5654687|Reactome:R-MMU-5654688|Reactome:R-MMU-5654689|Reactome:R-MMU-5654693|Reactome:R-MMU-5654695|Reactome:R-MMU-5654699|Reactome:R-MMU-5654700|Reactome:R-MMU-5654704|Reactome:R-MMU-5654706|Reactome:R-MMU-5654710|Reactome:R-MMU-5654712|Reactome:R-MMU-5654719|Reactome:R-MMU-5654720|Reactome:R-MMU-5654726|Reactome:R-MMU-5654727|Reactome:R-MMU-5654732|Reactome:R-MMU-5654733|Reactome:R-MMU-5658623|Reactome:R-MMU-5660668|Reactome:R-MMU-5673001|Reactome:R-MMU-5674135|Reactome:R-MMU-5676590|Reactome:R-MMU-5683826|Reactome:R-MMU-5684264|Reactome:R-MMU-5687128|Reactome:R-MMU-5689603|Reactome:R-MMU-5690714|Reactome:R-MMU-5694530|Reactome:R-MMU-6783783|Reactome:R-MMU-6785631|Reactome:R-MMU-6785807|Reactome:R-MMU-6788467|Reactome:R-MMU-6798695|Reactome:R-MMU-6804756|Reactome:R-MMU-6806942|Reactome:R-MMU-6807004|Reactome:R-MMU-6809371|Reactome:R-MMU-6811558|Reactome:R-MMU-74713|Reactome:R-MMU-74749|Reactome:R-MMU-74751|Reactome:R-MMU-74752|Reactome:R-MMU-75892|Reactome:R-MMU-77387|Reactome:R-MMU-877300|Reactome:R-MMU-877312|Reactome:R-MMU-879415|Reactome:R-MMU-8847993|Reactome:R-MMU-8849932|Reactome:R-MMU-8851680|Reactome:R-MMU-8851805|Reactome:R-MMU-8851907|Reactome:R-MMU-8852405|Reactome:R-MMU-8853383|Reactome:R-MMU-8854691|Reactome:R-MMU-8856825|Reactome:R-MMU-8856828|Reactome:R-MMU-8857538|Reactome:R-MMU-8863795|Reactome:R-MMU-8865999|Reactome:R-MMU-8874081|Reactome:R-MMU-8875513|Reactome:R-MMU-8875555|Reactome:R-MMU-8875656|Reactome:R-MMU-8875791|Reactome:R-MMU-8932504|Reactome:R-MMU-8932505|Reactome:R-MMU-8932506|Reactome:R-MMU-8941856|Reactome:R-MMU-8948216|Reactome:R-MMU-8957275|Reactome:R-MMU-8963896|Reactome:R-MMU-8980692|Reactome:R-MMU-8983432|Reactome:R-MMU-8984722|Reactome:R-MMU-8985586|Reactome:R-MMU-8985947|Reactome:R-MMU-9006335|Reactome:R-MMU-9007892|Reactome:R-MMU-9009391|Reactome:R-MMU-9010553|Reactome:R-MMU-9012546|Reactome:R-MMU-9013026|Reactome:R-MMU-9013106|Reactome:R-MMU-9013148|Reactome:R-MMU-9013149|Reactome:R-MMU-9013404|Reactome:R-MMU-9013405|Reactome:R-MMU-9013406|Reactome:R-MMU-9013408|Reactome:R-MMU-9013409|Reactome:R-MMU-9013420|Reactome:R-MMU-9013423|Reactome:R-MMU-9013424|Reactome:R-MMU-9014826|Reactome:R-MMU-9014843|Reactome:R-MMU-9020558|Reactome:R-MMU-9020591|Reactome:R-MMU-9020702|Reactome:R-MMU-9020933|Reactome:R-MMU-9020956|Reactome:R-MMU-9020958|Reactome:R-MMU-9026527|Reactome:R-MMU-9027276|Reactome:R-MMU-9027284|Reactome:R-MMU-9028731|Reactome:R-MMU-9032759|Reactome:R-MMU-9034013|Reactome:R-MMU-9034793|Reactome:R-MMU-9035034|Reactome:R-MMU-909733|Reactome:R-MMU-912526|Reactome:R-MMU-912694|Reactome:R-MMU-917977|Reactome:R-MMU-933542|Reactome:R-MMU-9603381|Reactome:R-MMU-9607240|Reactome:R-MMU-9609523|Reactome:R-MMU-9634597|Reactome:R-MMU-9664873|Reactome:R-MMU-9696264|Reactome:R-MMU-9696270|Reactome:R-MMU-9696273|Reactome:R-MMU-9706369|Reactome:R-MMU-9706374|Reactome:R-MMU-9732724|Reactome:R-MMU-9734091|Reactome:R-MMU-9749641|Reactome:R-MMU-9772755|Reactome:R-MMU-977606|Reactome:R-MMU-982772|Reactome:R-MMU-983168|Reactome:R-MMU-983170|Reactome:R-MMU-983695|Reactome:R-MMU-9843940|Reactome:R-MMU-9851151|Reactome:R-MMU-9856649|Reactome:R-MMU-9860927|Reactome:R-MMU-9913351|Reactome:R-MMU-9927353|Reactome:R-MMU-9927354|Reactome:R-MMU-9939291|Reactome:R-MTU-868688|Reactome:R-RNO-1059683|Reactome:R-RNO-109704|Reactome:R-RNO-110056|Reactome:R-RNO-112411|Reactome:R-RNO-114608|Reactome:R-RNO-1170546|Reactome:R-RNO-1227986|Reactome:R-RNO-1236394|Reactome:R-RNO-1236974|Reactome:R-RNO-1236977|Reactome:R-RNO-1250196|Reactome:R-RNO-1250342|Reactome:R-RNO-1250347|Reactome:R-RNO-1257604|Reactome:R-RNO-1306955|Reactome:R-RNO-1307965|Reactome:R-RNO-1358803|Reactome:R-RNO-140834|Reactome:R-RNO-140837|Reactome:R-RNO-140875|Reactome:R-RNO-1462054|Reactome:R-RNO-1474228|Reactome:R-RNO-1566977|Reactome:R-RNO-163125|Reactome:R-RNO-1632852|Reactome:R-RNO-163680|Reactome:R-RNO-1660499|Reactome:R-RNO-1660514|Reactome:R-RNO-166663|Reactome:R-RNO-166665|Reactome:R-RNO-170968|Reactome:R-RNO-170984|Reactome:R-RNO-173623|Reactome:R-RNO-173736|Reactome:R-RNO-174577|Reactome:R-RNO-177504|Reactome:R-RNO-181429|Reactome:R-RNO-181430|Reactome:R-RNO-1855183|Reactome:R-RNO-1855204|Reactome:R-RNO-186763|Reactome:R-RNO-186797|Reactome:R-RNO-187042|Reactome:R-RNO-190322|Reactome:R-RNO-190370|Reactome:R-RNO-190373|Reactome:R-RNO-190374|Reactome:R-RNO-193634|Reactome:R-RNO-193648|Reactome:R-RNO-194306|Reactome:R-RNO-195399|Reactome:R-RNO-196108|Reactome:R-RNO-1963640|Reactome:R-RNO-1963642|Reactome:R-RNO-1971475|Reactome:R-RNO-198203|Reactome:R-RNO-198933|Reactome:R-RNO-200425|Reactome:R-RNO-2022854|Reactome:R-RNO-2022857|Reactome:R-RNO-2022870|Reactome:R-RNO-2022923|Reactome:R-RNO-2024101|Reactome:R-RNO-202424|Reactome:R-RNO-202427|Reactome:R-RNO-202430|Reactome:R-RNO-202433|Reactome:R-RNO-2025928|Reactome:R-RNO-202733|Reactome:R-RNO-2029481|Reactome:R-RNO-2029482|Reactome:R-RNO-2029485|Reactome:R-RNO-210500|Reactome:R-RNO-210990|Reactome:R-RNO-210991|Reactome:R-RNO-212676|Reactome:R-RNO-2129379|Reactome:R-RNO-2132295|Reactome:R-RNO-216083|Reactome:R-RNO-2160916|Reactome:R-RNO-2172127|Reactome:R-RNO-2173791|Reactome:R-RNO-2404192|Reactome:R-RNO-2424491|Reactome:R-RNO-2428928|Reactome:R-RNO-2428933|Reactome:R-RNO-2454202|Reactome:R-RNO-264642|Reactome:R-RNO-264876|Reactome:R-RNO-2682334|Reactome:R-RNO-2730905|Reactome:R-RNO-2871796|Reactome:R-RNO-2871809|Reactome:R-RNO-2871837|Reactome:R-RNO-3000157|Reactome:R-RNO-3000170|Reactome:R-RNO-3000178|Reactome:R-RNO-3214847|Reactome:R-RNO-354192|Reactome:R-RNO-354194|Reactome:R-RNO-372708|Reactome:R-RNO-373752|Reactome:R-RNO-373753|Reactome:R-RNO-373760|Reactome:R-RNO-375165|Reactome:R-RNO-375276|Reactome:R-RNO-376172|Reactome:R-RNO-380972|Reactome:R-RNO-381426|Reactome:R-RNO-388844|Reactome:R-RNO-389356|Reactome:R-RNO-389357|Reactome:R-RNO-389359|Reactome:R-RNO-389948|Reactome:R-RNO-390522|Reactome:R-RNO-391160|Reactome:R-RNO-3928662|Reactome:R-RNO-3928663|Reactome:R-RNO-3928664|Reactome:R-RNO-3928665|Reactome:R-RNO-399954|Reactome:R-RNO-399955|Reactome:R-RNO-399956|Reactome:R-RNO-416476|Reactome:R-RNO-416482|Reactome:R-RNO-416550|Reactome:R-RNO-416700|Reactome:R-RNO-418594|Reactome:R-RNO-418885|Reactome:R-RNO-418889|Reactome:R-RNO-418990|Reactome:R-RNO-419037|Reactome:R-RNO-420029|Reactome:R-RNO-420597|Reactome:R-RNO-432142|Reactome:R-RNO-432722|Reactome:R-RNO-433692|Reactome:R-RNO-437239|Reactome:R-RNO-4420097|Reactome:R-RNO-445095|Reactome:R-RNO-445144|Reactome:R-RNO-445989|Reactome:R-RNO-446107|Reactome:R-RNO-446353|Reactome:R-RNO-447043|Reactome:R-RNO-449836|Reactome:R-RNO-5218921|Reactome:R-RNO-5223345|Reactome:R-RNO-525793|Reactome:R-RNO-5607763|Reactome:R-RNO-5620916|Reactome:R-RNO-5628897|Reactome:R-RNO-5632681|Reactome:R-RNO-5654219|Reactome:R-RNO-5654228|Reactome:R-RNO-5654687|Reactome:R-RNO-5654688|Reactome:R-RNO-5654689|Reactome:R-RNO-5654693|Reactome:R-RNO-5654712|Reactome:R-RNO-5654719|Reactome:R-RNO-5654720|Reactome:R-RNO-5654726|Reactome:R-RNO-5654733|Reactome:R-RNO-5658623|Reactome:R-RNO-5673001|Reactome:R-RNO-5674135|Reactome:R-RNO-5683826|Reactome:R-RNO-5687128|Reactome:R-RNO-5689603|Reactome:R-RNO-6785631|Reactome:R-RNO-6785807|Reactome:R-RNO-6788467|Reactome:R-RNO-6798695|Reactome:R-RNO-6804756|Reactome:R-RNO-6806942|Reactome:R-RNO-6807004|Reactome:R-RNO-6809371|Reactome:R-RNO-6811558|Reactome:R-RNO-74713|Reactome:R-RNO-74749|Reactome:R-RNO-74751|Reactome:R-RNO-74752|Reactome:R-RNO-77387|Reactome:R-RNO-879415|Reactome:R-RNO-8847993|Reactome:R-RNO-8849932|Reactome:R-RNO-8851680|Reactome:R-RNO-8851805|Reactome:R-RNO-8851907|Reactome:R-RNO-8853383|Reactome:R-RNO-8854691|Reactome:R-RNO-8856825|Reactome:R-RNO-8856828|Reactome:R-RNO-8857538|Reactome:R-RNO-8863795|Reactome:R-RNO-8865999|Reactome:R-RNO-8874081|Reactome:R-RNO-8875513|Reactome:R-RNO-8875555|Reactome:R-RNO-8875656|Reactome:R-RNO-8875791|Reactome:R-RNO-8932505|Reactome:R-RNO-8951664|Reactome:R-RNO-8957275|Reactome:R-RNO-8963896|Reactome:R-RNO-8980692|Reactome:R-RNO-8983432|Reactome:R-RNO-8984722|Reactome:R-RNO-9006335|Reactome:R-RNO-9007892|Reactome:R-RNO-9009391|Reactome:R-RNO-9013026|Reactome:R-RNO-9013148|Reactome:R-RNO-9013149|Reactome:R-RNO-9013404|Reactome:R-RNO-9013405|Reactome:R-RNO-9013408|Reactome:R-RNO-9013409|Reactome:R-RNO-9014826|Reactome:R-RNO-9014843|Reactome:R-RNO-9020558|Reactome:R-RNO-9020702|Reactome:R-RNO-9020956|Reactome:R-RNO-9026527|Reactome:R-RNO-9027276|Reactome:R-RNO-9027284|Reactome:R-RNO-9028731|Reactome:R-RNO-9032759|Reactome:R-RNO-9034013|Reactome:R-RNO-9034793|Reactome:R-RNO-9035034|Reactome:R-RNO-912526|Reactome:R-RNO-917977|Reactome:R-RNO-933542|Reactome:R-RNO-9603381|Reactome:R-RNO-9609523|Reactome:R-RNO-9634597|Reactome:R-RNO-9664873|Reactome:R-RNO-9734091|Reactome:R-RNO-9749641|Reactome:R-RNO-9772755|Reactome:R-RNO-977606|Reactome:R-RNO-982772|Reactome:R-RNO-983168|Reactome:R-RNO-983170|Reactome:R-RNO-9851151|Reactome:R-RNO-9860927|Reactome:R-RNO-9927353|Reactome:R-RNO-9927354|Reactome:R-SCE-1632852|Reactome:R-SCE-163680|Reactome:R-SCE-200425|Reactome:R-SCE-3322077|Reactome:R-SCE-380972|Reactome:R-SCE-6798695|Reactome:R-SCE-9013106|Reactome:R-SCE-9609523|Reactome:R-SPO-1632852|Reactome:R-SPO-163680|Reactome:R-SPO-200425|Reactome:R-SPO-380972|Reactome:R-SPO-5628897|Reactome:R-SPO-6798695|Reactome:R-SPO-9013106|Reactome:R-SPO-9609523|Reactome:R-SSC-114608|Reactome:R-SSC-1170546|Reactome:R-SSC-1236974|Reactome:R-SSC-1236977|Reactome:R-SSC-1257604|Reactome:R-SSC-1474228|Reactome:R-SSC-166663|Reactome:R-SSC-173623|Reactome:R-SSC-198933|Reactome:R-SSC-2022854|Reactome:R-SSC-2022857|Reactome:R-SSC-2024101|Reactome:R-SSC-202424|Reactome:R-SSC-202427|Reactome:R-SSC-202430|Reactome:R-SSC-202433|Reactome:R-SSC-202733|Reactome:R-SSC-2029481|Reactome:R-SSC-2029482|Reactome:R-SSC-2029485|Reactome:R-SSC-210990|Reactome:R-SSC-2132295|Reactome:R-SSC-216083|Reactome:R-SSC-2160916|Reactome:R-SSC-2168880|Reactome:R-SSC-2172127|Reactome:R-SSC-2424491|Reactome:R-SSC-2454202|Reactome:R-SSC-2730905|Reactome:R-SSC-2871796|Reactome:R-SSC-2871809|Reactome:R-SSC-2871837|Reactome:R-SSC-3000178|Reactome:R-SSC-389948|Reactome:R-SSC-391160|Reactome:R-SSC-416550|Reactome:R-SSC-432142|Reactome:R-SSC-5673001|Reactome:R-SSC-5690714|Reactome:R-SSC-6798695|Reactome:R-SSC-6806942|Reactome:R-SSC-6807004|Reactome:R-SSC-6811558|Reactome:R-SSC-8851805|Reactome:R-SSC-8851907|Reactome:R-SSC-8856825|Reactome:R-SSC-8856828|Reactome:R-SSC-8865999|Reactome:R-SSC-8874081|Reactome:R-SSC-8875513|Reactome:R-SSC-8875555|Reactome:R-SSC-8875656|Reactome:R-SSC-8875791|Reactome:R-SSC-8980692|Reactome:R-SSC-9006335|Reactome:R-SSC-9013106|Reactome:R-SSC-9013404|Reactome:R-SSC-9013405|Reactome:R-SSC-9013408|Reactome:R-SSC-9020591|Reactome:R-SSC-9020933|Reactome:R-SSC-9027276|Reactome:R-SSC-9027284|Reactome:R-SSC-9734091|Reactome:R-SSC-977606|Reactome:R-SSC-982772|Reactome:R-SSC-983170|Reactome:R-SSC-983695|Reactome:R-XTR-202433|Reactome:R-XTR-2243919|Reactome:R-XTR-418990|Reactome:R-XTR-5654687
ETMEFFSM_CDS_0067	ffac269bc1069a3516cd35abe9008255	1141	Pfam	PF09327	Bacteriophage tail tip fiber protein	971	1109	2.8E-35	T	13-04-2026	IPR015406	Tip attachment protein J, central straight fiber domain	-	-
ETMEFFSM_CDS_0067	ffac269bc1069a3516cd35abe9008255	1141	Pfam	PF24801	Tip attachment protein J,FNIII-A domain	106	231	6.6E-36	T	13-04-2026	IPR055385	Tip attachment protein J, HDII-ins2 domain	-	-
ETMEFFSM_CDS_0067	ffac269bc1069a3516cd35abe9008255	1141	Pfam	PF13550	Putative phage tail protein	357	502	2.3E-9	T	13-04-2026	IPR032876	Tip attachment protein J	-	-
ETMEFFSM_CDS_0067	ffac269bc1069a3516cd35abe9008255	1141	SUPERFAMILY	SSF49265	Fibronectin type III	644	731	3.72E-8	T	13-04-2026	IPR036116	Fibronectin type III superfamily	GO:0005515(InterPro)	Reactome:R-BTA-1266695|Reactome:R-BTA-140834|Reactome:R-BTA-210993|Reactome:R-BTA-388844|Reactome:R-BTA-445355|Reactome:R-BTA-5627123|Reactome:R-BTA-5673001|Reactome:R-BTA-6785807|Reactome:R-BTA-77387|Reactome:R-BTA-8849932|Reactome:R-BTA-8932505|Reactome:R-BTA-8983432|Reactome:R-BTA-8985947|Reactome:R-BTA-9020558|Reactome:R-BTA-9020958|Reactome:R-BTA-909733|Reactome:R-BTA-912526|Reactome:R-BTA-912694|Reactome:R-BTA-983168|Reactome:R-CEL-114608|Reactome:R-CEL-1474228|Reactome:R-CEL-1971475|Reactome:R-CEL-2022928|Reactome:R-CEL-2024096|Reactome:R-CEL-210991|Reactome:R-CEL-216083|Reactome:R-CEL-2682334|Reactome:R-CEL-3000157|Reactome:R-CEL-3000171|Reactome:R-CEL-3000178|Reactome:R-CEL-351906|Reactome:R-CEL-373752|Reactome:R-CEL-373753|Reactome:R-CEL-373756|Reactome:R-CEL-375165|Reactome:R-CEL-376176|Reactome:R-CEL-388844|Reactome:R-CEL-3928662|Reactome:R-CEL-3928663|Reactome:R-CEL-3928664|Reactome:R-CEL-3928665|Reactome:R-CEL-416700|Reactome:R-CEL-418885|Reactome:R-CEL-418886|Reactome:R-CEL-418889|Reactome:R-CEL-433692|Reactome:R-CEL-5218920|Reactome:R-CEL-5673001|Reactome:R-CEL-6798695|Reactome:R-CEL-6807004|Reactome:R-CEL-6809371|Reactome:R-CEL-77387|Reactome:R-CEL-8849932|Reactome:R-CEL-8863795|Reactome:R-CEL-9013149|Reactome:R-CEL-9013404|Reactome:R-CEL-9013408|Reactome:R-CEL-9013420|Reactome:R-CEL-9013423|Reactome:R-CEL-9013424|Reactome:R-CEL-9749641|Reactome:R-CEL-9764561|Reactome:R-CEL-9772755|Reactome:R-CEL-9913351|Reactome:R-CFA-2024096|Reactome:R-CFA-2024101|Reactome:R-CFA-6785807|Reactome:R-CFA-6788467|Reactome:R-CFA-8932505|Reactome:R-DME-110478|Reactome:R-DME-114604|Reactome:R-DME-209209|Reactome:R-DME-209228|Reactome:R-DME-209338|Reactome:R-DME-210688|Reactome:R-DME-3214847|Reactome:R-DME-354192|Reactome:R-DME-375165|Reactome:R-DME-376172|Reactome:R-DME-376176|Reactome:R-DME-388844|Reactome:R-DME-416700|Reactome:R-DME-525793|Reactome:R-DME-5621480|Reactome:R-DME-5632681|Reactome:R-DME-5673001|Reactome:R-DME-5689603|Reactome:R-DME-6798695|Reactome:R-DME-77387|Reactome:R-DME-8849932|Reactome:R-DME-9009391|Reactome:R-DME-9013407|Reactome:R-DME-912631|Reactome:R-DME-9674555|Reactome:R-DME-9705462|Reactome:R-DME-9772755|Reactome:R-DME-983168|Reactome:R-DRE-1433557|Reactome:R-DRE-210993|Reactome:R-DRE-2682334|Reactome:R-DRE-3214841|Reactome:R-DRE-388844|Reactome:R-DRE-3928662|Reactome:R-DRE-3928663|Reactome:R-DRE-3928664|Reactome:R-DRE-3928665|Reactome:R-DRE-5673001|Reactome:R-DRE-8932505|Reactome:R-DRE-9843940|Reactome:R-DRE-9843970|Reactome:R-GGA-114608|Reactome:R-GGA-1474228|Reactome:R-GGA-1566977|Reactome:R-GGA-163125|Reactome:R-GGA-2129379|Reactome:R-GGA-216083|Reactome:R-GGA-2682334|Reactome:R-GGA-3000170|Reactome:R-GGA-3000178|Reactome:R-GGA-354192|Reactome:R-GGA-354194|Reactome:R-GGA-372708|Reactome:R-GGA-381426|Reactome:R-GGA-3928663|Reactome:R-GGA-3928665|Reactome:R-GGA-449836|Reactome:R-GGA-5674135|Reactome:R-GGA-8854691|Reactome:R-GGA-8874081|Reactome:R-GGA-8932505|Reactome:R-GGA-8957275|Reactome:R-GGA-9860927|Reactome:R-HSA-1059683|Reactome:R-HSA-110056|Reactome:R-HSA-112411|Reactome:R-HSA-114608|Reactome:R-HSA-1170546|Reactome:R-HSA-1266695|Reactome:R-HSA-140834|Reactome:R-HSA-1433557|Reactome:R-HSA-1442490|Reactome:R-HSA-1474228|Reactome:R-HSA-1566977|Reactome:R-HSA-163125|Reactome:R-HSA-1650814|Reactome:R-HSA-181429|Reactome:R-HSA-181430|Reactome:R-HSA-182971|Reactome:R-HSA-186797|Reactome:R-HSA-190373|Reactome:R-HSA-193648|Reactome:R-HSA-196108|Reactome:R-HSA-2022090|Reactome:R-HSA-202427|Reactome:R-HSA-202733|Reactome:R-HSA-204005|Reactome:R-HSA-210500|Reactome:R-HSA-210991|Reactome:R-HSA-210993|Reactome:R-HSA-2122948|Reactome:R-HSA-212676|Reactome:R-HSA-2129379|Reactome:R-HSA-2151201|Reactome:R-HSA-216083|Reactome:R-HSA-2214320|Reactome:R-HSA-2404192|Reactome:R-HSA-2428928|Reactome:R-HSA-2428933|Reactome:R-HSA-2586552|Reactome:R-HSA-264642|Reactome:R-HSA-2682334|Reactome:R-HSA-2892247|Reactome:R-HSA-2979096|Reactome:R-HSA-3000157|Reactome:R-HSA-3000170|Reactome:R-HSA-3000171|Reactome:R-HSA-3000178|Reactome:R-HSA-3214841|Reactome:R-HSA-3214847|Reactome:R-HSA-354192|Reactome:R-HSA-354194|Reactome:R-HSA-372708|Reactome:R-HSA-373752|Reactome:R-HSA-373753|Reactome:R-HSA-373756|Reactome:R-HSA-373760|Reactome:R-HSA-375165|Reactome:R-HSA-376172|Reactome:R-HSA-376176|Reactome:R-HSA-381426|Reactome:R-HSA-388844|Reactome:R-HSA-390522|Reactome:R-HSA-3928662|Reactome:R-HSA-3928663|Reactome:R-HSA-3928664|Reactome:R-HSA-3928665|Reactome:R-HSA-416476|Reactome:R-HSA-416482|Reactome:R-HSA-416700|Reactome:R-HSA-418885|Reactome:R-HSA-418886|Reactome:R-HSA-418889|Reactome:R-HSA-418890|Reactome:R-HSA-419037|Reactome:R-HSA-428540|Reactome:R-HSA-428542|Reactome:R-HSA-428543|Reactome:R-HSA-428890|Reactome:R-HSA-437239|Reactome:R-HSA-4420097|Reactome:R-HSA-445095|Reactome:R-HSA-445144|Reactome:R-HSA-445355|Reactome:R-HSA-446107|Reactome:R-HSA-447038|Reactome:R-HSA-447041|Reactome:R-HSA-447043|Reactome:R-HSA-449836|Reactome:R-HSA-512988|Reactome:R-HSA-525793|Reactome:R-HSA-5627123|Reactome:R-HSA-5632681|Reactome:R-HSA-5635838|Reactome:R-HSA-5654687|Reactome:R-HSA-5654726|Reactome:R-HSA-5673001|Reactome:R-HSA-5674135|Reactome:R-HSA-5683826|Reactome:R-HSA-5687128|Reactome:R-HSA-5688849|Reactome:R-HSA-5688890|Reactome:R-HSA-5689603|Reactome:R-HSA-5694530|Reactome:R-HSA-6783783|Reactome:R-HSA-6785807|Reactome:R-HSA-6788467|Reactome:R-HSA-6798695|Reactome:R-HSA-6802946|Reactome:R-HSA-6802948|Reactome:R-HSA-6802952|Reactome:R-HSA-6802955|Reactome:R-HSA-6807004|Reactome:R-HSA-6811558|Reactome:R-HSA-74713|Reactome:R-HSA-74749|Reactome:R-HSA-74751|Reactome:R-HSA-74752|Reactome:R-HSA-76009|Reactome:R-HSA-77387|Reactome:R-HSA-877300|Reactome:R-HSA-877312|Reactome:R-HSA-8849932|Reactome:R-HSA-8854691|Reactome:R-HSA-8856825|Reactome:R-HSA-8856828|Reactome:R-HSA-8874081|Reactome:R-HSA-8932505|Reactome:R-HSA-8939247|Reactome:R-HSA-8948216|Reactome:R-HSA-8951664|Reactome:R-HSA-8957275|Reactome:R-HSA-8980692|Reactome:R-HSA-8983432|Reactome:R-HSA-8984722|Reactome:R-HSA-8985586|Reactome:R-HSA-8985801|Reactome:R-HSA-8985947|Reactome:R-HSA-9006335|Reactome:R-HSA-9009391|Reactome:R-HSA-9010553|Reactome:R-HSA-9010642|Reactome:R-HSA-9013149|Reactome:R-HSA-9013404|Reactome:R-HSA-9013406|Reactome:R-HSA-9013408|Reactome:R-HSA-9013420|Reactome:R-HSA-9013423|Reactome:R-HSA-9013424|Reactome:R-HSA-9020558|Reactome:R-HSA-9020591|Reactome:R-HSA-9020933|Reactome:R-HSA-9020956|Reactome:R-HSA-9020958|Reactome:R-HSA-9027276|Reactome:R-HSA-9027277|Reactome:R-HSA-9027283|Reactome:R-HSA-9027284|Reactome:R-HSA-9031628|Reactome:R-HSA-9034015|Reactome:R-HSA-909733|Reactome:R-HSA-912526|Reactome:R-HSA-912694|Reactome:R-HSA-9616222|Reactome:R-HSA-9634597|Reactome:R-HSA-9638630|Reactome:R-HSA-9649948|Reactome:R-HSA-9656223|Reactome:R-HSA-9674555|Reactome:R-HSA-9679191|Reactome:R-HSA-9696264|Reactome:R-HSA-9696270|Reactome:R-HSA-9696273|Reactome:R-HSA-9700645|Reactome:R-HSA-9701898|Reactome:R-HSA-9705462|Reactome:R-HSA-9705671|Reactome:R-HSA-9706369|Reactome:R-HSA-9725370|Reactome:R-HSA-9725371|Reactome:R-HSA-9725554|Reactome:R-HSA-9732724|Reactome:R-HSA-977225|Reactome:R-HSA-9772755|Reactome:R-HSA-9820960|Reactome:R-HSA-9824272|Reactome:R-HSA-982772|Reactome:R-HSA-9830674|Reactome:R-HSA-983168|Reactome:R-HSA-9833109|Reactome:R-HSA-9843940|Reactome:R-HSA-9843970|Reactome:R-HSA-9851151|Reactome:R-HSA-9860927|Reactome:R-HSA-9925563|Reactome:R-MMU-1059683|Reactome:R-MMU-110056|Reactome:R-MMU-112411|Reactome:R-MMU-114608|Reactome:R-MMU-1170546|Reactome:R-MMU-1266695|Reactome:R-MMU-140834|Reactome:R-MMU-1433557|Reactome:R-MMU-1442490|Reactome:R-MMU-1474228|Reactome:R-MMU-1566977|Reactome:R-MMU-163125|Reactome:R-MMU-1650814|Reactome:R-MMU-181429|Reactome:R-MMU-181430|Reactome:R-MMU-182971|Reactome:R-MMU-193648|Reactome:R-MMU-196108|Reactome:R-MMU-2022090|Reactome:R-MMU-202427|Reactome:R-MMU-202733|Reactome:R-MMU-204005|Reactome:R-MMU-210500|Reactome:R-MMU-210991|Reactome:R-MMU-210993|Reactome:R-MMU-212676|Reactome:R-MMU-2129379|Reactome:R-MMU-216083|Reactome:R-MMU-2214320|Reactome:R-MMU-2404192|Reactome:R-MMU-2428928|Reactome:R-MMU-2428933|Reactome:R-MMU-264642|Reactome:R-MMU-2682334|Reactome:R-MMU-3000157|Reactome:R-MMU-3000170|Reactome:R-MMU-3000178|Reactome:R-MMU-3214841|Reactome:R-MMU-3214847|Reactome:R-MMU-354192|Reactome:R-MMU-354194|Reactome:R-MMU-372708|Reactome:R-MMU-373752|Reactome:R-MMU-373753|Reactome:R-MMU-373756|Reactome:R-MMU-373760|Reactome:R-MMU-375165|Reactome:R-MMU-376172|Reactome:R-MMU-376176|Reactome:R-MMU-381426|Reactome:R-MMU-388844|Reactome:R-MMU-390522|Reactome:R-MMU-3928662|Reactome:R-MMU-3928663|Reactome:R-MMU-3928664|Reactome:R-MMU-3928665|Reactome:R-MMU-416476|Reactome:R-MMU-416482|Reactome:R-MMU-416700|Reactome:R-MMU-418885|Reactome:R-MMU-418889|Reactome:R-MMU-419037|Reactome:R-MMU-428890|Reactome:R-MMU-437239|Reactome:R-MMU-4420097|Reactome:R-MMU-445095|Reactome:R-MMU-445144|Reactome:R-MMU-445355|Reactome:R-MMU-446107|Reactome:R-MMU-447043|Reactome:R-MMU-449836|Reactome:R-MMU-512988|Reactome:R-MMU-525793|Reactome:R-MMU-5627123|Reactome:R-MMU-5632681|Reactome:R-MMU-5635838|Reactome:R-MMU-5654687|Reactome:R-MMU-5673001|Reactome:R-MMU-5674135|Reactome:R-MMU-5687128|Reactome:R-MMU-5689603|Reactome:R-MMU-5694530|Reactome:R-MMU-6783783|Reactome:R-MMU-6785807|Reactome:R-MMU-6788467|Reactome:R-MMU-6798695|Reactome:R-MMU-6807004|Reactome:R-MMU-6811558|Reactome:R-MMU-74713|Reactome:R-MMU-74749|Reactome:R-MMU-74751|Reactome:R-MMU-74752|Reactome:R-MMU-77387|Reactome:R-MMU-877300|Reactome:R-MMU-877312|Reactome:R-MMU-8849932|Reactome:R-MMU-8854691|Reactome:R-MMU-8856825|Reactome:R-MMU-8856828|Reactome:R-MMU-8874081|Reactome:R-MMU-8932505|Reactome:R-MMU-8948216|Reactome:R-MMU-8957275|Reactome:R-MMU-8980692|Reactome:R-MMU-8983432|Reactome:R-MMU-8984722|Reactome:R-MMU-8985586|Reactome:R-MMU-8985947|Reactome:R-MMU-9006335|Reactome:R-MMU-9009391|Reactome:R-MMU-9010553|Reactome:R-MMU-9013149|Reactome:R-MMU-9013404|Reactome:R-MMU-9013406|Reactome:R-MMU-9013408|Reactome:R-MMU-9013420|Reactome:R-MMU-9013423|Reactome:R-MMU-9013424|Reactome:R-MMU-9020558|Reactome:R-MMU-9020591|Reactome:R-MMU-9020933|Reactome:R-MMU-9020956|Reactome:R-MMU-9020958|Reactome:R-MMU-9027276|Reactome:R-MMU-9027284|Reactome:R-MMU-909733|Reactome:R-MMU-912526|Reactome:R-MMU-912694|Reactome:R-MMU-9634597|Reactome:R-MMU-9696264|Reactome:R-MMU-9696270|Reactome:R-MMU-9696273|Reactome:R-MMU-9706369|Reactome:R-MMU-9732724|Reactome:R-MMU-9772755|Reactome:R-MMU-982772|Reactome:R-MMU-983168|Reactome:R-MMU-9843940|Reactome:R-MMU-9851151|Reactome:R-MMU-9860927|Reactome:R-RNO-1059683|Reactome:R-RNO-110056|Reactome:R-RNO-112411|Reactome:R-RNO-114608|Reactome:R-RNO-1170546|Reactome:R-RNO-140834|Reactome:R-RNO-1474228|Reactome:R-RNO-1566977|Reactome:R-RNO-163125|Reactome:R-RNO-181429|Reactome:R-RNO-181430|Reactome:R-RNO-193648|Reactome:R-RNO-196108|Reactome:R-RNO-202427|Reactome:R-RNO-202733|Reactome:R-RNO-210500|Reactome:R-RNO-210991|Reactome:R-RNO-212676|Reactome:R-RNO-2129379|Reactome:R-RNO-216083|Reactome:R-RNO-2404192|Reactome:R-RNO-2428928|Reactome:R-RNO-2428933|Reactome:R-RNO-264642|Reactome:R-RNO-2682334|Reactome:R-RNO-3000157|Reactome:R-RNO-3000170|Reactome:R-RNO-3000178|Reactome:R-RNO-3214847|Reactome:R-RNO-354192|Reactome:R-RNO-354194|Reactome:R-RNO-372708|Reactome:R-RNO-373752|Reactome:R-RNO-373753|Reactome:R-RNO-373760|Reactome:R-RNO-375165|Reactome:R-RNO-376172|Reactome:R-RNO-381426|Reactome:R-RNO-388844|Reactome:R-RNO-390522|Reactome:R-RNO-3928662|Reactome:R-RNO-3928663|Reactome:R-RNO-3928664|Reactome:R-RNO-3928665|Reactome:R-RNO-416476|Reactome:R-RNO-416482|Reactome:R-RNO-416700|Reactome:R-RNO-418885|Reactome:R-RNO-418889|Reactome:R-RNO-419037|Reactome:R-RNO-437239|Reactome:R-RNO-445095|Reactome:R-RNO-445144|Reactome:R-RNO-446107|Reactome:R-RNO-447043|Reactome:R-RNO-449836|Reactome:R-RNO-525793|Reactome:R-RNO-5632681|Reactome:R-RNO-5654687|Reactome:R-RNO-5673001|Reactome:R-RNO-5674135|Reactome:R-RNO-5687128|Reactome:R-RNO-5689603|Reactome:R-RNO-6785807|Reactome:R-RNO-6788467|Reactome:R-RNO-6798695|Reactome:R-RNO-6811558|Reactome:R-RNO-74713|Reactome:R-RNO-74749|Reactome:R-RNO-74751|Reactome:R-RNO-74752|Reactome:R-RNO-77387|Reactome:R-RNO-8849932|Reactome:R-RNO-8854691|Reactome:R-RNO-8874081|Reactome:R-RNO-8932505|Reactome:R-RNO-8951664|Reactome:R-RNO-8957275|Reactome:R-RNO-8980692|Reactome:R-RNO-8983432|Reactome:R-RNO-8984722|Reactome:R-RNO-9006335|Reactome:R-RNO-9009391|Reactome:R-RNO-9013149|Reactome:R-RNO-9013408|Reactome:R-RNO-9020558|Reactome:R-RNO-9020956|Reactome:R-RNO-9027276|Reactome:R-RNO-9027284|Reactome:R-RNO-912526|Reactome:R-RNO-9634597|Reactome:R-RNO-9772755|Reactome:R-RNO-982772|Reactome:R-RNO-983168|Reactome:R-RNO-9851151|Reactome:R-RNO-9860927|Reactome:R-SSC-1170546|Reactome:R-SSC-9006335|Reactome:R-SSC-9020591|Reactome:R-SSC-9020933|Reactome:R-SSC-9027276|Reactome:R-SSC-9027284|Reactome:R-SSC-982772|Reactome:R-XTR-5654687|Reactome:R-XTR-8932505
ETMEFFSM_CDS_0019	d76e180fec34e16b5fbd6b950941fd63	140	CDD	cd00085	HNHc	14	86	9.22575E-7	T	13-04-2026	IPR003615	HNH nuclease	-	-
ETMEFFSM_CDS_0019	d76e180fec34e16b5fbd6b950941fd63	140	Gene3D	G3DSA:1.10.30.50	-	1	114	8.0E-15	T	13-04-2026	-	-	-	-
ETMEFFSM_CDS_0013	20e4108361980ea56f5374be3315ee84	33	Phobius	TRANSMEMBRANE	Region of a membrane-bound protein predicted to be embedded in the membrane.	6	30	-	T	13-04-2026	-	-	-	-
ETMEFFSM_CDS_0013	20e4108361980ea56f5374be3315ee84	33	TMHMM	TMhelix	Region of a membrane-bound protein predicted to be embedded in the membrane.	10	32	-	T	13-04-2026	-	-	-	-
ETMEFFSM_CDS_0013	20e4108361980ea56f5374be3315ee84	33	Phobius	NON_CYTOPLASMIC_DOMAIN	Region of a membrane-bound protein predicted to be outside the membrane, in the extracellular region.	1	5	-	T	13-04-2026	-	-	-	-
ETMEFFSM_CDS_0013	20e4108361980ea56f5374be3315ee84	33	Phobius	CYTOPLASMIC_DOMAIN	Region of a membrane-bound protein predicted to be outside the membrane, in the cytoplasm.	31	33	-	T	13-04-2026	-	-	-	-
ETMEFFSM_CDS_0037	409f838dc64c4a5b27d43f5b62a9d5d7	56	Pfam	PF24024	Domain of unknown function (DUF7336)	1	50	9.4E-4	T	13-04-2026	IPR055760	Domain of unknown function DUF7336	-	-
ETMEFFSM_CDS_0020	5adc769bec44ff85806c0b0fe8149133	59	ProSiteProfiles	PS51257	Prokaryotic membrane lipoprotein lipid attachment site profile.	1	27	5.0	T	13-04-2026	-	-	-	-
ETMEFFSM_CDS_0054	d1d0dc4a25fb2227d423a3d12d67659d	160	MobiDBLite	mobidb-lite	consensus disorder prediction	1	27	-	T	13-04-2026	-	-	-	-
ETMEFFSM_CDS_0054	d1d0dc4a25fb2227d423a3d12d67659d	160	Gene3D	G3DSA:1.10.260.40	-	44	89	4.9E-6	T	13-04-2026	IPR010982	Lambda repressor-like, DNA-binding domain superfamily	GO:0003677(InterPro)	Reactome:R-CEL-373752|Reactome:R-CEL-418885|Reactome:R-CEL-418886|Reactome:R-DME-373752|Reactome:R-DME-418885|Reactome:R-DME-418886|Reactome:R-DME-6804759|Reactome:R-DME-6807505|Reactome:R-DME-9018519|Reactome:R-DRE-373752|Reactome:R-DRE-418885|Reactome:R-DRE-418886|Reactome:R-HSA-111465|Reactome:R-HSA-1839117|Reactome:R-HSA-210744|Reactome:R-HSA-210745|Reactome:R-HSA-210747|Reactome:R-HSA-2892245|Reactome:R-HSA-2892247|Reactome:R-HSA-452723|Reactome:R-HSA-4551638|Reactome:R-HSA-5655302|Reactome:R-HSA-6785807|Reactome:R-HSA-6804759|Reactome:R-HSA-6807505|Reactome:R-HSA-749476|Reactome:R-HSA-76071|Reactome:R-HSA-8940973|Reactome:R-HSA-9018519|Reactome:R-HSA-9619665|Reactome:R-HSA-9754189|Reactome:R-HSA-9823739|Reactome:R-HSA-9824594|Reactome:R-HSA-9827857|Reactome:R-HSA-9831926|Reactome:R-HSA-9832991|Reactome:R-HSA-9834899|Reactome:R-HSA-9856649|Reactome:R-HSA-9925561|Reactome:R-HSA-9925563|Reactome:R-HSA-9937080|Reactome:R-MMU-111465|Reactome:R-MMU-4551638|Reactome:R-MMU-6804759|Reactome:R-MMU-6807505|Reactome:R-MMU-76071|Reactome:R-RNO-6804759|Reactome:R-RNO-6807505|Reactome:R-RNO-76071|Reactome:R-RNO-9018519|Reactome:R-XTR-373752|Reactome:R-XTR-418885|Reactome:R-XTR-418886|Reactome:R-XTR-6807505
ETMEFFSM_CDS_0054	d1d0dc4a25fb2227d423a3d12d67659d	160	SUPERFAMILY	SSF47413	lambda repressor-like DNA-binding domains	45	85	7.87E-5	T	13-04-2026	IPR010982	Lambda repressor-like, DNA-binding domain superfamily	GO:0003677(InterPro)	Reactome:R-CEL-373752|Reactome:R-CEL-418885|Reactome:R-CEL-418886|Reactome:R-DME-373752|Reactome:R-DME-418885|Reactome:R-DME-418886|Reactome:R-DME-6804759|Reactome:R-DME-6807505|Reactome:R-DME-9018519|Reactome:R-DRE-373752|Reactome:R-DRE-418885|Reactome:R-DRE-418886|Reactome:R-HSA-111465|Reactome:R-HSA-1839117|Reactome:R-HSA-210744|Reactome:R-HSA-210745|Reactome:R-HSA-210747|Reactome:R-HSA-2892245|Reactome:R-HSA-2892247|Reactome:R-HSA-452723|Reactome:R-HSA-4551638|Reactome:R-HSA-5655302|Reactome:R-HSA-6785807|Reactome:R-HSA-6804759|Reactome:R-HSA-6807505|Reactome:R-HSA-749476|Reactome:R-HSA-76071|Reactome:R-HSA-8940973|Reactome:R-HSA-9018519|Reactome:R-HSA-9619665|Reactome:R-HSA-9754189|Reactome:R-HSA-9823739|Reactome:R-HSA-9824594|Reactome:R-HSA-9827857|Reactome:R-HSA-9831926|Reactome:R-HSA-9832991|Reactome:R-HSA-9834899|Reactome:R-HSA-9856649|Reactome:R-HSA-9925561|Reactome:R-HSA-9925563|Reactome:R-HSA-9937080|Reactome:R-MMU-111465|Reactome:R-MMU-4551638|Reactome:R-MMU-6804759|Reactome:R-MMU-6807505|Reactome:R-MMU-76071|Reactome:R-RNO-6804759|Reactome:R-RNO-6807505|Reactome:R-RNO-76071|Reactome:R-RNO-9018519|Reactome:R-XTR-373752|Reactome:R-XTR-418885|Reactome:R-XTR-418886|Reactome:R-XTR-6807505
ETMEFFSM_CDS_0042	8d62f7a0fc03723aaf9259af2d6be3d3	87	Phobius	TRANSMEMBRANE	Region of a membrane-bound protein predicted to be embedded in the membrane.	20	37	-	T	13-04-2026	-	-	-	-
ETMEFFSM_CDS_0042	8d62f7a0fc03723aaf9259af2d6be3d3	87	Phobius	CYTOPLASMIC_DOMAIN	Region of a membrane-bound protein predicted to be outside the membrane, in the cytoplasm.	1	19	-	T	13-04-2026	-	-	-	-
ETMEFFSM_CDS_0042	8d62f7a0fc03723aaf9259af2d6be3d3	87	Pfam	PF27028	Bacteriophage T1 holin	17	87	2.3E-32	T	13-04-2026	IPR059598	Bacteriophage T1 holin	-	-
ETMEFFSM_CDS_0042	8d62f7a0fc03723aaf9259af2d6be3d3	87	TMHMM	TMhelix	Region of a membrane-bound protein predicted to be embedded in the membrane.	39	61	-	T	13-04-2026	-	-	-	-
ETMEFFSM_CDS_0042	8d62f7a0fc03723aaf9259af2d6be3d3	87	Phobius	CYTOPLASMIC_DOMAIN	Region of a membrane-bound protein predicted to be outside the membrane, in the cytoplasm.	62	87	-	T	13-04-2026	-	-	-	-
ETMEFFSM_CDS_0042	8d62f7a0fc03723aaf9259af2d6be3d3	87	Phobius	NON_CYTOPLASMIC_DOMAIN	Region of a membrane-bound protein predicted to be outside the membrane, in the extracellular region.	38	42	-	T	13-04-2026	-	-	-	-
ETMEFFSM_CDS_0042	8d62f7a0fc03723aaf9259af2d6be3d3	87	Phobius	TRANSMEMBRANE	Region of a membrane-bound protein predicted to be embedded in the membrane.	43	61	-	T	13-04-2026	-	-	-	-
ETMEFFSM_CDS_0053	4eb9df05b34370d7c22a7fe9a24fc1c8	664	Pfam	PF00271	Helicase conserved C-terminal domain	319	414	1.3E-4	T	13-04-2026	IPR001650	Helicase, C-terminal domain-like	-	Reactome:R-BTA-113418|Reactome:R-BTA-1169408|Reactome:R-BTA-1266695|Reactome:R-BTA-141444|Reactome:R-BTA-156827|Reactome:R-BTA-159236|Reactome:R-BTA-1810476|Reactome:R-BTA-201722|Reactome:R-BTA-2467813|Reactome:R-BTA-2500257|Reactome:R-BTA-3134963|Reactome:R-BTA-3214858|Reactome:R-BTA-3247509|Reactome:R-BTA-429947|Reactome:R-BTA-5663220|Reactome:R-BTA-5696395|Reactome:R-BTA-5696400|Reactome:R-BTA-674695|Reactome:R-BTA-6781823|Reactome:R-BTA-6782135|Reactome:R-BTA-6782210|Reactome:R-BTA-6791226|Reactome:R-BTA-6796648|Reactome:R-BTA-68877|Reactome:R-BTA-72086|Reactome:R-BTA-72163|Reactome:R-BTA-72187|Reactome:R-BTA-72649|Reactome:R-BTA-72702|Reactome:R-BTA-73762|Reactome:R-BTA-73772|Reactome:R-BTA-73776|Reactome:R-BTA-73779|Reactome:R-BTA-73856|Reactome:R-BTA-73863|Reactome:R-BTA-75953|Reactome:R-BTA-75955|Reactome:R-BTA-76042|Reactome:R-BTA-77075|Reactome:R-BTA-8939243|Reactome:R-BTA-9013418|Reactome:R-BTA-9648025|Reactome:R-BTA-975957|Reactome:R-BTA-9764725|Reactome:R-BTA-9833482|Reactome:R-BTA-9933937|Reactome:R-BTA-9933939|Reactome:R-BTA-9933946|Reactome:R-BTA-9933947|Reactome:R-BTA-9934037|Reactome:R-CEL-1169408|Reactome:R-CEL-156827|Reactome:R-CEL-159236|Reactome:R-CEL-203927|Reactome:R-CEL-3134963|Reactome:R-CEL-426486|Reactome:R-CEL-430039|Reactome:R-CEL-4551638|Reactome:R-CEL-5250924|Reactome:R-CEL-5693607|Reactome:R-CEL-6791226|Reactome:R-CEL-6798695|Reactome:R-CEL-6804758|Reactome:R-CEL-72163|Reactome:R-CEL-72165|Reactome:R-CEL-72187|Reactome:R-CEL-72649|Reactome:R-CEL-72662|Reactome:R-CEL-72702|Reactome:R-CEL-73856|Reactome:R-CEL-8939243|Reactome:R-CEL-9031628|Reactome:R-CEL-9764725|Reactome:R-CEL-9833482|Reactome:R-CEL-9930044|Reactome:R-CEL-9933939|Reactome:R-CEL-9934037|Reactome:R-CFA-72163|Reactome:R-CFA-72187|Reactome:R-CFA-73856|Reactome:R-CFA-9013418|Reactome:R-DDI-113418|Reactome:R-DDI-1169408|Reactome:R-DDI-1834941|Reactome:R-DDI-3899300|Reactome:R-DDI-430039|Reactome:R-DDI-5696395|Reactome:R-DDI-674695|Reactome:R-DDI-6781823|Reactome:R-DDI-6782135|Reactome:R-DDI-6782210|Reactome:R-DDI-6791226|Reactome:R-DDI-6796648|Reactome:R-DDI-6798695|Reactome:R-DDI-72086|Reactome:R-DDI-72163|Reactome:R-DDI-73772|Reactome:R-DDI-73776|Reactome:R-DDI-73779|Reactome:R-DDI-75953|Reactome:R-DDI-76042|Reactome:R-DDI-77075|Reactome:R-DDI-9018519|Reactome:R-DDI-975957|Reactome:R-DME-112382|Reactome:R-DME-113418|Reactome:R-DME-1169408|Reactome:R-DME-1266695|Reactome:R-DME-156827|Reactome:R-DME-159236|Reactome:R-DME-1810476|Reactome:R-DME-1834941|Reactome:R-DME-203927|Reactome:R-DME-3108214|Reactome:R-DME-3134963|Reactome:R-DME-3214815|Reactome:R-DME-3214858|Reactome:R-DME-3247509|Reactome:R-DME-426486|Reactome:R-DME-430039|Reactome:R-DME-5685939|Reactome:R-DME-5689603|Reactome:R-DME-5693607|Reactome:R-DME-5696394|Reactome:R-DME-5696395|Reactome:R-DME-5696400|Reactome:R-DME-674695|Reactome:R-DME-6781823|Reactome:R-DME-6782135|Reactome:R-DME-6782210|Reactome:R-DME-6791226|Reactome:R-DME-6796648|Reactome:R-DME-6798695|Reactome:R-DME-6804756|Reactome:R-DME-6804758|Reactome:R-DME-69473|Reactome:R-DME-72086|Reactome:R-DME-72163|Reactome:R-DME-72165|Reactome:R-DME-72187|Reactome:R-DME-72649|Reactome:R-DME-72662|Reactome:R-DME-72702|Reactome:R-DME-73772|Reactome:R-DME-73776|Reactome:R-DME-73779|Reactome:R-DME-73856|Reactome:R-DME-75953|Reactome:R-DME-75955|Reactome:R-DME-76042|Reactome:R-DME-77075|Reactome:R-DME-8939243|Reactome:R-DME-8943724|Reactome:R-DME-9013418|Reactome:R-DME-9031628|Reactome:R-DME-975957|Reactome:R-DME-9764725|Reactome:R-DME-9833482|Reactome:R-DME-9933937|Reactome:R-DME-9933939|Reactome:R-DME-9933946|Reactome:R-DME-9933947|Reactome:R-DME-9934037|Reactome:R-DRE-1169408|Reactome:R-DRE-3769402|Reactome:R-DRE-5696395|Reactome:R-DRE-5696400|Reactome:R-DRE-6781823|Reactome:R-DRE-6782135|Reactome:R-DRE-6796648|Reactome:R-DRE-72086|Reactome:R-DRE-72163|Reactome:R-DRE-77075|Reactome:R-DRE-975957|Reactome:R-GGA-1169408|Reactome:R-GGA-159236|Reactome:R-GGA-353303|Reactome:R-GGA-429947|Reactome:R-GGA-430039|Reactome:R-GGA-72163|Reactome:R-GGA-72187|Reactome:R-GGA-73856|Reactome:R-GGA-975957|Reactome:R-HSA-112126|Reactome:R-HSA-112382|Reactome:R-HSA-113418|Reactome:R-HSA-1169408|Reactome:R-HSA-1222387|Reactome:R-HSA-1266695|Reactome:R-HSA-1368108|Reactome:R-HSA-141444|Reactome:R-HSA-156827|Reactome:R-HSA-159236|Reactome:R-HSA-167152|Reactome:R-HSA-167158|Reactome:R-HSA-167160|Reactome:R-HSA-167161|Reactome:R-HSA-167162|Reactome:R-HSA-167172|Reactome:R-HSA-167200|Reactome:R-HSA-167246|Reactome:R-HSA-168928|Reactome:R-HSA-174414|Reactome:R-HSA-174437|Reactome:R-HSA-1810476|Reactome:R-HSA-1834941|Reactome:R-HSA-191859|Reactome:R-HSA-1989781|Reactome:R-HSA-201722|Reactome:R-HSA-203927|Reactome:R-HSA-2151201|Reactome:R-HSA-2426168|Reactome:R-HSA-2467813|Reactome:R-HSA-2500257|Reactome:R-HSA-2559584|Reactome:R-HSA-2559586|Reactome:R-HSA-3108214|Reactome:R-HSA-3134963|Reactome:R-HSA-3134975|Reactome:R-HSA-3214815|Reactome:R-HSA-3214847|Reactome:R-HSA-3214858|Reactome:R-HSA-3247509|Reactome:R-HSA-3270619|Reactome:R-HSA-3769402|Reactome:R-HSA-381340|Reactome:R-HSA-3899300|Reactome:R-HSA-390471|Reactome:R-HSA-400206|Reactome:R-HSA-426486|Reactome:R-HSA-427389|Reactome:R-HSA-427413|Reactome:R-HSA-429947|Reactome:R-HSA-429958|Reactome:R-HSA-430039|Reactome:R-HSA-4551638|Reactome:R-HSA-5250924|Reactome:R-HSA-5601884|Reactome:R-HSA-5621480|Reactome:R-HSA-5663220|Reactome:R-HSA-5685938|Reactome:R-HSA-5685939|Reactome:R-HSA-5685942|Reactome:R-HSA-5689603|Reactome:R-HSA-5689880|Reactome:R-HSA-5689896|Reactome:R-HSA-5693554|Reactome:R-HSA-5693565|Reactome:R-HSA-5693568|Reactome:R-HSA-5693579|Reactome:R-HSA-5693607|Reactome:R-HSA-5693616|Reactome:R-HSA-5696394|Reactome:R-HSA-5696395|Reactome:R-HSA-5696400|Reactome:R-HSA-606279|Reactome:R-HSA-674695|Reactome:R-HSA-6781823|Reactome:R-HSA-6781827|Reactome:R-HSA-6782135|Reactome:R-HSA-6782210|Reactome:R-HSA-6783310|Reactome:R-HSA-6784531|Reactome:R-HSA-6790901|Reactome:R-HSA-6791226|Reactome:R-HSA-6796648|Reactome:R-HSA-6798695|Reactome:R-HSA-6804756|Reactome:R-HSA-6804758|Reactome:R-HSA-68877|Reactome:R-HSA-69473|Reactome:R-HSA-72086|Reactome:R-HSA-72163|Reactome:R-HSA-72165|Reactome:R-HSA-72187|Reactome:R-HSA-72649|Reactome:R-HSA-72662|Reactome:R-HSA-72702|Reactome:R-HSA-72706|Reactome:R-HSA-73762|Reactome:R-HSA-73772|Reactome:R-HSA-73776|Reactome:R-HSA-73779|Reactome:R-HSA-73856|Reactome:R-HSA-73863|Reactome:R-HSA-75953|Reactome:R-HSA-75955|Reactome:R-HSA-76042|Reactome:R-HSA-77075|Reactome:R-HSA-8854214|Reactome:R-HSA-8866654|Reactome:R-HSA-8939243|Reactome:R-HSA-8943724|Reactome:R-HSA-8983711|Reactome:R-HSA-9010553|Reactome:R-HSA-9013418|Reactome:R-HSA-9018519|Reactome:R-HSA-9031628|Reactome:R-HSA-912446|Reactome:R-HSA-918233|Reactome:R-HSA-933541|Reactome:R-HSA-933542|Reactome:R-HSA-933543|Reactome:R-HSA-936440|Reactome:R-HSA-9619665|Reactome:R-HSA-9636383|Reactome:R-HSA-9648025|Reactome:R-HSA-9670095|Reactome:R-HSA-9670613|Reactome:R-HSA-9670615|Reactome:R-HSA-9679191|Reactome:R-HSA-9682706|Reactome:R-HSA-9692916|Reactome:R-HSA-9694686|Reactome:R-HSA-9696264|Reactome:R-HSA-9701192|Reactome:R-HSA-9704331|Reactome:R-HSA-9704646|Reactome:R-HSA-9705671|Reactome:R-HSA-9707564|Reactome:R-HSA-9707616|Reactome:R-HSA-9708296|Reactome:R-HSA-9709570|Reactome:R-HSA-9709603|Reactome:R-HSA-9754678|Reactome:R-HSA-975957|Reactome:R-HSA-9760173|Reactome:R-HSA-9764725|Reactome:R-HSA-9818027|Reactome:R-HSA-9820841|Reactome:R-HSA-9820865|Reactome:R-HSA-9824585|Reactome:R-HSA-9824594|Reactome:R-HSA-9833109|Reactome:R-HSA-9833110|Reactome:R-HSA-9833482|Reactome:R-HSA-9836573|Reactome:R-HSA-9839394|Reactome:R-HSA-9843940|Reactome:R-HSA-9843970|Reactome:R-HSA-9844594|Reactome:R-HSA-9845323|Reactome:R-HSA-9909505|Reactome:R-HSA-9930044|Reactome:R-HSA-9931509|Reactome:R-HSA-9933387|Reactome:R-HSA-9933937|Reactome:R-HSA-9933939|Reactome:R-HSA-9933946|Reactome:R-HSA-9933947|Reactome:R-HSA-9934037|Reactome:R-MMU-112382|Reactome:R-MMU-113418|Reactome:R-MMU-1169408|Reactome:R-MMU-1266695|Reactome:R-MMU-141444|Reactome:R-MMU-156827|Reactome:R-MMU-159236|Reactome:R-MMU-174414|Reactome:R-MMU-174437|Reactome:R-MMU-1810476|Reactome:R-MMU-1834941|Reactome:R-MMU-191859|Reactome:R-MMU-201722|Reactome:R-MMU-203927|Reactome:R-MMU-2467813|Reactome:R-MMU-2500257|Reactome:R-MMU-2559584|Reactome:R-MMU-2559586|Reactome:R-MMU-3108214|Reactome:R-MMU-3134963|Reactome:R-MMU-3134975|Reactome:R-MMU-3214815|Reactome:R-MMU-3214858|Reactome:R-MMU-3247509|Reactome:R-MMU-3769402|Reactome:R-MMU-3899300|Reactome:R-MMU-400206|Reactome:R-MMU-426486|Reactome:R-MMU-429947|Reactome:R-MMU-429958|Reactome:R-MMU-430039|Reactome:R-MMU-5250924|Reactome:R-MMU-5663220|Reactome:R-MMU-5685938|Reactome:R-MMU-5685939|Reactome:R-MMU-5685942|Reactome:R-MMU-5689603|Reactome:R-MMU-5689880|Reactome:R-MMU-5693565|Reactome:R-MMU-5693568|Reactome:R-MMU-5693579|Reactome:R-MMU-5693607|Reactome:R-MMU-5693616|Reactome:R-MMU-5696394|Reactome:R-MMU-5696395|Reactome:R-MMU-5696400|Reactome:R-MMU-606279|Reactome:R-MMU-674695|Reactome:R-MMU-6781823|Reactome:R-MMU-6782135|Reactome:R-MMU-6782210|Reactome:R-MMU-6783310|Reactome:R-MMU-6791226|Reactome:R-MMU-6796648|Reactome:R-MMU-6798695|Reactome:R-MMU-6804756|Reactome:R-MMU-6804758|Reactome:R-MMU-68877|Reactome:R-MMU-69473|Reactome:R-MMU-72086|Reactome:R-MMU-72163|Reactome:R-MMU-72165|Reactome:R-MMU-72187|Reactome:R-MMU-72649|Reactome:R-MMU-72662|Reactome:R-MMU-72702|Reactome:R-MMU-72706|Reactome:R-MMU-73762|Reactome:R-MMU-73772|Reactome:R-MMU-73776|Reactome:R-MMU-73779|Reactome:R-MMU-73856|Reactome:R-MMU-73863|Reactome:R-MMU-75953|Reactome:R-MMU-75955|Reactome:R-MMU-76042|Reactome:R-MMU-77075|Reactome:R-MMU-8866654|Reactome:R-MMU-8939243|Reactome:R-MMU-8943724|Reactome:R-MMU-8983711|Reactome:R-MMU-9013418|Reactome:R-MMU-9018519|Reactome:R-MMU-9031628|Reactome:R-MMU-936440|Reactome:R-MMU-9648025|Reactome:R-MMU-9670095|Reactome:R-MMU-9707564|Reactome:R-MMU-975957|Reactome:R-MMU-9764725|Reactome:R-MMU-9833482|Reactome:R-MMU-9909505|Reactome:R-MMU-9930044|Reactome:R-MMU-9933937|Reactome:R-MMU-9933939|Reactome:R-MMU-9933946|Reactome:R-MMU-9933947|Reactome:R-MMU-9934037|Reactome:R-RNO-112382|Reactome:R-RNO-113418|Reactome:R-RNO-1169408|Reactome:R-RNO-1266695|Reactome:R-RNO-156827|Reactome:R-RNO-159236|Reactome:R-RNO-201722|Reactome:R-RNO-3134963|Reactome:R-RNO-3214858|Reactome:R-RNO-3247509|Reactome:R-RNO-3769402|Reactome:R-RNO-429947|Reactome:R-RNO-5250924|Reactome:R-RNO-5696395|Reactome:R-RNO-5696400|Reactome:R-RNO-674695|Reactome:R-RNO-6781823|Reactome:R-RNO-6782135|Reactome:R-RNO-6782210|Reactome:R-RNO-6791226|Reactome:R-RNO-6796648|Reactome:R-RNO-72086|Reactome:R-RNO-72163|Reactome:R-RNO-72165|Reactome:R-RNO-72187|Reactome:R-RNO-72649|Reactome:R-RNO-72662|Reactome:R-RNO-72702|Reactome:R-RNO-73762|Reactome:R-RNO-73772|Reactome:R-RNO-73776|Reactome:R-RNO-73779|Reactome:R-RNO-73856|Reactome:R-RNO-73863|Reactome:R-RNO-75953|Reactome:R-RNO-75955|Reactome:R-RNO-76042|Reactome:R-RNO-77075|Reactome:R-RNO-8939243|Reactome:R-RNO-9013418|Reactome:R-RNO-975957|Reactome:R-RNO-9764725|Reactome:R-RNO-9933937|Reactome:R-RNO-9933939|Reactome:R-RNO-9933946|Reactome:R-RNO-9933947|Reactome:R-RNO-9934037|Reactome:R-SCE-113418|Reactome:R-SCE-156827|Reactome:R-SCE-159236|Reactome:R-SCE-3899300|Reactome:R-SCE-429947|Reactome:R-SCE-429958|Reactome:R-SCE-430039|Reactome:R-SCE-5689880|Reactome:R-SCE-674695|Reactome:R-SCE-6781823|Reactome:R-SCE-6782135|Reactome:R-SCE-6782210|Reactome:R-SCE-6791226|Reactome:R-SCE-6796648|Reactome:R-SCE-6798695|Reactome:R-SCE-72086|Reactome:R-SCE-72649|Reactome:R-SCE-72662|Reactome:R-SCE-72702|Reactome:R-SCE-73772|Reactome:R-SCE-73776|Reactome:R-SCE-73779|Reactome:R-SCE-75953|Reactome:R-SCE-76042|Reactome:R-SCE-77075|Reactome:R-SCE-8866654|Reactome:R-SCE-9018519|Reactome:R-SCE-936440|Reactome:R-SCE-975957|Reactome:R-SPO-113418|Reactome:R-SPO-156827|Reactome:R-SPO-159236|Reactome:R-SPO-3214858|Reactome:R-SPO-3899300|Reactome:R-SPO-429958|Reactome:R-SPO-5696395|Reactome:R-SPO-5696400|Reactome:R-SPO-674695|Reactome:R-SPO-6781823|Reactome:R-SPO-6782135|Reactome:R-SPO-6782210|Reactome:R-SPO-6791226|Reactome:R-SPO-6796648|Reactome:R-SPO-6798695|Reactome:R-SPO-72086|Reactome:R-SPO-72163|Reactome:R-SPO-72649|Reactome:R-SPO-72662|Reactome:R-SPO-72702|Reactome:R-SPO-72706|Reactome:R-SPO-73772|Reactome:R-SPO-73776|Reactome:R-SPO-73779|Reactome:R-SPO-75953|Reactome:R-SPO-76042|Reactome:R-SPO-77075|Reactome:R-SPO-8866654|Reactome:R-SPO-9018519|Reactome:R-SPO-975957|Reactome:R-SSC-1169408|Reactome:R-SSC-159236|Reactome:R-SSC-429947|Reactome:R-SSC-72163|Reactome:R-SSC-72187|Reactome:R-SSC-73856|Reactome:R-SSC-9013418|Reactome:R-SSC-975957|Reactome:R-XTR-1169408|Reactome:R-XTR-203927|Reactome:R-XTR-3769402|Reactome:R-XTR-426486|Reactome:R-XTR-429947|Reactome:R-XTR-430039|Reactome:R-XTR-72163|Reactome:R-XTR-975957
ETMEFFSM_CDS_0053	4eb9df05b34370d7c22a7fe9a24fc1c8	664	SUPERFAMILY	SSF52540	P-loop containing nucleoside triphosphate hydrolases	26	228	7.15E-9	T	13-04-2026	IPR027417	P-loop containing nucleoside triphosphate hydrolase	-	Reactome:R-BTA-110312|Reactome:R-BTA-110314|Reactome:R-BTA-110320|Reactome:R-BTA-112043|Reactome:R-BTA-112308|Reactome:R-BTA-113418|Reactome:R-BTA-114604|Reactome:R-BTA-114608|Reactome:R-BTA-1169091|Reactome:R-BTA-1169408|Reactome:R-BTA-1222556|Reactome:R-BTA-1234176|Reactome:R-BTA-1236978|Reactome:R-BTA-1257604|Reactome:R-BTA-1266695|Reactome:R-BTA-141444|Reactome:R-BTA-156584|Reactome:R-BTA-156827|Reactome:R-BTA-156842|Reactome:R-BTA-156902|Reactome:R-BTA-159236|Reactome:R-BTA-1632852|Reactome:R-BTA-163841|Reactome:R-BTA-165159|Reactome:R-BTA-1655829|Reactome:R-BTA-166016|Reactome:R-BTA-1660499|Reactome:R-BTA-1660514|Reactome:R-BTA-1660661|Reactome:R-BTA-166208|Reactome:R-BTA-168638|Reactome:R-BTA-170670|Reactome:R-BTA-170968|Reactome:R-BTA-170984|Reactome:R-BTA-174084|Reactome:R-BTA-174154|Reactome:R-BTA-174178|Reactome:R-BTA-174184|Reactome:R-BTA-174411|Reactome:R-BTA-174437|Reactome:R-BTA-176187|Reactome:R-BTA-1799339|Reactome:R-BTA-1810476|Reactome:R-BTA-181429|Reactome:R-BTA-181430|Reactome:R-BTA-182971|Reactome:R-BTA-187577|Reactome:R-BTA-189483|Reactome:R-BTA-190873|Reactome:R-BTA-193634|Reactome:R-BTA-195253|Reactome:R-BTA-196025|Reactome:R-BTA-196757|Reactome:R-BTA-198203|Reactome:R-BTA-199992|Reactome:R-BTA-201722|Reactome:R-BTA-202040|Reactome:R-BTA-202424|Reactome:R-BTA-2029482|Reactome:R-BTA-204005|Reactome:R-BTA-209563|Reactome:R-BTA-210500|Reactome:R-BTA-212676|Reactome:R-BTA-2132295|Reactome:R-BTA-2142691|Reactome:R-BTA-2173791|Reactome:R-BTA-2453902|Reactome:R-BTA-2467813|Reactome:R-BTA-2468052|Reactome:R-BTA-2470946|Reactome:R-BTA-2485179|Reactome:R-BTA-2500257|Reactome:R-BTA-2514859|Reactome:R-BTA-2565942|Reactome:R-BTA-264642|Reactome:R-BTA-2871837|Reactome:R-BTA-3108214|Reactome:R-BTA-3134963|Reactome:R-BTA-3214858|Reactome:R-BTA-3247509|Reactome:R-BTA-3371511|Reactome:R-BTA-349425|Reactome:R-BTA-350562|Reactome:R-BTA-354192|Reactome:R-BTA-354194|Reactome:R-BTA-372708|Reactome:R-BTA-380972|Reactome:R-BTA-381042|Reactome:R-BTA-381676|Reactome:R-BTA-381771|Reactome:R-BTA-382556|Reactome:R-BTA-389359|Reactome:R-BTA-392170|Reactome:R-BTA-392451|Reactome:R-BTA-392517|Reactome:R-BTA-3928662|Reactome:R-BTA-3928663|Reactome:R-BTA-399997|Reactome:R-BTA-400042|Reactome:R-BTA-4086398|Reactome:R-BTA-4086400|Reactome:R-BTA-416476|Reactome:R-BTA-416482|Reactome:R-BTA-416550|Reactome:R-BTA-416572|Reactome:R-BTA-418592|Reactome:R-BTA-418594|Reactome:R-BTA-418885|Reactome:R-BTA-422356|Reactome:R-BTA-428930|Reactome:R-BTA-429947|Reactome:R-BTA-432720|Reactome:R-BTA-432722|Reactome:R-BTA-434316|Reactome:R-BTA-437239|Reactome:R-BTA-4420097|Reactome:R-BTA-450302|Reactome:R-BTA-450321|Reactome:R-BTA-450408|Reactome:R-BTA-456926|Reactome:R-BTA-4608870|Reactome:R-BTA-4641257|Reactome:R-BTA-4641258|Reactome:R-BTA-499943|Reactome:R-BTA-5250924|Reactome:R-BTA-525793|Reactome:R-BTA-5358346|Reactome:R-BTA-5358493|Reactome:R-BTA-5358565|Reactome:R-BTA-5358606|Reactome:R-BTA-5389840|Reactome:R-BTA-5419276|Reactome:R-BTA-5576892|Reactome:R-BTA-5576893|Reactome:R-BTA-5578749|Reactome:R-BTA-5607761|Reactome:R-BTA-5607764|Reactome:R-BTA-5610780|Reactome:R-BTA-5610785|Reactome:R-BTA-5620912|Reactome:R-BTA-5620916|Reactome:R-BTA-5620922|Reactome:R-BTA-5620924|Reactome:R-BTA-5625740|Reactome:R-BTA-5625900|Reactome:R-BTA-5625970|Reactome:R-BTA-5626467|Reactome:R-BTA-5627117|Reactome:R-BTA-5627123|Reactome:R-BTA-5628897|Reactome:R-BTA-5632684|Reactome:R-BTA-5651801|Reactome:R-BTA-5655862|Reactome:R-BTA-5656121|Reactome:R-BTA-5656169|Reactome:R-BTA-5663213|Reactome:R-BTA-5663220|Reactome:R-BTA-5666185|Reactome:R-BTA-5668541|Reactome:R-BTA-5668599|Reactome:R-BTA-5674135|Reactome:R-BTA-5676590|Reactome:R-BTA-5685938|Reactome:R-BTA-5685942|Reactome:R-BTA-5687128|Reactome:R-BTA-5689603|Reactome:R-BTA-5689880|Reactome:R-BTA-5689896|Reactome:R-BTA-5689901|Reactome:R-BTA-5693568|Reactome:R-BTA-5693579|Reactome:R-BTA-5693607|Reactome:R-BTA-5693616|Reactome:R-BTA-5694530|Reactome:R-BTA-5696395|Reactome:R-BTA-5696397|Reactome:R-BTA-5696400|Reactome:R-BTA-606279|Reactome:R-BTA-674695|Reactome:R-BTA-6781823|Reactome:R-BTA-6782135|Reactome:R-BTA-6782210|Reactome:R-BTA-6785631|Reactome:R-BTA-6791226|Reactome:R-BTA-6796648|Reactome:R-BTA-6798695|Reactome:R-BTA-6804756|Reactome:R-BTA-6807878|Reactome:R-BTA-6811434|Reactome:R-BTA-6811438|Reactome:R-BTA-6811440|Reactome:R-BTA-6811558|Reactome:R-BTA-6814122|Reactome:R-BTA-68616|Reactome:R-BTA-68689|Reactome:R-BTA-68867|Reactome:R-BTA-68877|Reactome:R-BTA-68884|Reactome:R-BTA-68949|Reactome:R-BTA-68962|Reactome:R-BTA-69017|Reactome:R-BTA-69052|Reactome:R-BTA-69091|Reactome:R-BTA-69166|Reactome:R-BTA-69473|Reactome:R-BTA-69481|Reactome:R-BTA-69601|Reactome:R-BTA-72086|Reactome:R-BTA-72163|Reactome:R-BTA-72187|Reactome:R-BTA-72203|Reactome:R-BTA-72649|Reactome:R-BTA-72695|Reactome:R-BTA-72702|Reactome:R-BTA-72731|Reactome:R-BTA-73614|Reactome:R-BTA-73762|Reactome:R-BTA-73772|Reactome:R-BTA-73776|Reactome:R-BTA-73779|Reactome:R-BTA-73817|Reactome:R-BTA-73856|Reactome:R-BTA-73863|Reactome:R-BTA-74217|Reactome:R-BTA-75153|Reactome:R-BTA-75815|Reactome:R-BTA-75953|Reactome:R-BTA-75955|Reactome:R-BTA-76042|Reactome:R-BTA-77075|Reactome:R-BTA-77387|Reactome:R-BTA-77595|Reactome:R-BTA-83936|Reactome:R-BTA-844456|Reactome:R-BTA-8849471|Reactome:R-BTA-8852276|Reactome:R-BTA-8854050|Reactome:R-BTA-8854214|Reactome:R-BTA-8856828|Reactome:R-BTA-8866654|Reactome:R-BTA-8873719|Reactome:R-BTA-8875555|Reactome:R-BTA-8875656|Reactome:R-BTA-8876198|Reactome:R-BTA-8876725|Reactome:R-BTA-888590|Reactome:R-BTA-8939236|Reactome:R-BTA-8939243|Reactome:R-BTA-8939902|Reactome:R-BTA-8941858|Reactome:R-BTA-8943724|Reactome:R-BTA-8948751|Reactome:R-BTA-8949664|Reactome:R-BTA-8951664|Reactome:R-BTA-8963888|Reactome:R-BTA-8964616|Reactome:R-BTA-8980692|Reactome:R-BTA-8985586|Reactome:R-BTA-9009391|Reactome:R-BTA-9013106|Reactome:R-BTA-9013148|Reactome:R-BTA-9013149|Reactome:R-BTA-9013404|Reactome:R-BTA-9013406|Reactome:R-BTA-9013408|Reactome:R-BTA-9013418|Reactome:R-BTA-9013419|Reactome:R-BTA-9013420|Reactome:R-BTA-9013423|Reactome:R-BTA-9013424|Reactome:R-BTA-9013425|Reactome:R-BTA-9020702|Reactome:R-BTA-9033241|Reactome:R-BTA-9035034|Reactome:R-BTA-912446|Reactome:R-BTA-917729|Reactome:R-BTA-917977|Reactome:R-BTA-9603798|Reactome:R-BTA-9615933|Reactome:R-BTA-9629569|Reactome:R-BTA-9634600|Reactome:R-BTA-9639288|Reactome:R-BTA-9648002|Reactome:R-BTA-9648025|Reactome:R-BTA-9668328|Reactome:R-BTA-9696273|Reactome:R-BTA-9707564|Reactome:R-BTA-9717207|Reactome:R-BTA-9748787|Reactome:R-BTA-9753281|Reactome:R-BTA-9755511|Reactome:R-BTA-9758890|Reactome:R-BTA-975957|Reactome:R-BTA-9762114|Reactome:R-BTA-9764725|Reactome:R-BTA-9766229|Reactome:R-BTA-983168|Reactome:R-BTA-983170|Reactome:R-BTA-983189|Reactome:R-BTA-983231|Reactome:R-BTA-9833482|Reactome:R-BTA-983712|Reactome:R-BTA-9837999|Reactome:R-BTA-9840373|Reactome:R-BTA-9845576|Reactome:R-BTA-9856530|Reactome:R-BTA-9860927|Reactome:R-BTA-9907900|Reactome:R-BTA-9932298|Reactome:R-BTA-9933937|Reactome:R-BTA-9933939|Reactome:R-BTA-9933946|Reactome:R-BTA-9933947|Reactome:R-BTA-9934037|Reactome:R-BTA-9937383|Reactome:R-CEL-110312|Reactome:R-CEL-110314|Reactome:R-CEL-110320|Reactome:R-CEL-114604|Reactome:R-CEL-114608|Reactome:R-CEL-1169092|Reactome:R-CEL-1169408|Reactome:R-CEL-1222556|Reactome:R-CEL-1234176|Reactome:R-CEL-1236978|Reactome:R-CEL-1257604|Reactome:R-CEL-1268020|Reactome:R-CEL-1369007|Reactome:R-CEL-1433557|Reactome:R-CEL-156584|Reactome:R-CEL-156827|Reactome:R-CEL-156902|Reactome:R-CEL-159236|Reactome:R-CEL-159418|Reactome:R-CEL-163210|Reactome:R-CEL-1632852|Reactome:R-CEL-165159|Reactome:R-CEL-1655829|Reactome:R-CEL-1660514|Reactome:R-CEL-166208|Reactome:R-CEL-170670|Reactome:R-CEL-170968|Reactome:R-CEL-171007|Reactome:R-CEL-174362|Reactome:R-CEL-174411|Reactome:R-CEL-176187|Reactome:R-CEL-179812|Reactome:R-CEL-180336|Reactome:R-CEL-181429|Reactome:R-CEL-181430|Reactome:R-CEL-182971|Reactome:R-CEL-186763|Reactome:R-CEL-187577|Reactome:R-CEL-189483|Reactome:R-CEL-190873|Reactome:R-CEL-193634|Reactome:R-CEL-193648|Reactome:R-CEL-195253|Reactome:R-CEL-196025|Reactome:R-CEL-1963640|Reactome:R-CEL-196783|Reactome:R-CEL-198203|Reactome:R-CEL-199992|Reactome:R-CEL-2022928|Reactome:R-CEL-2029482|Reactome:R-CEL-203927|Reactome:R-CEL-204005|Reactome:R-CEL-210500|Reactome:R-CEL-212676|Reactome:R-CEL-2142845|Reactome:R-CEL-2173791|Reactome:R-CEL-2179392|Reactome:R-CEL-2299718|Reactome:R-CEL-2453902|Reactome:R-CEL-2468052|Reactome:R-CEL-2470946|Reactome:R-CEL-2500257|Reactome:R-CEL-264642|Reactome:R-CEL-3108214|Reactome:R-CEL-3134963|Reactome:R-CEL-3371511|Reactome:R-CEL-349425|Reactome:R-CEL-350562|Reactome:R-CEL-354192|Reactome:R-CEL-354194|Reactome:R-CEL-375165|Reactome:R-CEL-380972|Reactome:R-CEL-381676|Reactome:R-CEL-382556|Reactome:R-CEL-389359|Reactome:R-CEL-392170|Reactome:R-CEL-392451|Reactome:R-CEL-392517|Reactome:R-CEL-3928662|Reactome:R-CEL-3928663|Reactome:R-CEL-3928664|Reactome:R-CEL-3928665|Reactome:R-CEL-399954|Reactome:R-CEL-400042|Reactome:R-CEL-4086398|Reactome:R-CEL-4086400|Reactome:R-CEL-416482|Reactome:R-CEL-416550|Reactome:R-CEL-416572|Reactome:R-CEL-418594|Reactome:R-CEL-418597|Reactome:R-CEL-418885|Reactome:R-CEL-426486|Reactome:R-CEL-428930|Reactome:R-CEL-430039|Reactome:R-CEL-432720|Reactome:R-CEL-432722|Reactome:R-CEL-437239|Reactome:R-CEL-438066|Reactome:R-CEL-4420097|Reactome:R-CEL-445144|Reactome:R-CEL-451308|Reactome:R-CEL-4551638|Reactome:R-CEL-456926|Reactome:R-CEL-4608870|Reactome:R-CEL-4641258|Reactome:R-CEL-499943|Reactome:R-CEL-5205685|Reactome:R-CEL-5218920|Reactome:R-CEL-5250924|Reactome:R-CEL-532668|Reactome:R-CEL-5358346|Reactome:R-CEL-5358493|Reactome:R-CEL-5389840|Reactome:R-CEL-5419276|Reactome:R-CEL-5620912|Reactome:R-CEL-5620916|Reactome:R-CEL-5620922|Reactome:R-CEL-5620924|Reactome:R-CEL-5621575|Reactome:R-CEL-5624138|Reactome:R-CEL-5625740|Reactome:R-CEL-5626467|Reactome:R-CEL-5627083|Reactome:R-CEL-5627117|Reactome:R-CEL-5627123|Reactome:R-CEL-5628897|Reactome:R-CEL-5632684|Reactome:R-CEL-5651801|Reactome:R-CEL-5654688|Reactome:R-CEL-5654693|Reactome:R-CEL-5654699|Reactome:R-CEL-5654700|Reactome:R-CEL-5654704|Reactome:R-CEL-5654706|Reactome:R-CEL-5654712|Reactome:R-CEL-5654719|Reactome:R-CEL-5655862|Reactome:R-CEL-5656121|Reactome:R-CEL-5656169|Reactome:R-CEL-5663213|Reactome:R-CEL-5663220|Reactome:R-CEL-5666185|Reactome:R-CEL-5673000|Reactome:R-CEL-5673001|Reactome:R-CEL-5674135|Reactome:R-CEL-5675221|Reactome:R-CEL-5685939|Reactome:R-CEL-5687128|Reactome:R-CEL-5689603|Reactome:R-CEL-5689877|Reactome:R-CEL-5689880|Reactome:R-CEL-5689896|Reactome:R-CEL-5693548|Reactome:R-CEL-5693607|Reactome:R-CEL-5694530|Reactome:R-CEL-5696397|Reactome:R-CEL-5696400|Reactome:R-CEL-6782135|Reactome:R-CEL-6782210|Reactome:R-CEL-6785631|Reactome:R-CEL-6791226|Reactome:R-CEL-6794361|Reactome:R-CEL-6798695|Reactome:R-CEL-6804758|Reactome:R-CEL-6807878|Reactome:R-CEL-6811434|Reactome:R-CEL-6811436|Reactome:R-CEL-6811438|Reactome:R-CEL-6811440|Reactome:R-CEL-6811558|Reactome:R-CEL-68867|Reactome:R-CEL-68949|Reactome:R-CEL-68962|Reactome:R-CEL-69017|Reactome:R-CEL-69052|Reactome:R-CEL-69091|Reactome:R-CEL-69601|Reactome:R-CEL-71032|Reactome:R-CEL-72163|Reactome:R-CEL-72165|Reactome:R-CEL-72187|Reactome:R-CEL-72203|Reactome:R-CEL-72649|Reactome:R-CEL-72662|Reactome:R-CEL-72702|Reactome:R-CEL-73614|Reactome:R-CEL-73817|Reactome:R-CEL-73856|Reactome:R-CEL-75153|Reactome:R-CEL-75815|Reactome:R-CEL-77387|Reactome:R-CEL-77595|Reactome:R-CEL-8849471|Reactome:R-CEL-8849932|Reactome:R-CEL-8851805|Reactome:R-CEL-8854050|Reactome:R-CEL-8854214|Reactome:R-CEL-8856825|Reactome:R-CEL-8856828|Reactome:R-CEL-8873719|Reactome:R-CEL-8875555|Reactome:R-CEL-8876198|Reactome:R-CEL-8876725|Reactome:R-CEL-888590|Reactome:R-CEL-8939243|Reactome:R-CEL-8939902|Reactome:R-CEL-8941858|Reactome:R-CEL-8943724|Reactome:R-CEL-8948751|Reactome:R-CEL-8949613|Reactome:R-CEL-8949664|Reactome:R-CEL-8951664|Reactome:R-CEL-8964616|Reactome:R-CEL-8980692|Reactome:R-CEL-8985586|Reactome:R-CEL-9013026|Reactome:R-CEL-9013148|Reactome:R-CEL-9013149|Reactome:R-CEL-9013404|Reactome:R-CEL-9013405|Reactome:R-CEL-9013406|Reactome:R-CEL-9013407|Reactome:R-CEL-9013408|Reactome:R-CEL-9013409|Reactome:R-CEL-9013419|Reactome:R-CEL-9013420|Reactome:R-CEL-9013423|Reactome:R-CEL-9013424|Reactome:R-CEL-9013425|Reactome:R-CEL-9031628|Reactome:R-CEL-9033241|Reactome:R-CEL-9035034|Reactome:R-CEL-917977|Reactome:R-CEL-9603798|Reactome:R-CEL-9607240|Reactome:R-CEL-9615933|Reactome:R-CEL-9634600|Reactome:R-CEL-9634635|Reactome:R-CEL-9639288|Reactome:R-CEL-9646399|Reactome:R-CEL-9648002|Reactome:R-CEL-9668328|Reactome:R-CEL-9748787|Reactome:R-CEL-9749641|Reactome:R-CEL-9753281|Reactome:R-CEL-9754706|Reactome:R-CEL-9755511|Reactome:R-CEL-9759218|Reactome:R-CEL-975956|Reactome:R-CEL-975957|Reactome:R-CEL-9762114|Reactome:R-CEL-9764725|Reactome:R-CEL-983168|Reactome:R-CEL-983170|Reactome:R-CEL-983189|Reactome:R-CEL-983231|Reactome:R-CEL-9833482|Reactome:R-CEL-983712|Reactome:R-CEL-9837999|Reactome:R-CEL-9907900|Reactome:R-CEL-9930044|Reactome:R-CEL-9933939|Reactome:R-CEL-9934037|Reactome:R-CEL-9937383|Reactome:R-CFA-112043|Reactome:R-CFA-114604|Reactome:R-CFA-1169408|Reactome:R-CFA-1257604|Reactome:R-CFA-1268020|Reactome:R-CFA-1433557|Reactome:R-CFA-156584|Reactome:R-CFA-159418|Reactome:R-CFA-162658|Reactome:R-CFA-163210|Reactome:R-CFA-1660661|Reactome:R-CFA-170670|Reactome:R-CFA-1799339|Reactome:R-CFA-182971|Reactome:R-CFA-189483|Reactome:R-CFA-193368|Reactome:R-CFA-193648|Reactome:R-CFA-202040|Reactome:R-CFA-2029482|Reactome:R-CFA-204005|Reactome:R-CFA-2132295|Reactome:R-CFA-2142691|Reactome:R-CFA-2424491|Reactome:R-CFA-2485179|Reactome:R-CFA-2514859|Reactome:R-CFA-2565942|Reactome:R-CFA-2871796|Reactome:R-CFA-382556|Reactome:R-CFA-389359|Reactome:R-CFA-392170|Reactome:R-CFA-3928662|Reactome:R-CFA-3928664|Reactome:R-CFA-3928665|Reactome:R-CFA-399719|Reactome:R-CFA-399954|Reactome:R-CFA-399997|Reactome:R-CFA-400042|Reactome:R-CFA-4086400|Reactome:R-CFA-416476|Reactome:R-CFA-416550|Reactome:R-CFA-418592|Reactome:R-CFA-418594|Reactome:R-CFA-418885|Reactome:R-CFA-428930|Reactome:R-CFA-432040|Reactome:R-CFA-432722|Reactome:R-CFA-434316|Reactome:R-CFA-438066|Reactome:R-CFA-4420097|Reactome:R-CFA-445144|Reactome:R-CFA-451308|Reactome:R-CFA-456926|Reactome:R-CFA-5218920|Reactome:R-CFA-525793|Reactome:R-CFA-5620912|Reactome:R-CFA-5620916|Reactome:R-CFA-5625740|Reactome:R-CFA-5625900|Reactome:R-CFA-5625970|Reactome:R-CFA-5626467|Reactome:R-CFA-5627083|Reactome:R-CFA-5627123|Reactome:R-CFA-5663213|Reactome:R-CFA-5663220|Reactome:R-CFA-5668599|Reactome:R-CFA-5673001|Reactome:R-CFA-5685938|Reactome:R-CFA-5685942|Reactome:R-CFA-5687128|Reactome:R-CFA-5689880|Reactome:R-CFA-5693568|Reactome:R-CFA-5693579|Reactome:R-CFA-5693616|Reactome:R-CFA-6798695|Reactome:R-CFA-6807878|Reactome:R-CFA-6811434|Reactome:R-CFA-6811440|Reactome:R-CFA-6811558|Reactome:R-CFA-6814122|Reactome:R-CFA-72163|Reactome:R-CFA-72187|Reactome:R-CFA-73856|Reactome:R-CFA-8849471|Reactome:R-CFA-8849932|Reactome:R-CFA-8854214|Reactome:R-CFA-8856825|Reactome:R-CFA-8856828|Reactome:R-CFA-8873719|Reactome:R-CFA-8875555|Reactome:R-CFA-8875656|Reactome:R-CFA-8876198|Reactome:R-CFA-8949613|Reactome:R-CFA-8964616|Reactome:R-CFA-8980692|Reactome:R-CFA-9009391|Reactome:R-CFA-9013026|Reactome:R-CFA-9013106|Reactome:R-CFA-9013148|Reactome:R-CFA-9013149|Reactome:R-CFA-9013404|Reactome:R-CFA-9013405|Reactome:R-CFA-9013406|Reactome:R-CFA-9013407|Reactome:R-CFA-9013408|Reactome:R-CFA-9013409|Reactome:R-CFA-9013418|Reactome:R-CFA-9013420|Reactome:R-CFA-9013423|Reactome:R-CFA-9013424|Reactome:R-CFA-9032759|Reactome:R-CFA-9035034|Reactome:R-CFA-912446|Reactome:R-CFA-9646399|Reactome:R-CFA-9696264|Reactome:R-CFA-9696270|Reactome:R-CFA-9696273|Reactome:R-CFA-9706019|Reactome:R-CFA-9707564|Reactome:R-CFA-9748787|Reactome:R-CFA-9753281|Reactome:R-CFA-9758890|Reactome:R-CFA-9824585|Reactome:R-CFA-983231|Reactome:R-CFA-9837999|Reactome:R-CFA-9856530|Reactome:R-CFA-9860927|Reactome:R-DDI-110314|Reactome:R-DDI-112043|Reactome:R-DDI-113418|Reactome:R-DDI-114608|Reactome:R-DDI-1169408|Reactome:R-DDI-1222556|Reactome:R-DDI-1236978|Reactome:R-DDI-1268020|Reactome:R-DDI-1369007|Reactome:R-DDI-1369062|Reactome:R-DDI-1483248|Reactome:R-DDI-156827|Reactome:R-DDI-156842|Reactome:R-DDI-156902|Reactome:R-DDI-159418|Reactome:R-DDI-162658|Reactome:R-DDI-1632852|Reactome:R-DDI-165159|Reactome:R-DDI-1660499|Reactome:R-DDI-1660514|Reactome:R-DDI-1660516|Reactome:R-DDI-1660517|Reactome:R-DDI-1660661|Reactome:R-DDI-166208|Reactome:R-DDI-169911|Reactome:R-DDI-170660|Reactome:R-DDI-170670|Reactome:R-DDI-174084|Reactome:R-DDI-174154|Reactome:R-DDI-174178|Reactome:R-DDI-176187|Reactome:R-DDI-1799339|Reactome:R-DDI-1834941|Reactome:R-DDI-189451|Reactome:R-DDI-189483|Reactome:R-DDI-193368|Reactome:R-DDI-193648|Reactome:R-DDI-196807|Reactome:R-DDI-199992|Reactome:R-DDI-202040|Reactome:R-DDI-2029482|Reactome:R-DDI-204005|Reactome:R-DDI-2046105|Reactome:R-DDI-2046106|Reactome:R-DDI-210500|Reactome:R-DDI-2142691|Reactome:R-DDI-2299718|Reactome:R-DDI-2453902|Reactome:R-DDI-2467813|Reactome:R-DDI-2468052|Reactome:R-DDI-2470946|Reactome:R-DDI-2500257|Reactome:R-DDI-2514853|Reactome:R-DDI-2514859|Reactome:R-DDI-2559586|Reactome:R-DDI-3108214|Reactome:R-DDI-3371511|Reactome:R-DDI-349425|Reactome:R-DDI-354192|Reactome:R-DDI-380972|Reactome:R-DDI-381676|Reactome:R-DDI-382556|Reactome:R-DDI-389359|Reactome:R-DDI-3899300|Reactome:R-DDI-390247|Reactome:R-DDI-392517|Reactome:R-DDI-3928662|Reactome:R-DDI-399997|Reactome:R-DDI-416476|Reactome:R-DDI-416482|Reactome:R-DDI-418592|Reactome:R-DDI-418594|Reactome:R-DDI-418597|Reactome:R-DDI-430039|Reactome:R-DDI-434316|Reactome:R-DDI-445144|Reactome:R-DDI-450408|Reactome:R-DDI-4641258|Reactome:R-DDI-499943|Reactome:R-DDI-5358493|Reactome:R-DDI-5358565|Reactome:R-DDI-5358606|Reactome:R-DDI-5610787|Reactome:R-DDI-5620916|Reactome:R-DDI-5626467|Reactome:R-DDI-5627123|Reactome:R-DDI-5628897|Reactome:R-DDI-5632684|Reactome:R-DDI-5651801|Reactome:R-DDI-5655862|Reactome:R-DDI-5656169|Reactome:R-DDI-5658442|Reactome:R-DDI-5663213|Reactome:R-DDI-5675482|Reactome:R-DDI-5683826|Reactome:R-DDI-5687128|Reactome:R-DDI-5689603|Reactome:R-DDI-5689880|Reactome:R-DDI-5693548|Reactome:R-DDI-5693565|Reactome:R-DDI-5694530|Reactome:R-DDI-5696395|Reactome:R-DDI-5696397|Reactome:R-DDI-674695|Reactome:R-DDI-6781823|Reactome:R-DDI-6782135|Reactome:R-DDI-6782210|Reactome:R-DDI-6791226|Reactome:R-DDI-6796648|Reactome:R-DDI-6798695|Reactome:R-DDI-6799198|Reactome:R-DDI-6807878|Reactome:R-DDI-6811434|Reactome:R-DDI-6811436|Reactome:R-DDI-6811438|Reactome:R-DDI-6811440|Reactome:R-DDI-68616|Reactome:R-DDI-68689|Reactome:R-DDI-68867|Reactome:R-DDI-68949|Reactome:R-DDI-68962|Reactome:R-DDI-69017|Reactome:R-DDI-69052|Reactome:R-DDI-69091|Reactome:R-DDI-69601|Reactome:R-DDI-72086|Reactome:R-DDI-72163|Reactome:R-DDI-72695|Reactome:R-DDI-72702|Reactome:R-DDI-72706|Reactome:R-DDI-72731|Reactome:R-DDI-72764|Reactome:R-DDI-73614|Reactome:R-DDI-73772|Reactome:R-DDI-73776|Reactome:R-DDI-73779|Reactome:R-DDI-73817|Reactome:R-DDI-75153|Reactome:R-DDI-75953|Reactome:R-DDI-76042|Reactome:R-DDI-77075|Reactome:R-DDI-77387|Reactome:R-DDI-8849471|Reactome:R-DDI-8854050|Reactome:R-DDI-8854214|Reactome:R-DDI-8856825|Reactome:R-DDI-8856828|Reactome:R-DDI-8866654|Reactome:R-DDI-8873719|Reactome:R-DDI-8876198|Reactome:R-DDI-8876725|Reactome:R-DDI-8943724|Reactome:R-DDI-8948751|Reactome:R-DDI-8951664|Reactome:R-DDI-8963896|Reactome:R-DDI-8964058|Reactome:R-DDI-9013148|Reactome:R-DDI-9013149|Reactome:R-DDI-9013404|Reactome:R-DDI-9013406|Reactome:R-DDI-9013407|Reactome:R-DDI-9013408|Reactome:R-DDI-9013409|Reactome:R-DDI-9013418|Reactome:R-DDI-9013419|Reactome:R-DDI-9013420|Reactome:R-DDI-9013422|Reactome:R-DDI-9013423|Reactome:R-DDI-9013424|Reactome:R-DDI-9013425|Reactome:R-DDI-9018519|Reactome:R-DDI-917729|Reactome:R-DDI-917937|Reactome:R-DDI-917977|Reactome:R-DDI-9603798|Reactome:R-DDI-9615933|Reactome:R-DDI-9629569|Reactome:R-DDI-9639288|Reactome:R-DDI-9646399|Reactome:R-DDI-9668328|Reactome:R-DDI-9706019|Reactome:R-DDI-9707564|Reactome:R-DDI-9748787|Reactome:R-DDI-9749641|Reactome:R-DDI-9753281|Reactome:R-DDI-9754706|Reactome:R-DDI-9755511|Reactome:R-DDI-9757110|Reactome:R-DDI-9758881|Reactome:R-DDI-9758890|Reactome:R-DDI-975956|Reactome:R-DDI-975957|Reactome:R-DDI-9793528|Reactome:R-DDI-983168|Reactome:R-DDI-983170|Reactome:R-DDI-983189|Reactome:R-DDI-983231|Reactome:R-DDI-9837999|Reactome:R-DDI-9840373|Reactome:R-DDI-9856530|Reactome:R-DDI-9907900|Reactome:R-DME-110312|Reactome:R-DME-110314|Reactome:R-DME-110320|Reactome:R-DME-110523|Reactome:R-DME-111458|Reactome:R-DME-111459|Reactome:R-DME-112043|Reactome:R-DME-112382|Reactome:R-DME-113418|Reactome:R-DME-114604|Reactome:R-DME-114608|Reactome:R-DME-1169091|Reactome:R-DME-1169408|Reactome:R-DME-1222556|Reactome:R-DME-1234176|Reactome:R-DME-1236978|Reactome:R-DME-1250347|Reactome:R-DME-1266695|Reactome:R-DME-1268020|Reactome:R-DME-1296025|Reactome:R-DME-1369062|Reactome:R-DME-1433557|Reactome:R-DME-156827|Reactome:R-DME-156842|Reactome:R-DME-156902|Reactome:R-DME-159236|Reactome:R-DME-162658|Reactome:R-DME-163210|Reactome:R-DME-1632852|Reactome:R-DME-165159|Reactome:R-DME-1655829|Reactome:R-DME-1660499|Reactome:R-DME-1660514|Reactome:R-DME-1660661|Reactome:R-DME-166208|Reactome:R-DME-170660|Reactome:R-DME-170670|Reactome:R-DME-170968|Reactome:R-DME-171007|Reactome:R-DME-174084|Reactome:R-DME-174154|Reactome:R-DME-174178|Reactome:R-DME-174184|Reactome:R-DME-174411|Reactome:R-DME-176187|Reactome:R-DME-179812|Reactome:R-DME-180336|Reactome:R-DME-1810476|Reactome:R-DME-181429|Reactome:R-DME-181430|Reactome:R-DME-182971|Reactome:R-DME-1834941|Reactome:R-DME-186763|Reactome:R-DME-187577|Reactome:R-DME-189451|Reactome:R-DME-189483|Reactome:R-DME-190873|Reactome:R-DME-191273|Reactome:R-DME-193634|Reactome:R-DME-193648|Reactome:R-DME-195253|Reactome:R-DME-196025|Reactome:R-DME-1963640|Reactome:R-DME-196757|Reactome:R-DME-198203|Reactome:R-DME-199992|Reactome:R-DME-201722|Reactome:R-DME-202040|Reactome:R-DME-2022870|Reactome:R-DME-2022923|Reactome:R-DME-2022928|Reactome:R-DME-202424|Reactome:R-DME-2029482|Reactome:R-DME-203927|Reactome:R-DME-204005|Reactome:R-DME-2046105|Reactome:R-DME-2046106|Reactome:R-DME-209159|Reactome:R-DME-209190|Reactome:R-DME-209214|Reactome:R-DME-209338|Reactome:R-DME-209360|Reactome:R-DME-209406|Reactome:R-DME-209461|Reactome:R-DME-210500|Reactome:R-DME-212676|Reactome:R-DME-216119|Reactome:R-DME-216167|Reactome:R-DME-216217|Reactome:R-DME-2173791|Reactome:R-DME-2179392|Reactome:R-DME-2424491|Reactome:R-DME-2453902|Reactome:R-DME-2467813|Reactome:R-DME-2559586|Reactome:R-DME-264642|Reactome:R-DME-2871796|Reactome:R-DME-2871837|Reactome:R-DME-3108214|Reactome:R-DME-3134963|Reactome:R-DME-3214815|Reactome:R-DME-3214858|Reactome:R-DME-3247509|Reactome:R-DME-3371497|Reactome:R-DME-3371511|Reactome:R-DME-350368|Reactome:R-DME-350376|Reactome:R-DME-350407|Reactome:R-DME-350480|Reactome:R-DME-350562|Reactome:R-DME-354192|Reactome:R-DME-375165|Reactome:R-DME-380972|Reactome:R-DME-381042|Reactome:R-DME-381676|Reactome:R-DME-382556|Reactome:R-DME-389359|Reactome:R-DME-390247|Reactome:R-DME-392170|Reactome:R-DME-392451|Reactome:R-DME-392517|Reactome:R-DME-392851|Reactome:R-DME-3928662|Reactome:R-DME-3928663|Reactome:R-DME-3928664|Reactome:R-DME-3928665|Reactome:R-DME-399954|Reactome:R-DME-399997|Reactome:R-DME-400042|Reactome:R-DME-400206|Reactome:R-DME-4086398|Reactome:R-DME-4086400|Reactome:R-DME-416476|Reactome:R-DME-416482|Reactome:R-DME-416572|Reactome:R-DME-416993|Reactome:R-DME-418555|Reactome:R-DME-418592|Reactome:R-DME-418594|Reactome:R-DME-418885|Reactome:R-DME-422356|Reactome:R-DME-426486|Reactome:R-DME-427359|Reactome:R-DME-428930|Reactome:R-DME-429958|Reactome:R-DME-430039|Reactome:R-DME-432395|Reactome:R-DME-432524|Reactome:R-DME-432553|Reactome:R-DME-432626|Reactome:R-DME-432720|Reactome:R-DME-432722|Reactome:R-DME-434316|Reactome:R-DME-437239|Reactome:R-DME-438066|Reactome:R-DME-4420097|Reactome:R-DME-445144|Reactome:R-DME-445355|Reactome:R-DME-445989|Reactome:R-DME-450408|Reactome:R-DME-450728|Reactome:R-DME-451308|Reactome:R-DME-4608870|Reactome:R-DME-4641257|Reactome:R-DME-4641258|Reactome:R-DME-499943|Reactome:R-DME-5205685|Reactome:R-DME-5218920|Reactome:R-DME-5218921|Reactome:R-DME-525793|Reactome:R-DME-532668|Reactome:R-DME-5358346|Reactome:R-DME-5358493|Reactome:R-DME-5358565|Reactome:R-DME-538864|Reactome:R-DME-5389840|Reactome:R-DME-5419276|Reactome:R-DME-5578749|Reactome:R-DME-5578775|Reactome:R-DME-5607761|Reactome:R-DME-5607764|Reactome:R-DME-5610780|Reactome:R-DME-5610785|Reactome:R-DME-5620916|Reactome:R-DME-5621575|Reactome:R-DME-5625740|Reactome:R-DME-5625900|Reactome:R-DME-5627117|Reactome:R-DME-5627123|Reactome:R-DME-5628897|Reactome:R-DME-5632684|Reactome:R-DME-5651801|Reactome:R-DME-5654688|Reactome:R-DME-5654693|Reactome:R-DME-5654699|Reactome:R-DME-5654700|Reactome:R-DME-5654704|Reactome:R-DME-5654706|Reactome:R-DME-5654712|Reactome:R-DME-5654719|Reactome:R-DME-5655862|Reactome:R-DME-5656121|Reactome:R-DME-5656169|Reactome:R-DME-5658442|Reactome:R-DME-5663213|Reactome:R-DME-5663220|Reactome:R-DME-5666185|Reactome:R-DME-5673000|Reactome:R-DME-5673001|Reactome:R-DME-5674135|Reactome:R-DME-5675221|Reactome:R-DME-5676590|Reactome:R-DME-5685939|Reactome:R-DME-5687128|Reactome:R-DME-5689603|Reactome:R-DME-5689880|Reactome:R-DME-5689896|Reactome:R-DME-5693548|Reactome:R-DME-5693565|Reactome:R-DME-5693607|Reactome:R-DME-5693616|Reactome:R-DME-5696394|Reactome:R-DME-5696395|Reactome:R-DME-5696397|Reactome:R-DME-5696400|Reactome:R-DME-611105|Reactome:R-DME-674695|Reactome:R-DME-6781823|Reactome:R-DME-6782135|Reactome:R-DME-6782210|Reactome:R-DME-6785631|Reactome:R-DME-6791226|Reactome:R-DME-6794361|Reactome:R-DME-6796648|Reactome:R-DME-6798695|Reactome:R-DME-6799198|Reactome:R-DME-6804756|Reactome:R-DME-6804758|Reactome:R-DME-6807878|Reactome:R-DME-6811434|Reactome:R-DME-6811436|Reactome:R-DME-6811438|Reactome:R-DME-6811440|Reactome:R-DME-6814122|Reactome:R-DME-68616|Reactome:R-DME-68689|Reactome:R-DME-68867|Reactome:R-DME-68884|Reactome:R-DME-68949|Reactome:R-DME-68962|Reactome:R-DME-69017|Reactome:R-DME-69052|Reactome:R-DME-69091|Reactome:R-DME-69473|Reactome:R-DME-69601|Reactome:R-DME-72086|Reactome:R-DME-72163|Reactome:R-DME-72165|Reactome:R-DME-72187|Reactome:R-DME-72203|Reactome:R-DME-72649|Reactome:R-DME-72662|Reactome:R-DME-72695|Reactome:R-DME-72702|Reactome:R-DME-72731|Reactome:R-DME-73614|Reactome:R-DME-73772|Reactome:R-DME-73776|Reactome:R-DME-73779|Reactome:R-DME-73817|Reactome:R-DME-73856|Reactome:R-DME-75815|Reactome:R-DME-75953|Reactome:R-DME-75955|Reactome:R-DME-76042|Reactome:R-DME-77075|Reactome:R-DME-77387|Reactome:R-DME-77595|Reactome:R-DME-8849471|Reactome:R-DME-8849932|Reactome:R-DME-8854050|Reactome:R-DME-8854214|Reactome:R-DME-8856825|Reactome:R-DME-8856828|Reactome:R-DME-8873719|Reactome:R-DME-8876198|Reactome:R-DME-8876725|Reactome:R-DME-888590|Reactome:R-DME-8939236|Reactome:R-DME-8939243|Reactome:R-DME-8939902|Reactome:R-DME-8941858|Reactome:R-DME-8943724|Reactome:R-DME-8948751|Reactome:R-DME-8949613|Reactome:R-DME-8949664|Reactome:R-DME-8951664|Reactome:R-DME-8951936|Reactome:R-DME-8964616|Reactome:R-DME-8980692|Reactome:R-DME-9009391|Reactome:R-DME-9013026|Reactome:R-DME-9013148|Reactome:R-DME-9013149|Reactome:R-DME-9013404|Reactome:R-DME-9013405|Reactome:R-DME-9013406|Reactome:R-DME-9013407|Reactome:R-DME-9013408|Reactome:R-DME-9013409|Reactome:R-DME-9013418|Reactome:R-DME-9013419|Reactome:R-DME-9013420|Reactome:R-DME-9013422|Reactome:R-DME-9013423|Reactome:R-DME-9013424|Reactome:R-DME-9013425|Reactome:R-DME-9020702|Reactome:R-DME-9031628|Reactome:R-DME-9035034|Reactome:R-DME-917937|Reactome:R-DME-917977|Reactome:R-DME-933542|Reactome:R-DME-9603798|Reactome:R-DME-9607240|Reactome:R-DME-9615933|Reactome:R-DME-9627069|Reactome:R-DME-9629569|Reactome:R-DME-9634635|Reactome:R-DME-9639288|Reactome:R-DME-9646399|Reactome:R-DME-9648002|Reactome:R-DME-9668328|Reactome:R-DME-9674555|Reactome:R-DME-9707564|Reactome:R-DME-9748787|Reactome:R-DME-9753281|Reactome:R-DME-9755511|Reactome:R-DME-975956|Reactome:R-DME-975957|Reactome:R-DME-9762114|Reactome:R-DME-9764725|Reactome:R-DME-9793528|Reactome:R-DME-983168|Reactome:R-DME-983189|Reactome:R-DME-983231|Reactome:R-DME-9833482|Reactome:R-DME-983712|Reactome:R-DME-9837999|Reactome:R-DME-9840373|Reactome:R-DME-9856530|Reactome:R-DME-9860927|Reactome:R-DME-9907900|Reactome:R-DME-9913635|Reactome:R-DME-9932298|Reactome:R-DME-9933937|Reactome:R-DME-9933939|Reactome:R-DME-9933946|Reactome:R-DME-9933947|Reactome:R-DME-9934037|Reactome:R-DRE-110320|Reactome:R-DRE-111458|Reactome:R-DRE-111459|Reactome:R-DRE-114608|Reactome:R-DRE-1169092|Reactome:R-DRE-1169408|Reactome:R-DRE-1250347|Reactome:R-DRE-1369007|Reactome:R-DRE-1369062|Reactome:R-DRE-1433557|Reactome:R-DRE-156584|Reactome:R-DRE-156827|Reactome:R-DRE-156902|Reactome:R-DRE-169911|Reactome:R-DRE-179812|Reactome:R-DRE-1799339|Reactome:R-DRE-180336|Reactome:R-DRE-186763|Reactome:R-DRE-193634|Reactome:R-DRE-1963640|Reactome:R-DRE-196783|Reactome:R-DRE-198203|Reactome:R-DRE-201722|Reactome:R-DRE-2022854|Reactome:R-DRE-2022928|Reactome:R-DRE-209563|Reactome:R-DRE-210993|Reactome:R-DRE-2173791|Reactome:R-DRE-2179392|Reactome:R-DRE-354192|Reactome:R-DRE-3769402|Reactome:R-DRE-382556|Reactome:R-DRE-392451|Reactome:R-DRE-392517|Reactome:R-DRE-3928662|Reactome:R-DRE-3928663|Reactome:R-DRE-400206|Reactome:R-DRE-4086400|Reactome:R-DRE-416482|Reactome:R-DRE-416550|Reactome:R-DRE-416572|Reactome:R-DRE-438066|Reactome:R-DRE-4420097|Reactome:R-DRE-499943|Reactome:R-DRE-532668|Reactome:R-DRE-5358346|Reactome:R-DRE-5358493|Reactome:R-DRE-5389840|Reactome:R-DRE-5419276|Reactome:R-DRE-5624138|Reactome:R-DRE-5625740|Reactome:R-DRE-5627083|Reactome:R-DRE-5627117|Reactome:R-DRE-5632684|Reactome:R-DRE-5654688|Reactome:R-DRE-5654693|Reactome:R-DRE-5654699|Reactome:R-DRE-5654700|Reactome:R-DRE-5654704|Reactome:R-DRE-5654706|Reactome:R-DRE-5654712|Reactome:R-DRE-5663220|Reactome:R-DRE-5666185|Reactome:R-DRE-5673001|Reactome:R-DRE-5675221|Reactome:R-DRE-5689880|Reactome:R-DRE-5689896|Reactome:R-DRE-5696395|Reactome:R-DRE-5696400|Reactome:R-DRE-6781823|Reactome:R-DRE-6782135|Reactome:R-DRE-6796648|Reactome:R-DRE-6798695|Reactome:R-DRE-72086|Reactome:R-DRE-72163|Reactome:R-DRE-72695|Reactome:R-DRE-72702|Reactome:R-DRE-72731|Reactome:R-DRE-73614|Reactome:R-DRE-73817|Reactome:R-DRE-75153|Reactome:R-DRE-77075|Reactome:R-DRE-844456|Reactome:R-DRE-8849471|Reactome:R-DRE-8849932|Reactome:R-DRE-8851805|Reactome:R-DRE-8854214|Reactome:R-DRE-8873719|Reactome:R-DRE-8876725|Reactome:R-DRE-8951664|Reactome:R-DRE-8980692|Reactome:R-DRE-9013404|Reactome:R-DRE-9013406|Reactome:R-DRE-9013408|Reactome:R-DRE-9013419|Reactome:R-DRE-9013424|Reactome:R-DRE-9013425|Reactome:R-DRE-9603798|Reactome:R-DRE-9615933|Reactome:R-DRE-9627069|Reactome:R-DRE-9646399|Reactome:R-DRE-9648002|Reactome:R-DRE-9668328|Reactome:R-DRE-9707564|Reactome:R-DRE-9753281|Reactome:R-DRE-9755511|Reactome:R-DRE-975956|Reactome:R-DRE-975957|Reactome:R-DRE-983168|Reactome:R-DRE-983189|Reactome:R-DRE-9840373|Reactome:R-GGA-110312|Reactome:R-GGA-110314|Reactome:R-GGA-110320|Reactome:R-GGA-114604|Reactome:R-GGA-114608|Reactome:R-GGA-1169092|Reactome:R-GGA-1169408|Reactome:R-GGA-1250347|Reactome:R-GGA-141444|Reactome:R-GGA-1433557|Reactome:R-GGA-156584|Reactome:R-GGA-159236|Reactome:R-GGA-162658|Reactome:R-GGA-1655829|Reactome:R-GGA-1660499|Reactome:R-GGA-170670|Reactome:R-GGA-171007|Reactome:R-GGA-174411|Reactome:R-GGA-176187|Reactome:R-GGA-179812|Reactome:R-GGA-180336|Reactome:R-GGA-182971|Reactome:R-GGA-186763|Reactome:R-GGA-1963640|Reactome:R-GGA-2022928|Reactome:R-GGA-2029482|Reactome:R-GGA-210993|Reactome:R-GGA-217106|Reactome:R-GGA-2179392|Reactome:R-GGA-2424491|Reactome:R-GGA-2467813|Reactome:R-GGA-2500257|Reactome:R-GGA-2565942|Reactome:R-GGA-265976|Reactome:R-GGA-2871796|Reactome:R-GGA-3371497|Reactome:R-GGA-3371511|Reactome:R-GGA-351433|Reactome:R-GGA-351451|Reactome:R-GGA-351465|Reactome:R-GGA-352875|Reactome:R-GGA-352882|Reactome:R-GGA-353303|Reactome:R-GGA-354192|Reactome:R-GGA-354194|Reactome:R-GGA-372708|Reactome:R-GGA-375165|Reactome:R-GGA-389359|Reactome:R-GGA-392170|Reactome:R-GGA-392517|Reactome:R-GGA-3928662|Reactome:R-GGA-416482|Reactome:R-GGA-416572|Reactome:R-GGA-418594|Reactome:R-GGA-421203|Reactome:R-GGA-429947|Reactome:R-GGA-430039|Reactome:R-GGA-432040|Reactome:R-GGA-432722|Reactome:R-GGA-4420097|Reactome:R-GGA-499943|Reactome:R-GGA-5218921|Reactome:R-GGA-525793|Reactome:R-GGA-5578749|Reactome:R-GGA-5620912|Reactome:R-GGA-5620916|Reactome:R-GGA-5621575|Reactome:R-GGA-5625740|Reactome:R-GGA-5625970|Reactome:R-GGA-5626467|Reactome:R-GGA-5627117|Reactome:R-GGA-5627123|Reactome:R-GGA-5654688|Reactome:R-GGA-5654693|Reactome:R-GGA-5654699|Reactome:R-GGA-5654700|Reactome:R-GGA-5654704|Reactome:R-GGA-5654706|Reactome:R-GGA-5654712|Reactome:R-GGA-5654719|Reactome:R-GGA-5655862|Reactome:R-GGA-5656121|Reactome:R-GGA-5656169|Reactome:R-GGA-5658442|Reactome:R-GGA-5663213|Reactome:R-GGA-5663220|Reactome:R-GGA-5673000|Reactome:R-GGA-5673001|Reactome:R-GGA-5674135|Reactome:R-GGA-5675221|Reactome:R-GGA-5685938|Reactome:R-GGA-5685942|Reactome:R-GGA-5687128|Reactome:R-GGA-5693568|Reactome:R-GGA-5693579|Reactome:R-GGA-5693607|Reactome:R-GGA-5693616|Reactome:R-GGA-5696397|Reactome:R-GGA-5696400|Reactome:R-GGA-606279|Reactome:R-GGA-6782135|Reactome:R-GGA-6782210|Reactome:R-GGA-6798695|Reactome:R-GGA-6807878|Reactome:R-GGA-6811434|Reactome:R-GGA-6811436|Reactome:R-GGA-6811438|Reactome:R-GGA-6811440|Reactome:R-GGA-68689|Reactome:R-GGA-68949|Reactome:R-GGA-68962|Reactome:R-GGA-69091|Reactome:R-GGA-72163|Reactome:R-GGA-72165|Reactome:R-GGA-72187|Reactome:R-GGA-73614|Reactome:R-GGA-73856|Reactome:R-GGA-77595|Reactome:R-GGA-8849471|Reactome:R-GGA-8851805|Reactome:R-GGA-8854214|Reactome:R-GGA-8856828|Reactome:R-GGA-8875555|Reactome:R-GGA-8875656|Reactome:R-GGA-8876198|Reactome:R-GGA-8876725|Reactome:R-GGA-8964616|Reactome:R-GGA-9009391|Reactome:R-GGA-9013106|Reactome:R-GGA-9013148|Reactome:R-GGA-9013149|Reactome:R-GGA-9013404|Reactome:R-GGA-9013406|Reactome:R-GGA-9013408|Reactome:R-GGA-9013420|Reactome:R-GGA-9013423|Reactome:R-GGA-9013424|Reactome:R-GGA-912446|Reactome:R-GGA-9607240|Reactome:R-GGA-9615933|Reactome:R-GGA-9634635|Reactome:R-GGA-9646399|Reactome:R-GGA-9648002|Reactome:R-GGA-9648025|Reactome:R-GGA-9668328|Reactome:R-GGA-975957|Reactome:R-GGA-983189|Reactome:R-GGA-983231|Reactome:R-HSA-110312|Reactome:R-HSA-110314|Reactome:R-HSA-110320|Reactome:R-HSA-111457|Reactome:R-HSA-111458|Reactome:R-HSA-111459|Reactome:R-HSA-111463|Reactome:R-HSA-111464|Reactome:R-HSA-111469|Reactome:R-HSA-112043|Reactome:R-HSA-112126|Reactome:R-HSA-112308|Reactome:R-HSA-112382|Reactome:R-HSA-112412|Reactome:R-HSA-113418|Reactome:R-HSA-113507|Reactome:R-HSA-114604|Reactome:R-HSA-114608|Reactome:R-HSA-1169091|Reactome:R-HSA-1169092|Reactome:R-HSA-1169408|Reactome:R-HSA-1221632|Reactome:R-HSA-1222387|Reactome:R-HSA-1222449|Reactome:R-HSA-1222538|Reactome:R-HSA-1222556|Reactome:R-HSA-1234176|Reactome:R-HSA-1236382|Reactome:R-HSA-1236394|Reactome:R-HSA-1236974|Reactome:R-HSA-1236978|Reactome:R-HSA-1250196|Reactome:R-HSA-1250347|Reactome:R-HSA-1257604|Reactome:R-HSA-1266695|Reactome:R-HSA-1268020|Reactome:R-HSA-1296025|Reactome:R-HSA-1362277|Reactome:R-HSA-1368108|Reactome:R-HSA-1369007|Reactome:R-HSA-1369062|Reactome:R-HSA-141444|Reactome:R-HSA-1433557|Reactome:R-HSA-1445148|Reactome:R-HSA-156584|Reactome:R-HSA-156827|Reactome:R-HSA-156842|Reactome:R-HSA-156902|Reactome:R-HSA-159236|Reactome:R-HSA-159418|Reactome:R-HSA-1606341|Reactome:R-HSA-162588|Reactome:R-HSA-162658|Reactome:R-HSA-163210|Reactome:R-HSA-1632852|Reactome:R-HSA-163358|Reactome:R-HSA-163359|Reactome:R-HSA-163767|Reactome:R-HSA-163841|Reactome:R-HSA-164378|Reactome:R-HSA-164944|Reactome:R-HSA-165054|Reactome:R-HSA-165159|Reactome:R-HSA-1655829|Reactome:R-HSA-166016|Reactome:R-HSA-1660499|Reactome:R-HSA-1660514|Reactome:R-HSA-1660661|Reactome:R-HSA-166208|Reactome:R-HSA-167044|Reactome:R-HSA-167152|Reactome:R-HSA-167158|Reactome:R-HSA-167160|Reactome:R-HSA-167161|Reactome:R-HSA-167162|Reactome:R-HSA-167172|Reactome:R-HSA-167200|Reactome:R-HSA-167246|Reactome:R-HSA-167590|Reactome:R-HSA-168333|Reactome:R-HSA-168638|Reactome:R-HSA-168928|Reactome:R-HSA-169911|Reactome:R-HSA-170660|Reactome:R-HSA-170670|Reactome:R-HSA-170968|Reactome:R-HSA-170984|Reactome:R-HSA-171007|Reactome:R-HSA-171319|Reactome:R-HSA-174084|Reactome:R-HSA-174113|Reactome:R-HSA-174154|Reactome:R-HSA-174178|Reactome:R-HSA-174184|Reactome:R-HSA-174362|Reactome:R-HSA-174411|Reactome:R-HSA-174414|Reactome:R-HSA-174437|Reactome:R-HSA-176187|Reactome:R-HSA-176974|Reactome:R-HSA-177504|Reactome:R-HSA-179812|Reactome:R-HSA-1799339|Reactome:R-HSA-180336|Reactome:R-HSA-180534|Reactome:R-HSA-180585|Reactome:R-HSA-180746|Reactome:R-HSA-1810476|Reactome:R-HSA-181429|Reactome:R-HSA-181430|Reactome:R-HSA-182971|Reactome:R-HSA-1834941|Reactome:R-HSA-1839117|Reactome:R-HSA-186763|Reactome:R-HSA-187577|Reactome:R-HSA-187706|Reactome:R-HSA-189451|Reactome:R-HSA-189483|Reactome:R-HSA-190873|Reactome:R-HSA-1912408|Reactome:R-HSA-1912420|Reactome:R-HSA-191273|Reactome:R-HSA-191650|Reactome:R-HSA-191859|Reactome:R-HSA-193368|Reactome:R-HSA-193634|Reactome:R-HSA-193648|Reactome:R-HSA-195253|Reactome:R-HSA-196025|Reactome:R-HSA-1963640|Reactome:R-HSA-196757|Reactome:R-HSA-196783|Reactome:R-HSA-196807|Reactome:R-HSA-198203|Reactome:R-HSA-1989781|Reactome:R-HSA-199992|Reactome:R-HSA-201722|Reactome:R-HSA-202040|Reactome:R-HSA-2022854|Reactome:R-HSA-2022870|Reactome:R-HSA-2022923|Reactome:R-HSA-2022928|Reactome:R-HSA-202424|Reactome:R-HSA-2028269|Reactome:R-HSA-2029482|Reactome:R-HSA-203641|Reactome:R-HSA-203927|Reactome:R-HSA-204005|Reactome:R-HSA-2046105|Reactome:R-HSA-2046106|Reactome:R-HSA-209563|Reactome:R-HSA-210500|Reactome:R-HSA-210993|Reactome:R-HSA-211733|Reactome:R-HSA-212676|Reactome:R-HSA-2132295|Reactome:R-HSA-2142691|Reactome:R-HSA-2142845|Reactome:R-HSA-2151201|Reactome:R-HSA-2161517|Reactome:R-HSA-2173791|Reactome:R-HSA-2179392|Reactome:R-HSA-2219530|Reactome:R-HSA-2299718|Reactome:R-HSA-2408550|Reactome:R-HSA-2408557|Reactome:R-HSA-2424491|Reactome:R-HSA-2426168|Reactome:R-HSA-2428933|Reactome:R-HSA-2453902|Reactome:R-HSA-2467813|Reactome:R-HSA-2468052|Reactome:R-HSA-2470946|Reactome:R-HSA-2485179|Reactome:R-HSA-2500257|Reactome:R-HSA-2514853|Reactome:R-HSA-2514859|Reactome:R-HSA-2559580|Reactome:R-HSA-2559584|Reactome:R-HSA-2559585|Reactome:R-HSA-2559586|Reactome:R-HSA-2564830|Reactome:R-HSA-2565942|Reactome:R-HSA-264642|Reactome:R-HSA-264876|Reactome:R-HSA-2871796|Reactome:R-HSA-2871837|Reactome:R-HSA-3000170|Reactome:R-HSA-3108214|Reactome:R-HSA-3134963|Reactome:R-HSA-3134975|Reactome:R-HSA-3214815|Reactome:R-HSA-3214847|Reactome:R-HSA-3214858|Reactome:R-HSA-3247509|Reactome:R-HSA-3270619|Reactome:R-HSA-3359475|Reactome:R-HSA-3359478|Reactome:R-HSA-3371497|Reactome:R-HSA-3371511|Reactome:R-HSA-349425|Reactome:R-HSA-350562|Reactome:R-HSA-351906|Reactome:R-HSA-354192|Reactome:R-HSA-354194|Reactome:R-HSA-3560796|Reactome:R-HSA-3595172|Reactome:R-HSA-3656225|Reactome:R-HSA-372708|Reactome:R-HSA-373752|Reactome:R-HSA-373753|Reactome:R-HSA-375165|Reactome:R-HSA-3769402|Reactome:R-HSA-380259|Reactome:R-HSA-380270|Reactome:R-HSA-380284|Reactome:R-HSA-380320|Reactome:R-HSA-380972|Reactome:R-HSA-381038|Reactome:R-HSA-381042|Reactome:R-HSA-381340|Reactome:R-HSA-381676|Reactome:R-HSA-381753|Reactome:R-HSA-381771|Reactome:R-HSA-382556|Reactome:R-HSA-389359|Reactome:R-HSA-3899300|Reactome:R-HSA-389977|Reactome:R-HSA-390247|Reactome:R-HSA-390471|Reactome:R-HSA-390522|Reactome:R-HSA-392170|Reactome:R-HSA-392451|Reactome:R-HSA-392517|Reactome:R-HSA-392851|Reactome:R-HSA-3928662|Reactome:R-HSA-3928663|Reactome:R-HSA-3928664|Reactome:R-HSA-3928665|Reactome:R-HSA-399719|Reactome:R-HSA-399954|Reactome:R-HSA-399955|Reactome:R-HSA-399997|Reactome:R-HSA-400042|Reactome:R-HSA-400206|Reactome:R-HSA-4086398|Reactome:R-HSA-4086400|Reactome:R-HSA-416476|Reactome:R-HSA-416482|Reactome:R-HSA-416550|Reactome:R-HSA-416572|Reactome:R-HSA-416993|Reactome:R-HSA-418555|Reactome:R-HSA-418592|Reactome:R-HSA-418594|Reactome:R-HSA-418597|Reactome:R-HSA-418885|Reactome:R-HSA-418889|Reactome:R-HSA-419037|Reactome:R-HSA-420029|Reactome:R-HSA-420092|Reactome:R-HSA-422356|Reactome:R-HSA-426486|Reactome:R-HSA-427389|Reactome:R-HSA-427413|Reactome:R-HSA-428540|Reactome:R-HSA-428543|Reactome:R-HSA-428930|Reactome:R-HSA-429947|Reactome:R-HSA-429958|Reactome:R-HSA-430039|Reactome:R-HSA-432040|Reactome:R-HSA-432720|Reactome:R-HSA-432722|Reactome:R-HSA-434316|Reactome:R-HSA-437239|Reactome:R-HSA-438066|Reactome:R-HSA-4420097|Reactome:R-HSA-442982|Reactome:R-HSA-445144|Reactome:R-HSA-445355|Reactome:R-HSA-445989|Reactome:R-HSA-447038|Reactome:R-HSA-450302|Reactome:R-HSA-450321|Reactome:R-HSA-450408|Reactome:R-HSA-451308|Reactome:R-HSA-4551638|Reactome:R-HSA-456926|Reactome:R-HSA-4608870|Reactome:R-HSA-4641257|Reactome:R-HSA-4641258|Reactome:R-HSA-499943|Reactome:R-HSA-5205685|Reactome:R-HSA-5218920|Reactome:R-HSA-5218921|Reactome:R-HSA-5250924|Reactome:R-HSA-525793|Reactome:R-HSA-532668|Reactome:R-HSA-5336415|Reactome:R-HSA-5358346|Reactome:R-HSA-5358493|Reactome:R-HSA-5358565|Reactome:R-HSA-5358606|Reactome:R-HSA-5362768|Reactome:R-HSA-5368286|Reactome:R-HSA-5389840|Reactome:R-HSA-5419276|Reactome:R-HSA-5576892|Reactome:R-HSA-5576893|Reactome:R-HSA-5578749|Reactome:R-HSA-5578775|Reactome:R-HSA-5601884|Reactome:R-HSA-5607761|Reactome:R-HSA-5607764|Reactome:R-HSA-5610780|Reactome:R-HSA-5610783|Reactome:R-HSA-5610785|Reactome:R-HSA-5610787|Reactome:R-HSA-5620912|Reactome:R-HSA-5620916|Reactome:R-HSA-5620922|Reactome:R-HSA-5620924|Reactome:R-HSA-5621480|Reactome:R-HSA-5621575|Reactome:R-HSA-5624138|Reactome:R-HSA-5624958|Reactome:R-HSA-5625740|Reactome:R-HSA-5625900|Reactome:R-HSA-5625970|Reactome:R-HSA-5626467|Reactome:R-HSA-5627083|Reactome:R-HSA-5627117|Reactome:R-HSA-5627123|Reactome:R-HSA-5628897|Reactome:R-HSA-5632684|Reactome:R-HSA-5632927|Reactome:R-HSA-5632928|Reactome:R-HSA-5632968|Reactome:R-HSA-5635838|Reactome:R-HSA-5637810|Reactome:R-HSA-5649702|Reactome:R-HSA-5651801|Reactome:R-HSA-5654688|Reactome:R-HSA-5654693|Reactome:R-HSA-5654699|Reactome:R-HSA-5654700|Reactome:R-HSA-5654704|Reactome:R-HSA-5654706|Reactome:R-HSA-5654712|Reactome:R-HSA-5654719|Reactome:R-HSA-5655253|Reactome:R-HSA-5655291|Reactome:R-HSA-5655302|Reactome:R-HSA-5655332|Reactome:R-HSA-5655862|Reactome:R-HSA-5656121|Reactome:R-HSA-5656169|Reactome:R-HSA-5658442|Reactome:R-HSA-5663213|Reactome:R-HSA-5663220|Reactome:R-HSA-5666185|Reactome:R-HSA-5668541|Reactome:R-HSA-5668599|Reactome:R-HSA-5673000|Reactome:R-HSA-5673001|Reactome:R-HSA-5674135|Reactome:R-HSA-5675221|Reactome:R-HSA-5676590|Reactome:R-HSA-5678420|Reactome:R-HSA-5678520|Reactome:R-HSA-5678771|Reactome:R-HSA-5678895|Reactome:R-HSA-5679001|Reactome:R-HSA-5679090|Reactome:R-HSA-5679096|Reactome:R-HSA-5682113|Reactome:R-HSA-5682294|Reactome:R-HSA-5682910|Reactome:R-HSA-5683177|Reactome:R-HSA-5683329|Reactome:R-HSA-5683371|Reactome:R-HSA-5683678|Reactome:R-HSA-5683826|Reactome:R-HSA-5684045|Reactome:R-HSA-5685938|Reactome:R-HSA-5685939|Reactome:R-HSA-5685942|Reactome:R-HSA-5687128|Reactome:R-HSA-5688399|Reactome:R-HSA-5689603|Reactome:R-HSA-5689877|Reactome:R-HSA-5689880|Reactome:R-HSA-5689896|Reactome:R-HSA-5689901|Reactome:R-HSA-5690338|Reactome:R-HSA-5693548|Reactome:R-HSA-5693554|Reactome:R-HSA-5693565|Reactome:R-HSA-5693568|Reactome:R-HSA-5693571|Reactome:R-HSA-5693579|Reactome:R-HSA-5693607|Reactome:R-HSA-5693616|Reactome:R-HSA-5694530|Reactome:R-HSA-5696394|Reactome:R-HSA-5696395|Reactome:R-HSA-5696397|Reactome:R-HSA-5696400|Reactome:R-HSA-606279|Reactome:R-HSA-611105|Reactome:R-HSA-674695|Reactome:R-HSA-6781823|Reactome:R-HSA-6781827|Reactome:R-HSA-6782135|Reactome:R-HSA-6782210|Reactome:R-HSA-6782315|Reactome:R-HSA-6783310|Reactome:R-HSA-6784531|Reactome:R-HSA-6785631|Reactome:R-HSA-6785807|Reactome:R-HSA-6787450|Reactome:R-HSA-6790901|Reactome:R-HSA-6791226|Reactome:R-HSA-6794361|Reactome:R-HSA-6796648|Reactome:R-HSA-6798695|Reactome:R-HSA-6799198|Reactome:R-HSA-6802946|Reactome:R-HSA-6802948|Reactome:R-HSA-6802952|Reactome:R-HSA-6802953|Reactome:R-HSA-6802955|Reactome:R-HSA-6803207|Reactome:R-HSA-6804756|Reactome:R-HSA-6804758|Reactome:R-HSA-6807878|Reactome:R-HSA-6811434|Reactome:R-HSA-6811436|Reactome:R-HSA-6811438|Reactome:R-HSA-6811440|Reactome:R-HSA-6811558|Reactome:R-HSA-6814122|Reactome:R-HSA-68616|Reactome:R-HSA-68689|Reactome:R-HSA-68867|Reactome:R-HSA-68877|Reactome:R-HSA-68884|Reactome:R-HSA-68949|Reactome:R-HSA-68962|Reactome:R-HSA-69017|Reactome:R-HSA-69052|Reactome:R-HSA-69091|Reactome:R-HSA-69166|Reactome:R-HSA-69205|Reactome:R-HSA-69473|Reactome:R-HSA-69481|Reactome:R-HSA-69601|Reactome:R-HSA-71032|Reactome:R-HSA-72086|Reactome:R-HSA-72163|Reactome:R-HSA-72165|Reactome:R-HSA-72187|Reactome:R-HSA-72203|Reactome:R-HSA-72649|Reactome:R-HSA-72662|Reactome:R-HSA-72695|Reactome:R-HSA-72702|Reactome:R-HSA-72706|Reactome:R-HSA-72731|Reactome:R-HSA-72764|Reactome:R-HSA-73614|Reactome:R-HSA-73762|Reactome:R-HSA-73772|Reactome:R-HSA-73776|Reactome:R-HSA-73779|Reactome:R-HSA-73817|Reactome:R-HSA-73856|Reactome:R-HSA-73863|Reactome:R-HSA-74217|Reactome:R-HSA-74751|Reactome:R-HSA-75153|Reactome:R-HSA-75815|Reactome:R-HSA-75953|Reactome:R-HSA-75955|Reactome:R-HSA-76042|Reactome:R-HSA-77075|Reactome:R-HSA-77387|Reactome:R-HSA-77595|Reactome:R-HSA-83936|Reactome:R-HSA-844455|Reactome:R-HSA-844456|Reactome:R-HSA-844623|Reactome:R-HSA-877300|Reactome:R-HSA-8849471|Reactome:R-HSA-8849932|Reactome:R-HSA-8851805|Reactome:R-HSA-8852276|Reactome:R-HSA-8853884|Reactome:R-HSA-8854050|Reactome:R-HSA-8854214|Reactome:R-HSA-8854518|Reactome:R-HSA-8856825|Reactome:R-HSA-8856828|Reactome:R-HSA-8857538|Reactome:R-HSA-8866654|Reactome:R-HSA-8866910|Reactome:R-HSA-8873719|Reactome:R-HSA-8875555|Reactome:R-HSA-8875656|Reactome:R-HSA-8876198|Reactome:R-HSA-8876725|Reactome:R-HSA-888590|Reactome:R-HSA-8934593|Reactome:R-HSA-8935964|Reactome:R-HSA-8936459|Reactome:R-HSA-8939236|Reactome:R-HSA-8939243|Reactome:R-HSA-8939902|Reactome:R-HSA-8941858|Reactome:R-HSA-8943723|Reactome:R-HSA-8943724|Reactome:R-HSA-8948700|Reactome:R-HSA-8948751|Reactome:R-HSA-8949613|Reactome:R-HSA-8949664|Reactome:R-HSA-8950505|Reactome:R-HSA-8951664|Reactome:R-HSA-8951936|Reactome:R-HSA-8953750|Reactome:R-HSA-8963888|Reactome:R-HSA-8963896|Reactome:R-HSA-8964058|Reactome:R-HSA-8964616|Reactome:R-HSA-8980692|Reactome:R-HSA-8983711|Reactome:R-HSA-8985586|Reactome:R-HSA-8986944|Reactome:R-HSA-9009391|Reactome:R-HSA-9010553|Reactome:R-HSA-9013026|Reactome:R-HSA-9013106|Reactome:R-HSA-9013148|Reactome:R-HSA-9013149|Reactome:R-HSA-9013404|Reactome:R-HSA-9013405|Reactome:R-HSA-9013406|Reactome:R-HSA-9013407|Reactome:R-HSA-9013408|Reactome:R-HSA-9013409|Reactome:R-HSA-9013418|Reactome:R-HSA-9013419|Reactome:R-HSA-9013420|Reactome:R-HSA-9013422|Reactome:R-HSA-9013423|Reactome:R-HSA-9013424|Reactome:R-HSA-9013425|Reactome:R-HSA-9018519|Reactome:R-HSA-9020702|Reactome:R-HSA-9022692|Reactome:R-HSA-9026519|Reactome:R-HSA-9027284|Reactome:R-HSA-9028731|Reactome:R-HSA-9029569|Reactome:R-HSA-9031628|Reactome:R-HSA-9032759|Reactome:R-HSA-9032845|Reactome:R-HSA-9033241|Reactome:R-HSA-9034864|Reactome:R-HSA-9035034|Reactome:R-HSA-909733|Reactome:R-HSA-912446|Reactome:R-HSA-913709|Reactome:R-HSA-917729|Reactome:R-HSA-917937|Reactome:R-HSA-917977|Reactome:R-HSA-918233|Reactome:R-HSA-933541|Reactome:R-HSA-933542|Reactome:R-HSA-933543|Reactome:R-HSA-936440|Reactome:R-HSA-9603798|Reactome:R-HSA-9604323|Reactome:R-HSA-9607240|Reactome:R-HSA-9609523|Reactome:R-HSA-9609690|Reactome:R-HSA-9609736|Reactome:R-HSA-9610379|Reactome:R-HSA-9613829|Reactome:R-HSA-9615017|Reactome:R-HSA-9615710|Reactome:R-HSA-9615933|Reactome:R-HSA-9617324|Reactome:R-HSA-9619229|Reactome:R-HSA-9619665|Reactome:R-HSA-9620244|Reactome:R-HSA-9627069|Reactome:R-HSA-9629569|Reactome:R-HSA-9633012|Reactome:R-HSA-9634285|Reactome:R-HSA-9634597|Reactome:R-HSA-9634600|Reactome:R-HSA-9634635|Reactome:R-HSA-9635465|Reactome:R-HSA-9636383|Reactome:R-HSA-9636569|Reactome:R-HSA-9638334|Reactome:R-HSA-9638482|Reactome:R-HSA-9639288|Reactome:R-HSA-9646399|Reactome:R-HSA-9648002|Reactome:R-HSA-9648025|Reactome:R-HSA-9648895|Reactome:R-HSA-9649948|Reactome:R-HSA-9656223|Reactome:R-HSA-9660821|Reactome:R-HSA-9660826|Reactome:R-HSA-9662360|Reactome:R-HSA-9662361|Reactome:R-HSA-9662834|Reactome:R-HSA-9664422|Reactome:R-HSA-9664565|Reactome:R-HSA-9665348|Reactome:R-HSA-9665686|Reactome:R-HSA-9668328|Reactome:R-HSA-9670095|Reactome:R-HSA-9670439|Reactome:R-HSA-9670613|Reactome:R-HSA-9670615|Reactome:R-HSA-9673324|Reactome:R-HSA-9673767|Reactome:R-HSA-9673770|Reactome:R-HSA-9674519|Reactome:R-HSA-9674555|Reactome:R-HSA-9678110|Reactome:R-HSA-9679191|Reactome:R-HSA-9679504|Reactome:R-HSA-9680350|Reactome:R-HSA-9682706|Reactome:R-HSA-9682708|Reactome:R-HSA-9683439|Reactome:R-HSA-9684325|Reactome:R-HSA-9692912|Reactome:R-HSA-9692916|Reactome:R-HSA-9694271|Reactome:R-HSA-9694301|Reactome:R-HSA-9694614|Reactome:R-HSA-9694676|Reactome:R-HSA-9694686|Reactome:R-HSA-9694786|Reactome:R-HSA-9696264|Reactome:R-HSA-9696270|Reactome:R-HSA-9696273|Reactome:R-HSA-9701192|Reactome:R-HSA-9703465|Reactome:R-HSA-9703648|Reactome:R-HSA-9704331|Reactome:R-HSA-9704646|Reactome:R-HSA-9705671|Reactome:R-HSA-9705677|Reactome:R-HSA-9706019|Reactome:R-HSA-9707564|Reactome:R-HSA-9707616|Reactome:R-HSA-9708296|Reactome:R-HSA-9709570|Reactome:R-HSA-9709603|Reactome:R-HSA-9717207|Reactome:R-HSA-9725370|Reactome:R-HSA-9725371|Reactome:R-HSA-9725554|Reactome:R-HSA-9726840|Reactome:R-HSA-9726842|Reactome:R-HSA-9735869|Reactome:R-HSA-9735871|Reactome:R-HSA-9748787|Reactome:R-HSA-9749641|Reactome:R-HSA-9753281|Reactome:R-HSA-9753510|Reactome:R-HSA-9753512|Reactome:R-HSA-9754560|Reactome:R-HSA-9754678|Reactome:R-HSA-9754706|Reactome:R-HSA-9755511|Reactome:R-HSA-9757110|Reactome:R-HSA-9758274|Reactome:R-HSA-9758881|Reactome:R-HSA-9758890|Reactome:R-HSA-9759218|Reactome:R-HSA-975956|Reactome:R-HSA-975957|Reactome:R-HSA-9759811|Reactome:R-HSA-9760173|Reactome:R-HSA-9762114|Reactome:R-HSA-9764562|Reactome:R-HSA-9764725|Reactome:R-HSA-9766229|Reactome:R-HSA-9768778|Reactome:R-HSA-9768919|Reactome:R-HSA-9793528|Reactome:R-HSA-9818027|Reactome:R-HSA-9818032|Reactome:R-HSA-9820841|Reactome:R-HSA-9820865|Reactome:R-HSA-9820960|Reactome:R-HSA-9824272|Reactome:R-HSA-9824585|Reactome:R-HSA-9824594|Reactome:R-HSA-9825895|Reactome:R-HSA-983168|Reactome:R-HSA-983170|Reactome:R-HSA-983189|Reactome:R-HSA-983231|Reactome:R-HSA-9833109|Reactome:R-HSA-9833110|Reactome:R-HSA-9833482|Reactome:R-HSA-9836573|Reactome:R-HSA-983712|Reactome:R-HSA-9837999|Reactome:R-HSA-9839394|Reactome:R-HSA-9840309|Reactome:R-HSA-9840373|Reactome:R-HSA-9841251|Reactome:R-HSA-9843940|Reactome:R-HSA-9843970|Reactome:R-HSA-9844594|Reactome:R-HSA-9845323|Reactome:R-HSA-9845576|Reactome:R-HSA-9856530|Reactome:R-HSA-9856532|Reactome:R-HSA-9857377|Reactome:R-HSA-9860927|Reactome:R-HSA-9865881|Reactome:R-HSA-9907900|Reactome:R-HSA-9909505|Reactome:R-HSA-9913143|Reactome:R-HSA-9913635|Reactome:R-HSA-9918454|Reactome:R-HSA-9925563|Reactome:R-HSA-9927020|Reactome:R-HSA-9927432|Reactome:R-HSA-9930044|Reactome:R-HSA-9931509|Reactome:R-HSA-9931953|Reactome:R-HSA-9932298|Reactome:R-HSA-9933387|Reactome:R-HSA-9933937|Reactome:R-HSA-9933939|Reactome:R-HSA-9933946|Reactome:R-HSA-9933947|Reactome:R-HSA-9934037|Reactome:R-HSA-9937383|Reactome:R-MMU-110312|Reactome:R-MMU-110314|Reactome:R-MMU-110320|Reactome:R-MMU-111457|Reactome:R-MMU-111458|Reactome:R-MMU-111459|Reactome:R-MMU-111469|Reactome:R-MMU-112043|Reactome:R-MMU-112308|Reactome:R-MMU-112382|Reactome:R-MMU-113418|Reactome:R-MMU-114604|Reactome:R-MMU-114608|Reactome:R-MMU-1169091|Reactome:R-MMU-1169092|Reactome:R-MMU-1169408|Reactome:R-MMU-1222556|Reactome:R-MMU-1234176|Reactome:R-MMU-1236974|Reactome:R-MMU-1236978|Reactome:R-MMU-1250347|Reactome:R-MMU-1257604|Reactome:R-MMU-1266695|Reactome:R-MMU-1268020|Reactome:R-MMU-1296025|Reactome:R-MMU-1369007|Reactome:R-MMU-1369062|Reactome:R-MMU-141444|Reactome:R-MMU-1433557|Reactome:R-MMU-156584|Reactome:R-MMU-156827|Reactome:R-MMU-156842|Reactome:R-MMU-156902|Reactome:R-MMU-159236|Reactome:R-MMU-159418|Reactome:R-MMU-162658|Reactome:R-MMU-163210|Reactome:R-MMU-1632852|Reactome:R-MMU-163841|Reactome:R-MMU-165159|Reactome:R-MMU-1655829|Reactome:R-MMU-166016|Reactome:R-MMU-1660499|Reactome:R-MMU-1660514|Reactome:R-MMU-1660661|Reactome:R-MMU-166208|Reactome:R-MMU-168638|Reactome:R-MMU-169911|Reactome:R-MMU-170660|Reactome:R-MMU-170670|Reactome:R-MMU-170968|Reactome:R-MMU-170984|Reactome:R-MMU-171007|Reactome:R-MMU-171319|Reactome:R-MMU-174084|Reactome:R-MMU-174154|Reactome:R-MMU-174178|Reactome:R-MMU-174184|Reactome:R-MMU-174362|Reactome:R-MMU-174411|Reactome:R-MMU-174414|Reactome:R-MMU-174437|Reactome:R-MMU-176187|Reactome:R-MMU-179812|Reactome:R-MMU-1799339|Reactome:R-MMU-180336|Reactome:R-MMU-1810476|Reactome:R-MMU-181429|Reactome:R-MMU-181430|Reactome:R-MMU-182971|Reactome:R-MMU-1834941|Reactome:R-MMU-186763|Reactome:R-MMU-187577|Reactome:R-MMU-189451|Reactome:R-MMU-189483|Reactome:R-MMU-190873|Reactome:R-MMU-191273|Reactome:R-MMU-191650|Reactome:R-MMU-191859|Reactome:R-MMU-193368|Reactome:R-MMU-193634|Reactome:R-MMU-193648|Reactome:R-MMU-195253|Reactome:R-MMU-196025|Reactome:R-MMU-1963640|Reactome:R-MMU-196757|Reactome:R-MMU-196783|Reactome:R-MMU-196807|Reactome:R-MMU-198203|Reactome:R-MMU-199992|Reactome:R-MMU-201722|Reactome:R-MMU-202040|Reactome:R-MMU-2022854|Reactome:R-MMU-2022870|Reactome:R-MMU-2022923|Reactome:R-MMU-2022928|Reactome:R-MMU-202424|Reactome:R-MMU-2028269|Reactome:R-MMU-2029482|Reactome:R-MMU-203641|Reactome:R-MMU-203927|Reactome:R-MMU-204005|Reactome:R-MMU-2046105|Reactome:R-MMU-2046106|Reactome:R-MMU-209563|Reactome:R-MMU-210500|Reactome:R-MMU-210993|Reactome:R-MMU-212676|Reactome:R-MMU-2132295|Reactome:R-MMU-2142691|Reactome:R-MMU-2142845|Reactome:R-MMU-2173791|Reactome:R-MMU-2179392|Reactome:R-MMU-2299718|Reactome:R-MMU-2424491|Reactome:R-MMU-2453902|Reactome:R-MMU-2467813|Reactome:R-MMU-2468052|Reactome:R-MMU-2470946|Reactome:R-MMU-2485179|Reactome:R-MMU-2500257|Reactome:R-MMU-2514853|Reactome:R-MMU-2514859|Reactome:R-MMU-2559584|Reactome:R-MMU-2559586|Reactome:R-MMU-2565942|Reactome:R-MMU-264642|Reactome:R-MMU-2871796|Reactome:R-MMU-2871837|Reactome:R-MMU-3108214|Reactome:R-MMU-3134963|Reactome:R-MMU-3134975|Reactome:R-MMU-3214815|Reactome:R-MMU-3214858|Reactome:R-MMU-3247509|Reactome:R-MMU-3270619|Reactome:R-MMU-3371497|Reactome:R-MMU-3371511|Reactome:R-MMU-349425|Reactome:R-MMU-350562|Reactome:R-MMU-351906|Reactome:R-MMU-354192|Reactome:R-MMU-354194|Reactome:R-MMU-372708|Reactome:R-MMU-373753|Reactome:R-MMU-375165|Reactome:R-MMU-3769402|Reactome:R-MMU-380259|Reactome:R-MMU-380270|Reactome:R-MMU-380284|Reactome:R-MMU-380320|Reactome:R-MMU-380972|Reactome:R-MMU-381042|Reactome:R-MMU-381676|Reactome:R-MMU-381753|Reactome:R-MMU-381771|Reactome:R-MMU-382556|Reactome:R-MMU-389359|Reactome:R-MMU-3899300|Reactome:R-MMU-390247|Reactome:R-MMU-390522|Reactome:R-MMU-392170|Reactome:R-MMU-392451|Reactome:R-MMU-392517|Reactome:R-MMU-392851|Reactome:R-MMU-3928662|Reactome:R-MMU-3928663|Reactome:R-MMU-3928664|Reactome:R-MMU-3928665|Reactome:R-MMU-399719|Reactome:R-MMU-399954|Reactome:R-MMU-399997|Reactome:R-MMU-400042|Reactome:R-MMU-400206|Reactome:R-MMU-4086398|Reactome:R-MMU-4086400|Reactome:R-MMU-416476|Reactome:R-MMU-416482|Reactome:R-MMU-416550|Reactome:R-MMU-416572|Reactome:R-MMU-416993|Reactome:R-MMU-418555|Reactome:R-MMU-418592|Reactome:R-MMU-418594|Reactome:R-MMU-418597|Reactome:R-MMU-418885|Reactome:R-MMU-420092|Reactome:R-MMU-422356|Reactome:R-MMU-426486|Reactome:R-MMU-428930|Reactome:R-MMU-429947|Reactome:R-MMU-429958|Reactome:R-MMU-430039|Reactome:R-MMU-432040|Reactome:R-MMU-432720|Reactome:R-MMU-432722|Reactome:R-MMU-434316|Reactome:R-MMU-437239|Reactome:R-MMU-438066|Reactome:R-MMU-4420097|Reactome:R-MMU-445144|Reactome:R-MMU-445355|Reactome:R-MMU-445989|Reactome:R-MMU-450302|Reactome:R-MMU-450321|Reactome:R-MMU-450408|Reactome:R-MMU-451308|Reactome:R-MMU-456926|Reactome:R-MMU-4608870|Reactome:R-MMU-4641257|Reactome:R-MMU-4641258|Reactome:R-MMU-499943|Reactome:R-MMU-5205685|Reactome:R-MMU-5218920|Reactome:R-MMU-5218921|Reactome:R-MMU-5250924|Reactome:R-MMU-525793|Reactome:R-MMU-532668|Reactome:R-MMU-5358346|Reactome:R-MMU-5358493|Reactome:R-MMU-5358565|Reactome:R-MMU-5358606|Reactome:R-MMU-5389840|Reactome:R-MMU-5419276|Reactome:R-MMU-5576892|Reactome:R-MMU-5576893|Reactome:R-MMU-5578749|Reactome:R-MMU-5578775|Reactome:R-MMU-5607761|Reactome:R-MMU-5607764|Reactome:R-MMU-5610780|Reactome:R-MMU-5610785|Reactome:R-MMU-5610787|Reactome:R-MMU-5620912|Reactome:R-MMU-5620916|Reactome:R-MMU-5620922|Reactome:R-MMU-5620924|Reactome:R-MMU-5621575|Reactome:R-MMU-5624138|Reactome:R-MMU-5624958|Reactome:R-MMU-5625740|Reactome:R-MMU-5625900|Reactome:R-MMU-5625970|Reactome:R-MMU-5626467|Reactome:R-MMU-5627083|Reactome:R-MMU-5627117|Reactome:R-MMU-5627123|Reactome:R-MMU-5628897|Reactome:R-MMU-5632684|Reactome:R-MMU-5635838|Reactome:R-MMU-5649702|Reactome:R-MMU-5651801|Reactome:R-MMU-5654688|Reactome:R-MMU-5654693|Reactome:R-MMU-5654699|Reactome:R-MMU-5654700|Reactome:R-MMU-5654704|Reactome:R-MMU-5654706|Reactome:R-MMU-5654712|Reactome:R-MMU-5654719|Reactome:R-MMU-5655862|Reactome:R-MMU-5656121|Reactome:R-MMU-5656169|Reactome:R-MMU-5658442|Reactome:R-MMU-5663213|Reactome:R-MMU-5663220|Reactome:R-MMU-5666185|Reactome:R-MMU-5668541|Reactome:R-MMU-5668599|Reactome:R-MMU-5673000|Reactome:R-MMU-5673001|Reactome:R-MMU-5674135|Reactome:R-MMU-5675221|Reactome:R-MMU-5676590|Reactome:R-MMU-5682910|Reactome:R-MMU-5683826|Reactome:R-MMU-5685938|Reactome:R-MMU-5685939|Reactome:R-MMU-5685942|Reactome:R-MMU-5687128|Reactome:R-MMU-5689603|Reactome:R-MMU-5689877|Reactome:R-MMU-5689880|Reactome:R-MMU-5689896|Reactome:R-MMU-5689901|Reactome:R-MMU-5693548|Reactome:R-MMU-5693565|Reactome:R-MMU-5693568|Reactome:R-MMU-5693571|Reactome:R-MMU-5693579|Reactome:R-MMU-5693607|Reactome:R-MMU-5693616|Reactome:R-MMU-5694530|Reactome:R-MMU-5696394|Reactome:R-MMU-5696395|Reactome:R-MMU-5696397|Reactome:R-MMU-5696400|Reactome:R-MMU-606279|Reactome:R-MMU-611105|Reactome:R-MMU-674695|Reactome:R-MMU-6781823|Reactome:R-MMU-6782135|Reactome:R-MMU-6782210|Reactome:R-MMU-6783310|Reactome:R-MMU-6785631|Reactome:R-MMU-6791226|Reactome:R-MMU-6794361|Reactome:R-MMU-6796648|Reactome:R-MMU-6798695|Reactome:R-MMU-6799198|Reactome:R-MMU-6804756|Reactome:R-MMU-6804758|Reactome:R-MMU-6807878|Reactome:R-MMU-6811434|Reactome:R-MMU-6811436|Reactome:R-MMU-6811438|Reactome:R-MMU-6811440|Reactome:R-MMU-6811558|Reactome:R-MMU-6814122|Reactome:R-MMU-68616|Reactome:R-MMU-68689|Reactome:R-MMU-68867|Reactome:R-MMU-68877|Reactome:R-MMU-68884|Reactome:R-MMU-68949|Reactome:R-MMU-68962|Reactome:R-MMU-69017|Reactome:R-MMU-69052|Reactome:R-MMU-69091|Reactome:R-MMU-69166|Reactome:R-MMU-69473|Reactome:R-MMU-69481|Reactome:R-MMU-69601|Reactome:R-MMU-71032|Reactome:R-MMU-72086|Reactome:R-MMU-72163|Reactome:R-MMU-72165|Reactome:R-MMU-72187|Reactome:R-MMU-72203|Reactome:R-MMU-72649|Reactome:R-MMU-72662|Reactome:R-MMU-72695|Reactome:R-MMU-72702|Reactome:R-MMU-72706|Reactome:R-MMU-72731|Reactome:R-MMU-72764|Reactome:R-MMU-73614|Reactome:R-MMU-73762|Reactome:R-MMU-73772|Reactome:R-MMU-73776|Reactome:R-MMU-73779|Reactome:R-MMU-73817|Reactome:R-MMU-73856|Reactome:R-MMU-73863|Reactome:R-MMU-74217|Reactome:R-MMU-75153|Reactome:R-MMU-75815|Reactome:R-MMU-75953|Reactome:R-MMU-75955|Reactome:R-MMU-76042|Reactome:R-MMU-77075|Reactome:R-MMU-77387|Reactome:R-MMU-77595|Reactome:R-MMU-83936|Reactome:R-MMU-844455|Reactome:R-MMU-844456|Reactome:R-MMU-8849471|Reactome:R-MMU-8849932|Reactome:R-MMU-8851805|Reactome:R-MMU-8852276|Reactome:R-MMU-8854050|Reactome:R-MMU-8854214|Reactome:R-MMU-8854518|Reactome:R-MMU-8856825|Reactome:R-MMU-8856828|Reactome:R-MMU-8857538|Reactome:R-MMU-8866654|Reactome:R-MMU-8866910|Reactome:R-MMU-8873719|Reactome:R-MMU-8875555|Reactome:R-MMU-8875656|Reactome:R-MMU-8876198|Reactome:R-MMU-8876725|Reactome:R-MMU-888590|Reactome:R-MMU-8939236|Reactome:R-MMU-8939243|Reactome:R-MMU-8939902|Reactome:R-MMU-8941858|Reactome:R-MMU-8943724|Reactome:R-MMU-8948751|Reactome:R-MMU-8949613|Reactome:R-MMU-8949664|Reactome:R-MMU-8951664|Reactome:R-MMU-8963888|Reactome:R-MMU-8963896|Reactome:R-MMU-8964058|Reactome:R-MMU-8964616|Reactome:R-MMU-8980692|Reactome:R-MMU-8983711|Reactome:R-MMU-8985586|Reactome:R-MMU-9009391|Reactome:R-MMU-9013026|Reactome:R-MMU-9013106|Reactome:R-MMU-9013148|Reactome:R-MMU-9013149|Reactome:R-MMU-9013404|Reactome:R-MMU-9013405|Reactome:R-MMU-9013406|Reactome:R-MMU-9013407|Reactome:R-MMU-9013408|Reactome:R-MMU-9013409|Reactome:R-MMU-9013418|Reactome:R-MMU-9013419|Reactome:R-MMU-9013420|Reactome:R-MMU-9013422|Reactome:R-MMU-9013423|Reactome:R-MMU-9013424|Reactome:R-MMU-9013425|Reactome:R-MMU-9018519|Reactome:R-MMU-9020702|Reactome:R-MMU-9029569|Reactome:R-MMU-9031628|Reactome:R-MMU-9032759|Reactome:R-MMU-9033241|Reactome:R-MMU-9035034|Reactome:R-MMU-909733|Reactome:R-MMU-912446|Reactome:R-MMU-913709|Reactome:R-MMU-917729|Reactome:R-MMU-917937|Reactome:R-MMU-917977|Reactome:R-MMU-933542|Reactome:R-MMU-936440|Reactome:R-MMU-9603798|Reactome:R-MMU-9607240|Reactome:R-MMU-9615933|Reactome:R-MMU-9627069|Reactome:R-MMU-9629569|Reactome:R-MMU-9634597|Reactome:R-MMU-9634600|Reactome:R-MMU-9634635|Reactome:R-MMU-9639288|Reactome:R-MMU-9646399|Reactome:R-MMU-9648002|Reactome:R-MMU-9648025|Reactome:R-MMU-9668328|Reactome:R-MMU-9670095|Reactome:R-MMU-9674555|Reactome:R-MMU-9696264|Reactome:R-MMU-9696270|Reactome:R-MMU-9696273|Reactome:R-MMU-9706019|Reactome:R-MMU-9707564|Reactome:R-MMU-9717207|Reactome:R-MMU-9748787|Reactome:R-MMU-9749641|Reactome:R-MMU-9753281|Reactome:R-MMU-9754706|Reactome:R-MMU-9755511|Reactome:R-MMU-9757110|Reactome:R-MMU-9758274|Reactome:R-MMU-9758881|Reactome:R-MMU-9758890|Reactome:R-MMU-9759218|Reactome:R-MMU-975956|Reactome:R-MMU-975957|Reactome:R-MMU-9762114|Reactome:R-MMU-9764725|Reactome:R-MMU-9766229|Reactome:R-MMU-9793528|Reactome:R-MMU-9824585|Reactome:R-MMU-983168|Reactome:R-MMU-983170|Reactome:R-MMU-983189|Reactome:R-MMU-983231|Reactome:R-MMU-9833482|Reactome:R-MMU-983712|Reactome:R-MMU-9837999|Reactome:R-MMU-9840309|Reactome:R-MMU-9840373|Reactome:R-MMU-9845576|Reactome:R-MMU-9856530|Reactome:R-MMU-9860927|Reactome:R-MMU-9907900|Reactome:R-MMU-9909505|Reactome:R-MMU-9913635|Reactome:R-MMU-9930044|Reactome:R-MMU-9932298|Reactome:R-MMU-9933937|Reactome:R-MMU-9933939|Reactome:R-MMU-9933946|Reactome:R-MMU-9933947|Reactome:R-MMU-9934037|Reactome:R-MMU-9937383|Reactome:R-MTU-936635|Reactome:R-MTU-964903|Reactome:R-PFA-1222556|Reactome:R-PFA-159418|Reactome:R-PFA-1660499|Reactome:R-PFA-1660514|Reactome:R-PFA-193368|Reactome:R-PFA-199992|Reactome:R-PFA-2299718|Reactome:R-PFA-2514853|Reactome:R-PFA-3371497|Reactome:R-PFA-382556|Reactome:R-PFA-499943|Reactome:R-PFA-5620916|Reactome:R-PFA-5693548|Reactome:R-PFA-5693565|Reactome:R-PFA-6798695|Reactome:R-PFA-6807878|Reactome:R-PFA-6811434|Reactome:R-PFA-68616|Reactome:R-PFA-68949|Reactome:R-PFA-73817|Reactome:R-PFA-75153|Reactome:R-PFA-77387|Reactome:R-PFA-917977|Reactome:R-PFA-9646399|Reactome:R-PFA-9754706|Reactome:R-PFA-9757110|Reactome:R-PFA-983231|Reactome:R-PFA-9845576|Reactome:R-RNO-110312|Reactome:R-RNO-110314|Reactome:R-RNO-110320|Reactome:R-RNO-111457|Reactome:R-RNO-111458|Reactome:R-RNO-111459|Reactome:R-RNO-111469|Reactome:R-RNO-112043|Reactome:R-RNO-112308|Reactome:R-RNO-112382|Reactome:R-RNO-113418|Reactome:R-RNO-114604|Reactome:R-RNO-114608|Reactome:R-RNO-1169091|Reactome:R-RNO-1169092|Reactome:R-RNO-1169408|Reactome:R-RNO-1222556|Reactome:R-RNO-1234176|Reactome:R-RNO-1236974|Reactome:R-RNO-1236978|Reactome:R-RNO-1250347|Reactome:R-RNO-1257604|Reactome:R-RNO-1266695|Reactome:R-RNO-1268020|Reactome:R-RNO-1296025|Reactome:R-RNO-1369007|Reactome:R-RNO-1369062|Reactome:R-RNO-141444|Reactome:R-RNO-1433557|Reactome:R-RNO-156584|Reactome:R-RNO-156827|Reactome:R-RNO-156842|Reactome:R-RNO-156902|Reactome:R-RNO-159236|Reactome:R-RNO-159418|Reactome:R-RNO-162658|Reactome:R-RNO-163210|Reactome:R-RNO-1632852|Reactome:R-RNO-163841|Reactome:R-RNO-165159|Reactome:R-RNO-1655829|Reactome:R-RNO-166016|Reactome:R-RNO-1660499|Reactome:R-RNO-1660514|Reactome:R-RNO-1660661|Reactome:R-RNO-166208|Reactome:R-RNO-169911|Reactome:R-RNO-170660|Reactome:R-RNO-170670|Reactome:R-RNO-170968|Reactome:R-RNO-170984|Reactome:R-RNO-171007|Reactome:R-RNO-171319|Reactome:R-RNO-174084|Reactome:R-RNO-174113|Reactome:R-RNO-174154|Reactome:R-RNO-174178|Reactome:R-RNO-174184|Reactome:R-RNO-174411|Reactome:R-RNO-174437|Reactome:R-RNO-176187|Reactome:R-RNO-179812|Reactome:R-RNO-1799339|Reactome:R-RNO-180336|Reactome:R-RNO-181429|Reactome:R-RNO-181430|Reactome:R-RNO-182971|Reactome:R-RNO-186763|Reactome:R-RNO-187577|Reactome:R-RNO-189451|Reactome:R-RNO-189483|Reactome:R-RNO-190873|Reactome:R-RNO-191650|Reactome:R-RNO-193368|Reactome:R-RNO-193634|Reactome:R-RNO-193648|Reactome:R-RNO-195253|Reactome:R-RNO-196025|Reactome:R-RNO-1963640|Reactome:R-RNO-196757|Reactome:R-RNO-196783|Reactome:R-RNO-196807|Reactome:R-RNO-198203|Reactome:R-RNO-199992|Reactome:R-RNO-201722|Reactome:R-RNO-202040|Reactome:R-RNO-2022854|Reactome:R-RNO-2022870|Reactome:R-RNO-2022923|Reactome:R-RNO-2022928|Reactome:R-RNO-2028269|Reactome:R-RNO-2029482|Reactome:R-RNO-203641|Reactome:R-RNO-204005|Reactome:R-RNO-2046105|Reactome:R-RNO-2046106|Reactome:R-RNO-209563|Reactome:R-RNO-210500|Reactome:R-RNO-210993|Reactome:R-RNO-212676|Reactome:R-RNO-2132295|Reactome:R-RNO-2142691|Reactome:R-RNO-2142845|Reactome:R-RNO-2173791|Reactome:R-RNO-2179392|Reactome:R-RNO-2424491|Reactome:R-RNO-2467813|Reactome:R-RNO-2468052|Reactome:R-RNO-2470946|Reactome:R-RNO-2500257|Reactome:R-RNO-2559586|Reactome:R-RNO-2565942|Reactome:R-RNO-264642|Reactome:R-RNO-2871796|Reactome:R-RNO-3108214|Reactome:R-RNO-3134963|Reactome:R-RNO-3214858|Reactome:R-RNO-3247509|Reactome:R-RNO-3371497|Reactome:R-RNO-3371511|Reactome:R-RNO-349425|Reactome:R-RNO-350562|Reactome:R-RNO-351906|Reactome:R-RNO-354192|Reactome:R-RNO-354194|Reactome:R-RNO-372708|Reactome:R-RNO-375165|Reactome:R-RNO-3769402|Reactome:R-RNO-380259|Reactome:R-RNO-380270|Reactome:R-RNO-380284|Reactome:R-RNO-380320|Reactome:R-RNO-380972|Reactome:R-RNO-381042|Reactome:R-RNO-381676|Reactome:R-RNO-382556|Reactome:R-RNO-389359|Reactome:R-RNO-390247|Reactome:R-RNO-390522|Reactome:R-RNO-392170|Reactome:R-RNO-392451|Reactome:R-RNO-392517|Reactome:R-RNO-3928662|Reactome:R-RNO-3928663|Reactome:R-RNO-3928664|Reactome:R-RNO-3928665|Reactome:R-RNO-399719|Reactome:R-RNO-399954|Reactome:R-RNO-399997|Reactome:R-RNO-400042|Reactome:R-RNO-4086398|Reactome:R-RNO-4086400|Reactome:R-RNO-416476|Reactome:R-RNO-416482|Reactome:R-RNO-416550|Reactome:R-RNO-416572|Reactome:R-RNO-416993|Reactome:R-RNO-418592|Reactome:R-RNO-418594|Reactome:R-RNO-418597|Reactome:R-RNO-418885|Reactome:R-RNO-420092|Reactome:R-RNO-422356|Reactome:R-RNO-428930|Reactome:R-RNO-429947|Reactome:R-RNO-429958|Reactome:R-RNO-432040|Reactome:R-RNO-432720|Reactome:R-RNO-432722|Reactome:R-RNO-434316|Reactome:R-RNO-437239|Reactome:R-RNO-438066|Reactome:R-RNO-4420097|Reactome:R-RNO-445144|Reactome:R-RNO-450408|Reactome:R-RNO-451308|Reactome:R-RNO-456926|Reactome:R-RNO-4608870|Reactome:R-RNO-4641257|Reactome:R-RNO-4641258|Reactome:R-RNO-499943|Reactome:R-RNO-5205685|Reactome:R-RNO-5218920|Reactome:R-RNO-5218921|Reactome:R-RNO-5250924|Reactome:R-RNO-525793|Reactome:R-RNO-532668|Reactome:R-RNO-5358346|Reactome:R-RNO-5358493|Reactome:R-RNO-5358565|Reactome:R-RNO-5389840|Reactome:R-RNO-5419276|Reactome:R-RNO-5576892|Reactome:R-RNO-5576893|Reactome:R-RNO-5578749|Reactome:R-RNO-5578775|Reactome:R-RNO-5607761|Reactome:R-RNO-5610780|Reactome:R-RNO-5610785|Reactome:R-RNO-5610787|Reactome:R-RNO-5620912|Reactome:R-RNO-5620916|Reactome:R-RNO-5620924|Reactome:R-RNO-5621575|Reactome:R-RNO-5624138|Reactome:R-RNO-5625740|Reactome:R-RNO-5625900|Reactome:R-RNO-5625970|Reactome:R-RNO-5626467|Reactome:R-RNO-5627083|Reactome:R-RNO-5627117|Reactome:R-RNO-5627123|Reactome:R-RNO-5628897|Reactome:R-RNO-5632684|Reactome:R-RNO-5651801|Reactome:R-RNO-5654688|Reactome:R-RNO-5654693|Reactome:R-RNO-5654699|Reactome:R-RNO-5654700|Reactome:R-RNO-5654704|Reactome:R-RNO-5654706|Reactome:R-RNO-5654712|Reactome:R-RNO-5654719|Reactome:R-RNO-5655862|Reactome:R-RNO-5656121|Reactome:R-RNO-5656169|Reactome:R-RNO-5658442|Reactome:R-RNO-5663213|Reactome:R-RNO-5663220|Reactome:R-RNO-5666185|Reactome:R-RNO-5668541|Reactome:R-RNO-5668599|Reactome:R-RNO-5673000|Reactome:R-RNO-5673001|Reactome:R-RNO-5674135|Reactome:R-RNO-5675221|Reactome:R-RNO-5676590|Reactome:R-RNO-5682910|Reactome:R-RNO-5683826|Reactome:R-RNO-5685938|Reactome:R-RNO-5685939|Reactome:R-RNO-5685942|Reactome:R-RNO-5687128|Reactome:R-RNO-5689603|Reactome:R-RNO-5689877|Reactome:R-RNO-5689880|Reactome:R-RNO-5689896|Reactome:R-RNO-5689901|Reactome:R-RNO-5693548|Reactome:R-RNO-5693565|Reactome:R-RNO-5693568|Reactome:R-RNO-5693571|Reactome:R-RNO-5693579|Reactome:R-RNO-5693607|Reactome:R-RNO-5693616|Reactome:R-RNO-5694530|Reactome:R-RNO-5696394|Reactome:R-RNO-5696395|Reactome:R-RNO-5696397|Reactome:R-RNO-5696400|Reactome:R-RNO-606279|Reactome:R-RNO-611105|Reactome:R-RNO-674695|Reactome:R-RNO-6781823|Reactome:R-RNO-6782135|Reactome:R-RNO-6782210|Reactome:R-RNO-6785631|Reactome:R-RNO-6791226|Reactome:R-RNO-6794361|Reactome:R-RNO-6796648|Reactome:R-RNO-6798695|Reactome:R-RNO-6799198|Reactome:R-RNO-6804756|Reactome:R-RNO-6807878|Reactome:R-RNO-6811434|Reactome:R-RNO-6811436|Reactome:R-RNO-6811438|Reactome:R-RNO-6811440|Reactome:R-RNO-6811558|Reactome:R-RNO-68616|Reactome:R-RNO-68689|Reactome:R-RNO-68867|Reactome:R-RNO-68877|Reactome:R-RNO-68949|Reactome:R-RNO-68962|Reactome:R-RNO-69017|Reactome:R-RNO-69091|Reactome:R-RNO-69166|Reactome:R-RNO-69473|Reactome:R-RNO-69481|Reactome:R-RNO-69601|Reactome:R-RNO-72086|Reactome:R-RNO-72163|Reactome:R-RNO-72165|Reactome:R-RNO-72187|Reactome:R-RNO-72203|Reactome:R-RNO-72649|Reactome:R-RNO-72662|Reactome:R-RNO-72695|Reactome:R-RNO-72702|Reactome:R-RNO-72706|Reactome:R-RNO-72731|Reactome:R-RNO-73614|Reactome:R-RNO-73762|Reactome:R-RNO-73772|Reactome:R-RNO-73776|Reactome:R-RNO-73779|Reactome:R-RNO-73856|Reactome:R-RNO-73863|Reactome:R-RNO-74217|Reactome:R-RNO-75153|Reactome:R-RNO-75815|Reactome:R-RNO-75953|Reactome:R-RNO-75955|Reactome:R-RNO-76042|Reactome:R-RNO-77075|Reactome:R-RNO-77387|Reactome:R-RNO-77595|Reactome:R-RNO-83936|Reactome:R-RNO-844455|Reactome:R-RNO-844456|Reactome:R-RNO-8849471|Reactome:R-RNO-8849932|Reactome:R-RNO-8851805|Reactome:R-RNO-8852276|Reactome:R-RNO-8854050|Reactome:R-RNO-8854214|Reactome:R-RNO-8854518|Reactome:R-RNO-8856825|Reactome:R-RNO-8856828|Reactome:R-RNO-8873719|Reactome:R-RNO-8875555|Reactome:R-RNO-8875656|Reactome:R-RNO-8876198|Reactome:R-RNO-8876725|Reactome:R-RNO-888590|Reactome:R-RNO-8939236|Reactome:R-RNO-8939243|Reactome:R-RNO-8941858|Reactome:R-RNO-8943724|Reactome:R-RNO-8948751|Reactome:R-RNO-8949613|Reactome:R-RNO-8949664|Reactome:R-RNO-8951664|Reactome:R-RNO-8963888|Reactome:R-RNO-8964616|Reactome:R-RNO-8980692|Reactome:R-RNO-8985586|Reactome:R-RNO-9009391|Reactome:R-RNO-9013026|Reactome:R-RNO-9013148|Reactome:R-RNO-9013149|Reactome:R-RNO-9013404|Reactome:R-RNO-9013405|Reactome:R-RNO-9013406|Reactome:R-RNO-9013407|Reactome:R-RNO-9013408|Reactome:R-RNO-9013409|Reactome:R-RNO-9013418|Reactome:R-RNO-9013419|Reactome:R-RNO-9013420|Reactome:R-RNO-9013424|Reactome:R-RNO-9032759|Reactome:R-RNO-9033241|Reactome:R-RNO-9035034|Reactome:R-RNO-912446|Reactome:R-RNO-917729|Reactome:R-RNO-917937|Reactome:R-RNO-917977|Reactome:R-RNO-936440|Reactome:R-RNO-9603798|Reactome:R-RNO-9607240|Reactome:R-RNO-9615933|Reactome:R-RNO-9627069|Reactome:R-RNO-9634600|Reactome:R-RNO-9634635|Reactome:R-RNO-9639288|Reactome:R-RNO-9646399|Reactome:R-RNO-9648002|Reactome:R-RNO-9648025|Reactome:R-RNO-9668328|Reactome:R-RNO-9674555|Reactome:R-RNO-9696264|Reactome:R-RNO-9696270|Reactome:R-RNO-9696273|Reactome:R-RNO-9706019|Reactome:R-RNO-9707564|Reactome:R-RNO-9717207|Reactome:R-RNO-9748787|Reactome:R-RNO-9749641|Reactome:R-RNO-9753281|Reactome:R-RNO-9754706|Reactome:R-RNO-9755511|Reactome:R-RNO-9757110|Reactome:R-RNO-9758274|Reactome:R-RNO-9758890|Reactome:R-RNO-975957|Reactome:R-RNO-9762114|Reactome:R-RNO-9764725|Reactome:R-RNO-9766229|Reactome:R-RNO-9793528|Reactome:R-RNO-9824585|Reactome:R-RNO-983168|Reactome:R-RNO-983170|Reactome:R-RNO-983189|Reactome:R-RNO-983231|Reactome:R-RNO-983712|Reactome:R-RNO-9837999|Reactome:R-RNO-9840373|Reactome:R-RNO-9845576|Reactome:R-RNO-9856530|Reactome:R-RNO-9907900|Reactome:R-RNO-9932298|Reactome:R-RNO-9933937|Reactome:R-RNO-9933939|Reactome:R-RNO-9933946|Reactome:R-RNO-9933947|Reactome:R-RNO-9934037|Reactome:R-RNO-9937383|Reactome:R-SCE-110312|Reactome:R-SCE-110320|Reactome:R-SCE-111457|Reactome:R-SCE-112043|Reactome:R-SCE-113418|Reactome:R-SCE-114608|Reactome:R-SCE-1222556|Reactome:R-SCE-1236978|Reactome:R-SCE-1369007|Reactome:R-SCE-1369062|Reactome:R-SCE-156827|Reactome:R-SCE-156842|Reactome:R-SCE-156902|Reactome:R-SCE-159236|Reactome:R-SCE-159418|Reactome:R-SCE-162658|Reactome:R-SCE-165159|Reactome:R-SCE-1660499|Reactome:R-SCE-1660514|Reactome:R-SCE-1660661|Reactome:R-SCE-169911|Reactome:R-SCE-174362|Reactome:R-SCE-176187|Reactome:R-SCE-1799339|Reactome:R-SCE-189451|Reactome:R-SCE-189483|Reactome:R-SCE-196757|Reactome:R-SCE-196783|Reactome:R-SCE-198203|Reactome:R-SCE-199992|Reactome:R-SCE-202040|Reactome:R-SCE-2029482|Reactome:R-SCE-204005|Reactome:R-SCE-2046105|Reactome:R-SCE-2046106|Reactome:R-SCE-2142691|Reactome:R-SCE-2468052|Reactome:R-SCE-2500257|Reactome:R-SCE-2514853|Reactome:R-SCE-2514859|Reactome:R-SCE-2559586|Reactome:R-SCE-3108214|Reactome:R-SCE-3371511|Reactome:R-SCE-354192|Reactome:R-SCE-381676|Reactome:R-SCE-382556|Reactome:R-SCE-389359|Reactome:R-SCE-3899300|Reactome:R-SCE-390247|Reactome:R-SCE-392451|Reactome:R-SCE-392517|Reactome:R-SCE-399997|Reactome:R-SCE-416476|Reactome:R-SCE-416482|Reactome:R-SCE-418592|Reactome:R-SCE-418594|Reactome:R-SCE-418597|Reactome:R-SCE-429947|Reactome:R-SCE-429958|Reactome:R-SCE-430039|Reactome:R-SCE-434316|Reactome:R-SCE-499943|Reactome:R-SCE-5205685|Reactome:R-SCE-5358493|Reactome:R-SCE-5358565|Reactome:R-SCE-5358606|Reactome:R-SCE-5620912|Reactome:R-SCE-5620916|Reactome:R-SCE-5625740|Reactome:R-SCE-5626467|Reactome:R-SCE-5627123|Reactome:R-SCE-5655862|Reactome:R-SCE-5656121|Reactome:R-SCE-5656169|Reactome:R-SCE-5668541|Reactome:R-SCE-5687128|Reactome:R-SCE-5689880|Reactome:R-SCE-5689896|Reactome:R-SCE-5693548|Reactome:R-SCE-5693565|Reactome:R-SCE-5693616|Reactome:R-SCE-5694530|Reactome:R-SCE-5696397|Reactome:R-SCE-674695|Reactome:R-SCE-6781823|Reactome:R-SCE-6782135|Reactome:R-SCE-6782210|Reactome:R-SCE-6791226|Reactome:R-SCE-6796648|Reactome:R-SCE-6798695|Reactome:R-SCE-6807878|Reactome:R-SCE-6811434|Reactome:R-SCE-6811438|Reactome:R-SCE-6811440|Reactome:R-SCE-68616|Reactome:R-SCE-68689|Reactome:R-SCE-68867|Reactome:R-SCE-68949|Reactome:R-SCE-68962|Reactome:R-SCE-69017|Reactome:R-SCE-69052|Reactome:R-SCE-69091|Reactome:R-SCE-69166|Reactome:R-SCE-69601|Reactome:R-SCE-72086|Reactome:R-SCE-72649|Reactome:R-SCE-72662|Reactome:R-SCE-72695|Reactome:R-SCE-72702|Reactome:R-SCE-72706|Reactome:R-SCE-72731|Reactome:R-SCE-72764|Reactome:R-SCE-73614|Reactome:R-SCE-73772|Reactome:R-SCE-73776|Reactome:R-SCE-73779|Reactome:R-SCE-73817|Reactome:R-SCE-75153|Reactome:R-SCE-75953|Reactome:R-SCE-76042|Reactome:R-SCE-77075|Reactome:R-SCE-77387|Reactome:R-SCE-8854050|Reactome:R-SCE-8854214|Reactome:R-SCE-8866654|Reactome:R-SCE-8873719|Reactome:R-SCE-8876198|Reactome:R-SCE-8876725|Reactome:R-SCE-8948751|Reactome:R-SCE-8951664|Reactome:R-SCE-8964058|Reactome:R-SCE-8980692|Reactome:R-SCE-9013026|Reactome:R-SCE-9013106|Reactome:R-SCE-9013148|Reactome:R-SCE-9013405|Reactome:R-SCE-9013406|Reactome:R-SCE-9013409|Reactome:R-SCE-9013419|Reactome:R-SCE-9013420|Reactome:R-SCE-9013424|Reactome:R-SCE-9013425|Reactome:R-SCE-9018519|Reactome:R-SCE-9035034|Reactome:R-SCE-917729|Reactome:R-SCE-917937|Reactome:R-SCE-917977|Reactome:R-SCE-936440|Reactome:R-SCE-9603798|Reactome:R-SCE-9615933|Reactome:R-SCE-9634600|Reactome:R-SCE-9639288|Reactome:R-SCE-9668328|Reactome:R-SCE-9696264|Reactome:R-SCE-9696270|Reactome:R-SCE-9696273|Reactome:R-SCE-9707564|Reactome:R-SCE-9748787|Reactome:R-SCE-9749641|Reactome:R-SCE-9753281|Reactome:R-SCE-9754706|Reactome:R-SCE-9755511|Reactome:R-SCE-9758890|Reactome:R-SCE-975956|Reactome:R-SCE-975957|Reactome:R-SCE-9793528|Reactome:R-SCE-983168|Reactome:R-SCE-983170|Reactome:R-SCE-983189|Reactome:R-SCE-983231|Reactome:R-SCE-9837999|Reactome:R-SCE-9840373|Reactome:R-SCE-9856530|Reactome:R-SCE-9907900|Reactome:R-SPO-110312|Reactome:R-SPO-110314|Reactome:R-SPO-110320|Reactome:R-SPO-111457|Reactome:R-SPO-111469|Reactome:R-SPO-112043|Reactome:R-SPO-113418|Reactome:R-SPO-114608|Reactome:R-SPO-1222556|Reactome:R-SPO-1236978|Reactome:R-SPO-1369007|Reactome:R-SPO-156827|Reactome:R-SPO-156842|Reactome:R-SPO-156902|Reactome:R-SPO-159236|Reactome:R-SPO-159418|Reactome:R-SPO-162658|Reactome:R-SPO-165159|Reactome:R-SPO-1660514|Reactome:R-SPO-1660661|Reactome:R-SPO-169911|Reactome:R-SPO-174362|Reactome:R-SPO-174437|Reactome:R-SPO-176187|Reactome:R-SPO-1799339|Reactome:R-SPO-189483|Reactome:R-SPO-193368|Reactome:R-SPO-196757|Reactome:R-SPO-196783|Reactome:R-SPO-198203|Reactome:R-SPO-199992|Reactome:R-SPO-202040|Reactome:R-SPO-2029482|Reactome:R-SPO-204005|Reactome:R-SPO-2142691|Reactome:R-SPO-2470946|Reactome:R-SPO-2500257|Reactome:R-SPO-2514853|Reactome:R-SPO-2514859|Reactome:R-SPO-2559586|Reactome:R-SPO-3108214|Reactome:R-SPO-3214858|Reactome:R-SPO-3371511|Reactome:R-SPO-350562|Reactome:R-SPO-382556|Reactome:R-SPO-389359|Reactome:R-SPO-3899300|Reactome:R-SPO-392451|Reactome:R-SPO-399997|Reactome:R-SPO-416476|Reactome:R-SPO-416482|Reactome:R-SPO-418592|Reactome:R-SPO-418594|Reactome:R-SPO-418597|Reactome:R-SPO-429958|Reactome:R-SPO-434316|Reactome:R-SPO-499943|Reactome:R-SPO-5205685|Reactome:R-SPO-5358346|Reactome:R-SPO-5358493|Reactome:R-SPO-5358565|Reactome:R-SPO-5358606|Reactome:R-SPO-5578749|Reactome:R-SPO-5620912|Reactome:R-SPO-5620916|Reactome:R-SPO-5625740|Reactome:R-SPO-5626467|Reactome:R-SPO-5627123|Reactome:R-SPO-5651801|Reactome:R-SPO-5655862|Reactome:R-SPO-5656121|Reactome:R-SPO-5656169|Reactome:R-SPO-5685939|Reactome:R-SPO-5687128|Reactome:R-SPO-5689603|Reactome:R-SPO-5689880|Reactome:R-SPO-5689896|Reactome:R-SPO-5693548|Reactome:R-SPO-5693565|Reactome:R-SPO-5693607|Reactome:R-SPO-5693616|Reactome:R-SPO-5694530|Reactome:R-SPO-5696395|Reactome:R-SPO-5696397|Reactome:R-SPO-5696400|Reactome:R-SPO-674695|Reactome:R-SPO-6781823|Reactome:R-SPO-6782135|Reactome:R-SPO-6782210|Reactome:R-SPO-6791226|Reactome:R-SPO-6796648|Reactome:R-SPO-6798695|Reactome:R-SPO-6807878|Reactome:R-SPO-6811434|Reactome:R-SPO-6811438|Reactome:R-SPO-6811440|Reactome:R-SPO-68616|Reactome:R-SPO-68689|Reactome:R-SPO-68867|Reactome:R-SPO-68949|Reactome:R-SPO-68962|Reactome:R-SPO-69017|Reactome:R-SPO-69052|Reactome:R-SPO-69091|Reactome:R-SPO-69166|Reactome:R-SPO-69601|Reactome:R-SPO-72086|Reactome:R-SPO-72163|Reactome:R-SPO-72649|Reactome:R-SPO-72662|Reactome:R-SPO-72695|Reactome:R-SPO-72702|Reactome:R-SPO-72706|Reactome:R-SPO-72731|Reactome:R-SPO-72764|Reactome:R-SPO-73614|Reactome:R-SPO-73772|Reactome:R-SPO-73776|Reactome:R-SPO-73779|Reactome:R-SPO-73817|Reactome:R-SPO-75153|Reactome:R-SPO-75815|Reactome:R-SPO-75953|Reactome:R-SPO-76042|Reactome:R-SPO-77075|Reactome:R-SPO-77387|Reactome:R-SPO-8854050|Reactome:R-SPO-8854214|Reactome:R-SPO-8866654|Reactome:R-SPO-8873719|Reactome:R-SPO-8876198|Reactome:R-SPO-8876725|Reactome:R-SPO-8948751|Reactome:R-SPO-8951664|Reactome:R-SPO-8980692|Reactome:R-SPO-9013026|Reactome:R-SPO-9013106|Reactome:R-SPO-9013148|Reactome:R-SPO-9013405|Reactome:R-SPO-9013406|Reactome:R-SPO-9013409|Reactome:R-SPO-9013419|Reactome:R-SPO-9013420|Reactome:R-SPO-9013424|Reactome:R-SPO-9013425|Reactome:R-SPO-9018519|Reactome:R-SPO-9035034|Reactome:R-SPO-917729|Reactome:R-SPO-917977|Reactome:R-SPO-9603798|Reactome:R-SPO-9615933|Reactome:R-SPO-9634600|Reactome:R-SPO-9639288|Reactome:R-SPO-9668328|Reactome:R-SPO-9696264|Reactome:R-SPO-9696270|Reactome:R-SPO-9696273|Reactome:R-SPO-9707564|Reactome:R-SPO-9748787|Reactome:R-SPO-9749641|Reactome:R-SPO-9753281|Reactome:R-SPO-9754706|Reactome:R-SPO-9755511|Reactome:R-SPO-9757110|Reactome:R-SPO-9758890|Reactome:R-SPO-975956|Reactome:R-SPO-975957|Reactome:R-SPO-983168|Reactome:R-SPO-983170|Reactome:R-SPO-983189|Reactome:R-SPO-983231|Reactome:R-SPO-9837999|Reactome:R-SPO-9840373|Reactome:R-SPO-9856530|Reactome:R-SPO-9907900|Reactome:R-SSC-112043|Reactome:R-SSC-114604|Reactome:R-SSC-1169091|Reactome:R-SSC-1169092|Reactome:R-SSC-1169408|Reactome:R-SSC-1234176|Reactome:R-SSC-1236978|Reactome:R-SSC-1250347|Reactome:R-SSC-1433557|Reactome:R-SSC-159236|Reactome:R-SSC-163210|Reactome:R-SSC-1660661|Reactome:R-SSC-171007|Reactome:R-SSC-174084|Reactome:R-SSC-174154|Reactome:R-SSC-174178|Reactome:R-SSC-174184|Reactome:R-SSC-179812|Reactome:R-SSC-180336|Reactome:R-SSC-181429|Reactome:R-SSC-181430|Reactome:R-SSC-182971|Reactome:R-SSC-186763|Reactome:R-SSC-187577|Reactome:R-SSC-189451|Reactome:R-SSC-189483|Reactome:R-SSC-191273|Reactome:R-SSC-195253|Reactome:R-SSC-1963640|Reactome:R-SSC-196783|Reactome:R-SSC-202040|Reactome:R-SSC-202424|Reactome:R-SSC-2029482|Reactome:R-SSC-204005|Reactome:R-SSC-210500|Reactome:R-SSC-210993|Reactome:R-SSC-212676|Reactome:R-SSC-2132295|Reactome:R-SSC-2179392|Reactome:R-SSC-2424491|Reactome:R-SSC-2467813|Reactome:R-SSC-264642|Reactome:R-SSC-2871796|Reactome:R-SSC-2871837|Reactome:R-SSC-349425|Reactome:R-SSC-350562|Reactome:R-SSC-375165|Reactome:R-SSC-382556|Reactome:R-SSC-389359|Reactome:R-SSC-3928662|Reactome:R-SSC-399997|Reactome:R-SSC-416476|Reactome:R-SSC-418592|Reactome:R-SSC-428930|Reactome:R-SSC-429947|Reactome:R-SSC-432040|Reactome:R-SSC-434316|Reactome:R-SSC-4420097|Reactome:R-SSC-450408|Reactome:R-SSC-456926|Reactome:R-SSC-4608870|Reactome:R-SSC-4641257|Reactome:R-SSC-4641258|Reactome:R-SSC-499943|Reactome:R-SSC-5218921|Reactome:R-SSC-525793|Reactome:R-SSC-5358346|Reactome:R-SSC-5607761|Reactome:R-SSC-5607764|Reactome:R-SSC-5610780|Reactome:R-SSC-5610785|Reactome:R-SSC-5620912|Reactome:R-SSC-5620916|Reactome:R-SSC-5625970|Reactome:R-SSC-5626467|Reactome:R-SSC-5627123|Reactome:R-SSC-5632684|Reactome:R-SSC-5654688|Reactome:R-SSC-5654693|Reactome:R-SSC-5654699|Reactome:R-SSC-5654700|Reactome:R-SSC-5654704|Reactome:R-SSC-5654706|Reactome:R-SSC-5654712|Reactome:R-SSC-5654719|Reactome:R-SSC-5658442|Reactome:R-SSC-5663213|Reactome:R-SSC-5663220|Reactome:R-SSC-5668541|Reactome:R-SSC-5673000|Reactome:R-SSC-5673001|Reactome:R-SSC-5674135|Reactome:R-SSC-5675221|Reactome:R-SSC-5676590|Reactome:R-SSC-5687128|Reactome:R-SSC-5689603|Reactome:R-SSC-5689880|Reactome:R-SSC-5694530|Reactome:R-SSC-6798695|Reactome:R-SSC-6814122|Reactome:R-SSC-68867|Reactome:R-SSC-68949|Reactome:R-SSC-69017|Reactome:R-SSC-69481|Reactome:R-SSC-69601|Reactome:R-SSC-72163|Reactome:R-SSC-72187|Reactome:R-SSC-73817|Reactome:R-SSC-73856|Reactome:R-SSC-75815|Reactome:R-SSC-8849471|Reactome:R-SSC-8851805|Reactome:R-SSC-8852276|Reactome:R-SSC-8854050|Reactome:R-SSC-8854214|Reactome:R-SSC-8856828|Reactome:R-SSC-8875656|Reactome:R-SSC-8876198|Reactome:R-SSC-888590|Reactome:R-SSC-8939236|Reactome:R-SSC-8939902|Reactome:R-SSC-8941858|Reactome:R-SSC-8948751|Reactome:R-SSC-8949613|Reactome:R-SSC-8951664|Reactome:R-SSC-8963888|Reactome:R-SSC-8964616|Reactome:R-SSC-9013148|Reactome:R-SSC-9013149|Reactome:R-SSC-9013404|Reactome:R-SSC-9013406|Reactome:R-SSC-9013408|Reactome:R-SSC-9013418|Reactome:R-SSC-9013420|Reactome:R-SSC-9013423|Reactome:R-SSC-9013424|Reactome:R-SSC-9020702|Reactome:R-SSC-917937|Reactome:R-SSC-9607240|Reactome:R-SSC-9634635|Reactome:R-SSC-9648002|Reactome:R-SSC-9668328|Reactome:R-SSC-9753281|Reactome:R-SSC-9755511|Reactome:R-SSC-975957|Reactome:R-SSC-9762114|Reactome:R-SSC-9766229|Reactome:R-SSC-9793528|Reactome:R-SSC-983168|Reactome:R-SSC-983170|Reactome:R-SSC-983231|Reactome:R-SSC-9837999|Reactome:R-SSC-9856530|Reactome:R-SSC-9860927|Reactome:R-SSC-9907900|Reactome:R-SSC-9932298|Reactome:R-XTR-110320|Reactome:R-XTR-114608|Reactome:R-XTR-1169408|Reactome:R-XTR-1369007|Reactome:R-XTR-196783|Reactome:R-XTR-203927|Reactome:R-XTR-354192|Reactome:R-XTR-3769402|Reactome:R-XTR-382556|Reactome:R-XTR-392517|Reactome:R-XTR-426486|Reactome:R-XTR-429947|Reactome:R-XTR-430039|Reactome:R-XTR-438066|Reactome:R-XTR-499943|Reactome:R-XTR-532668|Reactome:R-XTR-5358346|Reactome:R-XTR-5689896|Reactome:R-XTR-6791226|Reactome:R-XTR-6798695|Reactome:R-XTR-6811434|Reactome:R-XTR-68689|Reactome:R-XTR-68867|Reactome:R-XTR-68949|Reactome:R-XTR-68962|Reactome:R-XTR-69052|Reactome:R-XTR-72163|Reactome:R-XTR-73614|Reactome:R-XTR-73817|Reactome:R-XTR-8849932|Reactome:R-XTR-8875555|Reactome:R-XTR-8876725|Reactome:R-XTR-8951664|Reactome:R-XTR-9013149|Reactome:R-XTR-9013404|Reactome:R-XTR-9013406|Reactome:R-XTR-9013407|Reactome:R-XTR-9013408|Reactome:R-XTR-9013419|Reactome:R-XTR-9013423|Reactome:R-XTR-9603798|Reactome:R-XTR-9668328|Reactome:R-XTR-9755511|Reactome:R-XTR-975957|Reactome:R-XTR-983189
ETMEFFSM_CDS_0053	4eb9df05b34370d7c22a7fe9a24fc1c8	664	Gene3D	G3DSA:3.40.50.300	-	24	240	1.1E-6	T	13-04-2026	IPR027417	P-loop containing nucleoside triphosphate hydrolase	-	Reactome:R-BTA-110312|Reactome:R-BTA-110314|Reactome:R-BTA-110320|Reactome:R-BTA-112043|Reactome:R-BTA-112308|Reactome:R-BTA-113418|Reactome:R-BTA-114604|Reactome:R-BTA-114608|Reactome:R-BTA-1169091|Reactome:R-BTA-1169408|Reactome:R-BTA-1222556|Reactome:R-BTA-1234176|Reactome:R-BTA-1236978|Reactome:R-BTA-1257604|Reactome:R-BTA-1266695|Reactome:R-BTA-141444|Reactome:R-BTA-156584|Reactome:R-BTA-156827|Reactome:R-BTA-156842|Reactome:R-BTA-156902|Reactome:R-BTA-159236|Reactome:R-BTA-1632852|Reactome:R-BTA-163841|Reactome:R-BTA-165159|Reactome:R-BTA-1655829|Reactome:R-BTA-166016|Reactome:R-BTA-1660499|Reactome:R-BTA-1660514|Reactome:R-BTA-1660661|Reactome:R-BTA-166208|Reactome:R-BTA-168638|Reactome:R-BTA-170670|Reactome:R-BTA-170968|Reactome:R-BTA-170984|Reactome:R-BTA-174084|Reactome:R-BTA-174154|Reactome:R-BTA-174178|Reactome:R-BTA-174184|Reactome:R-BTA-174411|Reactome:R-BTA-174437|Reactome:R-BTA-176187|Reactome:R-BTA-1799339|Reactome:R-BTA-1810476|Reactome:R-BTA-181429|Reactome:R-BTA-181430|Reactome:R-BTA-182971|Reactome:R-BTA-187577|Reactome:R-BTA-189483|Reactome:R-BTA-190873|Reactome:R-BTA-193634|Reactome:R-BTA-195253|Reactome:R-BTA-196025|Reactome:R-BTA-196757|Reactome:R-BTA-198203|Reactome:R-BTA-199992|Reactome:R-BTA-201722|Reactome:R-BTA-202040|Reactome:R-BTA-202424|Reactome:R-BTA-2029482|Reactome:R-BTA-204005|Reactome:R-BTA-209563|Reactome:R-BTA-210500|Reactome:R-BTA-212676|Reactome:R-BTA-2132295|Reactome:R-BTA-2142691|Reactome:R-BTA-2173791|Reactome:R-BTA-2453902|Reactome:R-BTA-2467813|Reactome:R-BTA-2468052|Reactome:R-BTA-2470946|Reactome:R-BTA-2485179|Reactome:R-BTA-2500257|Reactome:R-BTA-2514859|Reactome:R-BTA-2565942|Reactome:R-BTA-264642|Reactome:R-BTA-2871837|Reactome:R-BTA-3108214|Reactome:R-BTA-3134963|Reactome:R-BTA-3214858|Reactome:R-BTA-3247509|Reactome:R-BTA-3371511|Reactome:R-BTA-349425|Reactome:R-BTA-350562|Reactome:R-BTA-354192|Reactome:R-BTA-354194|Reactome:R-BTA-372708|Reactome:R-BTA-380972|Reactome:R-BTA-381042|Reactome:R-BTA-381676|Reactome:R-BTA-381771|Reactome:R-BTA-382556|Reactome:R-BTA-389359|Reactome:R-BTA-392170|Reactome:R-BTA-392451|Reactome:R-BTA-392517|Reactome:R-BTA-3928662|Reactome:R-BTA-3928663|Reactome:R-BTA-399997|Reactome:R-BTA-400042|Reactome:R-BTA-4086398|Reactome:R-BTA-4086400|Reactome:R-BTA-416476|Reactome:R-BTA-416482|Reactome:R-BTA-416550|Reactome:R-BTA-416572|Reactome:R-BTA-418592|Reactome:R-BTA-418594|Reactome:R-BTA-418885|Reactome:R-BTA-422356|Reactome:R-BTA-428930|Reactome:R-BTA-429947|Reactome:R-BTA-432720|Reactome:R-BTA-432722|Reactome:R-BTA-434316|Reactome:R-BTA-437239|Reactome:R-BTA-4420097|Reactome:R-BTA-450302|Reactome:R-BTA-450321|Reactome:R-BTA-450408|Reactome:R-BTA-456926|Reactome:R-BTA-4608870|Reactome:R-BTA-4641257|Reactome:R-BTA-4641258|Reactome:R-BTA-499943|Reactome:R-BTA-5250924|Reactome:R-BTA-525793|Reactome:R-BTA-5358346|Reactome:R-BTA-5358493|Reactome:R-BTA-5358565|Reactome:R-BTA-5358606|Reactome:R-BTA-5389840|Reactome:R-BTA-5419276|Reactome:R-BTA-5576892|Reactome:R-BTA-5576893|Reactome:R-BTA-5578749|Reactome:R-BTA-5607761|Reactome:R-BTA-5607764|Reactome:R-BTA-5610780|Reactome:R-BTA-5610785|Reactome:R-BTA-5620912|Reactome:R-BTA-5620916|Reactome:R-BTA-5620922|Reactome:R-BTA-5620924|Reactome:R-BTA-5625740|Reactome:R-BTA-5625900|Reactome:R-BTA-5625970|Reactome:R-BTA-5626467|Reactome:R-BTA-5627117|Reactome:R-BTA-5627123|Reactome:R-BTA-5628897|Reactome:R-BTA-5632684|Reactome:R-BTA-5651801|Reactome:R-BTA-5655862|Reactome:R-BTA-5656121|Reactome:R-BTA-5656169|Reactome:R-BTA-5663213|Reactome:R-BTA-5663220|Reactome:R-BTA-5666185|Reactome:R-BTA-5668541|Reactome:R-BTA-5668599|Reactome:R-BTA-5674135|Reactome:R-BTA-5676590|Reactome:R-BTA-5685938|Reactome:R-BTA-5685942|Reactome:R-BTA-5687128|Reactome:R-BTA-5689603|Reactome:R-BTA-5689880|Reactome:R-BTA-5689896|Reactome:R-BTA-5689901|Reactome:R-BTA-5693568|Reactome:R-BTA-5693579|Reactome:R-BTA-5693607|Reactome:R-BTA-5693616|Reactome:R-BTA-5694530|Reactome:R-BTA-5696395|Reactome:R-BTA-5696397|Reactome:R-BTA-5696400|Reactome:R-BTA-606279|Reactome:R-BTA-674695|Reactome:R-BTA-6781823|Reactome:R-BTA-6782135|Reactome:R-BTA-6782210|Reactome:R-BTA-6785631|Reactome:R-BTA-6791226|Reactome:R-BTA-6796648|Reactome:R-BTA-6798695|Reactome:R-BTA-6804756|Reactome:R-BTA-6807878|Reactome:R-BTA-6811434|Reactome:R-BTA-6811438|Reactome:R-BTA-6811440|Reactome:R-BTA-6811558|Reactome:R-BTA-6814122|Reactome:R-BTA-68616|Reactome:R-BTA-68689|Reactome:R-BTA-68867|Reactome:R-BTA-68877|Reactome:R-BTA-68884|Reactome:R-BTA-68949|Reactome:R-BTA-68962|Reactome:R-BTA-69017|Reactome:R-BTA-69052|Reactome:R-BTA-69091|Reactome:R-BTA-69166|Reactome:R-BTA-69473|Reactome:R-BTA-69481|Reactome:R-BTA-69601|Reactome:R-BTA-72086|Reactome:R-BTA-72163|Reactome:R-BTA-72187|Reactome:R-BTA-72203|Reactome:R-BTA-72649|Reactome:R-BTA-72695|Reactome:R-BTA-72702|Reactome:R-BTA-72731|Reactome:R-BTA-73614|Reactome:R-BTA-73762|Reactome:R-BTA-73772|Reactome:R-BTA-73776|Reactome:R-BTA-73779|Reactome:R-BTA-73817|Reactome:R-BTA-73856|Reactome:R-BTA-73863|Reactome:R-BTA-74217|Reactome:R-BTA-75153|Reactome:R-BTA-75815|Reactome:R-BTA-75953|Reactome:R-BTA-75955|Reactome:R-BTA-76042|Reactome:R-BTA-77075|Reactome:R-BTA-77387|Reactome:R-BTA-77595|Reactome:R-BTA-83936|Reactome:R-BTA-844456|Reactome:R-BTA-8849471|Reactome:R-BTA-8852276|Reactome:R-BTA-8854050|Reactome:R-BTA-8854214|Reactome:R-BTA-8856828|Reactome:R-BTA-8866654|Reactome:R-BTA-8873719|Reactome:R-BTA-8875555|Reactome:R-BTA-8875656|Reactome:R-BTA-8876198|Reactome:R-BTA-8876725|Reactome:R-BTA-888590|Reactome:R-BTA-8939236|Reactome:R-BTA-8939243|Reactome:R-BTA-8939902|Reactome:R-BTA-8941858|Reactome:R-BTA-8943724|Reactome:R-BTA-8948751|Reactome:R-BTA-8949664|Reactome:R-BTA-8951664|Reactome:R-BTA-8963888|Reactome:R-BTA-8964616|Reactome:R-BTA-8980692|Reactome:R-BTA-8985586|Reactome:R-BTA-9009391|Reactome:R-BTA-9013106|Reactome:R-BTA-9013148|Reactome:R-BTA-9013149|Reactome:R-BTA-9013404|Reactome:R-BTA-9013406|Reactome:R-BTA-9013408|Reactome:R-BTA-9013418|Reactome:R-BTA-9013419|Reactome:R-BTA-9013420|Reactome:R-BTA-9013423|Reactome:R-BTA-9013424|Reactome:R-BTA-9013425|Reactome:R-BTA-9020702|Reactome:R-BTA-9033241|Reactome:R-BTA-9035034|Reactome:R-BTA-912446|Reactome:R-BTA-917729|Reactome:R-BTA-917977|Reactome:R-BTA-9603798|Reactome:R-BTA-9615933|Reactome:R-BTA-9629569|Reactome:R-BTA-9634600|Reactome:R-BTA-9639288|Reactome:R-BTA-9648002|Reactome:R-BTA-9648025|Reactome:R-BTA-9668328|Reactome:R-BTA-9696273|Reactome:R-BTA-9707564|Reactome:R-BTA-9717207|Reactome:R-BTA-9748787|Reactome:R-BTA-9753281|Reactome:R-BTA-9755511|Reactome:R-BTA-9758890|Reactome:R-BTA-975957|Reactome:R-BTA-9762114|Reactome:R-BTA-9764725|Reactome:R-BTA-9766229|Reactome:R-BTA-983168|Reactome:R-BTA-983170|Reactome:R-BTA-983189|Reactome:R-BTA-983231|Reactome:R-BTA-9833482|Reactome:R-BTA-983712|Reactome:R-BTA-9837999|Reactome:R-BTA-9840373|Reactome:R-BTA-9845576|Reactome:R-BTA-9856530|Reactome:R-BTA-9860927|Reactome:R-BTA-9907900|Reactome:R-BTA-9932298|Reactome:R-BTA-9933937|Reactome:R-BTA-9933939|Reactome:R-BTA-9933946|Reactome:R-BTA-9933947|Reactome:R-BTA-9934037|Reactome:R-BTA-9937383|Reactome:R-CEL-110312|Reactome:R-CEL-110314|Reactome:R-CEL-110320|Reactome:R-CEL-114604|Reactome:R-CEL-114608|Reactome:R-CEL-1169092|Reactome:R-CEL-1169408|Reactome:R-CEL-1222556|Reactome:R-CEL-1234176|Reactome:R-CEL-1236978|Reactome:R-CEL-1257604|Reactome:R-CEL-1268020|Reactome:R-CEL-1369007|Reactome:R-CEL-1433557|Reactome:R-CEL-156584|Reactome:R-CEL-156827|Reactome:R-CEL-156902|Reactome:R-CEL-159236|Reactome:R-CEL-159418|Reactome:R-CEL-163210|Reactome:R-CEL-1632852|Reactome:R-CEL-165159|Reactome:R-CEL-1655829|Reactome:R-CEL-1660514|Reactome:R-CEL-166208|Reactome:R-CEL-170670|Reactome:R-CEL-170968|Reactome:R-CEL-171007|Reactome:R-CEL-174362|Reactome:R-CEL-174411|Reactome:R-CEL-176187|Reactome:R-CEL-179812|Reactome:R-CEL-180336|Reactome:R-CEL-181429|Reactome:R-CEL-181430|Reactome:R-CEL-182971|Reactome:R-CEL-186763|Reactome:R-CEL-187577|Reactome:R-CEL-189483|Reactome:R-CEL-190873|Reactome:R-CEL-193634|Reactome:R-CEL-193648|Reactome:R-CEL-195253|Reactome:R-CEL-196025|Reactome:R-CEL-1963640|Reactome:R-CEL-196783|Reactome:R-CEL-198203|Reactome:R-CEL-199992|Reactome:R-CEL-2022928|Reactome:R-CEL-2029482|Reactome:R-CEL-203927|Reactome:R-CEL-204005|Reactome:R-CEL-210500|Reactome:R-CEL-212676|Reactome:R-CEL-2142845|Reactome:R-CEL-2173791|Reactome:R-CEL-2179392|Reactome:R-CEL-2299718|Reactome:R-CEL-2453902|Reactome:R-CEL-2468052|Reactome:R-CEL-2470946|Reactome:R-CEL-2500257|Reactome:R-CEL-264642|Reactome:R-CEL-3108214|Reactome:R-CEL-3134963|Reactome:R-CEL-3371511|Reactome:R-CEL-349425|Reactome:R-CEL-350562|Reactome:R-CEL-354192|Reactome:R-CEL-354194|Reactome:R-CEL-375165|Reactome:R-CEL-380972|Reactome:R-CEL-381676|Reactome:R-CEL-382556|Reactome:R-CEL-389359|Reactome:R-CEL-392170|Reactome:R-CEL-392451|Reactome:R-CEL-392517|Reactome:R-CEL-3928662|Reactome:R-CEL-3928663|Reactome:R-CEL-3928664|Reactome:R-CEL-3928665|Reactome:R-CEL-399954|Reactome:R-CEL-400042|Reactome:R-CEL-4086398|Reactome:R-CEL-4086400|Reactome:R-CEL-416482|Reactome:R-CEL-416550|Reactome:R-CEL-416572|Reactome:R-CEL-418594|Reactome:R-CEL-418597|Reactome:R-CEL-418885|Reactome:R-CEL-426486|Reactome:R-CEL-428930|Reactome:R-CEL-430039|Reactome:R-CEL-432720|Reactome:R-CEL-432722|Reactome:R-CEL-437239|Reactome:R-CEL-438066|Reactome:R-CEL-4420097|Reactome:R-CEL-445144|Reactome:R-CEL-451308|Reactome:R-CEL-4551638|Reactome:R-CEL-456926|Reactome:R-CEL-4608870|Reactome:R-CEL-4641258|Reactome:R-CEL-499943|Reactome:R-CEL-5205685|Reactome:R-CEL-5218920|Reactome:R-CEL-5250924|Reactome:R-CEL-532668|Reactome:R-CEL-5358346|Reactome:R-CEL-5358493|Reactome:R-CEL-5389840|Reactome:R-CEL-5419276|Reactome:R-CEL-5620912|Reactome:R-CEL-5620916|Reactome:R-CEL-5620922|Reactome:R-CEL-5620924|Reactome:R-CEL-5621575|Reactome:R-CEL-5624138|Reactome:R-CEL-5625740|Reactome:R-CEL-5626467|Reactome:R-CEL-5627083|Reactome:R-CEL-5627117|Reactome:R-CEL-5627123|Reactome:R-CEL-5628897|Reactome:R-CEL-5632684|Reactome:R-CEL-5651801|Reactome:R-CEL-5654688|Reactome:R-CEL-5654693|Reactome:R-CEL-5654699|Reactome:R-CEL-5654700|Reactome:R-CEL-5654704|Reactome:R-CEL-5654706|Reactome:R-CEL-5654712|Reactome:R-CEL-5654719|Reactome:R-CEL-5655862|Reactome:R-CEL-5656121|Reactome:R-CEL-5656169|Reactome:R-CEL-5663213|Reactome:R-CEL-5663220|Reactome:R-CEL-5666185|Reactome:R-CEL-5673000|Reactome:R-CEL-5673001|Reactome:R-CEL-5674135|Reactome:R-CEL-5675221|Reactome:R-CEL-5685939|Reactome:R-CEL-5687128|Reactome:R-CEL-5689603|Reactome:R-CEL-5689877|Reactome:R-CEL-5689880|Reactome:R-CEL-5689896|Reactome:R-CEL-5693548|Reactome:R-CEL-5693607|Reactome:R-CEL-5694530|Reactome:R-CEL-5696397|Reactome:R-CEL-5696400|Reactome:R-CEL-6782135|Reactome:R-CEL-6782210|Reactome:R-CEL-6785631|Reactome:R-CEL-6791226|Reactome:R-CEL-6794361|Reactome:R-CEL-6798695|Reactome:R-CEL-6804758|Reactome:R-CEL-6807878|Reactome:R-CEL-6811434|Reactome:R-CEL-6811436|Reactome:R-CEL-6811438|Reactome:R-CEL-6811440|Reactome:R-CEL-6811558|Reactome:R-CEL-68867|Reactome:R-CEL-68949|Reactome:R-CEL-68962|Reactome:R-CEL-69017|Reactome:R-CEL-69052|Reactome:R-CEL-69091|Reactome:R-CEL-69601|Reactome:R-CEL-71032|Reactome:R-CEL-72163|Reactome:R-CEL-72165|Reactome:R-CEL-72187|Reactome:R-CEL-72203|Reactome:R-CEL-72649|Reactome:R-CEL-72662|Reactome:R-CEL-72702|Reactome:R-CEL-73614|Reactome:R-CEL-73817|Reactome:R-CEL-73856|Reactome:R-CEL-75153|Reactome:R-CEL-75815|Reactome:R-CEL-77387|Reactome:R-CEL-77595|Reactome:R-CEL-8849471|Reactome:R-CEL-8849932|Reactome:R-CEL-8851805|Reactome:R-CEL-8854050|Reactome:R-CEL-8854214|Reactome:R-CEL-8856825|Reactome:R-CEL-8856828|Reactome:R-CEL-8873719|Reactome:R-CEL-8875555|Reactome:R-CEL-8876198|Reactome:R-CEL-8876725|Reactome:R-CEL-888590|Reactome:R-CEL-8939243|Reactome:R-CEL-8939902|Reactome:R-CEL-8941858|Reactome:R-CEL-8943724|Reactome:R-CEL-8948751|Reactome:R-CEL-8949613|Reactome:R-CEL-8949664|Reactome:R-CEL-8951664|Reactome:R-CEL-8964616|Reactome:R-CEL-8980692|Reactome:R-CEL-8985586|Reactome:R-CEL-9013026|Reactome:R-CEL-9013148|Reactome:R-CEL-9013149|Reactome:R-CEL-9013404|Reactome:R-CEL-9013405|Reactome:R-CEL-9013406|Reactome:R-CEL-9013407|Reactome:R-CEL-9013408|Reactome:R-CEL-9013409|Reactome:R-CEL-9013419|Reactome:R-CEL-9013420|Reactome:R-CEL-9013423|Reactome:R-CEL-9013424|Reactome:R-CEL-9013425|Reactome:R-CEL-9031628|Reactome:R-CEL-9033241|Reactome:R-CEL-9035034|Reactome:R-CEL-917977|Reactome:R-CEL-9603798|Reactome:R-CEL-9607240|Reactome:R-CEL-9615933|Reactome:R-CEL-9634600|Reactome:R-CEL-9634635|Reactome:R-CEL-9639288|Reactome:R-CEL-9646399|Reactome:R-CEL-9648002|Reactome:R-CEL-9668328|Reactome:R-CEL-9748787|Reactome:R-CEL-9749641|Reactome:R-CEL-9753281|Reactome:R-CEL-9754706|Reactome:R-CEL-9755511|Reactome:R-CEL-9759218|Reactome:R-CEL-975956|Reactome:R-CEL-975957|Reactome:R-CEL-9762114|Reactome:R-CEL-9764725|Reactome:R-CEL-983168|Reactome:R-CEL-983170|Reactome:R-CEL-983189|Reactome:R-CEL-983231|Reactome:R-CEL-9833482|Reactome:R-CEL-983712|Reactome:R-CEL-9837999|Reactome:R-CEL-9907900|Reactome:R-CEL-9930044|Reactome:R-CEL-9933939|Reactome:R-CEL-9934037|Reactome:R-CEL-9937383|Reactome:R-CFA-112043|Reactome:R-CFA-114604|Reactome:R-CFA-1169408|Reactome:R-CFA-1257604|Reactome:R-CFA-1268020|Reactome:R-CFA-1433557|Reactome:R-CFA-156584|Reactome:R-CFA-159418|Reactome:R-CFA-162658|Reactome:R-CFA-163210|Reactome:R-CFA-1660661|Reactome:R-CFA-170670|Reactome:R-CFA-1799339|Reactome:R-CFA-182971|Reactome:R-CFA-189483|Reactome:R-CFA-193368|Reactome:R-CFA-193648|Reactome:R-CFA-202040|Reactome:R-CFA-2029482|Reactome:R-CFA-204005|Reactome:R-CFA-2132295|Reactome:R-CFA-2142691|Reactome:R-CFA-2424491|Reactome:R-CFA-2485179|Reactome:R-CFA-2514859|Reactome:R-CFA-2565942|Reactome:R-CFA-2871796|Reactome:R-CFA-382556|Reactome:R-CFA-389359|Reactome:R-CFA-392170|Reactome:R-CFA-3928662|Reactome:R-CFA-3928664|Reactome:R-CFA-3928665|Reactome:R-CFA-399719|Reactome:R-CFA-399954|Reactome:R-CFA-399997|Reactome:R-CFA-400042|Reactome:R-CFA-4086400|Reactome:R-CFA-416476|Reactome:R-CFA-416550|Reactome:R-CFA-418592|Reactome:R-CFA-418594|Reactome:R-CFA-418885|Reactome:R-CFA-428930|Reactome:R-CFA-432040|Reactome:R-CFA-432722|Reactome:R-CFA-434316|Reactome:R-CFA-438066|Reactome:R-CFA-4420097|Reactome:R-CFA-445144|Reactome:R-CFA-451308|Reactome:R-CFA-456926|Reactome:R-CFA-5218920|Reactome:R-CFA-525793|Reactome:R-CFA-5620912|Reactome:R-CFA-5620916|Reactome:R-CFA-5625740|Reactome:R-CFA-5625900|Reactome:R-CFA-5625970|Reactome:R-CFA-5626467|Reactome:R-CFA-5627083|Reactome:R-CFA-5627123|Reactome:R-CFA-5663213|Reactome:R-CFA-5663220|Reactome:R-CFA-5668599|Reactome:R-CFA-5673001|Reactome:R-CFA-5685938|Reactome:R-CFA-5685942|Reactome:R-CFA-5687128|Reactome:R-CFA-5689880|Reactome:R-CFA-5693568|Reactome:R-CFA-5693579|Reactome:R-CFA-5693616|Reactome:R-CFA-6798695|Reactome:R-CFA-6807878|Reactome:R-CFA-6811434|Reactome:R-CFA-6811440|Reactome:R-CFA-6811558|Reactome:R-CFA-6814122|Reactome:R-CFA-72163|Reactome:R-CFA-72187|Reactome:R-CFA-73856|Reactome:R-CFA-8849471|Reactome:R-CFA-8849932|Reactome:R-CFA-8854214|Reactome:R-CFA-8856825|Reactome:R-CFA-8856828|Reactome:R-CFA-8873719|Reactome:R-CFA-8875555|Reactome:R-CFA-8875656|Reactome:R-CFA-8876198|Reactome:R-CFA-8949613|Reactome:R-CFA-8964616|Reactome:R-CFA-8980692|Reactome:R-CFA-9009391|Reactome:R-CFA-9013026|Reactome:R-CFA-9013106|Reactome:R-CFA-9013148|Reactome:R-CFA-9013149|Reactome:R-CFA-9013404|Reactome:R-CFA-9013405|Reactome:R-CFA-9013406|Reactome:R-CFA-9013407|Reactome:R-CFA-9013408|Reactome:R-CFA-9013409|Reactome:R-CFA-9013418|Reactome:R-CFA-9013420|Reactome:R-CFA-9013423|Reactome:R-CFA-9013424|Reactome:R-CFA-9032759|Reactome:R-CFA-9035034|Reactome:R-CFA-912446|Reactome:R-CFA-9646399|Reactome:R-CFA-9696264|Reactome:R-CFA-9696270|Reactome:R-CFA-9696273|Reactome:R-CFA-9706019|Reactome:R-CFA-9707564|Reactome:R-CFA-9748787|Reactome:R-CFA-9753281|Reactome:R-CFA-9758890|Reactome:R-CFA-9824585|Reactome:R-CFA-983231|Reactome:R-CFA-9837999|Reactome:R-CFA-9856530|Reactome:R-CFA-9860927|Reactome:R-DDI-110314|Reactome:R-DDI-112043|Reactome:R-DDI-113418|Reactome:R-DDI-114608|Reactome:R-DDI-1169408|Reactome:R-DDI-1222556|Reactome:R-DDI-1236978|Reactome:R-DDI-1268020|Reactome:R-DDI-1369007|Reactome:R-DDI-1369062|Reactome:R-DDI-1483248|Reactome:R-DDI-156827|Reactome:R-DDI-156842|Reactome:R-DDI-156902|Reactome:R-DDI-159418|Reactome:R-DDI-162658|Reactome:R-DDI-1632852|Reactome:R-DDI-165159|Reactome:R-DDI-1660499|Reactome:R-DDI-1660514|Reactome:R-DDI-1660516|Reactome:R-DDI-1660517|Reactome:R-DDI-1660661|Reactome:R-DDI-166208|Reactome:R-DDI-169911|Reactome:R-DDI-170660|Reactome:R-DDI-170670|Reactome:R-DDI-174084|Reactome:R-DDI-174154|Reactome:R-DDI-174178|Reactome:R-DDI-176187|Reactome:R-DDI-1799339|Reactome:R-DDI-1834941|Reactome:R-DDI-189451|Reactome:R-DDI-189483|Reactome:R-DDI-193368|Reactome:R-DDI-193648|Reactome:R-DDI-196807|Reactome:R-DDI-199992|Reactome:R-DDI-202040|Reactome:R-DDI-2029482|Reactome:R-DDI-204005|Reactome:R-DDI-2046105|Reactome:R-DDI-2046106|Reactome:R-DDI-210500|Reactome:R-DDI-2142691|Reactome:R-DDI-2299718|Reactome:R-DDI-2453902|Reactome:R-DDI-2467813|Reactome:R-DDI-2468052|Reactome:R-DDI-2470946|Reactome:R-DDI-2500257|Reactome:R-DDI-2514853|Reactome:R-DDI-2514859|Reactome:R-DDI-2559586|Reactome:R-DDI-3108214|Reactome:R-DDI-3371511|Reactome:R-DDI-349425|Reactome:R-DDI-354192|Reactome:R-DDI-380972|Reactome:R-DDI-381676|Reactome:R-DDI-382556|Reactome:R-DDI-389359|Reactome:R-DDI-3899300|Reactome:R-DDI-390247|Reactome:R-DDI-392517|Reactome:R-DDI-3928662|Reactome:R-DDI-399997|Reactome:R-DDI-416476|Reactome:R-DDI-416482|Reactome:R-DDI-418592|Reactome:R-DDI-418594|Reactome:R-DDI-418597|Reactome:R-DDI-430039|Reactome:R-DDI-434316|Reactome:R-DDI-445144|Reactome:R-DDI-450408|Reactome:R-DDI-4641258|Reactome:R-DDI-499943|Reactome:R-DDI-5358493|Reactome:R-DDI-5358565|Reactome:R-DDI-5358606|Reactome:R-DDI-5610787|Reactome:R-DDI-5620916|Reactome:R-DDI-5626467|Reactome:R-DDI-5627123|Reactome:R-DDI-5628897|Reactome:R-DDI-5632684|Reactome:R-DDI-5651801|Reactome:R-DDI-5655862|Reactome:R-DDI-5656169|Reactome:R-DDI-5658442|Reactome:R-DDI-5663213|Reactome:R-DDI-5675482|Reactome:R-DDI-5683826|Reactome:R-DDI-5687128|Reactome:R-DDI-5689603|Reactome:R-DDI-5689880|Reactome:R-DDI-5693548|Reactome:R-DDI-5693565|Reactome:R-DDI-5694530|Reactome:R-DDI-5696395|Reactome:R-DDI-5696397|Reactome:R-DDI-674695|Reactome:R-DDI-6781823|Reactome:R-DDI-6782135|Reactome:R-DDI-6782210|Reactome:R-DDI-6791226|Reactome:R-DDI-6796648|Reactome:R-DDI-6798695|Reactome:R-DDI-6799198|Reactome:R-DDI-6807878|Reactome:R-DDI-6811434|Reactome:R-DDI-6811436|Reactome:R-DDI-6811438|Reactome:R-DDI-6811440|Reactome:R-DDI-68616|Reactome:R-DDI-68689|Reactome:R-DDI-68867|Reactome:R-DDI-68949|Reactome:R-DDI-68962|Reactome:R-DDI-69017|Reactome:R-DDI-69052|Reactome:R-DDI-69091|Reactome:R-DDI-69601|Reactome:R-DDI-72086|Reactome:R-DDI-72163|Reactome:R-DDI-72695|Reactome:R-DDI-72702|Reactome:R-DDI-72706|Reactome:R-DDI-72731|Reactome:R-DDI-72764|Reactome:R-DDI-73614|Reactome:R-DDI-73772|Reactome:R-DDI-73776|Reactome:R-DDI-73779|Reactome:R-DDI-73817|Reactome:R-DDI-75153|Reactome:R-DDI-75953|Reactome:R-DDI-76042|Reactome:R-DDI-77075|Reactome:R-DDI-77387|Reactome:R-DDI-8849471|Reactome:R-DDI-8854050|Reactome:R-DDI-8854214|Reactome:R-DDI-8856825|Reactome:R-DDI-8856828|Reactome:R-DDI-8866654|Reactome:R-DDI-8873719|Reactome:R-DDI-8876198|Reactome:R-DDI-8876725|Reactome:R-DDI-8943724|Reactome:R-DDI-8948751|Reactome:R-DDI-8951664|Reactome:R-DDI-8963896|Reactome:R-DDI-8964058|Reactome:R-DDI-9013148|Reactome:R-DDI-9013149|Reactome:R-DDI-9013404|Reactome:R-DDI-9013406|Reactome:R-DDI-9013407|Reactome:R-DDI-9013408|Reactome:R-DDI-9013409|Reactome:R-DDI-9013418|Reactome:R-DDI-9013419|Reactome:R-DDI-9013420|Reactome:R-DDI-9013422|Reactome:R-DDI-9013423|Reactome:R-DDI-9013424|Reactome:R-DDI-9013425|Reactome:R-DDI-9018519|Reactome:R-DDI-917729|Reactome:R-DDI-917937|Reactome:R-DDI-917977|Reactome:R-DDI-9603798|Reactome:R-DDI-9615933|Reactome:R-DDI-9629569|Reactome:R-DDI-9639288|Reactome:R-DDI-9646399|Reactome:R-DDI-9668328|Reactome:R-DDI-9706019|Reactome:R-DDI-9707564|Reactome:R-DDI-9748787|Reactome:R-DDI-9749641|Reactome:R-DDI-9753281|Reactome:R-DDI-9754706|Reactome:R-DDI-9755511|Reactome:R-DDI-9757110|Reactome:R-DDI-9758881|Reactome:R-DDI-9758890|Reactome:R-DDI-975956|Reactome:R-DDI-975957|Reactome:R-DDI-9793528|Reactome:R-DDI-983168|Reactome:R-DDI-983170|Reactome:R-DDI-983189|Reactome:R-DDI-983231|Reactome:R-DDI-9837999|Reactome:R-DDI-9840373|Reactome:R-DDI-9856530|Reactome:R-DDI-9907900|Reactome:R-DME-110312|Reactome:R-DME-110314|Reactome:R-DME-110320|Reactome:R-DME-110523|Reactome:R-DME-111458|Reactome:R-DME-111459|Reactome:R-DME-112043|Reactome:R-DME-112382|Reactome:R-DME-113418|Reactome:R-DME-114604|Reactome:R-DME-114608|Reactome:R-DME-1169091|Reactome:R-DME-1169408|Reactome:R-DME-1222556|Reactome:R-DME-1234176|Reactome:R-DME-1236978|Reactome:R-DME-1250347|Reactome:R-DME-1266695|Reactome:R-DME-1268020|Reactome:R-DME-1296025|Reactome:R-DME-1369062|Reactome:R-DME-1433557|Reactome:R-DME-156827|Reactome:R-DME-156842|Reactome:R-DME-156902|Reactome:R-DME-159236|Reactome:R-DME-162658|Reactome:R-DME-163210|Reactome:R-DME-1632852|Reactome:R-DME-165159|Reactome:R-DME-1655829|Reactome:R-DME-1660499|Reactome:R-DME-1660514|Reactome:R-DME-1660661|Reactome:R-DME-166208|Reactome:R-DME-170660|Reactome:R-DME-170670|Reactome:R-DME-170968|Reactome:R-DME-171007|Reactome:R-DME-174084|Reactome:R-DME-174154|Reactome:R-DME-174178|Reactome:R-DME-174184|Reactome:R-DME-174411|Reactome:R-DME-176187|Reactome:R-DME-179812|Reactome:R-DME-180336|Reactome:R-DME-1810476|Reactome:R-DME-181429|Reactome:R-DME-181430|Reactome:R-DME-182971|Reactome:R-DME-1834941|Reactome:R-DME-186763|Reactome:R-DME-187577|Reactome:R-DME-189451|Reactome:R-DME-189483|Reactome:R-DME-190873|Reactome:R-DME-191273|Reactome:R-DME-193634|Reactome:R-DME-193648|Reactome:R-DME-195253|Reactome:R-DME-196025|Reactome:R-DME-1963640|Reactome:R-DME-196757|Reactome:R-DME-198203|Reactome:R-DME-199992|Reactome:R-DME-201722|Reactome:R-DME-202040|Reactome:R-DME-2022870|Reactome:R-DME-2022923|Reactome:R-DME-2022928|Reactome:R-DME-202424|Reactome:R-DME-2029482|Reactome:R-DME-203927|Reactome:R-DME-204005|Reactome:R-DME-2046105|Reactome:R-DME-2046106|Reactome:R-DME-209159|Reactome:R-DME-209190|Reactome:R-DME-209214|Reactome:R-DME-209338|Reactome:R-DME-209360|Reactome:R-DME-209406|Reactome:R-DME-209461|Reactome:R-DME-210500|Reactome:R-DME-212676|Reactome:R-DME-216119|Reactome:R-DME-216167|Reactome:R-DME-216217|Reactome:R-DME-2173791|Reactome:R-DME-2179392|Reactome:R-DME-2424491|Reactome:R-DME-2453902|Reactome:R-DME-2467813|Reactome:R-DME-2559586|Reactome:R-DME-264642|Reactome:R-DME-2871796|Reactome:R-DME-2871837|Reactome:R-DME-3108214|Reactome:R-DME-3134963|Reactome:R-DME-3214815|Reactome:R-DME-3214858|Reactome:R-DME-3247509|Reactome:R-DME-3371497|Reactome:R-DME-3371511|Reactome:R-DME-350368|Reactome:R-DME-350376|Reactome:R-DME-350407|Reactome:R-DME-350480|Reactome:R-DME-350562|Reactome:R-DME-354192|Reactome:R-DME-375165|Reactome:R-DME-380972|Reactome:R-DME-381042|Reactome:R-DME-381676|Reactome:R-DME-382556|Reactome:R-DME-389359|Reactome:R-DME-390247|Reactome:R-DME-392170|Reactome:R-DME-392451|Reactome:R-DME-392517|Reactome:R-DME-392851|Reactome:R-DME-3928662|Reactome:R-DME-3928663|Reactome:R-DME-3928664|Reactome:R-DME-3928665|Reactome:R-DME-399954|Reactome:R-DME-399997|Reactome:R-DME-400042|Reactome:R-DME-400206|Reactome:R-DME-4086398|Reactome:R-DME-4086400|Reactome:R-DME-416476|Reactome:R-DME-416482|Reactome:R-DME-416572|Reactome:R-DME-416993|Reactome:R-DME-418555|Reactome:R-DME-418592|Reactome:R-DME-418594|Reactome:R-DME-418885|Reactome:R-DME-422356|Reactome:R-DME-426486|Reactome:R-DME-427359|Reactome:R-DME-428930|Reactome:R-DME-429958|Reactome:R-DME-430039|Reactome:R-DME-432395|Reactome:R-DME-432524|Reactome:R-DME-432553|Reactome:R-DME-432626|Reactome:R-DME-432720|Reactome:R-DME-432722|Reactome:R-DME-434316|Reactome:R-DME-437239|Reactome:R-DME-438066|Reactome:R-DME-4420097|Reactome:R-DME-445144|Reactome:R-DME-445355|Reactome:R-DME-445989|Reactome:R-DME-450408|Reactome:R-DME-450728|Reactome:R-DME-451308|Reactome:R-DME-4608870|Reactome:R-DME-4641257|Reactome:R-DME-4641258|Reactome:R-DME-499943|Reactome:R-DME-5205685|Reactome:R-DME-5218920|Reactome:R-DME-5218921|Reactome:R-DME-525793|Reactome:R-DME-532668|Reactome:R-DME-5358346|Reactome:R-DME-5358493|Reactome:R-DME-5358565|Reactome:R-DME-538864|Reactome:R-DME-5389840|Reactome:R-DME-5419276|Reactome:R-DME-5578749|Reactome:R-DME-5578775|Reactome:R-DME-5607761|Reactome:R-DME-5607764|Reactome:R-DME-5610780|Reactome:R-DME-5610785|Reactome:R-DME-5620916|Reactome:R-DME-5621575|Reactome:R-DME-5625740|Reactome:R-DME-5625900|Reactome:R-DME-5627117|Reactome:R-DME-5627123|Reactome:R-DME-5628897|Reactome:R-DME-5632684|Reactome:R-DME-5651801|Reactome:R-DME-5654688|Reactome:R-DME-5654693|Reactome:R-DME-5654699|Reactome:R-DME-5654700|Reactome:R-DME-5654704|Reactome:R-DME-5654706|Reactome:R-DME-5654712|Reactome:R-DME-5654719|Reactome:R-DME-5655862|Reactome:R-DME-5656121|Reactome:R-DME-5656169|Reactome:R-DME-5658442|Reactome:R-DME-5663213|Reactome:R-DME-5663220|Reactome:R-DME-5666185|Reactome:R-DME-5673000|Reactome:R-DME-5673001|Reactome:R-DME-5674135|Reactome:R-DME-5675221|Reactome:R-DME-5676590|Reactome:R-DME-5685939|Reactome:R-DME-5687128|Reactome:R-DME-5689603|Reactome:R-DME-5689880|Reactome:R-DME-5689896|Reactome:R-DME-5693548|Reactome:R-DME-5693565|Reactome:R-DME-5693607|Reactome:R-DME-5693616|Reactome:R-DME-5696394|Reactome:R-DME-5696395|Reactome:R-DME-5696397|Reactome:R-DME-5696400|Reactome:R-DME-611105|Reactome:R-DME-674695|Reactome:R-DME-6781823|Reactome:R-DME-6782135|Reactome:R-DME-6782210|Reactome:R-DME-6785631|Reactome:R-DME-6791226|Reactome:R-DME-6794361|Reactome:R-DME-6796648|Reactome:R-DME-6798695|Reactome:R-DME-6799198|Reactome:R-DME-6804756|Reactome:R-DME-6804758|Reactome:R-DME-6807878|Reactome:R-DME-6811434|Reactome:R-DME-6811436|Reactome:R-DME-6811438|Reactome:R-DME-6811440|Reactome:R-DME-6814122|Reactome:R-DME-68616|Reactome:R-DME-68689|Reactome:R-DME-68867|Reactome:R-DME-68884|Reactome:R-DME-68949|Reactome:R-DME-68962|Reactome:R-DME-69017|Reactome:R-DME-69052|Reactome:R-DME-69091|Reactome:R-DME-69473|Reactome:R-DME-69601|Reactome:R-DME-72086|Reactome:R-DME-72163|Reactome:R-DME-72165|Reactome:R-DME-72187|Reactome:R-DME-72203|Reactome:R-DME-72649|Reactome:R-DME-72662|Reactome:R-DME-72695|Reactome:R-DME-72702|Reactome:R-DME-72731|Reactome:R-DME-73614|Reactome:R-DME-73772|Reactome:R-DME-73776|Reactome:R-DME-73779|Reactome:R-DME-73817|Reactome:R-DME-73856|Reactome:R-DME-75815|Reactome:R-DME-75953|Reactome:R-DME-75955|Reactome:R-DME-76042|Reactome:R-DME-77075|Reactome:R-DME-77387|Reactome:R-DME-77595|Reactome:R-DME-8849471|Reactome:R-DME-8849932|Reactome:R-DME-8854050|Reactome:R-DME-8854214|Reactome:R-DME-8856825|Reactome:R-DME-8856828|Reactome:R-DME-8873719|Reactome:R-DME-8876198|Reactome:R-DME-8876725|Reactome:R-DME-888590|Reactome:R-DME-8939236|Reactome:R-DME-8939243|Reactome:R-DME-8939902|Reactome:R-DME-8941858|Reactome:R-DME-8943724|Reactome:R-DME-8948751|Reactome:R-DME-8949613|Reactome:R-DME-8949664|Reactome:R-DME-8951664|Reactome:R-DME-8951936|Reactome:R-DME-8964616|Reactome:R-DME-8980692|Reactome:R-DME-9009391|Reactome:R-DME-9013026|Reactome:R-DME-9013148|Reactome:R-DME-9013149|Reactome:R-DME-9013404|Reactome:R-DME-9013405|Reactome:R-DME-9013406|Reactome:R-DME-9013407|Reactome:R-DME-9013408|Reactome:R-DME-9013409|Reactome:R-DME-9013418|Reactome:R-DME-9013419|Reactome:R-DME-9013420|Reactome:R-DME-9013422|Reactome:R-DME-9013423|Reactome:R-DME-9013424|Reactome:R-DME-9013425|Reactome:R-DME-9020702|Reactome:R-DME-9031628|Reactome:R-DME-9035034|Reactome:R-DME-917937|Reactome:R-DME-917977|Reactome:R-DME-933542|Reactome:R-DME-9603798|Reactome:R-DME-9607240|Reactome:R-DME-9615933|Reactome:R-DME-9627069|Reactome:R-DME-9629569|Reactome:R-DME-9634635|Reactome:R-DME-9639288|Reactome:R-DME-9646399|Reactome:R-DME-9648002|Reactome:R-DME-9668328|Reactome:R-DME-9674555|Reactome:R-DME-9707564|Reactome:R-DME-9748787|Reactome:R-DME-9753281|Reactome:R-DME-9755511|Reactome:R-DME-975956|Reactome:R-DME-975957|Reactome:R-DME-9762114|Reactome:R-DME-9764725|Reactome:R-DME-9793528|Reactome:R-DME-983168|Reactome:R-DME-983189|Reactome:R-DME-983231|Reactome:R-DME-9833482|Reactome:R-DME-983712|Reactome:R-DME-9837999|Reactome:R-DME-9840373|Reactome:R-DME-9856530|Reactome:R-DME-9860927|Reactome:R-DME-9907900|Reactome:R-DME-9913635|Reactome:R-DME-9932298|Reactome:R-DME-9933937|Reactome:R-DME-9933939|Reactome:R-DME-9933946|Reactome:R-DME-9933947|Reactome:R-DME-9934037|Reactome:R-DRE-110320|Reactome:R-DRE-111458|Reactome:R-DRE-111459|Reactome:R-DRE-114608|Reactome:R-DRE-1169092|Reactome:R-DRE-1169408|Reactome:R-DRE-1250347|Reactome:R-DRE-1369007|Reactome:R-DRE-1369062|Reactome:R-DRE-1433557|Reactome:R-DRE-156584|Reactome:R-DRE-156827|Reactome:R-DRE-156902|Reactome:R-DRE-169911|Reactome:R-DRE-179812|Reactome:R-DRE-1799339|Reactome:R-DRE-180336|Reactome:R-DRE-186763|Reactome:R-DRE-193634|Reactome:R-DRE-1963640|Reactome:R-DRE-196783|Reactome:R-DRE-198203|Reactome:R-DRE-201722|Reactome:R-DRE-2022854|Reactome:R-DRE-2022928|Reactome:R-DRE-209563|Reactome:R-DRE-210993|Reactome:R-DRE-2173791|Reactome:R-DRE-2179392|Reactome:R-DRE-354192|Reactome:R-DRE-3769402|Reactome:R-DRE-382556|Reactome:R-DRE-392451|Reactome:R-DRE-392517|Reactome:R-DRE-3928662|Reactome:R-DRE-3928663|Reactome:R-DRE-400206|Reactome:R-DRE-4086400|Reactome:R-DRE-416482|Reactome:R-DRE-416550|Reactome:R-DRE-416572|Reactome:R-DRE-438066|Reactome:R-DRE-4420097|Reactome:R-DRE-499943|Reactome:R-DRE-532668|Reactome:R-DRE-5358346|Reactome:R-DRE-5358493|Reactome:R-DRE-5389840|Reactome:R-DRE-5419276|Reactome:R-DRE-5624138|Reactome:R-DRE-5625740|Reactome:R-DRE-5627083|Reactome:R-DRE-5627117|Reactome:R-DRE-5632684|Reactome:R-DRE-5654688|Reactome:R-DRE-5654693|Reactome:R-DRE-5654699|Reactome:R-DRE-5654700|Reactome:R-DRE-5654704|Reactome:R-DRE-5654706|Reactome:R-DRE-5654712|Reactome:R-DRE-5663220|Reactome:R-DRE-5666185|Reactome:R-DRE-5673001|Reactome:R-DRE-5675221|Reactome:R-DRE-5689880|Reactome:R-DRE-5689896|Reactome:R-DRE-5696395|Reactome:R-DRE-5696400|Reactome:R-DRE-6781823|Reactome:R-DRE-6782135|Reactome:R-DRE-6796648|Reactome:R-DRE-6798695|Reactome:R-DRE-72086|Reactome:R-DRE-72163|Reactome:R-DRE-72695|Reactome:R-DRE-72702|Reactome:R-DRE-72731|Reactome:R-DRE-73614|Reactome:R-DRE-73817|Reactome:R-DRE-75153|Reactome:R-DRE-77075|Reactome:R-DRE-844456|Reactome:R-DRE-8849471|Reactome:R-DRE-8849932|Reactome:R-DRE-8851805|Reactome:R-DRE-8854214|Reactome:R-DRE-8873719|Reactome:R-DRE-8876725|Reactome:R-DRE-8951664|Reactome:R-DRE-8980692|Reactome:R-DRE-9013404|Reactome:R-DRE-9013406|Reactome:R-DRE-9013408|Reactome:R-DRE-9013419|Reactome:R-DRE-9013424|Reactome:R-DRE-9013425|Reactome:R-DRE-9603798|Reactome:R-DRE-9615933|Reactome:R-DRE-9627069|Reactome:R-DRE-9646399|Reactome:R-DRE-9648002|Reactome:R-DRE-9668328|Reactome:R-DRE-9707564|Reactome:R-DRE-9753281|Reactome:R-DRE-9755511|Reactome:R-DRE-975956|Reactome:R-DRE-975957|Reactome:R-DRE-983168|Reactome:R-DRE-983189|Reactome:R-DRE-9840373|Reactome:R-GGA-110312|Reactome:R-GGA-110314|Reactome:R-GGA-110320|Reactome:R-GGA-114604|Reactome:R-GGA-114608|Reactome:R-GGA-1169092|Reactome:R-GGA-1169408|Reactome:R-GGA-1250347|Reactome:R-GGA-141444|Reactome:R-GGA-1433557|Reactome:R-GGA-156584|Reactome:R-GGA-159236|Reactome:R-GGA-162658|Reactome:R-GGA-1655829|Reactome:R-GGA-1660499|Reactome:R-GGA-170670|Reactome:R-GGA-171007|Reactome:R-GGA-174411|Reactome:R-GGA-176187|Reactome:R-GGA-179812|Reactome:R-GGA-180336|Reactome:R-GGA-182971|Reactome:R-GGA-186763|Reactome:R-GGA-1963640|Reactome:R-GGA-2022928|Reactome:R-GGA-2029482|Reactome:R-GGA-210993|Reactome:R-GGA-217106|Reactome:R-GGA-2179392|Reactome:R-GGA-2424491|Reactome:R-GGA-2467813|Reactome:R-GGA-2500257|Reactome:R-GGA-2565942|Reactome:R-GGA-265976|Reactome:R-GGA-2871796|Reactome:R-GGA-3371497|Reactome:R-GGA-3371511|Reactome:R-GGA-351433|Reactome:R-GGA-351451|Reactome:R-GGA-351465|Reactome:R-GGA-352875|Reactome:R-GGA-352882|Reactome:R-GGA-353303|Reactome:R-GGA-354192|Reactome:R-GGA-354194|Reactome:R-GGA-372708|Reactome:R-GGA-375165|Reactome:R-GGA-389359|Reactome:R-GGA-392170|Reactome:R-GGA-392517|Reactome:R-GGA-3928662|Reactome:R-GGA-416482|Reactome:R-GGA-416572|Reactome:R-GGA-418594|Reactome:R-GGA-421203|Reactome:R-GGA-429947|Reactome:R-GGA-430039|Reactome:R-GGA-432040|Reactome:R-GGA-432722|Reactome:R-GGA-4420097|Reactome:R-GGA-499943|Reactome:R-GGA-5218921|Reactome:R-GGA-525793|Reactome:R-GGA-5578749|Reactome:R-GGA-5620912|Reactome:R-GGA-5620916|Reactome:R-GGA-5621575|Reactome:R-GGA-5625740|Reactome:R-GGA-5625970|Reactome:R-GGA-5626467|Reactome:R-GGA-5627117|Reactome:R-GGA-5627123|Reactome:R-GGA-5654688|Reactome:R-GGA-5654693|Reactome:R-GGA-5654699|Reactome:R-GGA-5654700|Reactome:R-GGA-5654704|Reactome:R-GGA-5654706|Reactome:R-GGA-5654712|Reactome:R-GGA-5654719|Reactome:R-GGA-5655862|Reactome:R-GGA-5656121|Reactome:R-GGA-5656169|Reactome:R-GGA-5658442|Reactome:R-GGA-5663213|Reactome:R-GGA-5663220|Reactome:R-GGA-5673000|Reactome:R-GGA-5673001|Reactome:R-GGA-5674135|Reactome:R-GGA-5675221|Reactome:R-GGA-5685938|Reactome:R-GGA-5685942|Reactome:R-GGA-5687128|Reactome:R-GGA-5693568|Reactome:R-GGA-5693579|Reactome:R-GGA-5693607|Reactome:R-GGA-5693616|Reactome:R-GGA-5696397|Reactome:R-GGA-5696400|Reactome:R-GGA-606279|Reactome:R-GGA-6782135|Reactome:R-GGA-6782210|Reactome:R-GGA-6798695|Reactome:R-GGA-6807878|Reactome:R-GGA-6811434|Reactome:R-GGA-6811436|Reactome:R-GGA-6811438|Reactome:R-GGA-6811440|Reactome:R-GGA-68689|Reactome:R-GGA-68949|Reactome:R-GGA-68962|Reactome:R-GGA-69091|Reactome:R-GGA-72163|Reactome:R-GGA-72165|Reactome:R-GGA-72187|Reactome:R-GGA-73614|Reactome:R-GGA-73856|Reactome:R-GGA-77595|Reactome:R-GGA-8849471|Reactome:R-GGA-8851805|Reactome:R-GGA-8854214|Reactome:R-GGA-8856828|Reactome:R-GGA-8875555|Reactome:R-GGA-8875656|Reactome:R-GGA-8876198|Reactome:R-GGA-8876725|Reactome:R-GGA-8964616|Reactome:R-GGA-9009391|Reactome:R-GGA-9013106|Reactome:R-GGA-9013148|Reactome:R-GGA-9013149|Reactome:R-GGA-9013404|Reactome:R-GGA-9013406|Reactome:R-GGA-9013408|Reactome:R-GGA-9013420|Reactome:R-GGA-9013423|Reactome:R-GGA-9013424|Reactome:R-GGA-912446|Reactome:R-GGA-9607240|Reactome:R-GGA-9615933|Reactome:R-GGA-9634635|Reactome:R-GGA-9646399|Reactome:R-GGA-9648002|Reactome:R-GGA-9648025|Reactome:R-GGA-9668328|Reactome:R-GGA-975957|Reactome:R-GGA-983189|Reactome:R-GGA-983231|Reactome:R-HSA-110312|Reactome:R-HSA-110314|Reactome:R-HSA-110320|Reactome:R-HSA-111457|Reactome:R-HSA-111458|Reactome:R-HSA-111459|Reactome:R-HSA-111463|Reactome:R-HSA-111464|Reactome:R-HSA-111469|Reactome:R-HSA-112043|Reactome:R-HSA-112126|Reactome:R-HSA-112308|Reactome:R-HSA-112382|Reactome:R-HSA-112412|Reactome:R-HSA-113418|Reactome:R-HSA-113507|Reactome:R-HSA-114604|Reactome:R-HSA-114608|Reactome:R-HSA-1169091|Reactome:R-HSA-1169092|Reactome:R-HSA-1169408|Reactome:R-HSA-1221632|Reactome:R-HSA-1222387|Reactome:R-HSA-1222449|Reactome:R-HSA-1222538|Reactome:R-HSA-1222556|Reactome:R-HSA-1234176|Reactome:R-HSA-1236382|Reactome:R-HSA-1236394|Reactome:R-HSA-1236974|Reactome:R-HSA-1236978|Reactome:R-HSA-1250196|Reactome:R-HSA-1250347|Reactome:R-HSA-1257604|Reactome:R-HSA-1266695|Reactome:R-HSA-1268020|Reactome:R-HSA-1296025|Reactome:R-HSA-1362277|Reactome:R-HSA-1368108|Reactome:R-HSA-1369007|Reactome:R-HSA-1369062|Reactome:R-HSA-141444|Reactome:R-HSA-1433557|Reactome:R-HSA-1445148|Reactome:R-HSA-156584|Reactome:R-HSA-156827|Reactome:R-HSA-156842|Reactome:R-HSA-156902|Reactome:R-HSA-159236|Reactome:R-HSA-159418|Reactome:R-HSA-1606341|Reactome:R-HSA-162588|Reactome:R-HSA-162658|Reactome:R-HSA-163210|Reactome:R-HSA-1632852|Reactome:R-HSA-163358|Reactome:R-HSA-163359|Reactome:R-HSA-163767|Reactome:R-HSA-163841|Reactome:R-HSA-164378|Reactome:R-HSA-164944|Reactome:R-HSA-165054|Reactome:R-HSA-165159|Reactome:R-HSA-1655829|Reactome:R-HSA-166016|Reactome:R-HSA-1660499|Reactome:R-HSA-1660514|Reactome:R-HSA-1660661|Reactome:R-HSA-166208|Reactome:R-HSA-167044|Reactome:R-HSA-167152|Reactome:R-HSA-167158|Reactome:R-HSA-167160|Reactome:R-HSA-167161|Reactome:R-HSA-167162|Reactome:R-HSA-167172|Reactome:R-HSA-167200|Reactome:R-HSA-167246|Reactome:R-HSA-167590|Reactome:R-HSA-168333|Reactome:R-HSA-168638|Reactome:R-HSA-168928|Reactome:R-HSA-169911|Reactome:R-HSA-170660|Reactome:R-HSA-170670|Reactome:R-HSA-170968|Reactome:R-HSA-170984|Reactome:R-HSA-171007|Reactome:R-HSA-171319|Reactome:R-HSA-174084|Reactome:R-HSA-174113|Reactome:R-HSA-174154|Reactome:R-HSA-174178|Reactome:R-HSA-174184|Reactome:R-HSA-174362|Reactome:R-HSA-174411|Reactome:R-HSA-174414|Reactome:R-HSA-174437|Reactome:R-HSA-176187|Reactome:R-HSA-176974|Reactome:R-HSA-177504|Reactome:R-HSA-179812|Reactome:R-HSA-1799339|Reactome:R-HSA-180336|Reactome:R-HSA-180534|Reactome:R-HSA-180585|Reactome:R-HSA-180746|Reactome:R-HSA-1810476|Reactome:R-HSA-181429|Reactome:R-HSA-181430|Reactome:R-HSA-182971|Reactome:R-HSA-1834941|Reactome:R-HSA-1839117|Reactome:R-HSA-186763|Reactome:R-HSA-187577|Reactome:R-HSA-187706|Reactome:R-HSA-189451|Reactome:R-HSA-189483|Reactome:R-HSA-190873|Reactome:R-HSA-1912408|Reactome:R-HSA-1912420|Reactome:R-HSA-191273|Reactome:R-HSA-191650|Reactome:R-HSA-191859|Reactome:R-HSA-193368|Reactome:R-HSA-193634|Reactome:R-HSA-193648|Reactome:R-HSA-195253|Reactome:R-HSA-196025|Reactome:R-HSA-1963640|Reactome:R-HSA-196757|Reactome:R-HSA-196783|Reactome:R-HSA-196807|Reactome:R-HSA-198203|Reactome:R-HSA-1989781|Reactome:R-HSA-199992|Reactome:R-HSA-201722|Reactome:R-HSA-202040|Reactome:R-HSA-2022854|Reactome:R-HSA-2022870|Reactome:R-HSA-2022923|Reactome:R-HSA-2022928|Reactome:R-HSA-202424|Reactome:R-HSA-2028269|Reactome:R-HSA-2029482|Reactome:R-HSA-203641|Reactome:R-HSA-203927|Reactome:R-HSA-204005|Reactome:R-HSA-2046105|Reactome:R-HSA-2046106|Reactome:R-HSA-209563|Reactome:R-HSA-210500|Reactome:R-HSA-210993|Reactome:R-HSA-211733|Reactome:R-HSA-212676|Reactome:R-HSA-2132295|Reactome:R-HSA-2142691|Reactome:R-HSA-2142845|Reactome:R-HSA-2151201|Reactome:R-HSA-2161517|Reactome:R-HSA-2173791|Reactome:R-HSA-2179392|Reactome:R-HSA-2219530|Reactome:R-HSA-2299718|Reactome:R-HSA-2408550|Reactome:R-HSA-2408557|Reactome:R-HSA-2424491|Reactome:R-HSA-2426168|Reactome:R-HSA-2428933|Reactome:R-HSA-2453902|Reactome:R-HSA-2467813|Reactome:R-HSA-2468052|Reactome:R-HSA-2470946|Reactome:R-HSA-2485179|Reactome:R-HSA-2500257|Reactome:R-HSA-2514853|Reactome:R-HSA-2514859|Reactome:R-HSA-2559580|Reactome:R-HSA-2559584|Reactome:R-HSA-2559585|Reactome:R-HSA-2559586|Reactome:R-HSA-2564830|Reactome:R-HSA-2565942|Reactome:R-HSA-264642|Reactome:R-HSA-264876|Reactome:R-HSA-2871796|Reactome:R-HSA-2871837|Reactome:R-HSA-3000170|Reactome:R-HSA-3108214|Reactome:R-HSA-3134963|Reactome:R-HSA-3134975|Reactome:R-HSA-3214815|Reactome:R-HSA-3214847|Reactome:R-HSA-3214858|Reactome:R-HSA-3247509|Reactome:R-HSA-3270619|Reactome:R-HSA-3359475|Reactome:R-HSA-3359478|Reactome:R-HSA-3371497|Reactome:R-HSA-3371511|Reactome:R-HSA-349425|Reactome:R-HSA-350562|Reactome:R-HSA-351906|Reactome:R-HSA-354192|Reactome:R-HSA-354194|Reactome:R-HSA-3560796|Reactome:R-HSA-3595172|Reactome:R-HSA-3656225|Reactome:R-HSA-372708|Reactome:R-HSA-373752|Reactome:R-HSA-373753|Reactome:R-HSA-375165|Reactome:R-HSA-3769402|Reactome:R-HSA-380259|Reactome:R-HSA-380270|Reactome:R-HSA-380284|Reactome:R-HSA-380320|Reactome:R-HSA-380972|Reactome:R-HSA-381038|Reactome:R-HSA-381042|Reactome:R-HSA-381340|Reactome:R-HSA-381676|Reactome:R-HSA-381753|Reactome:R-HSA-381771|Reactome:R-HSA-382556|Reactome:R-HSA-389359|Reactome:R-HSA-3899300|Reactome:R-HSA-389977|Reactome:R-HSA-390247|Reactome:R-HSA-390471|Reactome:R-HSA-390522|Reactome:R-HSA-392170|Reactome:R-HSA-392451|Reactome:R-HSA-392517|Reactome:R-HSA-392851|Reactome:R-HSA-3928662|Reactome:R-HSA-3928663|Reactome:R-HSA-3928664|Reactome:R-HSA-3928665|Reactome:R-HSA-399719|Reactome:R-HSA-399954|Reactome:R-HSA-399955|Reactome:R-HSA-399997|Reactome:R-HSA-400042|Reactome:R-HSA-400206|Reactome:R-HSA-4086398|Reactome:R-HSA-4086400|Reactome:R-HSA-416476|Reactome:R-HSA-416482|Reactome:R-HSA-416550|Reactome:R-HSA-416572|Reactome:R-HSA-416993|Reactome:R-HSA-418555|Reactome:R-HSA-418592|Reactome:R-HSA-418594|Reactome:R-HSA-418597|Reactome:R-HSA-418885|Reactome:R-HSA-418889|Reactome:R-HSA-419037|Reactome:R-HSA-420029|Reactome:R-HSA-420092|Reactome:R-HSA-422356|Reactome:R-HSA-426486|Reactome:R-HSA-427389|Reactome:R-HSA-427413|Reactome:R-HSA-428540|Reactome:R-HSA-428543|Reactome:R-HSA-428930|Reactome:R-HSA-429947|Reactome:R-HSA-429958|Reactome:R-HSA-430039|Reactome:R-HSA-432040|Reactome:R-HSA-432720|Reactome:R-HSA-432722|Reactome:R-HSA-434316|Reactome:R-HSA-437239|Reactome:R-HSA-438066|Reactome:R-HSA-4420097|Reactome:R-HSA-442982|Reactome:R-HSA-445144|Reactome:R-HSA-445355|Reactome:R-HSA-445989|Reactome:R-HSA-447038|Reactome:R-HSA-450302|Reactome:R-HSA-450321|Reactome:R-HSA-450408|Reactome:R-HSA-451308|Reactome:R-HSA-4551638|Reactome:R-HSA-456926|Reactome:R-HSA-4608870|Reactome:R-HSA-4641257|Reactome:R-HSA-4641258|Reactome:R-HSA-499943|Reactome:R-HSA-5205685|Reactome:R-HSA-5218920|Reactome:R-HSA-5218921|Reactome:R-HSA-5250924|Reactome:R-HSA-525793|Reactome:R-HSA-532668|Reactome:R-HSA-5336415|Reactome:R-HSA-5358346|Reactome:R-HSA-5358493|Reactome:R-HSA-5358565|Reactome:R-HSA-5358606|Reactome:R-HSA-5362768|Reactome:R-HSA-5368286|Reactome:R-HSA-5389840|Reactome:R-HSA-5419276|Reactome:R-HSA-5576892|Reactome:R-HSA-5576893|Reactome:R-HSA-5578749|Reactome:R-HSA-5578775|Reactome:R-HSA-5601884|Reactome:R-HSA-5607761|Reactome:R-HSA-5607764|Reactome:R-HSA-5610780|Reactome:R-HSA-5610783|Reactome:R-HSA-5610785|Reactome:R-HSA-5610787|Reactome:R-HSA-5620912|Reactome:R-HSA-5620916|Reactome:R-HSA-5620922|Reactome:R-HSA-5620924|Reactome:R-HSA-5621480|Reactome:R-HSA-5621575|Reactome:R-HSA-5624138|Reactome:R-HSA-5624958|Reactome:R-HSA-5625740|Reactome:R-HSA-5625900|Reactome:R-HSA-5625970|Reactome:R-HSA-5626467|Reactome:R-HSA-5627083|Reactome:R-HSA-5627117|Reactome:R-HSA-5627123|Reactome:R-HSA-5628897|Reactome:R-HSA-5632684|Reactome:R-HSA-5632927|Reactome:R-HSA-5632928|Reactome:R-HSA-5632968|Reactome:R-HSA-5635838|Reactome:R-HSA-5637810|Reactome:R-HSA-5649702|Reactome:R-HSA-5651801|Reactome:R-HSA-5654688|Reactome:R-HSA-5654693|Reactome:R-HSA-5654699|Reactome:R-HSA-5654700|Reactome:R-HSA-5654704|Reactome:R-HSA-5654706|Reactome:R-HSA-5654712|Reactome:R-HSA-5654719|Reactome:R-HSA-5655253|Reactome:R-HSA-5655291|Reactome:R-HSA-5655302|Reactome:R-HSA-5655332|Reactome:R-HSA-5655862|Reactome:R-HSA-5656121|Reactome:R-HSA-5656169|Reactome:R-HSA-5658442|Reactome:R-HSA-5663213|Reactome:R-HSA-5663220|Reactome:R-HSA-5666185|Reactome:R-HSA-5668541|Reactome:R-HSA-5668599|Reactome:R-HSA-5673000|Reactome:R-HSA-5673001|Reactome:R-HSA-5674135|Reactome:R-HSA-5675221|Reactome:R-HSA-5676590|Reactome:R-HSA-5678420|Reactome:R-HSA-5678520|Reactome:R-HSA-5678771|Reactome:R-HSA-5678895|Reactome:R-HSA-5679001|Reactome:R-HSA-5679090|Reactome:R-HSA-5679096|Reactome:R-HSA-5682113|Reactome:R-HSA-5682294|Reactome:R-HSA-5682910|Reactome:R-HSA-5683177|Reactome:R-HSA-5683329|Reactome:R-HSA-5683371|Reactome:R-HSA-5683678|Reactome:R-HSA-5683826|Reactome:R-HSA-5684045|Reactome:R-HSA-5685938|Reactome:R-HSA-5685939|Reactome:R-HSA-5685942|Reactome:R-HSA-5687128|Reactome:R-HSA-5688399|Reactome:R-HSA-5689603|Reactome:R-HSA-5689877|Reactome:R-HSA-5689880|Reactome:R-HSA-5689896|Reactome:R-HSA-5689901|Reactome:R-HSA-5690338|Reactome:R-HSA-5693548|Reactome:R-HSA-5693554|Reactome:R-HSA-5693565|Reactome:R-HSA-5693568|Reactome:R-HSA-5693571|Reactome:R-HSA-5693579|Reactome:R-HSA-5693607|Reactome:R-HSA-5693616|Reactome:R-HSA-5694530|Reactome:R-HSA-5696394|Reactome:R-HSA-5696395|Reactome:R-HSA-5696397|Reactome:R-HSA-5696400|Reactome:R-HSA-606279|Reactome:R-HSA-611105|Reactome:R-HSA-674695|Reactome:R-HSA-6781823|Reactome:R-HSA-6781827|Reactome:R-HSA-6782135|Reactome:R-HSA-6782210|Reactome:R-HSA-6782315|Reactome:R-HSA-6783310|Reactome:R-HSA-6784531|Reactome:R-HSA-6785631|Reactome:R-HSA-6785807|Reactome:R-HSA-6787450|Reactome:R-HSA-6790901|Reactome:R-HSA-6791226|Reactome:R-HSA-6794361|Reactome:R-HSA-6796648|Reactome:R-HSA-6798695|Reactome:R-HSA-6799198|Reactome:R-HSA-6802946|Reactome:R-HSA-6802948|Reactome:R-HSA-6802952|Reactome:R-HSA-6802953|Reactome:R-HSA-6802955|Reactome:R-HSA-6803207|Reactome:R-HSA-6804756|Reactome:R-HSA-6804758|Reactome:R-HSA-6807878|Reactome:R-HSA-6811434|Reactome:R-HSA-6811436|Reactome:R-HSA-6811438|Reactome:R-HSA-6811440|Reactome:R-HSA-6811558|Reactome:R-HSA-6814122|Reactome:R-HSA-68616|Reactome:R-HSA-68689|Reactome:R-HSA-68867|Reactome:R-HSA-68877|Reactome:R-HSA-68884|Reactome:R-HSA-68949|Reactome:R-HSA-68962|Reactome:R-HSA-69017|Reactome:R-HSA-69052|Reactome:R-HSA-69091|Reactome:R-HSA-69166|Reactome:R-HSA-69205|Reactome:R-HSA-69473|Reactome:R-HSA-69481|Reactome:R-HSA-69601|Reactome:R-HSA-71032|Reactome:R-HSA-72086|Reactome:R-HSA-72163|Reactome:R-HSA-72165|Reactome:R-HSA-72187|Reactome:R-HSA-72203|Reactome:R-HSA-72649|Reactome:R-HSA-72662|Reactome:R-HSA-72695|Reactome:R-HSA-72702|Reactome:R-HSA-72706|Reactome:R-HSA-72731|Reactome:R-HSA-72764|Reactome:R-HSA-73614|Reactome:R-HSA-73762|Reactome:R-HSA-73772|Reactome:R-HSA-73776|Reactome:R-HSA-73779|Reactome:R-HSA-73817|Reactome:R-HSA-73856|Reactome:R-HSA-73863|Reactome:R-HSA-74217|Reactome:R-HSA-74751|Reactome:R-HSA-75153|Reactome:R-HSA-75815|Reactome:R-HSA-75953|Reactome:R-HSA-75955|Reactome:R-HSA-76042|Reactome:R-HSA-77075|Reactome:R-HSA-77387|Reactome:R-HSA-77595|Reactome:R-HSA-83936|Reactome:R-HSA-844455|Reactome:R-HSA-844456|Reactome:R-HSA-844623|Reactome:R-HSA-877300|Reactome:R-HSA-8849471|Reactome:R-HSA-8849932|Reactome:R-HSA-8851805|Reactome:R-HSA-8852276|Reactome:R-HSA-8853884|Reactome:R-HSA-8854050|Reactome:R-HSA-8854214|Reactome:R-HSA-8854518|Reactome:R-HSA-8856825|Reactome:R-HSA-8856828|Reactome:R-HSA-8857538|Reactome:R-HSA-8866654|Reactome:R-HSA-8866910|Reactome:R-HSA-8873719|Reactome:R-HSA-8875555|Reactome:R-HSA-8875656|Reactome:R-HSA-8876198|Reactome:R-HSA-8876725|Reactome:R-HSA-888590|Reactome:R-HSA-8934593|Reactome:R-HSA-8935964|Reactome:R-HSA-8936459|Reactome:R-HSA-8939236|Reactome:R-HSA-8939243|Reactome:R-HSA-8939902|Reactome:R-HSA-8941858|Reactome:R-HSA-8943723|Reactome:R-HSA-8943724|Reactome:R-HSA-8948700|Reactome:R-HSA-8948751|Reactome:R-HSA-8949613|Reactome:R-HSA-8949664|Reactome:R-HSA-8950505|Reactome:R-HSA-8951664|Reactome:R-HSA-8951936|Reactome:R-HSA-8953750|Reactome:R-HSA-8963888|Reactome:R-HSA-8963896|Reactome:R-HSA-8964058|Reactome:R-HSA-8964616|Reactome:R-HSA-8980692|Reactome:R-HSA-8983711|Reactome:R-HSA-8985586|Reactome:R-HSA-8986944|Reactome:R-HSA-9009391|Reactome:R-HSA-9010553|Reactome:R-HSA-9013026|Reactome:R-HSA-9013106|Reactome:R-HSA-9013148|Reactome:R-HSA-9013149|Reactome:R-HSA-9013404|Reactome:R-HSA-9013405|Reactome:R-HSA-9013406|Reactome:R-HSA-9013407|Reactome:R-HSA-9013408|Reactome:R-HSA-9013409|Reactome:R-HSA-9013418|Reactome:R-HSA-9013419|Reactome:R-HSA-9013420|Reactome:R-HSA-9013422|Reactome:R-HSA-9013423|Reactome:R-HSA-9013424|Reactome:R-HSA-9013425|Reactome:R-HSA-9018519|Reactome:R-HSA-9020702|Reactome:R-HSA-9022692|Reactome:R-HSA-9026519|Reactome:R-HSA-9027284|Reactome:R-HSA-9028731|Reactome:R-HSA-9029569|Reactome:R-HSA-9031628|Reactome:R-HSA-9032759|Reactome:R-HSA-9032845|Reactome:R-HSA-9033241|Reactome:R-HSA-9034864|Reactome:R-HSA-9035034|Reactome:R-HSA-909733|Reactome:R-HSA-912446|Reactome:R-HSA-913709|Reactome:R-HSA-917729|Reactome:R-HSA-917937|Reactome:R-HSA-917977|Reactome:R-HSA-918233|Reactome:R-HSA-933541|Reactome:R-HSA-933542|Reactome:R-HSA-933543|Reactome:R-HSA-936440|Reactome:R-HSA-9603798|Reactome:R-HSA-9604323|Reactome:R-HSA-9607240|Reactome:R-HSA-9609523|Reactome:R-HSA-9609690|Reactome:R-HSA-9609736|Reactome:R-HSA-9610379|Reactome:R-HSA-9613829|Reactome:R-HSA-9615017|Reactome:R-HSA-9615710|Reactome:R-HSA-9615933|Reactome:R-HSA-9617324|Reactome:R-HSA-9619229|Reactome:R-HSA-9619665|Reactome:R-HSA-9620244|Reactome:R-HSA-9627069|Reactome:R-HSA-9629569|Reactome:R-HSA-9633012|Reactome:R-HSA-9634285|Reactome:R-HSA-9634597|Reactome:R-HSA-9634600|Reactome:R-HSA-9634635|Reactome:R-HSA-9635465|Reactome:R-HSA-9636383|Reactome:R-HSA-9636569|Reactome:R-HSA-9638334|Reactome:R-HSA-9638482|Reactome:R-HSA-9639288|Reactome:R-HSA-9646399|Reactome:R-HSA-9648002|Reactome:R-HSA-9648025|Reactome:R-HSA-9648895|Reactome:R-HSA-9649948|Reactome:R-HSA-9656223|Reactome:R-HSA-9660821|Reactome:R-HSA-9660826|Reactome:R-HSA-9662360|Reactome:R-HSA-9662361|Reactome:R-HSA-9662834|Reactome:R-HSA-9664422|Reactome:R-HSA-9664565|Reactome:R-HSA-9665348|Reactome:R-HSA-9665686|Reactome:R-HSA-9668328|Reactome:R-HSA-9670095|Reactome:R-HSA-9670439|Reactome:R-HSA-9670613|Reactome:R-HSA-9670615|Reactome:R-HSA-9673324|Reactome:R-HSA-9673767|Reactome:R-HSA-9673770|Reactome:R-HSA-9674519|Reactome:R-HSA-9674555|Reactome:R-HSA-9678110|Reactome:R-HSA-9679191|Reactome:R-HSA-9679504|Reactome:R-HSA-9680350|Reactome:R-HSA-9682706|Reactome:R-HSA-9682708|Reactome:R-HSA-9683439|Reactome:R-HSA-9684325|Reactome:R-HSA-9692912|Reactome:R-HSA-9692916|Reactome:R-HSA-9694271|Reactome:R-HSA-9694301|Reactome:R-HSA-9694614|Reactome:R-HSA-9694676|Reactome:R-HSA-9694686|Reactome:R-HSA-9694786|Reactome:R-HSA-9696264|Reactome:R-HSA-9696270|Reactome:R-HSA-9696273|Reactome:R-HSA-9701192|Reactome:R-HSA-9703465|Reactome:R-HSA-9703648|Reactome:R-HSA-9704331|Reactome:R-HSA-9704646|Reactome:R-HSA-9705671|Reactome:R-HSA-9705677|Reactome:R-HSA-9706019|Reactome:R-HSA-9707564|Reactome:R-HSA-9707616|Reactome:R-HSA-9708296|Reactome:R-HSA-9709570|Reactome:R-HSA-9709603|Reactome:R-HSA-9717207|Reactome:R-HSA-9725370|Reactome:R-HSA-9725371|Reactome:R-HSA-9725554|Reactome:R-HSA-9726840|Reactome:R-HSA-9726842|Reactome:R-HSA-9735869|Reactome:R-HSA-9735871|Reactome:R-HSA-9748787|Reactome:R-HSA-9749641|Reactome:R-HSA-9753281|Reactome:R-HSA-9753510|Reactome:R-HSA-9753512|Reactome:R-HSA-9754560|Reactome:R-HSA-9754678|Reactome:R-HSA-9754706|Reactome:R-HSA-9755511|Reactome:R-HSA-9757110|Reactome:R-HSA-9758274|Reactome:R-HSA-9758881|Reactome:R-HSA-9758890|Reactome:R-HSA-9759218|Reactome:R-HSA-975956|Reactome:R-HSA-975957|Reactome:R-HSA-9759811|Reactome:R-HSA-9760173|Reactome:R-HSA-9762114|Reactome:R-HSA-9764562|Reactome:R-HSA-9764725|Reactome:R-HSA-9766229|Reactome:R-HSA-9768778|Reactome:R-HSA-9768919|Reactome:R-HSA-9793528|Reactome:R-HSA-9818027|Reactome:R-HSA-9818032|Reactome:R-HSA-9820841|Reactome:R-HSA-9820865|Reactome:R-HSA-9820960|Reactome:R-HSA-9824272|Reactome:R-HSA-9824585|Reactome:R-HSA-9824594|Reactome:R-HSA-9825895|Reactome:R-HSA-983168|Reactome:R-HSA-983170|Reactome:R-HSA-983189|Reactome:R-HSA-983231|Reactome:R-HSA-9833109|Reactome:R-HSA-9833110|Reactome:R-HSA-9833482|Reactome:R-HSA-9836573|Reactome:R-HSA-983712|Reactome:R-HSA-9837999|Reactome:R-HSA-9839394|Reactome:R-HSA-9840309|Reactome:R-HSA-9840373|Reactome:R-HSA-9841251|Reactome:R-HSA-9843940|Reactome:R-HSA-9843970|Reactome:R-HSA-9844594|Reactome:R-HSA-9845323|Reactome:R-HSA-9845576|Reactome:R-HSA-9856530|Reactome:R-HSA-9856532|Reactome:R-HSA-9857377|Reactome:R-HSA-9860927|Reactome:R-HSA-9865881|Reactome:R-HSA-9907900|Reactome:R-HSA-9909505|Reactome:R-HSA-9913143|Reactome:R-HSA-9913635|Reactome:R-HSA-9918454|Reactome:R-HSA-9925563|Reactome:R-HSA-9927020|Reactome:R-HSA-9927432|Reactome:R-HSA-9930044|Reactome:R-HSA-9931509|Reactome:R-HSA-9931953|Reactome:R-HSA-9932298|Reactome:R-HSA-9933387|Reactome:R-HSA-9933937|Reactome:R-HSA-9933939|Reactome:R-HSA-9933946|Reactome:R-HSA-9933947|Reactome:R-HSA-9934037|Reactome:R-HSA-9937383|Reactome:R-MMU-110312|Reactome:R-MMU-110314|Reactome:R-MMU-110320|Reactome:R-MMU-111457|Reactome:R-MMU-111458|Reactome:R-MMU-111459|Reactome:R-MMU-111469|Reactome:R-MMU-112043|Reactome:R-MMU-112308|Reactome:R-MMU-112382|Reactome:R-MMU-113418|Reactome:R-MMU-114604|Reactome:R-MMU-114608|Reactome:R-MMU-1169091|Reactome:R-MMU-1169092|Reactome:R-MMU-1169408|Reactome:R-MMU-1222556|Reactome:R-MMU-1234176|Reactome:R-MMU-1236974|Reactome:R-MMU-1236978|Reactome:R-MMU-1250347|Reactome:R-MMU-1257604|Reactome:R-MMU-1266695|Reactome:R-MMU-1268020|Reactome:R-MMU-1296025|Reactome:R-MMU-1369007|Reactome:R-MMU-1369062|Reactome:R-MMU-141444|Reactome:R-MMU-1433557|Reactome:R-MMU-156584|Reactome:R-MMU-156827|Reactome:R-MMU-156842|Reactome:R-MMU-156902|Reactome:R-MMU-159236|Reactome:R-MMU-159418|Reactome:R-MMU-162658|Reactome:R-MMU-163210|Reactome:R-MMU-1632852|Reactome:R-MMU-163841|Reactome:R-MMU-165159|Reactome:R-MMU-1655829|Reactome:R-MMU-166016|Reactome:R-MMU-1660499|Reactome:R-MMU-1660514|Reactome:R-MMU-1660661|Reactome:R-MMU-166208|Reactome:R-MMU-168638|Reactome:R-MMU-169911|Reactome:R-MMU-170660|Reactome:R-MMU-170670|Reactome:R-MMU-170968|Reactome:R-MMU-170984|Reactome:R-MMU-171007|Reactome:R-MMU-171319|Reactome:R-MMU-174084|Reactome:R-MMU-174154|Reactome:R-MMU-174178|Reactome:R-MMU-174184|Reactome:R-MMU-174362|Reactome:R-MMU-174411|Reactome:R-MMU-174414|Reactome:R-MMU-174437|Reactome:R-MMU-176187|Reactome:R-MMU-179812|Reactome:R-MMU-1799339|Reactome:R-MMU-180336|Reactome:R-MMU-1810476|Reactome:R-MMU-181429|Reactome:R-MMU-181430|Reactome:R-MMU-182971|Reactome:R-MMU-1834941|Reactome:R-MMU-186763|Reactome:R-MMU-187577|Reactome:R-MMU-189451|Reactome:R-MMU-189483|Reactome:R-MMU-190873|Reactome:R-MMU-191273|Reactome:R-MMU-191650|Reactome:R-MMU-191859|Reactome:R-MMU-193368|Reactome:R-MMU-193634|Reactome:R-MMU-193648|Reactome:R-MMU-195253|Reactome:R-MMU-196025|Reactome:R-MMU-1963640|Reactome:R-MMU-196757|Reactome:R-MMU-196783|Reactome:R-MMU-196807|Reactome:R-MMU-198203|Reactome:R-MMU-199992|Reactome:R-MMU-201722|Reactome:R-MMU-202040|Reactome:R-MMU-2022854|Reactome:R-MMU-2022870|Reactome:R-MMU-2022923|Reactome:R-MMU-2022928|Reactome:R-MMU-202424|Reactome:R-MMU-2028269|Reactome:R-MMU-2029482|Reactome:R-MMU-203641|Reactome:R-MMU-203927|Reactome:R-MMU-204005|Reactome:R-MMU-2046105|Reactome:R-MMU-2046106|Reactome:R-MMU-209563|Reactome:R-MMU-210500|Reactome:R-MMU-210993|Reactome:R-MMU-212676|Reactome:R-MMU-2132295|Reactome:R-MMU-2142691|Reactome:R-MMU-2142845|Reactome:R-MMU-2173791|Reactome:R-MMU-2179392|Reactome:R-MMU-2299718|Reactome:R-MMU-2424491|Reactome:R-MMU-2453902|Reactome:R-MMU-2467813|Reactome:R-MMU-2468052|Reactome:R-MMU-2470946|Reactome:R-MMU-2485179|Reactome:R-MMU-2500257|Reactome:R-MMU-2514853|Reactome:R-MMU-2514859|Reactome:R-MMU-2559584|Reactome:R-MMU-2559586|Reactome:R-MMU-2565942|Reactome:R-MMU-264642|Reactome:R-MMU-2871796|Reactome:R-MMU-2871837|Reactome:R-MMU-3108214|Reactome:R-MMU-3134963|Reactome:R-MMU-3134975|Reactome:R-MMU-3214815|Reactome:R-MMU-3214858|Reactome:R-MMU-3247509|Reactome:R-MMU-3270619|Reactome:R-MMU-3371497|Reactome:R-MMU-3371511|Reactome:R-MMU-349425|Reactome:R-MMU-350562|Reactome:R-MMU-351906|Reactome:R-MMU-354192|Reactome:R-MMU-354194|Reactome:R-MMU-372708|Reactome:R-MMU-373753|Reactome:R-MMU-375165|Reactome:R-MMU-3769402|Reactome:R-MMU-380259|Reactome:R-MMU-380270|Reactome:R-MMU-380284|Reactome:R-MMU-380320|Reactome:R-MMU-380972|Reactome:R-MMU-381042|Reactome:R-MMU-381676|Reactome:R-MMU-381753|Reactome:R-MMU-381771|Reactome:R-MMU-382556|Reactome:R-MMU-389359|Reactome:R-MMU-3899300|Reactome:R-MMU-390247|Reactome:R-MMU-390522|Reactome:R-MMU-392170|Reactome:R-MMU-392451|Reactome:R-MMU-392517|Reactome:R-MMU-392851|Reactome:R-MMU-3928662|Reactome:R-MMU-3928663|Reactome:R-MMU-3928664|Reactome:R-MMU-3928665|Reactome:R-MMU-399719|Reactome:R-MMU-399954|Reactome:R-MMU-399997|Reactome:R-MMU-400042|Reactome:R-MMU-400206|Reactome:R-MMU-4086398|Reactome:R-MMU-4086400|Reactome:R-MMU-416476|Reactome:R-MMU-416482|Reactome:R-MMU-416550|Reactome:R-MMU-416572|Reactome:R-MMU-416993|Reactome:R-MMU-418555|Reactome:R-MMU-418592|Reactome:R-MMU-418594|Reactome:R-MMU-418597|Reactome:R-MMU-418885|Reactome:R-MMU-420092|Reactome:R-MMU-422356|Reactome:R-MMU-426486|Reactome:R-MMU-428930|Reactome:R-MMU-429947|Reactome:R-MMU-429958|Reactome:R-MMU-430039|Reactome:R-MMU-432040|Reactome:R-MMU-432720|Reactome:R-MMU-432722|Reactome:R-MMU-434316|Reactome:R-MMU-437239|Reactome:R-MMU-438066|Reactome:R-MMU-4420097|Reactome:R-MMU-445144|Reactome:R-MMU-445355|Reactome:R-MMU-445989|Reactome:R-MMU-450302|Reactome:R-MMU-450321|Reactome:R-MMU-450408|Reactome:R-MMU-451308|Reactome:R-MMU-456926|Reactome:R-MMU-4608870|Reactome:R-MMU-4641257|Reactome:R-MMU-4641258|Reactome:R-MMU-499943|Reactome:R-MMU-5205685|Reactome:R-MMU-5218920|Reactome:R-MMU-5218921|Reactome:R-MMU-5250924|Reactome:R-MMU-525793|Reactome:R-MMU-532668|Reactome:R-MMU-5358346|Reactome:R-MMU-5358493|Reactome:R-MMU-5358565|Reactome:R-MMU-5358606|Reactome:R-MMU-5389840|Reactome:R-MMU-5419276|Reactome:R-MMU-5576892|Reactome:R-MMU-5576893|Reactome:R-MMU-5578749|Reactome:R-MMU-5578775|Reactome:R-MMU-5607761|Reactome:R-MMU-5607764|Reactome:R-MMU-5610780|Reactome:R-MMU-5610785|Reactome:R-MMU-5610787|Reactome:R-MMU-5620912|Reactome:R-MMU-5620916|Reactome:R-MMU-5620922|Reactome:R-MMU-5620924|Reactome:R-MMU-5621575|Reactome:R-MMU-5624138|Reactome:R-MMU-5624958|Reactome:R-MMU-5625740|Reactome:R-MMU-5625900|Reactome:R-MMU-5625970|Reactome:R-MMU-5626467|Reactome:R-MMU-5627083|Reactome:R-MMU-5627117|Reactome:R-MMU-5627123|Reactome:R-MMU-5628897|Reactome:R-MMU-5632684|Reactome:R-MMU-5635838|Reactome:R-MMU-5649702|Reactome:R-MMU-5651801|Reactome:R-MMU-5654688|Reactome:R-MMU-5654693|Reactome:R-MMU-5654699|Reactome:R-MMU-5654700|Reactome:R-MMU-5654704|Reactome:R-MMU-5654706|Reactome:R-MMU-5654712|Reactome:R-MMU-5654719|Reactome:R-MMU-5655862|Reactome:R-MMU-5656121|Reactome:R-MMU-5656169|Reactome:R-MMU-5658442|Reactome:R-MMU-5663213|Reactome:R-MMU-5663220|Reactome:R-MMU-5666185|Reactome:R-MMU-5668541|Reactome:R-MMU-5668599|Reactome:R-MMU-5673000|Reactome:R-MMU-5673001|Reactome:R-MMU-5674135|Reactome:R-MMU-5675221|Reactome:R-MMU-5676590|Reactome:R-MMU-5682910|Reactome:R-MMU-5683826|Reactome:R-MMU-5685938|Reactome:R-MMU-5685939|Reactome:R-MMU-5685942|Reactome:R-MMU-5687128|Reactome:R-MMU-5689603|Reactome:R-MMU-5689877|Reactome:R-MMU-5689880|Reactome:R-MMU-5689896|Reactome:R-MMU-5689901|Reactome:R-MMU-5693548|Reactome:R-MMU-5693565|Reactome:R-MMU-5693568|Reactome:R-MMU-5693571|Reactome:R-MMU-5693579|Reactome:R-MMU-5693607|Reactome:R-MMU-5693616|Reactome:R-MMU-5694530|Reactome:R-MMU-5696394|Reactome:R-MMU-5696395|Reactome:R-MMU-5696397|Reactome:R-MMU-5696400|Reactome:R-MMU-606279|Reactome:R-MMU-611105|Reactome:R-MMU-674695|Reactome:R-MMU-6781823|Reactome:R-MMU-6782135|Reactome:R-MMU-6782210|Reactome:R-MMU-6783310|Reactome:R-MMU-6785631|Reactome:R-MMU-6791226|Reactome:R-MMU-6794361|Reactome:R-MMU-6796648|Reactome:R-MMU-6798695|Reactome:R-MMU-6799198|Reactome:R-MMU-6804756|Reactome:R-MMU-6804758|Reactome:R-MMU-6807878|Reactome:R-MMU-6811434|Reactome:R-MMU-6811436|Reactome:R-MMU-6811438|Reactome:R-MMU-6811440|Reactome:R-MMU-6811558|Reactome:R-MMU-6814122|Reactome:R-MMU-68616|Reactome:R-MMU-68689|Reactome:R-MMU-68867|Reactome:R-MMU-68877|Reactome:R-MMU-68884|Reactome:R-MMU-68949|Reactome:R-MMU-68962|Reactome:R-MMU-69017|Reactome:R-MMU-69052|Reactome:R-MMU-69091|Reactome:R-MMU-69166|Reactome:R-MMU-69473|Reactome:R-MMU-69481|Reactome:R-MMU-69601|Reactome:R-MMU-71032|Reactome:R-MMU-72086|Reactome:R-MMU-72163|Reactome:R-MMU-72165|Reactome:R-MMU-72187|Reactome:R-MMU-72203|Reactome:R-MMU-72649|Reactome:R-MMU-72662|Reactome:R-MMU-72695|Reactome:R-MMU-72702|Reactome:R-MMU-72706|Reactome:R-MMU-72731|Reactome:R-MMU-72764|Reactome:R-MMU-73614|Reactome:R-MMU-73762|Reactome:R-MMU-73772|Reactome:R-MMU-73776|Reactome:R-MMU-73779|Reactome:R-MMU-73817|Reactome:R-MMU-73856|Reactome:R-MMU-73863|Reactome:R-MMU-74217|Reactome:R-MMU-75153|Reactome:R-MMU-75815|Reactome:R-MMU-75953|Reactome:R-MMU-75955|Reactome:R-MMU-76042|Reactome:R-MMU-77075|Reactome:R-MMU-77387|Reactome:R-MMU-77595|Reactome:R-MMU-83936|Reactome:R-MMU-844455|Reactome:R-MMU-844456|Reactome:R-MMU-8849471|Reactome:R-MMU-8849932|Reactome:R-MMU-8851805|Reactome:R-MMU-8852276|Reactome:R-MMU-8854050|Reactome:R-MMU-8854214|Reactome:R-MMU-8854518|Reactome:R-MMU-8856825|Reactome:R-MMU-8856828|Reactome:R-MMU-8857538|Reactome:R-MMU-8866654|Reactome:R-MMU-8866910|Reactome:R-MMU-8873719|Reactome:R-MMU-8875555|Reactome:R-MMU-8875656|Reactome:R-MMU-8876198|Reactome:R-MMU-8876725|Reactome:R-MMU-888590|Reactome:R-MMU-8939236|Reactome:R-MMU-8939243|Reactome:R-MMU-8939902|Reactome:R-MMU-8941858|Reactome:R-MMU-8943724|Reactome:R-MMU-8948751|Reactome:R-MMU-8949613|Reactome:R-MMU-8949664|Reactome:R-MMU-8951664|Reactome:R-MMU-8963888|Reactome:R-MMU-8963896|Reactome:R-MMU-8964058|Reactome:R-MMU-8964616|Reactome:R-MMU-8980692|Reactome:R-MMU-8983711|Reactome:R-MMU-8985586|Reactome:R-MMU-9009391|Reactome:R-MMU-9013026|Reactome:R-MMU-9013106|Reactome:R-MMU-9013148|Reactome:R-MMU-9013149|Reactome:R-MMU-9013404|Reactome:R-MMU-9013405|Reactome:R-MMU-9013406|Reactome:R-MMU-9013407|Reactome:R-MMU-9013408|Reactome:R-MMU-9013409|Reactome:R-MMU-9013418|Reactome:R-MMU-9013419|Reactome:R-MMU-9013420|Reactome:R-MMU-9013422|Reactome:R-MMU-9013423|Reactome:R-MMU-9013424|Reactome:R-MMU-9013425|Reactome:R-MMU-9018519|Reactome:R-MMU-9020702|Reactome:R-MMU-9029569|Reactome:R-MMU-9031628|Reactome:R-MMU-9032759|Reactome:R-MMU-9033241|Reactome:R-MMU-9035034|Reactome:R-MMU-909733|Reactome:R-MMU-912446|Reactome:R-MMU-913709|Reactome:R-MMU-917729|Reactome:R-MMU-917937|Reactome:R-MMU-917977|Reactome:R-MMU-933542|Reactome:R-MMU-936440|Reactome:R-MMU-9603798|Reactome:R-MMU-9607240|Reactome:R-MMU-9615933|Reactome:R-MMU-9627069|Reactome:R-MMU-9629569|Reactome:R-MMU-9634597|Reactome:R-MMU-9634600|Reactome:R-MMU-9634635|Reactome:R-MMU-9639288|Reactome:R-MMU-9646399|Reactome:R-MMU-9648002|Reactome:R-MMU-9648025|Reactome:R-MMU-9668328|Reactome:R-MMU-9670095|Reactome:R-MMU-9674555|Reactome:R-MMU-9696264|Reactome:R-MMU-9696270|Reactome:R-MMU-9696273|Reactome:R-MMU-9706019|Reactome:R-MMU-9707564|Reactome:R-MMU-9717207|Reactome:R-MMU-9748787|Reactome:R-MMU-9749641|Reactome:R-MMU-9753281|Reactome:R-MMU-9754706|Reactome:R-MMU-9755511|Reactome:R-MMU-9757110|Reactome:R-MMU-9758274|Reactome:R-MMU-9758881|Reactome:R-MMU-9758890|Reactome:R-MMU-9759218|Reactome:R-MMU-975956|Reactome:R-MMU-975957|Reactome:R-MMU-9762114|Reactome:R-MMU-9764725|Reactome:R-MMU-9766229|Reactome:R-MMU-9793528|Reactome:R-MMU-9824585|Reactome:R-MMU-983168|Reactome:R-MMU-983170|Reactome:R-MMU-983189|Reactome:R-MMU-983231|Reactome:R-MMU-9833482|Reactome:R-MMU-983712|Reactome:R-MMU-9837999|Reactome:R-MMU-9840309|Reactome:R-MMU-9840373|Reactome:R-MMU-9845576|Reactome:R-MMU-9856530|Reactome:R-MMU-9860927|Reactome:R-MMU-9907900|Reactome:R-MMU-9909505|Reactome:R-MMU-9913635|Reactome:R-MMU-9930044|Reactome:R-MMU-9932298|Reactome:R-MMU-9933937|Reactome:R-MMU-9933939|Reactome:R-MMU-9933946|Reactome:R-MMU-9933947|Reactome:R-MMU-9934037|Reactome:R-MMU-9937383|Reactome:R-MTU-936635|Reactome:R-MTU-964903|Reactome:R-PFA-1222556|Reactome:R-PFA-159418|Reactome:R-PFA-1660499|Reactome:R-PFA-1660514|Reactome:R-PFA-193368|Reactome:R-PFA-199992|Reactome:R-PFA-2299718|Reactome:R-PFA-2514853|Reactome:R-PFA-3371497|Reactome:R-PFA-382556|Reactome:R-PFA-499943|Reactome:R-PFA-5620916|Reactome:R-PFA-5693548|Reactome:R-PFA-5693565|Reactome:R-PFA-6798695|Reactome:R-PFA-6807878|Reactome:R-PFA-6811434|Reactome:R-PFA-68616|Reactome:R-PFA-68949|Reactome:R-PFA-73817|Reactome:R-PFA-75153|Reactome:R-PFA-77387|Reactome:R-PFA-917977|Reactome:R-PFA-9646399|Reactome:R-PFA-9754706|Reactome:R-PFA-9757110|Reactome:R-PFA-983231|Reactome:R-PFA-9845576|Reactome:R-RNO-110312|Reactome:R-RNO-110314|Reactome:R-RNO-110320|Reactome:R-RNO-111457|Reactome:R-RNO-111458|Reactome:R-RNO-111459|Reactome:R-RNO-111469|Reactome:R-RNO-112043|Reactome:R-RNO-112308|Reactome:R-RNO-112382|Reactome:R-RNO-113418|Reactome:R-RNO-114604|Reactome:R-RNO-114608|Reactome:R-RNO-1169091|Reactome:R-RNO-1169092|Reactome:R-RNO-1169408|Reactome:R-RNO-1222556|Reactome:R-RNO-1234176|Reactome:R-RNO-1236974|Reactome:R-RNO-1236978|Reactome:R-RNO-1250347|Reactome:R-RNO-1257604|Reactome:R-RNO-1266695|Reactome:R-RNO-1268020|Reactome:R-RNO-1296025|Reactome:R-RNO-1369007|Reactome:R-RNO-1369062|Reactome:R-RNO-141444|Reactome:R-RNO-1433557|Reactome:R-RNO-156584|Reactome:R-RNO-156827|Reactome:R-RNO-156842|Reactome:R-RNO-156902|Reactome:R-RNO-159236|Reactome:R-RNO-159418|Reactome:R-RNO-162658|Reactome:R-RNO-163210|Reactome:R-RNO-1632852|Reactome:R-RNO-163841|Reactome:R-RNO-165159|Reactome:R-RNO-1655829|Reactome:R-RNO-166016|Reactome:R-RNO-1660499|Reactome:R-RNO-1660514|Reactome:R-RNO-1660661|Reactome:R-RNO-166208|Reactome:R-RNO-169911|Reactome:R-RNO-170660|Reactome:R-RNO-170670|Reactome:R-RNO-170968|Reactome:R-RNO-170984|Reactome:R-RNO-171007|Reactome:R-RNO-171319|Reactome:R-RNO-174084|Reactome:R-RNO-174113|Reactome:R-RNO-174154|Reactome:R-RNO-174178|Reactome:R-RNO-174184|Reactome:R-RNO-174411|Reactome:R-RNO-174437|Reactome:R-RNO-176187|Reactome:R-RNO-179812|Reactome:R-RNO-1799339|Reactome:R-RNO-180336|Reactome:R-RNO-181429|Reactome:R-RNO-181430|Reactome:R-RNO-182971|Reactome:R-RNO-186763|Reactome:R-RNO-187577|Reactome:R-RNO-189451|Reactome:R-RNO-189483|Reactome:R-RNO-190873|Reactome:R-RNO-191650|Reactome:R-RNO-193368|Reactome:R-RNO-193634|Reactome:R-RNO-193648|Reactome:R-RNO-195253|Reactome:R-RNO-196025|Reactome:R-RNO-1963640|Reactome:R-RNO-196757|Reactome:R-RNO-196783|Reactome:R-RNO-196807|Reactome:R-RNO-198203|Reactome:R-RNO-199992|Reactome:R-RNO-201722|Reactome:R-RNO-202040|Reactome:R-RNO-2022854|Reactome:R-RNO-2022870|Reactome:R-RNO-2022923|Reactome:R-RNO-2022928|Reactome:R-RNO-2028269|Reactome:R-RNO-2029482|Reactome:R-RNO-203641|Reactome:R-RNO-204005|Reactome:R-RNO-2046105|Reactome:R-RNO-2046106|Reactome:R-RNO-209563|Reactome:R-RNO-210500|Reactome:R-RNO-210993|Reactome:R-RNO-212676|Reactome:R-RNO-2132295|Reactome:R-RNO-2142691|Reactome:R-RNO-2142845|Reactome:R-RNO-2173791|Reactome:R-RNO-2179392|Reactome:R-RNO-2424491|Reactome:R-RNO-2467813|Reactome:R-RNO-2468052|Reactome:R-RNO-2470946|Reactome:R-RNO-2500257|Reactome:R-RNO-2559586|Reactome:R-RNO-2565942|Reactome:R-RNO-264642|Reactome:R-RNO-2871796|Reactome:R-RNO-3108214|Reactome:R-RNO-3134963|Reactome:R-RNO-3214858|Reactome:R-RNO-3247509|Reactome:R-RNO-3371497|Reactome:R-RNO-3371511|Reactome:R-RNO-349425|Reactome:R-RNO-350562|Reactome:R-RNO-351906|Reactome:R-RNO-354192|Reactome:R-RNO-354194|Reactome:R-RNO-372708|Reactome:R-RNO-375165|Reactome:R-RNO-3769402|Reactome:R-RNO-380259|Reactome:R-RNO-380270|Reactome:R-RNO-380284|Reactome:R-RNO-380320|Reactome:R-RNO-380972|Reactome:R-RNO-381042|Reactome:R-RNO-381676|Reactome:R-RNO-382556|Reactome:R-RNO-389359|Reactome:R-RNO-390247|Reactome:R-RNO-390522|Reactome:R-RNO-392170|Reactome:R-RNO-392451|Reactome:R-RNO-392517|Reactome:R-RNO-3928662|Reactome:R-RNO-3928663|Reactome:R-RNO-3928664|Reactome:R-RNO-3928665|Reactome:R-RNO-399719|Reactome:R-RNO-399954|Reactome:R-RNO-399997|Reactome:R-RNO-400042|Reactome:R-RNO-4086398|Reactome:R-RNO-4086400|Reactome:R-RNO-416476|Reactome:R-RNO-416482|Reactome:R-RNO-416550|Reactome:R-RNO-416572|Reactome:R-RNO-416993|Reactome:R-RNO-418592|Reactome:R-RNO-418594|Reactome:R-RNO-418597|Reactome:R-RNO-418885|Reactome:R-RNO-420092|Reactome:R-RNO-422356|Reactome:R-RNO-428930|Reactome:R-RNO-429947|Reactome:R-RNO-429958|Reactome:R-RNO-432040|Reactome:R-RNO-432720|Reactome:R-RNO-432722|Reactome:R-RNO-434316|Reactome:R-RNO-437239|Reactome:R-RNO-438066|Reactome:R-RNO-4420097|Reactome:R-RNO-445144|Reactome:R-RNO-450408|Reactome:R-RNO-451308|Reactome:R-RNO-456926|Reactome:R-RNO-4608870|Reactome:R-RNO-4641257|Reactome:R-RNO-4641258|Reactome:R-RNO-499943|Reactome:R-RNO-5205685|Reactome:R-RNO-5218920|Reactome:R-RNO-5218921|Reactome:R-RNO-5250924|Reactome:R-RNO-525793|Reactome:R-RNO-532668|Reactome:R-RNO-5358346|Reactome:R-RNO-5358493|Reactome:R-RNO-5358565|Reactome:R-RNO-5389840|Reactome:R-RNO-5419276|Reactome:R-RNO-5576892|Reactome:R-RNO-5576893|Reactome:R-RNO-5578749|Reactome:R-RNO-5578775|Reactome:R-RNO-5607761|Reactome:R-RNO-5610780|Reactome:R-RNO-5610785|Reactome:R-RNO-5610787|Reactome:R-RNO-5620912|Reactome:R-RNO-5620916|Reactome:R-RNO-5620924|Reactome:R-RNO-5621575|Reactome:R-RNO-5624138|Reactome:R-RNO-5625740|Reactome:R-RNO-5625900|Reactome:R-RNO-5625970|Reactome:R-RNO-5626467|Reactome:R-RNO-5627083|Reactome:R-RNO-5627117|Reactome:R-RNO-5627123|Reactome:R-RNO-5628897|Reactome:R-RNO-5632684|Reactome:R-RNO-5651801|Reactome:R-RNO-5654688|Reactome:R-RNO-5654693|Reactome:R-RNO-5654699|Reactome:R-RNO-5654700|Reactome:R-RNO-5654704|Reactome:R-RNO-5654706|Reactome:R-RNO-5654712|Reactome:R-RNO-5654719|Reactome:R-RNO-5655862|Reactome:R-RNO-5656121|Reactome:R-RNO-5656169|Reactome:R-RNO-5658442|Reactome:R-RNO-5663213|Reactome:R-RNO-5663220|Reactome:R-RNO-5666185|Reactome:R-RNO-5668541|Reactome:R-RNO-5668599|Reactome:R-RNO-5673000|Reactome:R-RNO-5673001|Reactome:R-RNO-5674135|Reactome:R-RNO-5675221|Reactome:R-RNO-5676590|Reactome:R-RNO-5682910|Reactome:R-RNO-5683826|Reactome:R-RNO-5685938|Reactome:R-RNO-5685939|Reactome:R-RNO-5685942|Reactome:R-RNO-5687128|Reactome:R-RNO-5689603|Reactome:R-RNO-5689877|Reactome:R-RNO-5689880|Reactome:R-RNO-5689896|Reactome:R-RNO-5689901|Reactome:R-RNO-5693548|Reactome:R-RNO-5693565|Reactome:R-RNO-5693568|Reactome:R-RNO-5693571|Reactome:R-RNO-5693579|Reactome:R-RNO-5693607|Reactome:R-RNO-5693616|Reactome:R-RNO-5694530|Reactome:R-RNO-5696394|Reactome:R-RNO-5696395|Reactome:R-RNO-5696397|Reactome:R-RNO-5696400|Reactome:R-RNO-606279|Reactome:R-RNO-611105|Reactome:R-RNO-674695|Reactome:R-RNO-6781823|Reactome:R-RNO-6782135|Reactome:R-RNO-6782210|Reactome:R-RNO-6785631|Reactome:R-RNO-6791226|Reactome:R-RNO-6794361|Reactome:R-RNO-6796648|Reactome:R-RNO-6798695|Reactome:R-RNO-6799198|Reactome:R-RNO-6804756|Reactome:R-RNO-6807878|Reactome:R-RNO-6811434|Reactome:R-RNO-6811436|Reactome:R-RNO-6811438|Reactome:R-RNO-6811440|Reactome:R-RNO-6811558|Reactome:R-RNO-68616|Reactome:R-RNO-68689|Reactome:R-RNO-68867|Reactome:R-RNO-68877|Reactome:R-RNO-68949|Reactome:R-RNO-68962|Reactome:R-RNO-69017|Reactome:R-RNO-69091|Reactome:R-RNO-69166|Reactome:R-RNO-69473|Reactome:R-RNO-69481|Reactome:R-RNO-69601|Reactome:R-RNO-72086|Reactome:R-RNO-72163|Reactome:R-RNO-72165|Reactome:R-RNO-72187|Reactome:R-RNO-72203|Reactome:R-RNO-72649|Reactome:R-RNO-72662|Reactome:R-RNO-72695|Reactome:R-RNO-72702|Reactome:R-RNO-72706|Reactome:R-RNO-72731|Reactome:R-RNO-73614|Reactome:R-RNO-73762|Reactome:R-RNO-73772|Reactome:R-RNO-73776|Reactome:R-RNO-73779|Reactome:R-RNO-73856|Reactome:R-RNO-73863|Reactome:R-RNO-74217|Reactome:R-RNO-75153|Reactome:R-RNO-75815|Reactome:R-RNO-75953|Reactome:R-RNO-75955|Reactome:R-RNO-76042|Reactome:R-RNO-77075|Reactome:R-RNO-77387|Reactome:R-RNO-77595|Reactome:R-RNO-83936|Reactome:R-RNO-844455|Reactome:R-RNO-844456|Reactome:R-RNO-8849471|Reactome:R-RNO-8849932|Reactome:R-RNO-8851805|Reactome:R-RNO-8852276|Reactome:R-RNO-8854050|Reactome:R-RNO-8854214|Reactome:R-RNO-8854518|Reactome:R-RNO-8856825|Reactome:R-RNO-8856828|Reactome:R-RNO-8873719|Reactome:R-RNO-8875555|Reactome:R-RNO-8875656|Reactome:R-RNO-8876198|Reactome:R-RNO-8876725|Reactome:R-RNO-888590|Reactome:R-RNO-8939236|Reactome:R-RNO-8939243|Reactome:R-RNO-8941858|Reactome:R-RNO-8943724|Reactome:R-RNO-8948751|Reactome:R-RNO-8949613|Reactome:R-RNO-8949664|Reactome:R-RNO-8951664|Reactome:R-RNO-8963888|Reactome:R-RNO-8964616|Reactome:R-RNO-8980692|Reactome:R-RNO-8985586|Reactome:R-RNO-9009391|Reactome:R-RNO-9013026|Reactome:R-RNO-9013148|Reactome:R-RNO-9013149|Reactome:R-RNO-9013404|Reactome:R-RNO-9013405|Reactome:R-RNO-9013406|Reactome:R-RNO-9013407|Reactome:R-RNO-9013408|Reactome:R-RNO-9013409|Reactome:R-RNO-9013418|Reactome:R-RNO-9013419|Reactome:R-RNO-9013420|Reactome:R-RNO-9013424|Reactome:R-RNO-9032759|Reactome:R-RNO-9033241|Reactome:R-RNO-9035034|Reactome:R-RNO-912446|Reactome:R-RNO-917729|Reactome:R-RNO-917937|Reactome:R-RNO-917977|Reactome:R-RNO-936440|Reactome:R-RNO-9603798|Reactome:R-RNO-9607240|Reactome:R-RNO-9615933|Reactome:R-RNO-9627069|Reactome:R-RNO-9634600|Reactome:R-RNO-9634635|Reactome:R-RNO-9639288|Reactome:R-RNO-9646399|Reactome:R-RNO-9648002|Reactome:R-RNO-9648025|Reactome:R-RNO-9668328|Reactome:R-RNO-9674555|Reactome:R-RNO-9696264|Reactome:R-RNO-9696270|Reactome:R-RNO-9696273|Reactome:R-RNO-9706019|Reactome:R-RNO-9707564|Reactome:R-RNO-9717207|Reactome:R-RNO-9748787|Reactome:R-RNO-9749641|Reactome:R-RNO-9753281|Reactome:R-RNO-9754706|Reactome:R-RNO-9755511|Reactome:R-RNO-9757110|Reactome:R-RNO-9758274|Reactome:R-RNO-9758890|Reactome:R-RNO-975957|Reactome:R-RNO-9762114|Reactome:R-RNO-9764725|Reactome:R-RNO-9766229|Reactome:R-RNO-9793528|Reactome:R-RNO-9824585|Reactome:R-RNO-983168|Reactome:R-RNO-983170|Reactome:R-RNO-983189|Reactome:R-RNO-983231|Reactome:R-RNO-983712|Reactome:R-RNO-9837999|Reactome:R-RNO-9840373|Reactome:R-RNO-9845576|Reactome:R-RNO-9856530|Reactome:R-RNO-9907900|Reactome:R-RNO-9932298|Reactome:R-RNO-9933937|Reactome:R-RNO-9933939|Reactome:R-RNO-9933946|Reactome:R-RNO-9933947|Reactome:R-RNO-9934037|Reactome:R-RNO-9937383|Reactome:R-SCE-110312|Reactome:R-SCE-110320|Reactome:R-SCE-111457|Reactome:R-SCE-112043|Reactome:R-SCE-113418|Reactome:R-SCE-114608|Reactome:R-SCE-1222556|Reactome:R-SCE-1236978|Reactome:R-SCE-1369007|Reactome:R-SCE-1369062|Reactome:R-SCE-156827|Reactome:R-SCE-156842|Reactome:R-SCE-156902|Reactome:R-SCE-159236|Reactome:R-SCE-159418|Reactome:R-SCE-162658|Reactome:R-SCE-165159|Reactome:R-SCE-1660499|Reactome:R-SCE-1660514|Reactome:R-SCE-1660661|Reactome:R-SCE-169911|Reactome:R-SCE-174362|Reactome:R-SCE-176187|Reactome:R-SCE-1799339|Reactome:R-SCE-189451|Reactome:R-SCE-189483|Reactome:R-SCE-196757|Reactome:R-SCE-196783|Reactome:R-SCE-198203|Reactome:R-SCE-199992|Reactome:R-SCE-202040|Reactome:R-SCE-2029482|Reactome:R-SCE-204005|Reactome:R-SCE-2046105|Reactome:R-SCE-2046106|Reactome:R-SCE-2142691|Reactome:R-SCE-2468052|Reactome:R-SCE-2500257|Reactome:R-SCE-2514853|Reactome:R-SCE-2514859|Reactome:R-SCE-2559586|Reactome:R-SCE-3108214|Reactome:R-SCE-3371511|Reactome:R-SCE-354192|Reactome:R-SCE-381676|Reactome:R-SCE-382556|Reactome:R-SCE-389359|Reactome:R-SCE-3899300|Reactome:R-SCE-390247|Reactome:R-SCE-392451|Reactome:R-SCE-392517|Reactome:R-SCE-399997|Reactome:R-SCE-416476|Reactome:R-SCE-416482|Reactome:R-SCE-418592|Reactome:R-SCE-418594|Reactome:R-SCE-418597|Reactome:R-SCE-429947|Reactome:R-SCE-429958|Reactome:R-SCE-430039|Reactome:R-SCE-434316|Reactome:R-SCE-499943|Reactome:R-SCE-5205685|Reactome:R-SCE-5358493|Reactome:R-SCE-5358565|Reactome:R-SCE-5358606|Reactome:R-SCE-5620912|Reactome:R-SCE-5620916|Reactome:R-SCE-5625740|Reactome:R-SCE-5626467|Reactome:R-SCE-5627123|Reactome:R-SCE-5655862|Reactome:R-SCE-5656121|Reactome:R-SCE-5656169|Reactome:R-SCE-5668541|Reactome:R-SCE-5687128|Reactome:R-SCE-5689880|Reactome:R-SCE-5689896|Reactome:R-SCE-5693548|Reactome:R-SCE-5693565|Reactome:R-SCE-5693616|Reactome:R-SCE-5694530|Reactome:R-SCE-5696397|Reactome:R-SCE-674695|Reactome:R-SCE-6781823|Reactome:R-SCE-6782135|Reactome:R-SCE-6782210|Reactome:R-SCE-6791226|Reactome:R-SCE-6796648|Reactome:R-SCE-6798695|Reactome:R-SCE-6807878|Reactome:R-SCE-6811434|Reactome:R-SCE-6811438|Reactome:R-SCE-6811440|Reactome:R-SCE-68616|Reactome:R-SCE-68689|Reactome:R-SCE-68867|Reactome:R-SCE-68949|Reactome:R-SCE-68962|Reactome:R-SCE-69017|Reactome:R-SCE-69052|Reactome:R-SCE-69091|Reactome:R-SCE-69166|Reactome:R-SCE-69601|Reactome:R-SCE-72086|Reactome:R-SCE-72649|Reactome:R-SCE-72662|Reactome:R-SCE-72695|Reactome:R-SCE-72702|Reactome:R-SCE-72706|Reactome:R-SCE-72731|Reactome:R-SCE-72764|Reactome:R-SCE-73614|Reactome:R-SCE-73772|Reactome:R-SCE-73776|Reactome:R-SCE-73779|Reactome:R-SCE-73817|Reactome:R-SCE-75153|Reactome:R-SCE-75953|Reactome:R-SCE-76042|Reactome:R-SCE-77075|Reactome:R-SCE-77387|Reactome:R-SCE-8854050|Reactome:R-SCE-8854214|Reactome:R-SCE-8866654|Reactome:R-SCE-8873719|Reactome:R-SCE-8876198|Reactome:R-SCE-8876725|Reactome:R-SCE-8948751|Reactome:R-SCE-8951664|Reactome:R-SCE-8964058|Reactome:R-SCE-8980692|Reactome:R-SCE-9013026|Reactome:R-SCE-9013106|Reactome:R-SCE-9013148|Reactome:R-SCE-9013405|Reactome:R-SCE-9013406|Reactome:R-SCE-9013409|Reactome:R-SCE-9013419|Reactome:R-SCE-9013420|Reactome:R-SCE-9013424|Reactome:R-SCE-9013425|Reactome:R-SCE-9018519|Reactome:R-SCE-9035034|Reactome:R-SCE-917729|Reactome:R-SCE-917937|Reactome:R-SCE-917977|Reactome:R-SCE-936440|Reactome:R-SCE-9603798|Reactome:R-SCE-9615933|Reactome:R-SCE-9634600|Reactome:R-SCE-9639288|Reactome:R-SCE-9668328|Reactome:R-SCE-9696264|Reactome:R-SCE-9696270|Reactome:R-SCE-9696273|Reactome:R-SCE-9707564|Reactome:R-SCE-9748787|Reactome:R-SCE-9749641|Reactome:R-SCE-9753281|Reactome:R-SCE-9754706|Reactome:R-SCE-9755511|Reactome:R-SCE-9758890|Reactome:R-SCE-975956|Reactome:R-SCE-975957|Reactome:R-SCE-9793528|Reactome:R-SCE-983168|Reactome:R-SCE-983170|Reactome:R-SCE-983189|Reactome:R-SCE-983231|Reactome:R-SCE-9837999|Reactome:R-SCE-9840373|Reactome:R-SCE-9856530|Reactome:R-SCE-9907900|Reactome:R-SPO-110312|Reactome:R-SPO-110314|Reactome:R-SPO-110320|Reactome:R-SPO-111457|Reactome:R-SPO-111469|Reactome:R-SPO-112043|Reactome:R-SPO-113418|Reactome:R-SPO-114608|Reactome:R-SPO-1222556|Reactome:R-SPO-1236978|Reactome:R-SPO-1369007|Reactome:R-SPO-156827|Reactome:R-SPO-156842|Reactome:R-SPO-156902|Reactome:R-SPO-159236|Reactome:R-SPO-159418|Reactome:R-SPO-162658|Reactome:R-SPO-165159|Reactome:R-SPO-1660514|Reactome:R-SPO-1660661|Reactome:R-SPO-169911|Reactome:R-SPO-174362|Reactome:R-SPO-174437|Reactome:R-SPO-176187|Reactome:R-SPO-1799339|Reactome:R-SPO-189483|Reactome:R-SPO-193368|Reactome:R-SPO-196757|Reactome:R-SPO-196783|Reactome:R-SPO-198203|Reactome:R-SPO-199992|Reactome:R-SPO-202040|Reactome:R-SPO-2029482|Reactome:R-SPO-204005|Reactome:R-SPO-2142691|Reactome:R-SPO-2470946|Reactome:R-SPO-2500257|Reactome:R-SPO-2514853|Reactome:R-SPO-2514859|Reactome:R-SPO-2559586|Reactome:R-SPO-3108214|Reactome:R-SPO-3214858|Reactome:R-SPO-3371511|Reactome:R-SPO-350562|Reactome:R-SPO-382556|Reactome:R-SPO-389359|Reactome:R-SPO-3899300|Reactome:R-SPO-392451|Reactome:R-SPO-399997|Reactome:R-SPO-416476|Reactome:R-SPO-416482|Reactome:R-SPO-418592|Reactome:R-SPO-418594|Reactome:R-SPO-418597|Reactome:R-SPO-429958|Reactome:R-SPO-434316|Reactome:R-SPO-499943|Reactome:R-SPO-5205685|Reactome:R-SPO-5358346|Reactome:R-SPO-5358493|Reactome:R-SPO-5358565|Reactome:R-SPO-5358606|Reactome:R-SPO-5578749|Reactome:R-SPO-5620912|Reactome:R-SPO-5620916|Reactome:R-SPO-5625740|Reactome:R-SPO-5626467|Reactome:R-SPO-5627123|Reactome:R-SPO-5651801|Reactome:R-SPO-5655862|Reactome:R-SPO-5656121|Reactome:R-SPO-5656169|Reactome:R-SPO-5685939|Reactome:R-SPO-5687128|Reactome:R-SPO-5689603|Reactome:R-SPO-5689880|Reactome:R-SPO-5689896|Reactome:R-SPO-5693548|Reactome:R-SPO-5693565|Reactome:R-SPO-5693607|Reactome:R-SPO-5693616|Reactome:R-SPO-5694530|Reactome:R-SPO-5696395|Reactome:R-SPO-5696397|Reactome:R-SPO-5696400|Reactome:R-SPO-674695|Reactome:R-SPO-6781823|Reactome:R-SPO-6782135|Reactome:R-SPO-6782210|Reactome:R-SPO-6791226|Reactome:R-SPO-6796648|Reactome:R-SPO-6798695|Reactome:R-SPO-6807878|Reactome:R-SPO-6811434|Reactome:R-SPO-6811438|Reactome:R-SPO-6811440|Reactome:R-SPO-68616|Reactome:R-SPO-68689|Reactome:R-SPO-68867|Reactome:R-SPO-68949|Reactome:R-SPO-68962|Reactome:R-SPO-69017|Reactome:R-SPO-69052|Reactome:R-SPO-69091|Reactome:R-SPO-69166|Reactome:R-SPO-69601|Reactome:R-SPO-72086|Reactome:R-SPO-72163|Reactome:R-SPO-72649|Reactome:R-SPO-72662|Reactome:R-SPO-72695|Reactome:R-SPO-72702|Reactome:R-SPO-72706|Reactome:R-SPO-72731|Reactome:R-SPO-72764|Reactome:R-SPO-73614|Reactome:R-SPO-73772|Reactome:R-SPO-73776|Reactome:R-SPO-73779|Reactome:R-SPO-73817|Reactome:R-SPO-75153|Reactome:R-SPO-75815|Reactome:R-SPO-75953|Reactome:R-SPO-76042|Reactome:R-SPO-77075|Reactome:R-SPO-77387|Reactome:R-SPO-8854050|Reactome:R-SPO-8854214|Reactome:R-SPO-8866654|Reactome:R-SPO-8873719|Reactome:R-SPO-8876198|Reactome:R-SPO-8876725|Reactome:R-SPO-8948751|Reactome:R-SPO-8951664|Reactome:R-SPO-8980692|Reactome:R-SPO-9013026|Reactome:R-SPO-9013106|Reactome:R-SPO-9013148|Reactome:R-SPO-9013405|Reactome:R-SPO-9013406|Reactome:R-SPO-9013409|Reactome:R-SPO-9013419|Reactome:R-SPO-9013420|Reactome:R-SPO-9013424|Reactome:R-SPO-9013425|Reactome:R-SPO-9018519|Reactome:R-SPO-9035034|Reactome:R-SPO-917729|Reactome:R-SPO-917977|Reactome:R-SPO-9603798|Reactome:R-SPO-9615933|Reactome:R-SPO-9634600|Reactome:R-SPO-9639288|Reactome:R-SPO-9668328|Reactome:R-SPO-9696264|Reactome:R-SPO-9696270|Reactome:R-SPO-9696273|Reactome:R-SPO-9707564|Reactome:R-SPO-9748787|Reactome:R-SPO-9749641|Reactome:R-SPO-9753281|Reactome:R-SPO-9754706|Reactome:R-SPO-9755511|Reactome:R-SPO-9757110|Reactome:R-SPO-9758890|Reactome:R-SPO-975956|Reactome:R-SPO-975957|Reactome:R-SPO-983168|Reactome:R-SPO-983170|Reactome:R-SPO-983189|Reactome:R-SPO-983231|Reactome:R-SPO-9837999|Reactome:R-SPO-9840373|Reactome:R-SPO-9856530|Reactome:R-SPO-9907900|Reactome:R-SSC-112043|Reactome:R-SSC-114604|Reactome:R-SSC-1169091|Reactome:R-SSC-1169092|Reactome:R-SSC-1169408|Reactome:R-SSC-1234176|Reactome:R-SSC-1236978|Reactome:R-SSC-1250347|Reactome:R-SSC-1433557|Reactome:R-SSC-159236|Reactome:R-SSC-163210|Reactome:R-SSC-1660661|Reactome:R-SSC-171007|Reactome:R-SSC-174084|Reactome:R-SSC-174154|Reactome:R-SSC-174178|Reactome:R-SSC-174184|Reactome:R-SSC-179812|Reactome:R-SSC-180336|Reactome:R-SSC-181429|Reactome:R-SSC-181430|Reactome:R-SSC-182971|Reactome:R-SSC-186763|Reactome:R-SSC-187577|Reactome:R-SSC-189451|Reactome:R-SSC-189483|Reactome:R-SSC-191273|Reactome:R-SSC-195253|Reactome:R-SSC-1963640|Reactome:R-SSC-196783|Reactome:R-SSC-202040|Reactome:R-SSC-202424|Reactome:R-SSC-2029482|Reactome:R-SSC-204005|Reactome:R-SSC-210500|Reactome:R-SSC-210993|Reactome:R-SSC-212676|Reactome:R-SSC-2132295|Reactome:R-SSC-2179392|Reactome:R-SSC-2424491|Reactome:R-SSC-2467813|Reactome:R-SSC-264642|Reactome:R-SSC-2871796|Reactome:R-SSC-2871837|Reactome:R-SSC-349425|Reactome:R-SSC-350562|Reactome:R-SSC-375165|Reactome:R-SSC-382556|Reactome:R-SSC-389359|Reactome:R-SSC-3928662|Reactome:R-SSC-399997|Reactome:R-SSC-416476|Reactome:R-SSC-418592|Reactome:R-SSC-428930|Reactome:R-SSC-429947|Reactome:R-SSC-432040|Reactome:R-SSC-434316|Reactome:R-SSC-4420097|Reactome:R-SSC-450408|Reactome:R-SSC-456926|Reactome:R-SSC-4608870|Reactome:R-SSC-4641257|Reactome:R-SSC-4641258|Reactome:R-SSC-499943|Reactome:R-SSC-5218921|Reactome:R-SSC-525793|Reactome:R-SSC-5358346|Reactome:R-SSC-5607761|Reactome:R-SSC-5607764|Reactome:R-SSC-5610780|Reactome:R-SSC-5610785|Reactome:R-SSC-5620912|Reactome:R-SSC-5620916|Reactome:R-SSC-5625970|Reactome:R-SSC-5626467|Reactome:R-SSC-5627123|Reactome:R-SSC-5632684|Reactome:R-SSC-5654688|Reactome:R-SSC-5654693|Reactome:R-SSC-5654699|Reactome:R-SSC-5654700|Reactome:R-SSC-5654704|Reactome:R-SSC-5654706|Reactome:R-SSC-5654712|Reactome:R-SSC-5654719|Reactome:R-SSC-5658442|Reactome:R-SSC-5663213|Reactome:R-SSC-5663220|Reactome:R-SSC-5668541|Reactome:R-SSC-5673000|Reactome:R-SSC-5673001|Reactome:R-SSC-5674135|Reactome:R-SSC-5675221|Reactome:R-SSC-5676590|Reactome:R-SSC-5687128|Reactome:R-SSC-5689603|Reactome:R-SSC-5689880|Reactome:R-SSC-5694530|Reactome:R-SSC-6798695|Reactome:R-SSC-6814122|Reactome:R-SSC-68867|Reactome:R-SSC-68949|Reactome:R-SSC-69017|Reactome:R-SSC-69481|Reactome:R-SSC-69601|Reactome:R-SSC-72163|Reactome:R-SSC-72187|Reactome:R-SSC-73817|Reactome:R-SSC-73856|Reactome:R-SSC-75815|Reactome:R-SSC-8849471|Reactome:R-SSC-8851805|Reactome:R-SSC-8852276|Reactome:R-SSC-8854050|Reactome:R-SSC-8854214|Reactome:R-SSC-8856828|Reactome:R-SSC-8875656|Reactome:R-SSC-8876198|Reactome:R-SSC-888590|Reactome:R-SSC-8939236|Reactome:R-SSC-8939902|Reactome:R-SSC-8941858|Reactome:R-SSC-8948751|Reactome:R-SSC-8949613|Reactome:R-SSC-8951664|Reactome:R-SSC-8963888|Reactome:R-SSC-8964616|Reactome:R-SSC-9013148|Reactome:R-SSC-9013149|Reactome:R-SSC-9013404|Reactome:R-SSC-9013406|Reactome:R-SSC-9013408|Reactome:R-SSC-9013418|Reactome:R-SSC-9013420|Reactome:R-SSC-9013423|Reactome:R-SSC-9013424|Reactome:R-SSC-9020702|Reactome:R-SSC-917937|Reactome:R-SSC-9607240|Reactome:R-SSC-9634635|Reactome:R-SSC-9648002|Reactome:R-SSC-9668328|Reactome:R-SSC-9753281|Reactome:R-SSC-9755511|Reactome:R-SSC-975957|Reactome:R-SSC-9762114|Reactome:R-SSC-9766229|Reactome:R-SSC-9793528|Reactome:R-SSC-983168|Reactome:R-SSC-983170|Reactome:R-SSC-983231|Reactome:R-SSC-9837999|Reactome:R-SSC-9856530|Reactome:R-SSC-9860927|Reactome:R-SSC-9907900|Reactome:R-SSC-9932298|Reactome:R-XTR-110320|Reactome:R-XTR-114608|Reactome:R-XTR-1169408|Reactome:R-XTR-1369007|Reactome:R-XTR-196783|Reactome:R-XTR-203927|Reactome:R-XTR-354192|Reactome:R-XTR-3769402|Reactome:R-XTR-382556|Reactome:R-XTR-392517|Reactome:R-XTR-426486|Reactome:R-XTR-429947|Reactome:R-XTR-430039|Reactome:R-XTR-438066|Reactome:R-XTR-499943|Reactome:R-XTR-532668|Reactome:R-XTR-5358346|Reactome:R-XTR-5689896|Reactome:R-XTR-6791226|Reactome:R-XTR-6798695|Reactome:R-XTR-6811434|Reactome:R-XTR-68689|Reactome:R-XTR-68867|Reactome:R-XTR-68949|Reactome:R-XTR-68962|Reactome:R-XTR-69052|Reactome:R-XTR-72163|Reactome:R-XTR-73614|Reactome:R-XTR-73817|Reactome:R-XTR-8849932|Reactome:R-XTR-8875555|Reactome:R-XTR-8876725|Reactome:R-XTR-8951664|Reactome:R-XTR-9013149|Reactome:R-XTR-9013404|Reactome:R-XTR-9013406|Reactome:R-XTR-9013407|Reactome:R-XTR-9013408|Reactome:R-XTR-9013419|Reactome:R-XTR-9013423|Reactome:R-XTR-9603798|Reactome:R-XTR-9668328|Reactome:R-XTR-9755511|Reactome:R-XTR-975957|Reactome:R-XTR-983189
ETMEFFSM_CDS_0053	4eb9df05b34370d7c22a7fe9a24fc1c8	664	SUPERFAMILY	SSF52540	P-loop containing nucleoside triphosphate hydrolases	205	417	9.17E-16	T	13-04-2026	IPR027417	P-loop containing nucleoside triphosphate hydrolase	-	Reactome:R-BTA-110312|Reactome:R-BTA-110314|Reactome:R-BTA-110320|Reactome:R-BTA-112043|Reactome:R-BTA-112308|Reactome:R-BTA-113418|Reactome:R-BTA-114604|Reactome:R-BTA-114608|Reactome:R-BTA-1169091|Reactome:R-BTA-1169408|Reactome:R-BTA-1222556|Reactome:R-BTA-1234176|Reactome:R-BTA-1236978|Reactome:R-BTA-1257604|Reactome:R-BTA-1266695|Reactome:R-BTA-141444|Reactome:R-BTA-156584|Reactome:R-BTA-156827|Reactome:R-BTA-156842|Reactome:R-BTA-156902|Reactome:R-BTA-159236|Reactome:R-BTA-1632852|Reactome:R-BTA-163841|Reactome:R-BTA-165159|Reactome:R-BTA-1655829|Reactome:R-BTA-166016|Reactome:R-BTA-1660499|Reactome:R-BTA-1660514|Reactome:R-BTA-1660661|Reactome:R-BTA-166208|Reactome:R-BTA-168638|Reactome:R-BTA-170670|Reactome:R-BTA-170968|Reactome:R-BTA-170984|Reactome:R-BTA-174084|Reactome:R-BTA-174154|Reactome:R-BTA-174178|Reactome:R-BTA-174184|Reactome:R-BTA-174411|Reactome:R-BTA-174437|Reactome:R-BTA-176187|Reactome:R-BTA-1799339|Reactome:R-BTA-1810476|Reactome:R-BTA-181429|Reactome:R-BTA-181430|Reactome:R-BTA-182971|Reactome:R-BTA-187577|Reactome:R-BTA-189483|Reactome:R-BTA-190873|Reactome:R-BTA-193634|Reactome:R-BTA-195253|Reactome:R-BTA-196025|Reactome:R-BTA-196757|Reactome:R-BTA-198203|Reactome:R-BTA-199992|Reactome:R-BTA-201722|Reactome:R-BTA-202040|Reactome:R-BTA-202424|Reactome:R-BTA-2029482|Reactome:R-BTA-204005|Reactome:R-BTA-209563|Reactome:R-BTA-210500|Reactome:R-BTA-212676|Reactome:R-BTA-2132295|Reactome:R-BTA-2142691|Reactome:R-BTA-2173791|Reactome:R-BTA-2453902|Reactome:R-BTA-2467813|Reactome:R-BTA-2468052|Reactome:R-BTA-2470946|Reactome:R-BTA-2485179|Reactome:R-BTA-2500257|Reactome:R-BTA-2514859|Reactome:R-BTA-2565942|Reactome:R-BTA-264642|Reactome:R-BTA-2871837|Reactome:R-BTA-3108214|Reactome:R-BTA-3134963|Reactome:R-BTA-3214858|Reactome:R-BTA-3247509|Reactome:R-BTA-3371511|Reactome:R-BTA-349425|Reactome:R-BTA-350562|Reactome:R-BTA-354192|Reactome:R-BTA-354194|Reactome:R-BTA-372708|Reactome:R-BTA-380972|Reactome:R-BTA-381042|Reactome:R-BTA-381676|Reactome:R-BTA-381771|Reactome:R-BTA-382556|Reactome:R-BTA-389359|Reactome:R-BTA-392170|Reactome:R-BTA-392451|Reactome:R-BTA-392517|Reactome:R-BTA-3928662|Reactome:R-BTA-3928663|Reactome:R-BTA-399997|Reactome:R-BTA-400042|Reactome:R-BTA-4086398|Reactome:R-BTA-4086400|Reactome:R-BTA-416476|Reactome:R-BTA-416482|Reactome:R-BTA-416550|Reactome:R-BTA-416572|Reactome:R-BTA-418592|Reactome:R-BTA-418594|Reactome:R-BTA-418885|Reactome:R-BTA-422356|Reactome:R-BTA-428930|Reactome:R-BTA-429947|Reactome:R-BTA-432720|Reactome:R-BTA-432722|Reactome:R-BTA-434316|Reactome:R-BTA-437239|Reactome:R-BTA-4420097|Reactome:R-BTA-450302|Reactome:R-BTA-450321|Reactome:R-BTA-450408|Reactome:R-BTA-456926|Reactome:R-BTA-4608870|Reactome:R-BTA-4641257|Reactome:R-BTA-4641258|Reactome:R-BTA-499943|Reactome:R-BTA-5250924|Reactome:R-BTA-525793|Reactome:R-BTA-5358346|Reactome:R-BTA-5358493|Reactome:R-BTA-5358565|Reactome:R-BTA-5358606|Reactome:R-BTA-5389840|Reactome:R-BTA-5419276|Reactome:R-BTA-5576892|Reactome:R-BTA-5576893|Reactome:R-BTA-5578749|Reactome:R-BTA-5607761|Reactome:R-BTA-5607764|Reactome:R-BTA-5610780|Reactome:R-BTA-5610785|Reactome:R-BTA-5620912|Reactome:R-BTA-5620916|Reactome:R-BTA-5620922|Reactome:R-BTA-5620924|Reactome:R-BTA-5625740|Reactome:R-BTA-5625900|Reactome:R-BTA-5625970|Reactome:R-BTA-5626467|Reactome:R-BTA-5627117|Reactome:R-BTA-5627123|Reactome:R-BTA-5628897|Reactome:R-BTA-5632684|Reactome:R-BTA-5651801|Reactome:R-BTA-5655862|Reactome:R-BTA-5656121|Reactome:R-BTA-5656169|Reactome:R-BTA-5663213|Reactome:R-BTA-5663220|Reactome:R-BTA-5666185|Reactome:R-BTA-5668541|Reactome:R-BTA-5668599|Reactome:R-BTA-5674135|Reactome:R-BTA-5676590|Reactome:R-BTA-5685938|Reactome:R-BTA-5685942|Reactome:R-BTA-5687128|Reactome:R-BTA-5689603|Reactome:R-BTA-5689880|Reactome:R-BTA-5689896|Reactome:R-BTA-5689901|Reactome:R-BTA-5693568|Reactome:R-BTA-5693579|Reactome:R-BTA-5693607|Reactome:R-BTA-5693616|Reactome:R-BTA-5694530|Reactome:R-BTA-5696395|Reactome:R-BTA-5696397|Reactome:R-BTA-5696400|Reactome:R-BTA-606279|Reactome:R-BTA-674695|Reactome:R-BTA-6781823|Reactome:R-BTA-6782135|Reactome:R-BTA-6782210|Reactome:R-BTA-6785631|Reactome:R-BTA-6791226|Reactome:R-BTA-6796648|Reactome:R-BTA-6798695|Reactome:R-BTA-6804756|Reactome:R-BTA-6807878|Reactome:R-BTA-6811434|Reactome:R-BTA-6811438|Reactome:R-BTA-6811440|Reactome:R-BTA-6811558|Reactome:R-BTA-6814122|Reactome:R-BTA-68616|Reactome:R-BTA-68689|Reactome:R-BTA-68867|Reactome:R-BTA-68877|Reactome:R-BTA-68884|Reactome:R-BTA-68949|Reactome:R-BTA-68962|Reactome:R-BTA-69017|Reactome:R-BTA-69052|Reactome:R-BTA-69091|Reactome:R-BTA-69166|Reactome:R-BTA-69473|Reactome:R-BTA-69481|Reactome:R-BTA-69601|Reactome:R-BTA-72086|Reactome:R-BTA-72163|Reactome:R-BTA-72187|Reactome:R-BTA-72203|Reactome:R-BTA-72649|Reactome:R-BTA-72695|Reactome:R-BTA-72702|Reactome:R-BTA-72731|Reactome:R-BTA-73614|Reactome:R-BTA-73762|Reactome:R-BTA-73772|Reactome:R-BTA-73776|Reactome:R-BTA-73779|Reactome:R-BTA-73817|Reactome:R-BTA-73856|Reactome:R-BTA-73863|Reactome:R-BTA-74217|Reactome:R-BTA-75153|Reactome:R-BTA-75815|Reactome:R-BTA-75953|Reactome:R-BTA-75955|Reactome:R-BTA-76042|Reactome:R-BTA-77075|Reactome:R-BTA-77387|Reactome:R-BTA-77595|Reactome:R-BTA-83936|Reactome:R-BTA-844456|Reactome:R-BTA-8849471|Reactome:R-BTA-8852276|Reactome:R-BTA-8854050|Reactome:R-BTA-8854214|Reactome:R-BTA-8856828|Reactome:R-BTA-8866654|Reactome:R-BTA-8873719|Reactome:R-BTA-8875555|Reactome:R-BTA-8875656|Reactome:R-BTA-8876198|Reactome:R-BTA-8876725|Reactome:R-BTA-888590|Reactome:R-BTA-8939236|Reactome:R-BTA-8939243|Reactome:R-BTA-8939902|Reactome:R-BTA-8941858|Reactome:R-BTA-8943724|Reactome:R-BTA-8948751|Reactome:R-BTA-8949664|Reactome:R-BTA-8951664|Reactome:R-BTA-8963888|Reactome:R-BTA-8964616|Reactome:R-BTA-8980692|Reactome:R-BTA-8985586|Reactome:R-BTA-9009391|Reactome:R-BTA-9013106|Reactome:R-BTA-9013148|Reactome:R-BTA-9013149|Reactome:R-BTA-9013404|Reactome:R-BTA-9013406|Reactome:R-BTA-9013408|Reactome:R-BTA-9013418|Reactome:R-BTA-9013419|Reactome:R-BTA-9013420|Reactome:R-BTA-9013423|Reactome:R-BTA-9013424|Reactome:R-BTA-9013425|Reactome:R-BTA-9020702|Reactome:R-BTA-9033241|Reactome:R-BTA-9035034|Reactome:R-BTA-912446|Reactome:R-BTA-917729|Reactome:R-BTA-917977|Reactome:R-BTA-9603798|Reactome:R-BTA-9615933|Reactome:R-BTA-9629569|Reactome:R-BTA-9634600|Reactome:R-BTA-9639288|Reactome:R-BTA-9648002|Reactome:R-BTA-9648025|Reactome:R-BTA-9668328|Reactome:R-BTA-9696273|Reactome:R-BTA-9707564|Reactome:R-BTA-9717207|Reactome:R-BTA-9748787|Reactome:R-BTA-9753281|Reactome:R-BTA-9755511|Reactome:R-BTA-9758890|Reactome:R-BTA-975957|Reactome:R-BTA-9762114|Reactome:R-BTA-9764725|Reactome:R-BTA-9766229|Reactome:R-BTA-983168|Reactome:R-BTA-983170|Reactome:R-BTA-983189|Reactome:R-BTA-983231|Reactome:R-BTA-9833482|Reactome:R-BTA-983712|Reactome:R-BTA-9837999|Reactome:R-BTA-9840373|Reactome:R-BTA-9845576|Reactome:R-BTA-9856530|Reactome:R-BTA-9860927|Reactome:R-BTA-9907900|Reactome:R-BTA-9932298|Reactome:R-BTA-9933937|Reactome:R-BTA-9933939|Reactome:R-BTA-9933946|Reactome:R-BTA-9933947|Reactome:R-BTA-9934037|Reactome:R-BTA-9937383|Reactome:R-CEL-110312|Reactome:R-CEL-110314|Reactome:R-CEL-110320|Reactome:R-CEL-114604|Reactome:R-CEL-114608|Reactome:R-CEL-1169092|Reactome:R-CEL-1169408|Reactome:R-CEL-1222556|Reactome:R-CEL-1234176|Reactome:R-CEL-1236978|Reactome:R-CEL-1257604|Reactome:R-CEL-1268020|Reactome:R-CEL-1369007|Reactome:R-CEL-1433557|Reactome:R-CEL-156584|Reactome:R-CEL-156827|Reactome:R-CEL-156902|Reactome:R-CEL-159236|Reactome:R-CEL-159418|Reactome:R-CEL-163210|Reactome:R-CEL-1632852|Reactome:R-CEL-165159|Reactome:R-CEL-1655829|Reactome:R-CEL-1660514|Reactome:R-CEL-166208|Reactome:R-CEL-170670|Reactome:R-CEL-170968|Reactome:R-CEL-171007|Reactome:R-CEL-174362|Reactome:R-CEL-174411|Reactome:R-CEL-176187|Reactome:R-CEL-179812|Reactome:R-CEL-180336|Reactome:R-CEL-181429|Reactome:R-CEL-181430|Reactome:R-CEL-182971|Reactome:R-CEL-186763|Reactome:R-CEL-187577|Reactome:R-CEL-189483|Reactome:R-CEL-190873|Reactome:R-CEL-193634|Reactome:R-CEL-193648|Reactome:R-CEL-195253|Reactome:R-CEL-196025|Reactome:R-CEL-1963640|Reactome:R-CEL-196783|Reactome:R-CEL-198203|Reactome:R-CEL-199992|Reactome:R-CEL-2022928|Reactome:R-CEL-2029482|Reactome:R-CEL-203927|Reactome:R-CEL-204005|Reactome:R-CEL-210500|Reactome:R-CEL-212676|Reactome:R-CEL-2142845|Reactome:R-CEL-2173791|Reactome:R-CEL-2179392|Reactome:R-CEL-2299718|Reactome:R-CEL-2453902|Reactome:R-CEL-2468052|Reactome:R-CEL-2470946|Reactome:R-CEL-2500257|Reactome:R-CEL-264642|Reactome:R-CEL-3108214|Reactome:R-CEL-3134963|Reactome:R-CEL-3371511|Reactome:R-CEL-349425|Reactome:R-CEL-350562|Reactome:R-CEL-354192|Reactome:R-CEL-354194|Reactome:R-CEL-375165|Reactome:R-CEL-380972|Reactome:R-CEL-381676|Reactome:R-CEL-382556|Reactome:R-CEL-389359|Reactome:R-CEL-392170|Reactome:R-CEL-392451|Reactome:R-CEL-392517|Reactome:R-CEL-3928662|Reactome:R-CEL-3928663|Reactome:R-CEL-3928664|Reactome:R-CEL-3928665|Reactome:R-CEL-399954|Reactome:R-CEL-400042|Reactome:R-CEL-4086398|Reactome:R-CEL-4086400|Reactome:R-CEL-416482|Reactome:R-CEL-416550|Reactome:R-CEL-416572|Reactome:R-CEL-418594|Reactome:R-CEL-418597|Reactome:R-CEL-418885|Reactome:R-CEL-426486|Reactome:R-CEL-428930|Reactome:R-CEL-430039|Reactome:R-CEL-432720|Reactome:R-CEL-432722|Reactome:R-CEL-437239|Reactome:R-CEL-438066|Reactome:R-CEL-4420097|Reactome:R-CEL-445144|Reactome:R-CEL-451308|Reactome:R-CEL-4551638|Reactome:R-CEL-456926|Reactome:R-CEL-4608870|Reactome:R-CEL-4641258|Reactome:R-CEL-499943|Reactome:R-CEL-5205685|Reactome:R-CEL-5218920|Reactome:R-CEL-5250924|Reactome:R-CEL-532668|Reactome:R-CEL-5358346|Reactome:R-CEL-5358493|Reactome:R-CEL-5389840|Reactome:R-CEL-5419276|Reactome:R-CEL-5620912|Reactome:R-CEL-5620916|Reactome:R-CEL-5620922|Reactome:R-CEL-5620924|Reactome:R-CEL-5621575|Reactome:R-CEL-5624138|Reactome:R-CEL-5625740|Reactome:R-CEL-5626467|Reactome:R-CEL-5627083|Reactome:R-CEL-5627117|Reactome:R-CEL-5627123|Reactome:R-CEL-5628897|Reactome:R-CEL-5632684|Reactome:R-CEL-5651801|Reactome:R-CEL-5654688|Reactome:R-CEL-5654693|Reactome:R-CEL-5654699|Reactome:R-CEL-5654700|Reactome:R-CEL-5654704|Reactome:R-CEL-5654706|Reactome:R-CEL-5654712|Reactome:R-CEL-5654719|Reactome:R-CEL-5655862|Reactome:R-CEL-5656121|Reactome:R-CEL-5656169|Reactome:R-CEL-5663213|Reactome:R-CEL-5663220|Reactome:R-CEL-5666185|Reactome:R-CEL-5673000|Reactome:R-CEL-5673001|Reactome:R-CEL-5674135|Reactome:R-CEL-5675221|Reactome:R-CEL-5685939|Reactome:R-CEL-5687128|Reactome:R-CEL-5689603|Reactome:R-CEL-5689877|Reactome:R-CEL-5689880|Reactome:R-CEL-5689896|Reactome:R-CEL-5693548|Reactome:R-CEL-5693607|Reactome:R-CEL-5694530|Reactome:R-CEL-5696397|Reactome:R-CEL-5696400|Reactome:R-CEL-6782135|Reactome:R-CEL-6782210|Reactome:R-CEL-6785631|Reactome:R-CEL-6791226|Reactome:R-CEL-6794361|Reactome:R-CEL-6798695|Reactome:R-CEL-6804758|Reactome:R-CEL-6807878|Reactome:R-CEL-6811434|Reactome:R-CEL-6811436|Reactome:R-CEL-6811438|Reactome:R-CEL-6811440|Reactome:R-CEL-6811558|Reactome:R-CEL-68867|Reactome:R-CEL-68949|Reactome:R-CEL-68962|Reactome:R-CEL-69017|Reactome:R-CEL-69052|Reactome:R-CEL-69091|Reactome:R-CEL-69601|Reactome:R-CEL-71032|Reactome:R-CEL-72163|Reactome:R-CEL-72165|Reactome:R-CEL-72187|Reactome:R-CEL-72203|Reactome:R-CEL-72649|Reactome:R-CEL-72662|Reactome:R-CEL-72702|Reactome:R-CEL-73614|Reactome:R-CEL-73817|Reactome:R-CEL-73856|Reactome:R-CEL-75153|Reactome:R-CEL-75815|Reactome:R-CEL-77387|Reactome:R-CEL-77595|Reactome:R-CEL-8849471|Reactome:R-CEL-8849932|Reactome:R-CEL-8851805|Reactome:R-CEL-8854050|Reactome:R-CEL-8854214|Reactome:R-CEL-8856825|Reactome:R-CEL-8856828|Reactome:R-CEL-8873719|Reactome:R-CEL-8875555|Reactome:R-CEL-8876198|Reactome:R-CEL-8876725|Reactome:R-CEL-888590|Reactome:R-CEL-8939243|Reactome:R-CEL-8939902|Reactome:R-CEL-8941858|Reactome:R-CEL-8943724|Reactome:R-CEL-8948751|Reactome:R-CEL-8949613|Reactome:R-CEL-8949664|Reactome:R-CEL-8951664|Reactome:R-CEL-8964616|Reactome:R-CEL-8980692|Reactome:R-CEL-8985586|Reactome:R-CEL-9013026|Reactome:R-CEL-9013148|Reactome:R-CEL-9013149|Reactome:R-CEL-9013404|Reactome:R-CEL-9013405|Reactome:R-CEL-9013406|Reactome:R-CEL-9013407|Reactome:R-CEL-9013408|Reactome:R-CEL-9013409|Reactome:R-CEL-9013419|Reactome:R-CEL-9013420|Reactome:R-CEL-9013423|Reactome:R-CEL-9013424|Reactome:R-CEL-9013425|Reactome:R-CEL-9031628|Reactome:R-CEL-9033241|Reactome:R-CEL-9035034|Reactome:R-CEL-917977|Reactome:R-CEL-9603798|Reactome:R-CEL-9607240|Reactome:R-CEL-9615933|Reactome:R-CEL-9634600|Reactome:R-CEL-9634635|Reactome:R-CEL-9639288|Reactome:R-CEL-9646399|Reactome:R-CEL-9648002|Reactome:R-CEL-9668328|Reactome:R-CEL-9748787|Reactome:R-CEL-9749641|Reactome:R-CEL-9753281|Reactome:R-CEL-9754706|Reactome:R-CEL-9755511|Reactome:R-CEL-9759218|Reactome:R-CEL-975956|Reactome:R-CEL-975957|Reactome:R-CEL-9762114|Reactome:R-CEL-9764725|Reactome:R-CEL-983168|Reactome:R-CEL-983170|Reactome:R-CEL-983189|Reactome:R-CEL-983231|Reactome:R-CEL-9833482|Reactome:R-CEL-983712|Reactome:R-CEL-9837999|Reactome:R-CEL-9907900|Reactome:R-CEL-9930044|Reactome:R-CEL-9933939|Reactome:R-CEL-9934037|Reactome:R-CEL-9937383|Reactome:R-CFA-112043|Reactome:R-CFA-114604|Reactome:R-CFA-1169408|Reactome:R-CFA-1257604|Reactome:R-CFA-1268020|Reactome:R-CFA-1433557|Reactome:R-CFA-156584|Reactome:R-CFA-159418|Reactome:R-CFA-162658|Reactome:R-CFA-163210|Reactome:R-CFA-1660661|Reactome:R-CFA-170670|Reactome:R-CFA-1799339|Reactome:R-CFA-182971|Reactome:R-CFA-189483|Reactome:R-CFA-193368|Reactome:R-CFA-193648|Reactome:R-CFA-202040|Reactome:R-CFA-2029482|Reactome:R-CFA-204005|Reactome:R-CFA-2132295|Reactome:R-CFA-2142691|Reactome:R-CFA-2424491|Reactome:R-CFA-2485179|Reactome:R-CFA-2514859|Reactome:R-CFA-2565942|Reactome:R-CFA-2871796|Reactome:R-CFA-382556|Reactome:R-CFA-389359|Reactome:R-CFA-392170|Reactome:R-CFA-3928662|Reactome:R-CFA-3928664|Reactome:R-CFA-3928665|Reactome:R-CFA-399719|Reactome:R-CFA-399954|Reactome:R-CFA-399997|Reactome:R-CFA-400042|Reactome:R-CFA-4086400|Reactome:R-CFA-416476|Reactome:R-CFA-416550|Reactome:R-CFA-418592|Reactome:R-CFA-418594|Reactome:R-CFA-418885|Reactome:R-CFA-428930|Reactome:R-CFA-432040|Reactome:R-CFA-432722|Reactome:R-CFA-434316|Reactome:R-CFA-438066|Reactome:R-CFA-4420097|Reactome:R-CFA-445144|Reactome:R-CFA-451308|Reactome:R-CFA-456926|Reactome:R-CFA-5218920|Reactome:R-CFA-525793|Reactome:R-CFA-5620912|Reactome:R-CFA-5620916|Reactome:R-CFA-5625740|Reactome:R-CFA-5625900|Reactome:R-CFA-5625970|Reactome:R-CFA-5626467|Reactome:R-CFA-5627083|Reactome:R-CFA-5627123|Reactome:R-CFA-5663213|Reactome:R-CFA-5663220|Reactome:R-CFA-5668599|Reactome:R-CFA-5673001|Reactome:R-CFA-5685938|Reactome:R-CFA-5685942|Reactome:R-CFA-5687128|Reactome:R-CFA-5689880|Reactome:R-CFA-5693568|Reactome:R-CFA-5693579|Reactome:R-CFA-5693616|Reactome:R-CFA-6798695|Reactome:R-CFA-6807878|Reactome:R-CFA-6811434|Reactome:R-CFA-6811440|Reactome:R-CFA-6811558|Reactome:R-CFA-6814122|Reactome:R-CFA-72163|Reactome:R-CFA-72187|Reactome:R-CFA-73856|Reactome:R-CFA-8849471|Reactome:R-CFA-8849932|Reactome:R-CFA-8854214|Reactome:R-CFA-8856825|Reactome:R-CFA-8856828|Reactome:R-CFA-8873719|Reactome:R-CFA-8875555|Reactome:R-CFA-8875656|Reactome:R-CFA-8876198|Reactome:R-CFA-8949613|Reactome:R-CFA-8964616|Reactome:R-CFA-8980692|Reactome:R-CFA-9009391|Reactome:R-CFA-9013026|Reactome:R-CFA-9013106|Reactome:R-CFA-9013148|Reactome:R-CFA-9013149|Reactome:R-CFA-9013404|Reactome:R-CFA-9013405|Reactome:R-CFA-9013406|Reactome:R-CFA-9013407|Reactome:R-CFA-9013408|Reactome:R-CFA-9013409|Reactome:R-CFA-9013418|Reactome:R-CFA-9013420|Reactome:R-CFA-9013423|Reactome:R-CFA-9013424|Reactome:R-CFA-9032759|Reactome:R-CFA-9035034|Reactome:R-CFA-912446|Reactome:R-CFA-9646399|Reactome:R-CFA-9696264|Reactome:R-CFA-9696270|Reactome:R-CFA-9696273|Reactome:R-CFA-9706019|Reactome:R-CFA-9707564|Reactome:R-CFA-9748787|Reactome:R-CFA-9753281|Reactome:R-CFA-9758890|Reactome:R-CFA-9824585|Reactome:R-CFA-983231|Reactome:R-CFA-9837999|Reactome:R-CFA-9856530|Reactome:R-CFA-9860927|Reactome:R-DDI-110314|Reactome:R-DDI-112043|Reactome:R-DDI-113418|Reactome:R-DDI-114608|Reactome:R-DDI-1169408|Reactome:R-DDI-1222556|Reactome:R-DDI-1236978|Reactome:R-DDI-1268020|Reactome:R-DDI-1369007|Reactome:R-DDI-1369062|Reactome:R-DDI-1483248|Reactome:R-DDI-156827|Reactome:R-DDI-156842|Reactome:R-DDI-156902|Reactome:R-DDI-159418|Reactome:R-DDI-162658|Reactome:R-DDI-1632852|Reactome:R-DDI-165159|Reactome:R-DDI-1660499|Reactome:R-DDI-1660514|Reactome:R-DDI-1660516|Reactome:R-DDI-1660517|Reactome:R-DDI-1660661|Reactome:R-DDI-166208|Reactome:R-DDI-169911|Reactome:R-DDI-170660|Reactome:R-DDI-170670|Reactome:R-DDI-174084|Reactome:R-DDI-174154|Reactome:R-DDI-174178|Reactome:R-DDI-176187|Reactome:R-DDI-1799339|Reactome:R-DDI-1834941|Reactome:R-DDI-189451|Reactome:R-DDI-189483|Reactome:R-DDI-193368|Reactome:R-DDI-193648|Reactome:R-DDI-196807|Reactome:R-DDI-199992|Reactome:R-DDI-202040|Reactome:R-DDI-2029482|Reactome:R-DDI-204005|Reactome:R-DDI-2046105|Reactome:R-DDI-2046106|Reactome:R-DDI-210500|Reactome:R-DDI-2142691|Reactome:R-DDI-2299718|Reactome:R-DDI-2453902|Reactome:R-DDI-2467813|Reactome:R-DDI-2468052|Reactome:R-DDI-2470946|Reactome:R-DDI-2500257|Reactome:R-DDI-2514853|Reactome:R-DDI-2514859|Reactome:R-DDI-2559586|Reactome:R-DDI-3108214|Reactome:R-DDI-3371511|Reactome:R-DDI-349425|Reactome:R-DDI-354192|Reactome:R-DDI-380972|Reactome:R-DDI-381676|Reactome:R-DDI-382556|Reactome:R-DDI-389359|Reactome:R-DDI-3899300|Reactome:R-DDI-390247|Reactome:R-DDI-392517|Reactome:R-DDI-3928662|Reactome:R-DDI-399997|Reactome:R-DDI-416476|Reactome:R-DDI-416482|Reactome:R-DDI-418592|Reactome:R-DDI-418594|Reactome:R-DDI-418597|Reactome:R-DDI-430039|Reactome:R-DDI-434316|Reactome:R-DDI-445144|Reactome:R-DDI-450408|Reactome:R-DDI-4641258|Reactome:R-DDI-499943|Reactome:R-DDI-5358493|Reactome:R-DDI-5358565|Reactome:R-DDI-5358606|Reactome:R-DDI-5610787|Reactome:R-DDI-5620916|Reactome:R-DDI-5626467|Reactome:R-DDI-5627123|Reactome:R-DDI-5628897|Reactome:R-DDI-5632684|Reactome:R-DDI-5651801|Reactome:R-DDI-5655862|Reactome:R-DDI-5656169|Reactome:R-DDI-5658442|Reactome:R-DDI-5663213|Reactome:R-DDI-5675482|Reactome:R-DDI-5683826|Reactome:R-DDI-5687128|Reactome:R-DDI-5689603|Reactome:R-DDI-5689880|Reactome:R-DDI-5693548|Reactome:R-DDI-5693565|Reactome:R-DDI-5694530|Reactome:R-DDI-5696395|Reactome:R-DDI-5696397|Reactome:R-DDI-674695|Reactome:R-DDI-6781823|Reactome:R-DDI-6782135|Reactome:R-DDI-6782210|Reactome:R-DDI-6791226|Reactome:R-DDI-6796648|Reactome:R-DDI-6798695|Reactome:R-DDI-6799198|Reactome:R-DDI-6807878|Reactome:R-DDI-6811434|Reactome:R-DDI-6811436|Reactome:R-DDI-6811438|Reactome:R-DDI-6811440|Reactome:R-DDI-68616|Reactome:R-DDI-68689|Reactome:R-DDI-68867|Reactome:R-DDI-68949|Reactome:R-DDI-68962|Reactome:R-DDI-69017|Reactome:R-DDI-69052|Reactome:R-DDI-69091|Reactome:R-DDI-69601|Reactome:R-DDI-72086|Reactome:R-DDI-72163|Reactome:R-DDI-72695|Reactome:R-DDI-72702|Reactome:R-DDI-72706|Reactome:R-DDI-72731|Reactome:R-DDI-72764|Reactome:R-DDI-73614|Reactome:R-DDI-73772|Reactome:R-DDI-73776|Reactome:R-DDI-73779|Reactome:R-DDI-73817|Reactome:R-DDI-75153|Reactome:R-DDI-75953|Reactome:R-DDI-76042|Reactome:R-DDI-77075|Reactome:R-DDI-77387|Reactome:R-DDI-8849471|Reactome:R-DDI-8854050|Reactome:R-DDI-8854214|Reactome:R-DDI-8856825|Reactome:R-DDI-8856828|Reactome:R-DDI-8866654|Reactome:R-DDI-8873719|Reactome:R-DDI-8876198|Reactome:R-DDI-8876725|Reactome:R-DDI-8943724|Reactome:R-DDI-8948751|Reactome:R-DDI-8951664|Reactome:R-DDI-8963896|Reactome:R-DDI-8964058|Reactome:R-DDI-9013148|Reactome:R-DDI-9013149|Reactome:R-DDI-9013404|Reactome:R-DDI-9013406|Reactome:R-DDI-9013407|Reactome:R-DDI-9013408|Reactome:R-DDI-9013409|Reactome:R-DDI-9013418|Reactome:R-DDI-9013419|Reactome:R-DDI-9013420|Reactome:R-DDI-9013422|Reactome:R-DDI-9013423|Reactome:R-DDI-9013424|Reactome:R-DDI-9013425|Reactome:R-DDI-9018519|Reactome:R-DDI-917729|Reactome:R-DDI-917937|Reactome:R-DDI-917977|Reactome:R-DDI-9603798|Reactome:R-DDI-9615933|Reactome:R-DDI-9629569|Reactome:R-DDI-9639288|Reactome:R-DDI-9646399|Reactome:R-DDI-9668328|Reactome:R-DDI-9706019|Reactome:R-DDI-9707564|Reactome:R-DDI-9748787|Reactome:R-DDI-9749641|Reactome:R-DDI-9753281|Reactome:R-DDI-9754706|Reactome:R-DDI-9755511|Reactome:R-DDI-9757110|Reactome:R-DDI-9758881|Reactome:R-DDI-9758890|Reactome:R-DDI-975956|Reactome:R-DDI-975957|Reactome:R-DDI-9793528|Reactome:R-DDI-983168|Reactome:R-DDI-983170|Reactome:R-DDI-983189|Reactome:R-DDI-983231|Reactome:R-DDI-9837999|Reactome:R-DDI-9840373|Reactome:R-DDI-9856530|Reactome:R-DDI-9907900|Reactome:R-DME-110312|Reactome:R-DME-110314|Reactome:R-DME-110320|Reactome:R-DME-110523|Reactome:R-DME-111458|Reactome:R-DME-111459|Reactome:R-DME-112043|Reactome:R-DME-112382|Reactome:R-DME-113418|Reactome:R-DME-114604|Reactome:R-DME-114608|Reactome:R-DME-1169091|Reactome:R-DME-1169408|Reactome:R-DME-1222556|Reactome:R-DME-1234176|Reactome:R-DME-1236978|Reactome:R-DME-1250347|Reactome:R-DME-1266695|Reactome:R-DME-1268020|Reactome:R-DME-1296025|Reactome:R-DME-1369062|Reactome:R-DME-1433557|Reactome:R-DME-156827|Reactome:R-DME-156842|Reactome:R-DME-156902|Reactome:R-DME-159236|Reactome:R-DME-162658|Reactome:R-DME-163210|Reactome:R-DME-1632852|Reactome:R-DME-165159|Reactome:R-DME-1655829|Reactome:R-DME-1660499|Reactome:R-DME-1660514|Reactome:R-DME-1660661|Reactome:R-DME-166208|Reactome:R-DME-170660|Reactome:R-DME-170670|Reactome:R-DME-170968|Reactome:R-DME-171007|Reactome:R-DME-174084|Reactome:R-DME-174154|Reactome:R-DME-174178|Reactome:R-DME-174184|Reactome:R-DME-174411|Reactome:R-DME-176187|Reactome:R-DME-179812|Reactome:R-DME-180336|Reactome:R-DME-1810476|Reactome:R-DME-181429|Reactome:R-DME-181430|Reactome:R-DME-182971|Reactome:R-DME-1834941|Reactome:R-DME-186763|Reactome:R-DME-187577|Reactome:R-DME-189451|Reactome:R-DME-189483|Reactome:R-DME-190873|Reactome:R-DME-191273|Reactome:R-DME-193634|Reactome:R-DME-193648|Reactome:R-DME-195253|Reactome:R-DME-196025|Reactome:R-DME-1963640|Reactome:R-DME-196757|Reactome:R-DME-198203|Reactome:R-DME-199992|Reactome:R-DME-201722|Reactome:R-DME-202040|Reactome:R-DME-2022870|Reactome:R-DME-2022923|Reactome:R-DME-2022928|Reactome:R-DME-202424|Reactome:R-DME-2029482|Reactome:R-DME-203927|Reactome:R-DME-204005|Reactome:R-DME-2046105|Reactome:R-DME-2046106|Reactome:R-DME-209159|Reactome:R-DME-209190|Reactome:R-DME-209214|Reactome:R-DME-209338|Reactome:R-DME-209360|Reactome:R-DME-209406|Reactome:R-DME-209461|Reactome:R-DME-210500|Reactome:R-DME-212676|Reactome:R-DME-216119|Reactome:R-DME-216167|Reactome:R-DME-216217|Reactome:R-DME-2173791|Reactome:R-DME-2179392|Reactome:R-DME-2424491|Reactome:R-DME-2453902|Reactome:R-DME-2467813|Reactome:R-DME-2559586|Reactome:R-DME-264642|Reactome:R-DME-2871796|Reactome:R-DME-2871837|Reactome:R-DME-3108214|Reactome:R-DME-3134963|Reactome:R-DME-3214815|Reactome:R-DME-3214858|Reactome:R-DME-3247509|Reactome:R-DME-3371497|Reactome:R-DME-3371511|Reactome:R-DME-350368|Reactome:R-DME-350376|Reactome:R-DME-350407|Reactome:R-DME-350480|Reactome:R-DME-350562|Reactome:R-DME-354192|Reactome:R-DME-375165|Reactome:R-DME-380972|Reactome:R-DME-381042|Reactome:R-DME-381676|Reactome:R-DME-382556|Reactome:R-DME-389359|Reactome:R-DME-390247|Reactome:R-DME-392170|Reactome:R-DME-392451|Reactome:R-DME-392517|Reactome:R-DME-392851|Reactome:R-DME-3928662|Reactome:R-DME-3928663|Reactome:R-DME-3928664|Reactome:R-DME-3928665|Reactome:R-DME-399954|Reactome:R-DME-399997|Reactome:R-DME-400042|Reactome:R-DME-400206|Reactome:R-DME-4086398|Reactome:R-DME-4086400|Reactome:R-DME-416476|Reactome:R-DME-416482|Reactome:R-DME-416572|Reactome:R-DME-416993|Reactome:R-DME-418555|Reactome:R-DME-418592|Reactome:R-DME-418594|Reactome:R-DME-418885|Reactome:R-DME-422356|Reactome:R-DME-426486|Reactome:R-DME-427359|Reactome:R-DME-428930|Reactome:R-DME-429958|Reactome:R-DME-430039|Reactome:R-DME-432395|Reactome:R-DME-432524|Reactome:R-DME-432553|Reactome:R-DME-432626|Reactome:R-DME-432720|Reactome:R-DME-432722|Reactome:R-DME-434316|Reactome:R-DME-437239|Reactome:R-DME-438066|Reactome:R-DME-4420097|Reactome:R-DME-445144|Reactome:R-DME-445355|Reactome:R-DME-445989|Reactome:R-DME-450408|Reactome:R-DME-450728|Reactome:R-DME-451308|Reactome:R-DME-4608870|Reactome:R-DME-4641257|Reactome:R-DME-4641258|Reactome:R-DME-499943|Reactome:R-DME-5205685|Reactome:R-DME-5218920|Reactome:R-DME-5218921|Reactome:R-DME-525793|Reactome:R-DME-532668|Reactome:R-DME-5358346|Reactome:R-DME-5358493|Reactome:R-DME-5358565|Reactome:R-DME-538864|Reactome:R-DME-5389840|Reactome:R-DME-5419276|Reactome:R-DME-5578749|Reactome:R-DME-5578775|Reactome:R-DME-5607761|Reactome:R-DME-5607764|Reactome:R-DME-5610780|Reactome:R-DME-5610785|Reactome:R-DME-5620916|Reactome:R-DME-5621575|Reactome:R-DME-5625740|Reactome:R-DME-5625900|Reactome:R-DME-5627117|Reactome:R-DME-5627123|Reactome:R-DME-5628897|Reactome:R-DME-5632684|Reactome:R-DME-5651801|Reactome:R-DME-5654688|Reactome:R-DME-5654693|Reactome:R-DME-5654699|Reactome:R-DME-5654700|Reactome:R-DME-5654704|Reactome:R-DME-5654706|Reactome:R-DME-5654712|Reactome:R-DME-5654719|Reactome:R-DME-5655862|Reactome:R-DME-5656121|Reactome:R-DME-5656169|Reactome:R-DME-5658442|Reactome:R-DME-5663213|Reactome:R-DME-5663220|Reactome:R-DME-5666185|Reactome:R-DME-5673000|Reactome:R-DME-5673001|Reactome:R-DME-5674135|Reactome:R-DME-5675221|Reactome:R-DME-5676590|Reactome:R-DME-5685939|Reactome:R-DME-5687128|Reactome:R-DME-5689603|Reactome:R-DME-5689880|Reactome:R-DME-5689896|Reactome:R-DME-5693548|Reactome:R-DME-5693565|Reactome:R-DME-5693607|Reactome:R-DME-5693616|Reactome:R-DME-5696394|Reactome:R-DME-5696395|Reactome:R-DME-5696397|Reactome:R-DME-5696400|Reactome:R-DME-611105|Reactome:R-DME-674695|Reactome:R-DME-6781823|Reactome:R-DME-6782135|Reactome:R-DME-6782210|Reactome:R-DME-6785631|Reactome:R-DME-6791226|Reactome:R-DME-6794361|Reactome:R-DME-6796648|Reactome:R-DME-6798695|Reactome:R-DME-6799198|Reactome:R-DME-6804756|Reactome:R-DME-6804758|Reactome:R-DME-6807878|Reactome:R-DME-6811434|Reactome:R-DME-6811436|Reactome:R-DME-6811438|Reactome:R-DME-6811440|Reactome:R-DME-6814122|Reactome:R-DME-68616|Reactome:R-DME-68689|Reactome:R-DME-68867|Reactome:R-DME-68884|Reactome:R-DME-68949|Reactome:R-DME-68962|Reactome:R-DME-69017|Reactome:R-DME-69052|Reactome:R-DME-69091|Reactome:R-DME-69473|Reactome:R-DME-69601|Reactome:R-DME-72086|Reactome:R-DME-72163|Reactome:R-DME-72165|Reactome:R-DME-72187|Reactome:R-DME-72203|Reactome:R-DME-72649|Reactome:R-DME-72662|Reactome:R-DME-72695|Reactome:R-DME-72702|Reactome:R-DME-72731|Reactome:R-DME-73614|Reactome:R-DME-73772|Reactome:R-DME-73776|Reactome:R-DME-73779|Reactome:R-DME-73817|Reactome:R-DME-73856|Reactome:R-DME-75815|Reactome:R-DME-75953|Reactome:R-DME-75955|Reactome:R-DME-76042|Reactome:R-DME-77075|Reactome:R-DME-77387|Reactome:R-DME-77595|Reactome:R-DME-8849471|Reactome:R-DME-8849932|Reactome:R-DME-8854050|Reactome:R-DME-8854214|Reactome:R-DME-8856825|Reactome:R-DME-8856828|Reactome:R-DME-8873719|Reactome:R-DME-8876198|Reactome:R-DME-8876725|Reactome:R-DME-888590|Reactome:R-DME-8939236|Reactome:R-DME-8939243|Reactome:R-DME-8939902|Reactome:R-DME-8941858|Reactome:R-DME-8943724|Reactome:R-DME-8948751|Reactome:R-DME-8949613|Reactome:R-DME-8949664|Reactome:R-DME-8951664|Reactome:R-DME-8951936|Reactome:R-DME-8964616|Reactome:R-DME-8980692|Reactome:R-DME-9009391|Reactome:R-DME-9013026|Reactome:R-DME-9013148|Reactome:R-DME-9013149|Reactome:R-DME-9013404|Reactome:R-DME-9013405|Reactome:R-DME-9013406|Reactome:R-DME-9013407|Reactome:R-DME-9013408|Reactome:R-DME-9013409|Reactome:R-DME-9013418|Reactome:R-DME-9013419|Reactome:R-DME-9013420|Reactome:R-DME-9013422|Reactome:R-DME-9013423|Reactome:R-DME-9013424|Reactome:R-DME-9013425|Reactome:R-DME-9020702|Reactome:R-DME-9031628|Reactome:R-DME-9035034|Reactome:R-DME-917937|Reactome:R-DME-917977|Reactome:R-DME-933542|Reactome:R-DME-9603798|Reactome:R-DME-9607240|Reactome:R-DME-9615933|Reactome:R-DME-9627069|Reactome:R-DME-9629569|Reactome:R-DME-9634635|Reactome:R-DME-9639288|Reactome:R-DME-9646399|Reactome:R-DME-9648002|Reactome:R-DME-9668328|Reactome:R-DME-9674555|Reactome:R-DME-9707564|Reactome:R-DME-9748787|Reactome:R-DME-9753281|Reactome:R-DME-9755511|Reactome:R-DME-975956|Reactome:R-DME-975957|Reactome:R-DME-9762114|Reactome:R-DME-9764725|Reactome:R-DME-9793528|Reactome:R-DME-983168|Reactome:R-DME-983189|Reactome:R-DME-983231|Reactome:R-DME-9833482|Reactome:R-DME-983712|Reactome:R-DME-9837999|Reactome:R-DME-9840373|Reactome:R-DME-9856530|Reactome:R-DME-9860927|Reactome:R-DME-9907900|Reactome:R-DME-9913635|Reactome:R-DME-9932298|Reactome:R-DME-9933937|Reactome:R-DME-9933939|Reactome:R-DME-9933946|Reactome:R-DME-9933947|Reactome:R-DME-9934037|Reactome:R-DRE-110320|Reactome:R-DRE-111458|Reactome:R-DRE-111459|Reactome:R-DRE-114608|Reactome:R-DRE-1169092|Reactome:R-DRE-1169408|Reactome:R-DRE-1250347|Reactome:R-DRE-1369007|Reactome:R-DRE-1369062|Reactome:R-DRE-1433557|Reactome:R-DRE-156584|Reactome:R-DRE-156827|Reactome:R-DRE-156902|Reactome:R-DRE-169911|Reactome:R-DRE-179812|Reactome:R-DRE-1799339|Reactome:R-DRE-180336|Reactome:R-DRE-186763|Reactome:R-DRE-193634|Reactome:R-DRE-1963640|Reactome:R-DRE-196783|Reactome:R-DRE-198203|Reactome:R-DRE-201722|Reactome:R-DRE-2022854|Reactome:R-DRE-2022928|Reactome:R-DRE-209563|Reactome:R-DRE-210993|Reactome:R-DRE-2173791|Reactome:R-DRE-2179392|Reactome:R-DRE-354192|Reactome:R-DRE-3769402|Reactome:R-DRE-382556|Reactome:R-DRE-392451|Reactome:R-DRE-392517|Reactome:R-DRE-3928662|Reactome:R-DRE-3928663|Reactome:R-DRE-400206|Reactome:R-DRE-4086400|Reactome:R-DRE-416482|Reactome:R-DRE-416550|Reactome:R-DRE-416572|Reactome:R-DRE-438066|Reactome:R-DRE-4420097|Reactome:R-DRE-499943|Reactome:R-DRE-532668|Reactome:R-DRE-5358346|Reactome:R-DRE-5358493|Reactome:R-DRE-5389840|Reactome:R-DRE-5419276|Reactome:R-DRE-5624138|Reactome:R-DRE-5625740|Reactome:R-DRE-5627083|Reactome:R-DRE-5627117|Reactome:R-DRE-5632684|Reactome:R-DRE-5654688|Reactome:R-DRE-5654693|Reactome:R-DRE-5654699|Reactome:R-DRE-5654700|Reactome:R-DRE-5654704|Reactome:R-DRE-5654706|Reactome:R-DRE-5654712|Reactome:R-DRE-5663220|Reactome:R-DRE-5666185|Reactome:R-DRE-5673001|Reactome:R-DRE-5675221|Reactome:R-DRE-5689880|Reactome:R-DRE-5689896|Reactome:R-DRE-5696395|Reactome:R-DRE-5696400|Reactome:R-DRE-6781823|Reactome:R-DRE-6782135|Reactome:R-DRE-6796648|Reactome:R-DRE-6798695|Reactome:R-DRE-72086|Reactome:R-DRE-72163|Reactome:R-DRE-72695|Reactome:R-DRE-72702|Reactome:R-DRE-72731|Reactome:R-DRE-73614|Reactome:R-DRE-73817|Reactome:R-DRE-75153|Reactome:R-DRE-77075|Reactome:R-DRE-844456|Reactome:R-DRE-8849471|Reactome:R-DRE-8849932|Reactome:R-DRE-8851805|Reactome:R-DRE-8854214|Reactome:R-DRE-8873719|Reactome:R-DRE-8876725|Reactome:R-DRE-8951664|Reactome:R-DRE-8980692|Reactome:R-DRE-9013404|Reactome:R-DRE-9013406|Reactome:R-DRE-9013408|Reactome:R-DRE-9013419|Reactome:R-DRE-9013424|Reactome:R-DRE-9013425|Reactome:R-DRE-9603798|Reactome:R-DRE-9615933|Reactome:R-DRE-9627069|Reactome:R-DRE-9646399|Reactome:R-DRE-9648002|Reactome:R-DRE-9668328|Reactome:R-DRE-9707564|Reactome:R-DRE-9753281|Reactome:R-DRE-9755511|Reactome:R-DRE-975956|Reactome:R-DRE-975957|Reactome:R-DRE-983168|Reactome:R-DRE-983189|Reactome:R-DRE-9840373|Reactome:R-GGA-110312|Reactome:R-GGA-110314|Reactome:R-GGA-110320|Reactome:R-GGA-114604|Reactome:R-GGA-114608|Reactome:R-GGA-1169092|Reactome:R-GGA-1169408|Reactome:R-GGA-1250347|Reactome:R-GGA-141444|Reactome:R-GGA-1433557|Reactome:R-GGA-156584|Reactome:R-GGA-159236|Reactome:R-GGA-162658|Reactome:R-GGA-1655829|Reactome:R-GGA-1660499|Reactome:R-GGA-170670|Reactome:R-GGA-171007|Reactome:R-GGA-174411|Reactome:R-GGA-176187|Reactome:R-GGA-179812|Reactome:R-GGA-180336|Reactome:R-GGA-182971|Reactome:R-GGA-186763|Reactome:R-GGA-1963640|Reactome:R-GGA-2022928|Reactome:R-GGA-2029482|Reactome:R-GGA-210993|Reactome:R-GGA-217106|Reactome:R-GGA-2179392|Reactome:R-GGA-2424491|Reactome:R-GGA-2467813|Reactome:R-GGA-2500257|Reactome:R-GGA-2565942|Reactome:R-GGA-265976|Reactome:R-GGA-2871796|Reactome:R-GGA-3371497|Reactome:R-GGA-3371511|Reactome:R-GGA-351433|Reactome:R-GGA-351451|Reactome:R-GGA-351465|Reactome:R-GGA-352875|Reactome:R-GGA-352882|Reactome:R-GGA-353303|Reactome:R-GGA-354192|Reactome:R-GGA-354194|Reactome:R-GGA-372708|Reactome:R-GGA-375165|Reactome:R-GGA-389359|Reactome:R-GGA-392170|Reactome:R-GGA-392517|Reactome:R-GGA-3928662|Reactome:R-GGA-416482|Reactome:R-GGA-416572|Reactome:R-GGA-418594|Reactome:R-GGA-421203|Reactome:R-GGA-429947|Reactome:R-GGA-430039|Reactome:R-GGA-432040|Reactome:R-GGA-432722|Reactome:R-GGA-4420097|Reactome:R-GGA-499943|Reactome:R-GGA-5218921|Reactome:R-GGA-525793|Reactome:R-GGA-5578749|Reactome:R-GGA-5620912|Reactome:R-GGA-5620916|Reactome:R-GGA-5621575|Reactome:R-GGA-5625740|Reactome:R-GGA-5625970|Reactome:R-GGA-5626467|Reactome:R-GGA-5627117|Reactome:R-GGA-5627123|Reactome:R-GGA-5654688|Reactome:R-GGA-5654693|Reactome:R-GGA-5654699|Reactome:R-GGA-5654700|Reactome:R-GGA-5654704|Reactome:R-GGA-5654706|Reactome:R-GGA-5654712|Reactome:R-GGA-5654719|Reactome:R-GGA-5655862|Reactome:R-GGA-5656121|Reactome:R-GGA-5656169|Reactome:R-GGA-5658442|Reactome:R-GGA-5663213|Reactome:R-GGA-5663220|Reactome:R-GGA-5673000|Reactome:R-GGA-5673001|Reactome:R-GGA-5674135|Reactome:R-GGA-5675221|Reactome:R-GGA-5685938|Reactome:R-GGA-5685942|Reactome:R-GGA-5687128|Reactome:R-GGA-5693568|Reactome:R-GGA-5693579|Reactome:R-GGA-5693607|Reactome:R-GGA-5693616|Reactome:R-GGA-5696397|Reactome:R-GGA-5696400|Reactome:R-GGA-606279|Reactome:R-GGA-6782135|Reactome:R-GGA-6782210|Reactome:R-GGA-6798695|Reactome:R-GGA-6807878|Reactome:R-GGA-6811434|Reactome:R-GGA-6811436|Reactome:R-GGA-6811438|Reactome:R-GGA-6811440|Reactome:R-GGA-68689|Reactome:R-GGA-68949|Reactome:R-GGA-68962|Reactome:R-GGA-69091|Reactome:R-GGA-72163|Reactome:R-GGA-72165|Reactome:R-GGA-72187|Reactome:R-GGA-73614|Reactome:R-GGA-73856|Reactome:R-GGA-77595|Reactome:R-GGA-8849471|Reactome:R-GGA-8851805|Reactome:R-GGA-8854214|Reactome:R-GGA-8856828|Reactome:R-GGA-8875555|Reactome:R-GGA-8875656|Reactome:R-GGA-8876198|Reactome:R-GGA-8876725|Reactome:R-GGA-8964616|Reactome:R-GGA-9009391|Reactome:R-GGA-9013106|Reactome:R-GGA-9013148|Reactome:R-GGA-9013149|Reactome:R-GGA-9013404|Reactome:R-GGA-9013406|Reactome:R-GGA-9013408|Reactome:R-GGA-9013420|Reactome:R-GGA-9013423|Reactome:R-GGA-9013424|Reactome:R-GGA-912446|Reactome:R-GGA-9607240|Reactome:R-GGA-9615933|Reactome:R-GGA-9634635|Reactome:R-GGA-9646399|Reactome:R-GGA-9648002|Reactome:R-GGA-9648025|Reactome:R-GGA-9668328|Reactome:R-GGA-975957|Reactome:R-GGA-983189|Reactome:R-GGA-983231|Reactome:R-HSA-110312|Reactome:R-HSA-110314|Reactome:R-HSA-110320|Reactome:R-HSA-111457|Reactome:R-HSA-111458|Reactome:R-HSA-111459|Reactome:R-HSA-111463|Reactome:R-HSA-111464|Reactome:R-HSA-111469|Reactome:R-HSA-112043|Reactome:R-HSA-112126|Reactome:R-HSA-112308|Reactome:R-HSA-112382|Reactome:R-HSA-112412|Reactome:R-HSA-113418|Reactome:R-HSA-113507|Reactome:R-HSA-114604|Reactome:R-HSA-114608|Reactome:R-HSA-1169091|Reactome:R-HSA-1169092|Reactome:R-HSA-1169408|Reactome:R-HSA-1221632|Reactome:R-HSA-1222387|Reactome:R-HSA-1222449|Reactome:R-HSA-1222538|Reactome:R-HSA-1222556|Reactome:R-HSA-1234176|Reactome:R-HSA-1236382|Reactome:R-HSA-1236394|Reactome:R-HSA-1236974|Reactome:R-HSA-1236978|Reactome:R-HSA-1250196|Reactome:R-HSA-1250347|Reactome:R-HSA-1257604|Reactome:R-HSA-1266695|Reactome:R-HSA-1268020|Reactome:R-HSA-1296025|Reactome:R-HSA-1362277|Reactome:R-HSA-1368108|Reactome:R-HSA-1369007|Reactome:R-HSA-1369062|Reactome:R-HSA-141444|Reactome:R-HSA-1433557|Reactome:R-HSA-1445148|Reactome:R-HSA-156584|Reactome:R-HSA-156827|Reactome:R-HSA-156842|Reactome:R-HSA-156902|Reactome:R-HSA-159236|Reactome:R-HSA-159418|Reactome:R-HSA-1606341|Reactome:R-HSA-162588|Reactome:R-HSA-162658|Reactome:R-HSA-163210|Reactome:R-HSA-1632852|Reactome:R-HSA-163358|Reactome:R-HSA-163359|Reactome:R-HSA-163767|Reactome:R-HSA-163841|Reactome:R-HSA-164378|Reactome:R-HSA-164944|Reactome:R-HSA-165054|Reactome:R-HSA-165159|Reactome:R-HSA-1655829|Reactome:R-HSA-166016|Reactome:R-HSA-1660499|Reactome:R-HSA-1660514|Reactome:R-HSA-1660661|Reactome:R-HSA-166208|Reactome:R-HSA-167044|Reactome:R-HSA-167152|Reactome:R-HSA-167158|Reactome:R-HSA-167160|Reactome:R-HSA-167161|Reactome:R-HSA-167162|Reactome:R-HSA-167172|Reactome:R-HSA-167200|Reactome:R-HSA-167246|Reactome:R-HSA-167590|Reactome:R-HSA-168333|Reactome:R-HSA-168638|Reactome:R-HSA-168928|Reactome:R-HSA-169911|Reactome:R-HSA-170660|Reactome:R-HSA-170670|Reactome:R-HSA-170968|Reactome:R-HSA-170984|Reactome:R-HSA-171007|Reactome:R-HSA-171319|Reactome:R-HSA-174084|Reactome:R-HSA-174113|Reactome:R-HSA-174154|Reactome:R-HSA-174178|Reactome:R-HSA-174184|Reactome:R-HSA-174362|Reactome:R-HSA-174411|Reactome:R-HSA-174414|Reactome:R-HSA-174437|Reactome:R-HSA-176187|Reactome:R-HSA-176974|Reactome:R-HSA-177504|Reactome:R-HSA-179812|Reactome:R-HSA-1799339|Reactome:R-HSA-180336|Reactome:R-HSA-180534|Reactome:R-HSA-180585|Reactome:R-HSA-180746|Reactome:R-HSA-1810476|Reactome:R-HSA-181429|Reactome:R-HSA-181430|Reactome:R-HSA-182971|Reactome:R-HSA-1834941|Reactome:R-HSA-1839117|Reactome:R-HSA-186763|Reactome:R-HSA-187577|Reactome:R-HSA-187706|Reactome:R-HSA-189451|Reactome:R-HSA-189483|Reactome:R-HSA-190873|Reactome:R-HSA-1912408|Reactome:R-HSA-1912420|Reactome:R-HSA-191273|Reactome:R-HSA-191650|Reactome:R-HSA-191859|Reactome:R-HSA-193368|Reactome:R-HSA-193634|Reactome:R-HSA-193648|Reactome:R-HSA-195253|Reactome:R-HSA-196025|Reactome:R-HSA-1963640|Reactome:R-HSA-196757|Reactome:R-HSA-196783|Reactome:R-HSA-196807|Reactome:R-HSA-198203|Reactome:R-HSA-1989781|Reactome:R-HSA-199992|Reactome:R-HSA-201722|Reactome:R-HSA-202040|Reactome:R-HSA-2022854|Reactome:R-HSA-2022870|Reactome:R-HSA-2022923|Reactome:R-HSA-2022928|Reactome:R-HSA-202424|Reactome:R-HSA-2028269|Reactome:R-HSA-2029482|Reactome:R-HSA-203641|Reactome:R-HSA-203927|Reactome:R-HSA-204005|Reactome:R-HSA-2046105|Reactome:R-HSA-2046106|Reactome:R-HSA-209563|Reactome:R-HSA-210500|Reactome:R-HSA-210993|Reactome:R-HSA-211733|Reactome:R-HSA-212676|Reactome:R-HSA-2132295|Reactome:R-HSA-2142691|Reactome:R-HSA-2142845|Reactome:R-HSA-2151201|Reactome:R-HSA-2161517|Reactome:R-HSA-2173791|Reactome:R-HSA-2179392|Reactome:R-HSA-2219530|Reactome:R-HSA-2299718|Reactome:R-HSA-2408550|Reactome:R-HSA-2408557|Reactome:R-HSA-2424491|Reactome:R-HSA-2426168|Reactome:R-HSA-2428933|Reactome:R-HSA-2453902|Reactome:R-HSA-2467813|Reactome:R-HSA-2468052|Reactome:R-HSA-2470946|Reactome:R-HSA-2485179|Reactome:R-HSA-2500257|Reactome:R-HSA-2514853|Reactome:R-HSA-2514859|Reactome:R-HSA-2559580|Reactome:R-HSA-2559584|Reactome:R-HSA-2559585|Reactome:R-HSA-2559586|Reactome:R-HSA-2564830|Reactome:R-HSA-2565942|Reactome:R-HSA-264642|Reactome:R-HSA-264876|Reactome:R-HSA-2871796|Reactome:R-HSA-2871837|Reactome:R-HSA-3000170|Reactome:R-HSA-3108214|Reactome:R-HSA-3134963|Reactome:R-HSA-3134975|Reactome:R-HSA-3214815|Reactome:R-HSA-3214847|Reactome:R-HSA-3214858|Reactome:R-HSA-3247509|Reactome:R-HSA-3270619|Reactome:R-HSA-3359475|Reactome:R-HSA-3359478|Reactome:R-HSA-3371497|Reactome:R-HSA-3371511|Reactome:R-HSA-349425|Reactome:R-HSA-350562|Reactome:R-HSA-351906|Reactome:R-HSA-354192|Reactome:R-HSA-354194|Reactome:R-HSA-3560796|Reactome:R-HSA-3595172|Reactome:R-HSA-3656225|Reactome:R-HSA-372708|Reactome:R-HSA-373752|Reactome:R-HSA-373753|Reactome:R-HSA-375165|Reactome:R-HSA-3769402|Reactome:R-HSA-380259|Reactome:R-HSA-380270|Reactome:R-HSA-380284|Reactome:R-HSA-380320|Reactome:R-HSA-380972|Reactome:R-HSA-381038|Reactome:R-HSA-381042|Reactome:R-HSA-381340|Reactome:R-HSA-381676|Reactome:R-HSA-381753|Reactome:R-HSA-381771|Reactome:R-HSA-382556|Reactome:R-HSA-389359|Reactome:R-HSA-3899300|Reactome:R-HSA-389977|Reactome:R-HSA-390247|Reactome:R-HSA-390471|Reactome:R-HSA-390522|Reactome:R-HSA-392170|Reactome:R-HSA-392451|Reactome:R-HSA-392517|Reactome:R-HSA-392851|Reactome:R-HSA-3928662|Reactome:R-HSA-3928663|Reactome:R-HSA-3928664|Reactome:R-HSA-3928665|Reactome:R-HSA-399719|Reactome:R-HSA-399954|Reactome:R-HSA-399955|Reactome:R-HSA-399997|Reactome:R-HSA-400042|Reactome:R-HSA-400206|Reactome:R-HSA-4086398|Reactome:R-HSA-4086400|Reactome:R-HSA-416476|Reactome:R-HSA-416482|Reactome:R-HSA-416550|Reactome:R-HSA-416572|Reactome:R-HSA-416993|Reactome:R-HSA-418555|Reactome:R-HSA-418592|Reactome:R-HSA-418594|Reactome:R-HSA-418597|Reactome:R-HSA-418885|Reactome:R-HSA-418889|Reactome:R-HSA-419037|Reactome:R-HSA-420029|Reactome:R-HSA-420092|Reactome:R-HSA-422356|Reactome:R-HSA-426486|Reactome:R-HSA-427389|Reactome:R-HSA-427413|Reactome:R-HSA-428540|Reactome:R-HSA-428543|Reactome:R-HSA-428930|Reactome:R-HSA-429947|Reactome:R-HSA-429958|Reactome:R-HSA-430039|Reactome:R-HSA-432040|Reactome:R-HSA-432720|Reactome:R-HSA-432722|Reactome:R-HSA-434316|Reactome:R-HSA-437239|Reactome:R-HSA-438066|Reactome:R-HSA-4420097|Reactome:R-HSA-442982|Reactome:R-HSA-445144|Reactome:R-HSA-445355|Reactome:R-HSA-445989|Reactome:R-HSA-447038|Reactome:R-HSA-450302|Reactome:R-HSA-450321|Reactome:R-HSA-450408|Reactome:R-HSA-451308|Reactome:R-HSA-4551638|Reactome:R-HSA-456926|Reactome:R-HSA-4608870|Reactome:R-HSA-4641257|Reactome:R-HSA-4641258|Reactome:R-HSA-499943|Reactome:R-HSA-5205685|Reactome:R-HSA-5218920|Reactome:R-HSA-5218921|Reactome:R-HSA-5250924|Reactome:R-HSA-525793|Reactome:R-HSA-532668|Reactome:R-HSA-5336415|Reactome:R-HSA-5358346|Reactome:R-HSA-5358493|Reactome:R-HSA-5358565|Reactome:R-HSA-5358606|Reactome:R-HSA-5362768|Reactome:R-HSA-5368286|Reactome:R-HSA-5389840|Reactome:R-HSA-5419276|Reactome:R-HSA-5576892|Reactome:R-HSA-5576893|Reactome:R-HSA-5578749|Reactome:R-HSA-5578775|Reactome:R-HSA-5601884|Reactome:R-HSA-5607761|Reactome:R-HSA-5607764|Reactome:R-HSA-5610780|Reactome:R-HSA-5610783|Reactome:R-HSA-5610785|Reactome:R-HSA-5610787|Reactome:R-HSA-5620912|Reactome:R-HSA-5620916|Reactome:R-HSA-5620922|Reactome:R-HSA-5620924|Reactome:R-HSA-5621480|Reactome:R-HSA-5621575|Reactome:R-HSA-5624138|Reactome:R-HSA-5624958|Reactome:R-HSA-5625740|Reactome:R-HSA-5625900|Reactome:R-HSA-5625970|Reactome:R-HSA-5626467|Reactome:R-HSA-5627083|Reactome:R-HSA-5627117|Reactome:R-HSA-5627123|Reactome:R-HSA-5628897|Reactome:R-HSA-5632684|Reactome:R-HSA-5632927|Reactome:R-HSA-5632928|Reactome:R-HSA-5632968|Reactome:R-HSA-5635838|Reactome:R-HSA-5637810|Reactome:R-HSA-5649702|Reactome:R-HSA-5651801|Reactome:R-HSA-5654688|Reactome:R-HSA-5654693|Reactome:R-HSA-5654699|Reactome:R-HSA-5654700|Reactome:R-HSA-5654704|Reactome:R-HSA-5654706|Reactome:R-HSA-5654712|Reactome:R-HSA-5654719|Reactome:R-HSA-5655253|Reactome:R-HSA-5655291|Reactome:R-HSA-5655302|Reactome:R-HSA-5655332|Reactome:R-HSA-5655862|Reactome:R-HSA-5656121|Reactome:R-HSA-5656169|Reactome:R-HSA-5658442|Reactome:R-HSA-5663213|Reactome:R-HSA-5663220|Reactome:R-HSA-5666185|Reactome:R-HSA-5668541|Reactome:R-HSA-5668599|Reactome:R-HSA-5673000|Reactome:R-HSA-5673001|Reactome:R-HSA-5674135|Reactome:R-HSA-5675221|Reactome:R-HSA-5676590|Reactome:R-HSA-5678420|Reactome:R-HSA-5678520|Reactome:R-HSA-5678771|Reactome:R-HSA-5678895|Reactome:R-HSA-5679001|Reactome:R-HSA-5679090|Reactome:R-HSA-5679096|Reactome:R-HSA-5682113|Reactome:R-HSA-5682294|Reactome:R-HSA-5682910|Reactome:R-HSA-5683177|Reactome:R-HSA-5683329|Reactome:R-HSA-5683371|Reactome:R-HSA-5683678|Reactome:R-HSA-5683826|Reactome:R-HSA-5684045|Reactome:R-HSA-5685938|Reactome:R-HSA-5685939|Reactome:R-HSA-5685942|Reactome:R-HSA-5687128|Reactome:R-HSA-5688399|Reactome:R-HSA-5689603|Reactome:R-HSA-5689877|Reactome:R-HSA-5689880|Reactome:R-HSA-5689896|Reactome:R-HSA-5689901|Reactome:R-HSA-5690338|Reactome:R-HSA-5693548|Reactome:R-HSA-5693554|Reactome:R-HSA-5693565|Reactome:R-HSA-5693568|Reactome:R-HSA-5693571|Reactome:R-HSA-5693579|Reactome:R-HSA-5693607|Reactome:R-HSA-5693616|Reactome:R-HSA-5694530|Reactome:R-HSA-5696394|Reactome:R-HSA-5696395|Reactome:R-HSA-5696397|Reactome:R-HSA-5696400|Reactome:R-HSA-606279|Reactome:R-HSA-611105|Reactome:R-HSA-674695|Reactome:R-HSA-6781823|Reactome:R-HSA-6781827|Reactome:R-HSA-6782135|Reactome:R-HSA-6782210|Reactome:R-HSA-6782315|Reactome:R-HSA-6783310|Reactome:R-HSA-6784531|Reactome:R-HSA-6785631|Reactome:R-HSA-6785807|Reactome:R-HSA-6787450|Reactome:R-HSA-6790901|Reactome:R-HSA-6791226|Reactome:R-HSA-6794361|Reactome:R-HSA-6796648|Reactome:R-HSA-6798695|Reactome:R-HSA-6799198|Reactome:R-HSA-6802946|Reactome:R-HSA-6802948|Reactome:R-HSA-6802952|Reactome:R-HSA-6802953|Reactome:R-HSA-6802955|Reactome:R-HSA-6803207|Reactome:R-HSA-6804756|Reactome:R-HSA-6804758|Reactome:R-HSA-6807878|Reactome:R-HSA-6811434|Reactome:R-HSA-6811436|Reactome:R-HSA-6811438|Reactome:R-HSA-6811440|Reactome:R-HSA-6811558|Reactome:R-HSA-6814122|Reactome:R-HSA-68616|Reactome:R-HSA-68689|Reactome:R-HSA-68867|Reactome:R-HSA-68877|Reactome:R-HSA-68884|Reactome:R-HSA-68949|Reactome:R-HSA-68962|Reactome:R-HSA-69017|Reactome:R-HSA-69052|Reactome:R-HSA-69091|Reactome:R-HSA-69166|Reactome:R-HSA-69205|Reactome:R-HSA-69473|Reactome:R-HSA-69481|Reactome:R-HSA-69601|Reactome:R-HSA-71032|Reactome:R-HSA-72086|Reactome:R-HSA-72163|Reactome:R-HSA-72165|Reactome:R-HSA-72187|Reactome:R-HSA-72203|Reactome:R-HSA-72649|Reactome:R-HSA-72662|Reactome:R-HSA-72695|Reactome:R-HSA-72702|Reactome:R-HSA-72706|Reactome:R-HSA-72731|Reactome:R-HSA-72764|Reactome:R-HSA-73614|Reactome:R-HSA-73762|Reactome:R-HSA-73772|Reactome:R-HSA-73776|Reactome:R-HSA-73779|Reactome:R-HSA-73817|Reactome:R-HSA-73856|Reactome:R-HSA-73863|Reactome:R-HSA-74217|Reactome:R-HSA-74751|Reactome:R-HSA-75153|Reactome:R-HSA-75815|Reactome:R-HSA-75953|Reactome:R-HSA-75955|Reactome:R-HSA-76042|Reactome:R-HSA-77075|Reactome:R-HSA-77387|Reactome:R-HSA-77595|Reactome:R-HSA-83936|Reactome:R-HSA-844455|Reactome:R-HSA-844456|Reactome:R-HSA-844623|Reactome:R-HSA-877300|Reactome:R-HSA-8849471|Reactome:R-HSA-8849932|Reactome:R-HSA-8851805|Reactome:R-HSA-8852276|Reactome:R-HSA-8853884|Reactome:R-HSA-8854050|Reactome:R-HSA-8854214|Reactome:R-HSA-8854518|Reactome:R-HSA-8856825|Reactome:R-HSA-8856828|Reactome:R-HSA-8857538|Reactome:R-HSA-8866654|Reactome:R-HSA-8866910|Reactome:R-HSA-8873719|Reactome:R-HSA-8875555|Reactome:R-HSA-8875656|Reactome:R-HSA-8876198|Reactome:R-HSA-8876725|Reactome:R-HSA-888590|Reactome:R-HSA-8934593|Reactome:R-HSA-8935964|Reactome:R-HSA-8936459|Reactome:R-HSA-8939236|Reactome:R-HSA-8939243|Reactome:R-HSA-8939902|Reactome:R-HSA-8941858|Reactome:R-HSA-8943723|Reactome:R-HSA-8943724|Reactome:R-HSA-8948700|Reactome:R-HSA-8948751|Reactome:R-HSA-8949613|Reactome:R-HSA-8949664|Reactome:R-HSA-8950505|Reactome:R-HSA-8951664|Reactome:R-HSA-8951936|Reactome:R-HSA-8953750|Reactome:R-HSA-8963888|Reactome:R-HSA-8963896|Reactome:R-HSA-8964058|Reactome:R-HSA-8964616|Reactome:R-HSA-8980692|Reactome:R-HSA-8983711|Reactome:R-HSA-8985586|Reactome:R-HSA-8986944|Reactome:R-HSA-9009391|Reactome:R-HSA-9010553|Reactome:R-HSA-9013026|Reactome:R-HSA-9013106|Reactome:R-HSA-9013148|Reactome:R-HSA-9013149|Reactome:R-HSA-9013404|Reactome:R-HSA-9013405|Reactome:R-HSA-9013406|Reactome:R-HSA-9013407|Reactome:R-HSA-9013408|Reactome:R-HSA-9013409|Reactome:R-HSA-9013418|Reactome:R-HSA-9013419|Reactome:R-HSA-9013420|Reactome:R-HSA-9013422|Reactome:R-HSA-9013423|Reactome:R-HSA-9013424|Reactome:R-HSA-9013425|Reactome:R-HSA-9018519|Reactome:R-HSA-9020702|Reactome:R-HSA-9022692|Reactome:R-HSA-9026519|Reactome:R-HSA-9027284|Reactome:R-HSA-9028731|Reactome:R-HSA-9029569|Reactome:R-HSA-9031628|Reactome:R-HSA-9032759|Reactome:R-HSA-9032845|Reactome:R-HSA-9033241|Reactome:R-HSA-9034864|Reactome:R-HSA-9035034|Reactome:R-HSA-909733|Reactome:R-HSA-912446|Reactome:R-HSA-913709|Reactome:R-HSA-917729|Reactome:R-HSA-917937|Reactome:R-HSA-917977|Reactome:R-HSA-918233|Reactome:R-HSA-933541|Reactome:R-HSA-933542|Reactome:R-HSA-933543|Reactome:R-HSA-936440|Reactome:R-HSA-9603798|Reactome:R-HSA-9604323|Reactome:R-HSA-9607240|Reactome:R-HSA-9609523|Reactome:R-HSA-9609690|Reactome:R-HSA-9609736|Reactome:R-HSA-9610379|Reactome:R-HSA-9613829|Reactome:R-HSA-9615017|Reactome:R-HSA-9615710|Reactome:R-HSA-9615933|Reactome:R-HSA-9617324|Reactome:R-HSA-9619229|Reactome:R-HSA-9619665|Reactome:R-HSA-9620244|Reactome:R-HSA-9627069|Reactome:R-HSA-9629569|Reactome:R-HSA-9633012|Reactome:R-HSA-9634285|Reactome:R-HSA-9634597|Reactome:R-HSA-9634600|Reactome:R-HSA-9634635|Reactome:R-HSA-9635465|Reactome:R-HSA-9636383|Reactome:R-HSA-9636569|Reactome:R-HSA-9638334|Reactome:R-HSA-9638482|Reactome:R-HSA-9639288|Reactome:R-HSA-9646399|Reactome:R-HSA-9648002|Reactome:R-HSA-9648025|Reactome:R-HSA-9648895|Reactome:R-HSA-9649948|Reactome:R-HSA-9656223|Reactome:R-HSA-9660821|Reactome:R-HSA-9660826|Reactome:R-HSA-9662360|Reactome:R-HSA-9662361|Reactome:R-HSA-9662834|Reactome:R-HSA-9664422|Reactome:R-HSA-9664565|Reactome:R-HSA-9665348|Reactome:R-HSA-9665686|Reactome:R-HSA-9668328|Reactome:R-HSA-9670095|Reactome:R-HSA-9670439|Reactome:R-HSA-9670613|Reactome:R-HSA-9670615|Reactome:R-HSA-9673324|Reactome:R-HSA-9673767|Reactome:R-HSA-9673770|Reactome:R-HSA-9674519|Reactome:R-HSA-9674555|Reactome:R-HSA-9678110|Reactome:R-HSA-9679191|Reactome:R-HSA-9679504|Reactome:R-HSA-9680350|Reactome:R-HSA-9682706|Reactome:R-HSA-9682708|Reactome:R-HSA-9683439|Reactome:R-HSA-9684325|Reactome:R-HSA-9692912|Reactome:R-HSA-9692916|Reactome:R-HSA-9694271|Reactome:R-HSA-9694301|Reactome:R-HSA-9694614|Reactome:R-HSA-9694676|Reactome:R-HSA-9694686|Reactome:R-HSA-9694786|Reactome:R-HSA-9696264|Reactome:R-HSA-9696270|Reactome:R-HSA-9696273|Reactome:R-HSA-9701192|Reactome:R-HSA-9703465|Reactome:R-HSA-9703648|Reactome:R-HSA-9704331|Reactome:R-HSA-9704646|Reactome:R-HSA-9705671|Reactome:R-HSA-9705677|Reactome:R-HSA-9706019|Reactome:R-HSA-9707564|Reactome:R-HSA-9707616|Reactome:R-HSA-9708296|Reactome:R-HSA-9709570|Reactome:R-HSA-9709603|Reactome:R-HSA-9717207|Reactome:R-HSA-9725370|Reactome:R-HSA-9725371|Reactome:R-HSA-9725554|Reactome:R-HSA-9726840|Reactome:R-HSA-9726842|Reactome:R-HSA-9735869|Reactome:R-HSA-9735871|Reactome:R-HSA-9748787|Reactome:R-HSA-9749641|Reactome:R-HSA-9753281|Reactome:R-HSA-9753510|Reactome:R-HSA-9753512|Reactome:R-HSA-9754560|Reactome:R-HSA-9754678|Reactome:R-HSA-9754706|Reactome:R-HSA-9755511|Reactome:R-HSA-9757110|Reactome:R-HSA-9758274|Reactome:R-HSA-9758881|Reactome:R-HSA-9758890|Reactome:R-HSA-9759218|Reactome:R-HSA-975956|Reactome:R-HSA-975957|Reactome:R-HSA-9759811|Reactome:R-HSA-9760173|Reactome:R-HSA-9762114|Reactome:R-HSA-9764562|Reactome:R-HSA-9764725|Reactome:R-HSA-9766229|Reactome:R-HSA-9768778|Reactome:R-HSA-9768919|Reactome:R-HSA-9793528|Reactome:R-HSA-9818027|Reactome:R-HSA-9818032|Reactome:R-HSA-9820841|Reactome:R-HSA-9820865|Reactome:R-HSA-9820960|Reactome:R-HSA-9824272|Reactome:R-HSA-9824585|Reactome:R-HSA-9824594|Reactome:R-HSA-9825895|Reactome:R-HSA-983168|Reactome:R-HSA-983170|Reactome:R-HSA-983189|Reactome:R-HSA-983231|Reactome:R-HSA-9833109|Reactome:R-HSA-9833110|Reactome:R-HSA-9833482|Reactome:R-HSA-9836573|Reactome:R-HSA-983712|Reactome:R-HSA-9837999|Reactome:R-HSA-9839394|Reactome:R-HSA-9840309|Reactome:R-HSA-9840373|Reactome:R-HSA-9841251|Reactome:R-HSA-9843940|Reactome:R-HSA-9843970|Reactome:R-HSA-9844594|Reactome:R-HSA-9845323|Reactome:R-HSA-9845576|Reactome:R-HSA-9856530|Reactome:R-HSA-9856532|Reactome:R-HSA-9857377|Reactome:R-HSA-9860927|Reactome:R-HSA-9865881|Reactome:R-HSA-9907900|Reactome:R-HSA-9909505|Reactome:R-HSA-9913143|Reactome:R-HSA-9913635|Reactome:R-HSA-9918454|Reactome:R-HSA-9925563|Reactome:R-HSA-9927020|Reactome:R-HSA-9927432|Reactome:R-HSA-9930044|Reactome:R-HSA-9931509|Reactome:R-HSA-9931953|Reactome:R-HSA-9932298|Reactome:R-HSA-9933387|Reactome:R-HSA-9933937|Reactome:R-HSA-9933939|Reactome:R-HSA-9933946|Reactome:R-HSA-9933947|Reactome:R-HSA-9934037|Reactome:R-HSA-9937383|Reactome:R-MMU-110312|Reactome:R-MMU-110314|Reactome:R-MMU-110320|Reactome:R-MMU-111457|Reactome:R-MMU-111458|Reactome:R-MMU-111459|Reactome:R-MMU-111469|Reactome:R-MMU-112043|Reactome:R-MMU-112308|Reactome:R-MMU-112382|Reactome:R-MMU-113418|Reactome:R-MMU-114604|Reactome:R-MMU-114608|Reactome:R-MMU-1169091|Reactome:R-MMU-1169092|Reactome:R-MMU-1169408|Reactome:R-MMU-1222556|Reactome:R-MMU-1234176|Reactome:R-MMU-1236974|Reactome:R-MMU-1236978|Reactome:R-MMU-1250347|Reactome:R-MMU-1257604|Reactome:R-MMU-1266695|Reactome:R-MMU-1268020|Reactome:R-MMU-1296025|Reactome:R-MMU-1369007|Reactome:R-MMU-1369062|Reactome:R-MMU-141444|Reactome:R-MMU-1433557|Reactome:R-MMU-156584|Reactome:R-MMU-156827|Reactome:R-MMU-156842|Reactome:R-MMU-156902|Reactome:R-MMU-159236|Reactome:R-MMU-159418|Reactome:R-MMU-162658|Reactome:R-MMU-163210|Reactome:R-MMU-1632852|Reactome:R-MMU-163841|Reactome:R-MMU-165159|Reactome:R-MMU-1655829|Reactome:R-MMU-166016|Reactome:R-MMU-1660499|Reactome:R-MMU-1660514|Reactome:R-MMU-1660661|Reactome:R-MMU-166208|Reactome:R-MMU-168638|Reactome:R-MMU-169911|Reactome:R-MMU-170660|Reactome:R-MMU-170670|Reactome:R-MMU-170968|Reactome:R-MMU-170984|Reactome:R-MMU-171007|Reactome:R-MMU-171319|Reactome:R-MMU-174084|Reactome:R-MMU-174154|Reactome:R-MMU-174178|Reactome:R-MMU-174184|Reactome:R-MMU-174362|Reactome:R-MMU-174411|Reactome:R-MMU-174414|Reactome:R-MMU-174437|Reactome:R-MMU-176187|Reactome:R-MMU-179812|Reactome:R-MMU-1799339|Reactome:R-MMU-180336|Reactome:R-MMU-1810476|Reactome:R-MMU-181429|Reactome:R-MMU-181430|Reactome:R-MMU-182971|Reactome:R-MMU-1834941|Reactome:R-MMU-186763|Reactome:R-MMU-187577|Reactome:R-MMU-189451|Reactome:R-MMU-189483|Reactome:R-MMU-190873|Reactome:R-MMU-191273|Reactome:R-MMU-191650|Reactome:R-MMU-191859|Reactome:R-MMU-193368|Reactome:R-MMU-193634|Reactome:R-MMU-193648|Reactome:R-MMU-195253|Reactome:R-MMU-196025|Reactome:R-MMU-1963640|Reactome:R-MMU-196757|Reactome:R-MMU-196783|Reactome:R-MMU-196807|Reactome:R-MMU-198203|Reactome:R-MMU-199992|Reactome:R-MMU-201722|Reactome:R-MMU-202040|Reactome:R-MMU-2022854|Reactome:R-MMU-2022870|Reactome:R-MMU-2022923|Reactome:R-MMU-2022928|Reactome:R-MMU-202424|Reactome:R-MMU-2028269|Reactome:R-MMU-2029482|Reactome:R-MMU-203641|Reactome:R-MMU-203927|Reactome:R-MMU-204005|Reactome:R-MMU-2046105|Reactome:R-MMU-2046106|Reactome:R-MMU-209563|Reactome:R-MMU-210500|Reactome:R-MMU-210993|Reactome:R-MMU-212676|Reactome:R-MMU-2132295|Reactome:R-MMU-2142691|Reactome:R-MMU-2142845|Reactome:R-MMU-2173791|Reactome:R-MMU-2179392|Reactome:R-MMU-2299718|Reactome:R-MMU-2424491|Reactome:R-MMU-2453902|Reactome:R-MMU-2467813|Reactome:R-MMU-2468052|Reactome:R-MMU-2470946|Reactome:R-MMU-2485179|Reactome:R-MMU-2500257|Reactome:R-MMU-2514853|Reactome:R-MMU-2514859|Reactome:R-MMU-2559584|Reactome:R-MMU-2559586|Reactome:R-MMU-2565942|Reactome:R-MMU-264642|Reactome:R-MMU-2871796|Reactome:R-MMU-2871837|Reactome:R-MMU-3108214|Reactome:R-MMU-3134963|Reactome:R-MMU-3134975|Reactome:R-MMU-3214815|Reactome:R-MMU-3214858|Reactome:R-MMU-3247509|Reactome:R-MMU-3270619|Reactome:R-MMU-3371497|Reactome:R-MMU-3371511|Reactome:R-MMU-349425|Reactome:R-MMU-350562|Reactome:R-MMU-351906|Reactome:R-MMU-354192|Reactome:R-MMU-354194|Reactome:R-MMU-372708|Reactome:R-MMU-373753|Reactome:R-MMU-375165|Reactome:R-MMU-3769402|Reactome:R-MMU-380259|Reactome:R-MMU-380270|Reactome:R-MMU-380284|Reactome:R-MMU-380320|Reactome:R-MMU-380972|Reactome:R-MMU-381042|Reactome:R-MMU-381676|Reactome:R-MMU-381753|Reactome:R-MMU-381771|Reactome:R-MMU-382556|Reactome:R-MMU-389359|Reactome:R-MMU-3899300|Reactome:R-MMU-390247|Reactome:R-MMU-390522|Reactome:R-MMU-392170|Reactome:R-MMU-392451|Reactome:R-MMU-392517|Reactome:R-MMU-392851|Reactome:R-MMU-3928662|Reactome:R-MMU-3928663|Reactome:R-MMU-3928664|Reactome:R-MMU-3928665|Reactome:R-MMU-399719|Reactome:R-MMU-399954|Reactome:R-MMU-399997|Reactome:R-MMU-400042|Reactome:R-MMU-400206|Reactome:R-MMU-4086398|Reactome:R-MMU-4086400|Reactome:R-MMU-416476|Reactome:R-MMU-416482|Reactome:R-MMU-416550|Reactome:R-MMU-416572|Reactome:R-MMU-416993|Reactome:R-MMU-418555|Reactome:R-MMU-418592|Reactome:R-MMU-418594|Reactome:R-MMU-418597|Reactome:R-MMU-418885|Reactome:R-MMU-420092|Reactome:R-MMU-422356|Reactome:R-MMU-426486|Reactome:R-MMU-428930|Reactome:R-MMU-429947|Reactome:R-MMU-429958|Reactome:R-MMU-430039|Reactome:R-MMU-432040|Reactome:R-MMU-432720|Reactome:R-MMU-432722|Reactome:R-MMU-434316|Reactome:R-MMU-437239|Reactome:R-MMU-438066|Reactome:R-MMU-4420097|Reactome:R-MMU-445144|Reactome:R-MMU-445355|Reactome:R-MMU-445989|Reactome:R-MMU-450302|Reactome:R-MMU-450321|Reactome:R-MMU-450408|Reactome:R-MMU-451308|Reactome:R-MMU-456926|Reactome:R-MMU-4608870|Reactome:R-MMU-4641257|Reactome:R-MMU-4641258|Reactome:R-MMU-499943|Reactome:R-MMU-5205685|Reactome:R-MMU-5218920|Reactome:R-MMU-5218921|Reactome:R-MMU-5250924|Reactome:R-MMU-525793|Reactome:R-MMU-532668|Reactome:R-MMU-5358346|Reactome:R-MMU-5358493|Reactome:R-MMU-5358565|Reactome:R-MMU-5358606|Reactome:R-MMU-5389840|Reactome:R-MMU-5419276|Reactome:R-MMU-5576892|Reactome:R-MMU-5576893|Reactome:R-MMU-5578749|Reactome:R-MMU-5578775|Reactome:R-MMU-5607761|Reactome:R-MMU-5607764|Reactome:R-MMU-5610780|Reactome:R-MMU-5610785|Reactome:R-MMU-5610787|Reactome:R-MMU-5620912|Reactome:R-MMU-5620916|Reactome:R-MMU-5620922|Reactome:R-MMU-5620924|Reactome:R-MMU-5621575|Reactome:R-MMU-5624138|Reactome:R-MMU-5624958|Reactome:R-MMU-5625740|Reactome:R-MMU-5625900|Reactome:R-MMU-5625970|Reactome:R-MMU-5626467|Reactome:R-MMU-5627083|Reactome:R-MMU-5627117|Reactome:R-MMU-5627123|Reactome:R-MMU-5628897|Reactome:R-MMU-5632684|Reactome:R-MMU-5635838|Reactome:R-MMU-5649702|Reactome:R-MMU-5651801|Reactome:R-MMU-5654688|Reactome:R-MMU-5654693|Reactome:R-MMU-5654699|Reactome:R-MMU-5654700|Reactome:R-MMU-5654704|Reactome:R-MMU-5654706|Reactome:R-MMU-5654712|Reactome:R-MMU-5654719|Reactome:R-MMU-5655862|Reactome:R-MMU-5656121|Reactome:R-MMU-5656169|Reactome:R-MMU-5658442|Reactome:R-MMU-5663213|Reactome:R-MMU-5663220|Reactome:R-MMU-5666185|Reactome:R-MMU-5668541|Reactome:R-MMU-5668599|Reactome:R-MMU-5673000|Reactome:R-MMU-5673001|Reactome:R-MMU-5674135|Reactome:R-MMU-5675221|Reactome:R-MMU-5676590|Reactome:R-MMU-5682910|Reactome:R-MMU-5683826|Reactome:R-MMU-5685938|Reactome:R-MMU-5685939|Reactome:R-MMU-5685942|Reactome:R-MMU-5687128|Reactome:R-MMU-5689603|Reactome:R-MMU-5689877|Reactome:R-MMU-5689880|Reactome:R-MMU-5689896|Reactome:R-MMU-5689901|Reactome:R-MMU-5693548|Reactome:R-MMU-5693565|Reactome:R-MMU-5693568|Reactome:R-MMU-5693571|Reactome:R-MMU-5693579|Reactome:R-MMU-5693607|Reactome:R-MMU-5693616|Reactome:R-MMU-5694530|Reactome:R-MMU-5696394|Reactome:R-MMU-5696395|Reactome:R-MMU-5696397|Reactome:R-MMU-5696400|Reactome:R-MMU-606279|Reactome:R-MMU-611105|Reactome:R-MMU-674695|Reactome:R-MMU-6781823|Reactome:R-MMU-6782135|Reactome:R-MMU-6782210|Reactome:R-MMU-6783310|Reactome:R-MMU-6785631|Reactome:R-MMU-6791226|Reactome:R-MMU-6794361|Reactome:R-MMU-6796648|Reactome:R-MMU-6798695|Reactome:R-MMU-6799198|Reactome:R-MMU-6804756|Reactome:R-MMU-6804758|Reactome:R-MMU-6807878|Reactome:R-MMU-6811434|Reactome:R-MMU-6811436|Reactome:R-MMU-6811438|Reactome:R-MMU-6811440|Reactome:R-MMU-6811558|Reactome:R-MMU-6814122|Reactome:R-MMU-68616|Reactome:R-MMU-68689|Reactome:R-MMU-68867|Reactome:R-MMU-68877|Reactome:R-MMU-68884|Reactome:R-MMU-68949|Reactome:R-MMU-68962|Reactome:R-MMU-69017|Reactome:R-MMU-69052|Reactome:R-MMU-69091|Reactome:R-MMU-69166|Reactome:R-MMU-69473|Reactome:R-MMU-69481|Reactome:R-MMU-69601|Reactome:R-MMU-71032|Reactome:R-MMU-72086|Reactome:R-MMU-72163|Reactome:R-MMU-72165|Reactome:R-MMU-72187|Reactome:R-MMU-72203|Reactome:R-MMU-72649|Reactome:R-MMU-72662|Reactome:R-MMU-72695|Reactome:R-MMU-72702|Reactome:R-MMU-72706|Reactome:R-MMU-72731|Reactome:R-MMU-72764|Reactome:R-MMU-73614|Reactome:R-MMU-73762|Reactome:R-MMU-73772|Reactome:R-MMU-73776|Reactome:R-MMU-73779|Reactome:R-MMU-73817|Reactome:R-MMU-73856|Reactome:R-MMU-73863|Reactome:R-MMU-74217|Reactome:R-MMU-75153|Reactome:R-MMU-75815|Reactome:R-MMU-75953|Reactome:R-MMU-75955|Reactome:R-MMU-76042|Reactome:R-MMU-77075|Reactome:R-MMU-77387|Reactome:R-MMU-77595|Reactome:R-MMU-83936|Reactome:R-MMU-844455|Reactome:R-MMU-844456|Reactome:R-MMU-8849471|Reactome:R-MMU-8849932|Reactome:R-MMU-8851805|Reactome:R-MMU-8852276|Reactome:R-MMU-8854050|Reactome:R-MMU-8854214|Reactome:R-MMU-8854518|Reactome:R-MMU-8856825|Reactome:R-MMU-8856828|Reactome:R-MMU-8857538|Reactome:R-MMU-8866654|Reactome:R-MMU-8866910|Reactome:R-MMU-8873719|Reactome:R-MMU-8875555|Reactome:R-MMU-8875656|Reactome:R-MMU-8876198|Reactome:R-MMU-8876725|Reactome:R-MMU-888590|Reactome:R-MMU-8939236|Reactome:R-MMU-8939243|Reactome:R-MMU-8939902|Reactome:R-MMU-8941858|Reactome:R-MMU-8943724|Reactome:R-MMU-8948751|Reactome:R-MMU-8949613|Reactome:R-MMU-8949664|Reactome:R-MMU-8951664|Reactome:R-MMU-8963888|Reactome:R-MMU-8963896|Reactome:R-MMU-8964058|Reactome:R-MMU-8964616|Reactome:R-MMU-8980692|Reactome:R-MMU-8983711|Reactome:R-MMU-8985586|Reactome:R-MMU-9009391|Reactome:R-MMU-9013026|Reactome:R-MMU-9013106|Reactome:R-MMU-9013148|Reactome:R-MMU-9013149|Reactome:R-MMU-9013404|Reactome:R-MMU-9013405|Reactome:R-MMU-9013406|Reactome:R-MMU-9013407|Reactome:R-MMU-9013408|Reactome:R-MMU-9013409|Reactome:R-MMU-9013418|Reactome:R-MMU-9013419|Reactome:R-MMU-9013420|Reactome:R-MMU-9013422|Reactome:R-MMU-9013423|Reactome:R-MMU-9013424|Reactome:R-MMU-9013425|Reactome:R-MMU-9018519|Reactome:R-MMU-9020702|Reactome:R-MMU-9029569|Reactome:R-MMU-9031628|Reactome:R-MMU-9032759|Reactome:R-MMU-9033241|Reactome:R-MMU-9035034|Reactome:R-MMU-909733|Reactome:R-MMU-912446|Reactome:R-MMU-913709|Reactome:R-MMU-917729|Reactome:R-MMU-917937|Reactome:R-MMU-917977|Reactome:R-MMU-933542|Reactome:R-MMU-936440|Reactome:R-MMU-9603798|Reactome:R-MMU-9607240|Reactome:R-MMU-9615933|Reactome:R-MMU-9627069|Reactome:R-MMU-9629569|Reactome:R-MMU-9634597|Reactome:R-MMU-9634600|Reactome:R-MMU-9634635|Reactome:R-MMU-9639288|Reactome:R-MMU-9646399|Reactome:R-MMU-9648002|Reactome:R-MMU-9648025|Reactome:R-MMU-9668328|Reactome:R-MMU-9670095|Reactome:R-MMU-9674555|Reactome:R-MMU-9696264|Reactome:R-MMU-9696270|Reactome:R-MMU-9696273|Reactome:R-MMU-9706019|Reactome:R-MMU-9707564|Reactome:R-MMU-9717207|Reactome:R-MMU-9748787|Reactome:R-MMU-9749641|Reactome:R-MMU-9753281|Reactome:R-MMU-9754706|Reactome:R-MMU-9755511|Reactome:R-MMU-9757110|Reactome:R-MMU-9758274|Reactome:R-MMU-9758881|Reactome:R-MMU-9758890|Reactome:R-MMU-9759218|Reactome:R-MMU-975956|Reactome:R-MMU-975957|Reactome:R-MMU-9762114|Reactome:R-MMU-9764725|Reactome:R-MMU-9766229|Reactome:R-MMU-9793528|Reactome:R-MMU-9824585|Reactome:R-MMU-983168|Reactome:R-MMU-983170|Reactome:R-MMU-983189|Reactome:R-MMU-983231|Reactome:R-MMU-9833482|Reactome:R-MMU-983712|Reactome:R-MMU-9837999|Reactome:R-MMU-9840309|Reactome:R-MMU-9840373|Reactome:R-MMU-9845576|Reactome:R-MMU-9856530|Reactome:R-MMU-9860927|Reactome:R-MMU-9907900|Reactome:R-MMU-9909505|Reactome:R-MMU-9913635|Reactome:R-MMU-9930044|Reactome:R-MMU-9932298|Reactome:R-MMU-9933937|Reactome:R-MMU-9933939|Reactome:R-MMU-9933946|Reactome:R-MMU-9933947|Reactome:R-MMU-9934037|Reactome:R-MMU-9937383|Reactome:R-MTU-936635|Reactome:R-MTU-964903|Reactome:R-PFA-1222556|Reactome:R-PFA-159418|Reactome:R-PFA-1660499|Reactome:R-PFA-1660514|Reactome:R-PFA-193368|Reactome:R-PFA-199992|Reactome:R-PFA-2299718|Reactome:R-PFA-2514853|Reactome:R-PFA-3371497|Reactome:R-PFA-382556|Reactome:R-PFA-499943|Reactome:R-PFA-5620916|Reactome:R-PFA-5693548|Reactome:R-PFA-5693565|Reactome:R-PFA-6798695|Reactome:R-PFA-6807878|Reactome:R-PFA-6811434|Reactome:R-PFA-68616|Reactome:R-PFA-68949|Reactome:R-PFA-73817|Reactome:R-PFA-75153|Reactome:R-PFA-77387|Reactome:R-PFA-917977|Reactome:R-PFA-9646399|Reactome:R-PFA-9754706|Reactome:R-PFA-9757110|Reactome:R-PFA-983231|Reactome:R-PFA-9845576|Reactome:R-RNO-110312|Reactome:R-RNO-110314|Reactome:R-RNO-110320|Reactome:R-RNO-111457|Reactome:R-RNO-111458|Reactome:R-RNO-111459|Reactome:R-RNO-111469|Reactome:R-RNO-112043|Reactome:R-RNO-112308|Reactome:R-RNO-112382|Reactome:R-RNO-113418|Reactome:R-RNO-114604|Reactome:R-RNO-114608|Reactome:R-RNO-1169091|Reactome:R-RNO-1169092|Reactome:R-RNO-1169408|Reactome:R-RNO-1222556|Reactome:R-RNO-1234176|Reactome:R-RNO-1236974|Reactome:R-RNO-1236978|Reactome:R-RNO-1250347|Reactome:R-RNO-1257604|Reactome:R-RNO-1266695|Reactome:R-RNO-1268020|Reactome:R-RNO-1296025|Reactome:R-RNO-1369007|Reactome:R-RNO-1369062|Reactome:R-RNO-141444|Reactome:R-RNO-1433557|Reactome:R-RNO-156584|Reactome:R-RNO-156827|Reactome:R-RNO-156842|Reactome:R-RNO-156902|Reactome:R-RNO-159236|Reactome:R-RNO-159418|Reactome:R-RNO-162658|Reactome:R-RNO-163210|Reactome:R-RNO-1632852|Reactome:R-RNO-163841|Reactome:R-RNO-165159|Reactome:R-RNO-1655829|Reactome:R-RNO-166016|Reactome:R-RNO-1660499|Reactome:R-RNO-1660514|Reactome:R-RNO-1660661|Reactome:R-RNO-166208|Reactome:R-RNO-169911|Reactome:R-RNO-170660|Reactome:R-RNO-170670|Reactome:R-RNO-170968|Reactome:R-RNO-170984|Reactome:R-RNO-171007|Reactome:R-RNO-171319|Reactome:R-RNO-174084|Reactome:R-RNO-174113|Reactome:R-RNO-174154|Reactome:R-RNO-174178|Reactome:R-RNO-174184|Reactome:R-RNO-174411|Reactome:R-RNO-174437|Reactome:R-RNO-176187|Reactome:R-RNO-179812|Reactome:R-RNO-1799339|Reactome:R-RNO-180336|Reactome:R-RNO-181429|Reactome:R-RNO-181430|Reactome:R-RNO-182971|Reactome:R-RNO-186763|Reactome:R-RNO-187577|Reactome:R-RNO-189451|Reactome:R-RNO-189483|Reactome:R-RNO-190873|Reactome:R-RNO-191650|Reactome:R-RNO-193368|Reactome:R-RNO-193634|Reactome:R-RNO-193648|Reactome:R-RNO-195253|Reactome:R-RNO-196025|Reactome:R-RNO-1963640|Reactome:R-RNO-196757|Reactome:R-RNO-196783|Reactome:R-RNO-196807|Reactome:R-RNO-198203|Reactome:R-RNO-199992|Reactome:R-RNO-201722|Reactome:R-RNO-202040|Reactome:R-RNO-2022854|Reactome:R-RNO-2022870|Reactome:R-RNO-2022923|Reactome:R-RNO-2022928|Reactome:R-RNO-2028269|Reactome:R-RNO-2029482|Reactome:R-RNO-203641|Reactome:R-RNO-204005|Reactome:R-RNO-2046105|Reactome:R-RNO-2046106|Reactome:R-RNO-209563|Reactome:R-RNO-210500|Reactome:R-RNO-210993|Reactome:R-RNO-212676|Reactome:R-RNO-2132295|Reactome:R-RNO-2142691|Reactome:R-RNO-2142845|Reactome:R-RNO-2173791|Reactome:R-RNO-2179392|Reactome:R-RNO-2424491|Reactome:R-RNO-2467813|Reactome:R-RNO-2468052|Reactome:R-RNO-2470946|Reactome:R-RNO-2500257|Reactome:R-RNO-2559586|Reactome:R-RNO-2565942|Reactome:R-RNO-264642|Reactome:R-RNO-2871796|Reactome:R-RNO-3108214|Reactome:R-RNO-3134963|Reactome:R-RNO-3214858|Reactome:R-RNO-3247509|Reactome:R-RNO-3371497|Reactome:R-RNO-3371511|Reactome:R-RNO-349425|Reactome:R-RNO-350562|Reactome:R-RNO-351906|Reactome:R-RNO-354192|Reactome:R-RNO-354194|Reactome:R-RNO-372708|Reactome:R-RNO-375165|Reactome:R-RNO-3769402|Reactome:R-RNO-380259|Reactome:R-RNO-380270|Reactome:R-RNO-380284|Reactome:R-RNO-380320|Reactome:R-RNO-380972|Reactome:R-RNO-381042|Reactome:R-RNO-381676|Reactome:R-RNO-382556|Reactome:R-RNO-389359|Reactome:R-RNO-390247|Reactome:R-RNO-390522|Reactome:R-RNO-392170|Reactome:R-RNO-392451|Reactome:R-RNO-392517|Reactome:R-RNO-3928662|Reactome:R-RNO-3928663|Reactome:R-RNO-3928664|Reactome:R-RNO-3928665|Reactome:R-RNO-399719|Reactome:R-RNO-399954|Reactome:R-RNO-399997|Reactome:R-RNO-400042|Reactome:R-RNO-4086398|Reactome:R-RNO-4086400|Reactome:R-RNO-416476|Reactome:R-RNO-416482|Reactome:R-RNO-416550|Reactome:R-RNO-416572|Reactome:R-RNO-416993|Reactome:R-RNO-418592|Reactome:R-RNO-418594|Reactome:R-RNO-418597|Reactome:R-RNO-418885|Reactome:R-RNO-420092|Reactome:R-RNO-422356|Reactome:R-RNO-428930|Reactome:R-RNO-429947|Reactome:R-RNO-429958|Reactome:R-RNO-432040|Reactome:R-RNO-432720|Reactome:R-RNO-432722|Reactome:R-RNO-434316|Reactome:R-RNO-437239|Reactome:R-RNO-438066|Reactome:R-RNO-4420097|Reactome:R-RNO-445144|Reactome:R-RNO-450408|Reactome:R-RNO-451308|Reactome:R-RNO-456926|Reactome:R-RNO-4608870|Reactome:R-RNO-4641257|Reactome:R-RNO-4641258|Reactome:R-RNO-499943|Reactome:R-RNO-5205685|Reactome:R-RNO-5218920|Reactome:R-RNO-5218921|Reactome:R-RNO-5250924|Reactome:R-RNO-525793|Reactome:R-RNO-532668|Reactome:R-RNO-5358346|Reactome:R-RNO-5358493|Reactome:R-RNO-5358565|Reactome:R-RNO-5389840|Reactome:R-RNO-5419276|Reactome:R-RNO-5576892|Reactome:R-RNO-5576893|Reactome:R-RNO-5578749|Reactome:R-RNO-5578775|Reactome:R-RNO-5607761|Reactome:R-RNO-5610780|Reactome:R-RNO-5610785|Reactome:R-RNO-5610787|Reactome:R-RNO-5620912|Reactome:R-RNO-5620916|Reactome:R-RNO-5620924|Reactome:R-RNO-5621575|Reactome:R-RNO-5624138|Reactome:R-RNO-5625740|Reactome:R-RNO-5625900|Reactome:R-RNO-5625970|Reactome:R-RNO-5626467|Reactome:R-RNO-5627083|Reactome:R-RNO-5627117|Reactome:R-RNO-5627123|Reactome:R-RNO-5628897|Reactome:R-RNO-5632684|Reactome:R-RNO-5651801|Reactome:R-RNO-5654688|Reactome:R-RNO-5654693|Reactome:R-RNO-5654699|Reactome:R-RNO-5654700|Reactome:R-RNO-5654704|Reactome:R-RNO-5654706|Reactome:R-RNO-5654712|Reactome:R-RNO-5654719|Reactome:R-RNO-5655862|Reactome:R-RNO-5656121|Reactome:R-RNO-5656169|Reactome:R-RNO-5658442|Reactome:R-RNO-5663213|Reactome:R-RNO-5663220|Reactome:R-RNO-5666185|Reactome:R-RNO-5668541|Reactome:R-RNO-5668599|Reactome:R-RNO-5673000|Reactome:R-RNO-5673001|Reactome:R-RNO-5674135|Reactome:R-RNO-5675221|Reactome:R-RNO-5676590|Reactome:R-RNO-5682910|Reactome:R-RNO-5683826|Reactome:R-RNO-5685938|Reactome:R-RNO-5685939|Reactome:R-RNO-5685942|Reactome:R-RNO-5687128|Reactome:R-RNO-5689603|Reactome:R-RNO-5689877|Reactome:R-RNO-5689880|Reactome:R-RNO-5689896|Reactome:R-RNO-5689901|Reactome:R-RNO-5693548|Reactome:R-RNO-5693565|Reactome:R-RNO-5693568|Reactome:R-RNO-5693571|Reactome:R-RNO-5693579|Reactome:R-RNO-5693607|Reactome:R-RNO-5693616|Reactome:R-RNO-5694530|Reactome:R-RNO-5696394|Reactome:R-RNO-5696395|Reactome:R-RNO-5696397|Reactome:R-RNO-5696400|Reactome:R-RNO-606279|Reactome:R-RNO-611105|Reactome:R-RNO-674695|Reactome:R-RNO-6781823|Reactome:R-RNO-6782135|Reactome:R-RNO-6782210|Reactome:R-RNO-6785631|Reactome:R-RNO-6791226|Reactome:R-RNO-6794361|Reactome:R-RNO-6796648|Reactome:R-RNO-6798695|Reactome:R-RNO-6799198|Reactome:R-RNO-6804756|Reactome:R-RNO-6807878|Reactome:R-RNO-6811434|Reactome:R-RNO-6811436|Reactome:R-RNO-6811438|Reactome:R-RNO-6811440|Reactome:R-RNO-6811558|Reactome:R-RNO-68616|Reactome:R-RNO-68689|Reactome:R-RNO-68867|Reactome:R-RNO-68877|Reactome:R-RNO-68949|Reactome:R-RNO-68962|Reactome:R-RNO-69017|Reactome:R-RNO-69091|Reactome:R-RNO-69166|Reactome:R-RNO-69473|Reactome:R-RNO-69481|Reactome:R-RNO-69601|Reactome:R-RNO-72086|Reactome:R-RNO-72163|Reactome:R-RNO-72165|Reactome:R-RNO-72187|Reactome:R-RNO-72203|Reactome:R-RNO-72649|Reactome:R-RNO-72662|Reactome:R-RNO-72695|Reactome:R-RNO-72702|Reactome:R-RNO-72706|Reactome:R-RNO-72731|Reactome:R-RNO-73614|Reactome:R-RNO-73762|Reactome:R-RNO-73772|Reactome:R-RNO-73776|Reactome:R-RNO-73779|Reactome:R-RNO-73856|Reactome:R-RNO-73863|Reactome:R-RNO-74217|Reactome:R-RNO-75153|Reactome:R-RNO-75815|Reactome:R-RNO-75953|Reactome:R-RNO-75955|Reactome:R-RNO-76042|Reactome:R-RNO-77075|Reactome:R-RNO-77387|Reactome:R-RNO-77595|Reactome:R-RNO-83936|Reactome:R-RNO-844455|Reactome:R-RNO-844456|Reactome:R-RNO-8849471|Reactome:R-RNO-8849932|Reactome:R-RNO-8851805|Reactome:R-RNO-8852276|Reactome:R-RNO-8854050|Reactome:R-RNO-8854214|Reactome:R-RNO-8854518|Reactome:R-RNO-8856825|Reactome:R-RNO-8856828|Reactome:R-RNO-8873719|Reactome:R-RNO-8875555|Reactome:R-RNO-8875656|Reactome:R-RNO-8876198|Reactome:R-RNO-8876725|Reactome:R-RNO-888590|Reactome:R-RNO-8939236|Reactome:R-RNO-8939243|Reactome:R-RNO-8941858|Reactome:R-RNO-8943724|Reactome:R-RNO-8948751|Reactome:R-RNO-8949613|Reactome:R-RNO-8949664|Reactome:R-RNO-8951664|Reactome:R-RNO-8963888|Reactome:R-RNO-8964616|Reactome:R-RNO-8980692|Reactome:R-RNO-8985586|Reactome:R-RNO-9009391|Reactome:R-RNO-9013026|Reactome:R-RNO-9013148|Reactome:R-RNO-9013149|Reactome:R-RNO-9013404|Reactome:R-RNO-9013405|Reactome:R-RNO-9013406|Reactome:R-RNO-9013407|Reactome:R-RNO-9013408|Reactome:R-RNO-9013409|Reactome:R-RNO-9013418|Reactome:R-RNO-9013419|Reactome:R-RNO-9013420|Reactome:R-RNO-9013424|Reactome:R-RNO-9032759|Reactome:R-RNO-9033241|Reactome:R-RNO-9035034|Reactome:R-RNO-912446|Reactome:R-RNO-917729|Reactome:R-RNO-917937|Reactome:R-RNO-917977|Reactome:R-RNO-936440|Reactome:R-RNO-9603798|Reactome:R-RNO-9607240|Reactome:R-RNO-9615933|Reactome:R-RNO-9627069|Reactome:R-RNO-9634600|Reactome:R-RNO-9634635|Reactome:R-RNO-9639288|Reactome:R-RNO-9646399|Reactome:R-RNO-9648002|Reactome:R-RNO-9648025|Reactome:R-RNO-9668328|Reactome:R-RNO-9674555|Reactome:R-RNO-9696264|Reactome:R-RNO-9696270|Reactome:R-RNO-9696273|Reactome:R-RNO-9706019|Reactome:R-RNO-9707564|Reactome:R-RNO-9717207|Reactome:R-RNO-9748787|Reactome:R-RNO-9749641|Reactome:R-RNO-9753281|Reactome:R-RNO-9754706|Reactome:R-RNO-9755511|Reactome:R-RNO-9757110|Reactome:R-RNO-9758274|Reactome:R-RNO-9758890|Reactome:R-RNO-975957|Reactome:R-RNO-9762114|Reactome:R-RNO-9764725|Reactome:R-RNO-9766229|Reactome:R-RNO-9793528|Reactome:R-RNO-9824585|Reactome:R-RNO-983168|Reactome:R-RNO-983170|Reactome:R-RNO-983189|Reactome:R-RNO-983231|Reactome:R-RNO-983712|Reactome:R-RNO-9837999|Reactome:R-RNO-9840373|Reactome:R-RNO-9845576|Reactome:R-RNO-9856530|Reactome:R-RNO-9907900|Reactome:R-RNO-9932298|Reactome:R-RNO-9933937|Reactome:R-RNO-9933939|Reactome:R-RNO-9933946|Reactome:R-RNO-9933947|Reactome:R-RNO-9934037|Reactome:R-RNO-9937383|Reactome:R-SCE-110312|Reactome:R-SCE-110320|Reactome:R-SCE-111457|Reactome:R-SCE-112043|Reactome:R-SCE-113418|Reactome:R-SCE-114608|Reactome:R-SCE-1222556|Reactome:R-SCE-1236978|Reactome:R-SCE-1369007|Reactome:R-SCE-1369062|Reactome:R-SCE-156827|Reactome:R-SCE-156842|Reactome:R-SCE-156902|Reactome:R-SCE-159236|Reactome:R-SCE-159418|Reactome:R-SCE-162658|Reactome:R-SCE-165159|Reactome:R-SCE-1660499|Reactome:R-SCE-1660514|Reactome:R-SCE-1660661|Reactome:R-SCE-169911|Reactome:R-SCE-174362|Reactome:R-SCE-176187|Reactome:R-SCE-1799339|Reactome:R-SCE-189451|Reactome:R-SCE-189483|Reactome:R-SCE-196757|Reactome:R-SCE-196783|Reactome:R-SCE-198203|Reactome:R-SCE-199992|Reactome:R-SCE-202040|Reactome:R-SCE-2029482|Reactome:R-SCE-204005|Reactome:R-SCE-2046105|Reactome:R-SCE-2046106|Reactome:R-SCE-2142691|Reactome:R-SCE-2468052|Reactome:R-SCE-2500257|Reactome:R-SCE-2514853|Reactome:R-SCE-2514859|Reactome:R-SCE-2559586|Reactome:R-SCE-3108214|Reactome:R-SCE-3371511|Reactome:R-SCE-354192|Reactome:R-SCE-381676|Reactome:R-SCE-382556|Reactome:R-SCE-389359|Reactome:R-SCE-3899300|Reactome:R-SCE-390247|Reactome:R-SCE-392451|Reactome:R-SCE-392517|Reactome:R-SCE-399997|Reactome:R-SCE-416476|Reactome:R-SCE-416482|Reactome:R-SCE-418592|Reactome:R-SCE-418594|Reactome:R-SCE-418597|Reactome:R-SCE-429947|Reactome:R-SCE-429958|Reactome:R-SCE-430039|Reactome:R-SCE-434316|Reactome:R-SCE-499943|Reactome:R-SCE-5205685|Reactome:R-SCE-5358493|Reactome:R-SCE-5358565|Reactome:R-SCE-5358606|Reactome:R-SCE-5620912|Reactome:R-SCE-5620916|Reactome:R-SCE-5625740|Reactome:R-SCE-5626467|Reactome:R-SCE-5627123|Reactome:R-SCE-5655862|Reactome:R-SCE-5656121|Reactome:R-SCE-5656169|Reactome:R-SCE-5668541|Reactome:R-SCE-5687128|Reactome:R-SCE-5689880|Reactome:R-SCE-5689896|Reactome:R-SCE-5693548|Reactome:R-SCE-5693565|Reactome:R-SCE-5693616|Reactome:R-SCE-5694530|Reactome:R-SCE-5696397|Reactome:R-SCE-674695|Reactome:R-SCE-6781823|Reactome:R-SCE-6782135|Reactome:R-SCE-6782210|Reactome:R-SCE-6791226|Reactome:R-SCE-6796648|Reactome:R-SCE-6798695|Reactome:R-SCE-6807878|Reactome:R-SCE-6811434|Reactome:R-SCE-6811438|Reactome:R-SCE-6811440|Reactome:R-SCE-68616|Reactome:R-SCE-68689|Reactome:R-SCE-68867|Reactome:R-SCE-68949|Reactome:R-SCE-68962|Reactome:R-SCE-69017|Reactome:R-SCE-69052|Reactome:R-SCE-69091|Reactome:R-SCE-69166|Reactome:R-SCE-69601|Reactome:R-SCE-72086|Reactome:R-SCE-72649|Reactome:R-SCE-72662|Reactome:R-SCE-72695|Reactome:R-SCE-72702|Reactome:R-SCE-72706|Reactome:R-SCE-72731|Reactome:R-SCE-72764|Reactome:R-SCE-73614|Reactome:R-SCE-73772|Reactome:R-SCE-73776|Reactome:R-SCE-73779|Reactome:R-SCE-73817|Reactome:R-SCE-75153|Reactome:R-SCE-75953|Reactome:R-SCE-76042|Reactome:R-SCE-77075|Reactome:R-SCE-77387|Reactome:R-SCE-8854050|Reactome:R-SCE-8854214|Reactome:R-SCE-8866654|Reactome:R-SCE-8873719|Reactome:R-SCE-8876198|Reactome:R-SCE-8876725|Reactome:R-SCE-8948751|Reactome:R-SCE-8951664|Reactome:R-SCE-8964058|Reactome:R-SCE-8980692|Reactome:R-SCE-9013026|Reactome:R-SCE-9013106|Reactome:R-SCE-9013148|Reactome:R-SCE-9013405|Reactome:R-SCE-9013406|Reactome:R-SCE-9013409|Reactome:R-SCE-9013419|Reactome:R-SCE-9013420|Reactome:R-SCE-9013424|Reactome:R-SCE-9013425|Reactome:R-SCE-9018519|Reactome:R-SCE-9035034|Reactome:R-SCE-917729|Reactome:R-SCE-917937|Reactome:R-SCE-917977|Reactome:R-SCE-936440|Reactome:R-SCE-9603798|Reactome:R-SCE-9615933|Reactome:R-SCE-9634600|Reactome:R-SCE-9639288|Reactome:R-SCE-9668328|Reactome:R-SCE-9696264|Reactome:R-SCE-9696270|Reactome:R-SCE-9696273|Reactome:R-SCE-9707564|Reactome:R-SCE-9748787|Reactome:R-SCE-9749641|Reactome:R-SCE-9753281|Reactome:R-SCE-9754706|Reactome:R-SCE-9755511|Reactome:R-SCE-9758890|Reactome:R-SCE-975956|Reactome:R-SCE-975957|Reactome:R-SCE-9793528|Reactome:R-SCE-983168|Reactome:R-SCE-983170|Reactome:R-SCE-983189|Reactome:R-SCE-983231|Reactome:R-SCE-9837999|Reactome:R-SCE-9840373|Reactome:R-SCE-9856530|Reactome:R-SCE-9907900|Reactome:R-SPO-110312|Reactome:R-SPO-110314|Reactome:R-SPO-110320|Reactome:R-SPO-111457|Reactome:R-SPO-111469|Reactome:R-SPO-112043|Reactome:R-SPO-113418|Reactome:R-SPO-114608|Reactome:R-SPO-1222556|Reactome:R-SPO-1236978|Reactome:R-SPO-1369007|Reactome:R-SPO-156827|Reactome:R-SPO-156842|Reactome:R-SPO-156902|Reactome:R-SPO-159236|Reactome:R-SPO-159418|Reactome:R-SPO-162658|Reactome:R-SPO-165159|Reactome:R-SPO-1660514|Reactome:R-SPO-1660661|Reactome:R-SPO-169911|Reactome:R-SPO-174362|Reactome:R-SPO-174437|Reactome:R-SPO-176187|Reactome:R-SPO-1799339|Reactome:R-SPO-189483|Reactome:R-SPO-193368|Reactome:R-SPO-196757|Reactome:R-SPO-196783|Reactome:R-SPO-198203|Reactome:R-SPO-199992|Reactome:R-SPO-202040|Reactome:R-SPO-2029482|Reactome:R-SPO-204005|Reactome:R-SPO-2142691|Reactome:R-SPO-2470946|Reactome:R-SPO-2500257|Reactome:R-SPO-2514853|Reactome:R-SPO-2514859|Reactome:R-SPO-2559586|Reactome:R-SPO-3108214|Reactome:R-SPO-3214858|Reactome:R-SPO-3371511|Reactome:R-SPO-350562|Reactome:R-SPO-382556|Reactome:R-SPO-389359|Reactome:R-SPO-3899300|Reactome:R-SPO-392451|Reactome:R-SPO-399997|Reactome:R-SPO-416476|Reactome:R-SPO-416482|Reactome:R-SPO-418592|Reactome:R-SPO-418594|Reactome:R-SPO-418597|Reactome:R-SPO-429958|Reactome:R-SPO-434316|Reactome:R-SPO-499943|Reactome:R-SPO-5205685|Reactome:R-SPO-5358346|Reactome:R-SPO-5358493|Reactome:R-SPO-5358565|Reactome:R-SPO-5358606|Reactome:R-SPO-5578749|Reactome:R-SPO-5620912|Reactome:R-SPO-5620916|Reactome:R-SPO-5625740|Reactome:R-SPO-5626467|Reactome:R-SPO-5627123|Reactome:R-SPO-5651801|Reactome:R-SPO-5655862|Reactome:R-SPO-5656121|Reactome:R-SPO-5656169|Reactome:R-SPO-5685939|Reactome:R-SPO-5687128|Reactome:R-SPO-5689603|Reactome:R-SPO-5689880|Reactome:R-SPO-5689896|Reactome:R-SPO-5693548|Reactome:R-SPO-5693565|Reactome:R-SPO-5693607|Reactome:R-SPO-5693616|Reactome:R-SPO-5694530|Reactome:R-SPO-5696395|Reactome:R-SPO-5696397|Reactome:R-SPO-5696400|Reactome:R-SPO-674695|Reactome:R-SPO-6781823|Reactome:R-SPO-6782135|Reactome:R-SPO-6782210|Reactome:R-SPO-6791226|Reactome:R-SPO-6796648|Reactome:R-SPO-6798695|Reactome:R-SPO-6807878|Reactome:R-SPO-6811434|Reactome:R-SPO-6811438|Reactome:R-SPO-6811440|Reactome:R-SPO-68616|Reactome:R-SPO-68689|Reactome:R-SPO-68867|Reactome:R-SPO-68949|Reactome:R-SPO-68962|Reactome:R-SPO-69017|Reactome:R-SPO-69052|Reactome:R-SPO-69091|Reactome:R-SPO-69166|Reactome:R-SPO-69601|Reactome:R-SPO-72086|Reactome:R-SPO-72163|Reactome:R-SPO-72649|Reactome:R-SPO-72662|Reactome:R-SPO-72695|Reactome:R-SPO-72702|Reactome:R-SPO-72706|Reactome:R-SPO-72731|Reactome:R-SPO-72764|Reactome:R-SPO-73614|Reactome:R-SPO-73772|Reactome:R-SPO-73776|Reactome:R-SPO-73779|Reactome:R-SPO-73817|Reactome:R-SPO-75153|Reactome:R-SPO-75815|Reactome:R-SPO-75953|Reactome:R-SPO-76042|Reactome:R-SPO-77075|Reactome:R-SPO-77387|Reactome:R-SPO-8854050|Reactome:R-SPO-8854214|Reactome:R-SPO-8866654|Reactome:R-SPO-8873719|Reactome:R-SPO-8876198|Reactome:R-SPO-8876725|Reactome:R-SPO-8948751|Reactome:R-SPO-8951664|Reactome:R-SPO-8980692|Reactome:R-SPO-9013026|Reactome:R-SPO-9013106|Reactome:R-SPO-9013148|Reactome:R-SPO-9013405|Reactome:R-SPO-9013406|Reactome:R-SPO-9013409|Reactome:R-SPO-9013419|Reactome:R-SPO-9013420|Reactome:R-SPO-9013424|Reactome:R-SPO-9013425|Reactome:R-SPO-9018519|Reactome:R-SPO-9035034|Reactome:R-SPO-917729|Reactome:R-SPO-917977|Reactome:R-SPO-9603798|Reactome:R-SPO-9615933|Reactome:R-SPO-9634600|Reactome:R-SPO-9639288|Reactome:R-SPO-9668328|Reactome:R-SPO-9696264|Reactome:R-SPO-9696270|Reactome:R-SPO-9696273|Reactome:R-SPO-9707564|Reactome:R-SPO-9748787|Reactome:R-SPO-9749641|Reactome:R-SPO-9753281|Reactome:R-SPO-9754706|Reactome:R-SPO-9755511|Reactome:R-SPO-9757110|Reactome:R-SPO-9758890|Reactome:R-SPO-975956|Reactome:R-SPO-975957|Reactome:R-SPO-983168|Reactome:R-SPO-983170|Reactome:R-SPO-983189|Reactome:R-SPO-983231|Reactome:R-SPO-9837999|Reactome:R-SPO-9840373|Reactome:R-SPO-9856530|Reactome:R-SPO-9907900|Reactome:R-SSC-112043|Reactome:R-SSC-114604|Reactome:R-SSC-1169091|Reactome:R-SSC-1169092|Reactome:R-SSC-1169408|Reactome:R-SSC-1234176|Reactome:R-SSC-1236978|Reactome:R-SSC-1250347|Reactome:R-SSC-1433557|Reactome:R-SSC-159236|Reactome:R-SSC-163210|Reactome:R-SSC-1660661|Reactome:R-SSC-171007|Reactome:R-SSC-174084|Reactome:R-SSC-174154|Reactome:R-SSC-174178|Reactome:R-SSC-174184|Reactome:R-SSC-179812|Reactome:R-SSC-180336|Reactome:R-SSC-181429|Reactome:R-SSC-181430|Reactome:R-SSC-182971|Reactome:R-SSC-186763|Reactome:R-SSC-187577|Reactome:R-SSC-189451|Reactome:R-SSC-189483|Reactome:R-SSC-191273|Reactome:R-SSC-195253|Reactome:R-SSC-1963640|Reactome:R-SSC-196783|Reactome:R-SSC-202040|Reactome:R-SSC-202424|Reactome:R-SSC-2029482|Reactome:R-SSC-204005|Reactome:R-SSC-210500|Reactome:R-SSC-210993|Reactome:R-SSC-212676|Reactome:R-SSC-2132295|Reactome:R-SSC-2179392|Reactome:R-SSC-2424491|Reactome:R-SSC-2467813|Reactome:R-SSC-264642|Reactome:R-SSC-2871796|Reactome:R-SSC-2871837|Reactome:R-SSC-349425|Reactome:R-SSC-350562|Reactome:R-SSC-375165|Reactome:R-SSC-382556|Reactome:R-SSC-389359|Reactome:R-SSC-3928662|Reactome:R-SSC-399997|Reactome:R-SSC-416476|Reactome:R-SSC-418592|Reactome:R-SSC-428930|Reactome:R-SSC-429947|Reactome:R-SSC-432040|Reactome:R-SSC-434316|Reactome:R-SSC-4420097|Reactome:R-SSC-450408|Reactome:R-SSC-456926|Reactome:R-SSC-4608870|Reactome:R-SSC-4641257|Reactome:R-SSC-4641258|Reactome:R-SSC-499943|Reactome:R-SSC-5218921|Reactome:R-SSC-525793|Reactome:R-SSC-5358346|Reactome:R-SSC-5607761|Reactome:R-SSC-5607764|Reactome:R-SSC-5610780|Reactome:R-SSC-5610785|Reactome:R-SSC-5620912|Reactome:R-SSC-5620916|Reactome:R-SSC-5625970|Reactome:R-SSC-5626467|Reactome:R-SSC-5627123|Reactome:R-SSC-5632684|Reactome:R-SSC-5654688|Reactome:R-SSC-5654693|Reactome:R-SSC-5654699|Reactome:R-SSC-5654700|Reactome:R-SSC-5654704|Reactome:R-SSC-5654706|Reactome:R-SSC-5654712|Reactome:R-SSC-5654719|Reactome:R-SSC-5658442|Reactome:R-SSC-5663213|Reactome:R-SSC-5663220|Reactome:R-SSC-5668541|Reactome:R-SSC-5673000|Reactome:R-SSC-5673001|Reactome:R-SSC-5674135|Reactome:R-SSC-5675221|Reactome:R-SSC-5676590|Reactome:R-SSC-5687128|Reactome:R-SSC-5689603|Reactome:R-SSC-5689880|Reactome:R-SSC-5694530|Reactome:R-SSC-6798695|Reactome:R-SSC-6814122|Reactome:R-SSC-68867|Reactome:R-SSC-68949|Reactome:R-SSC-69017|Reactome:R-SSC-69481|Reactome:R-SSC-69601|Reactome:R-SSC-72163|Reactome:R-SSC-72187|Reactome:R-SSC-73817|Reactome:R-SSC-73856|Reactome:R-SSC-75815|Reactome:R-SSC-8849471|Reactome:R-SSC-8851805|Reactome:R-SSC-8852276|Reactome:R-SSC-8854050|Reactome:R-SSC-8854214|Reactome:R-SSC-8856828|Reactome:R-SSC-8875656|Reactome:R-SSC-8876198|Reactome:R-SSC-888590|Reactome:R-SSC-8939236|Reactome:R-SSC-8939902|Reactome:R-SSC-8941858|Reactome:R-SSC-8948751|Reactome:R-SSC-8949613|Reactome:R-SSC-8951664|Reactome:R-SSC-8963888|Reactome:R-SSC-8964616|Reactome:R-SSC-9013148|Reactome:R-SSC-9013149|Reactome:R-SSC-9013404|Reactome:R-SSC-9013406|Reactome:R-SSC-9013408|Reactome:R-SSC-9013418|Reactome:R-SSC-9013420|Reactome:R-SSC-9013423|Reactome:R-SSC-9013424|Reactome:R-SSC-9020702|Reactome:R-SSC-917937|Reactome:R-SSC-9607240|Reactome:R-SSC-9634635|Reactome:R-SSC-9648002|Reactome:R-SSC-9668328|Reactome:R-SSC-9753281|Reactome:R-SSC-9755511|Reactome:R-SSC-975957|Reactome:R-SSC-9762114|Reactome:R-SSC-9766229|Reactome:R-SSC-9793528|Reactome:R-SSC-983168|Reactome:R-SSC-983170|Reactome:R-SSC-983231|Reactome:R-SSC-9837999|Reactome:R-SSC-9856530|Reactome:R-SSC-9860927|Reactome:R-SSC-9907900|Reactome:R-SSC-9932298|Reactome:R-XTR-110320|Reactome:R-XTR-114608|Reactome:R-XTR-1169408|Reactome:R-XTR-1369007|Reactome:R-XTR-196783|Reactome:R-XTR-203927|Reactome:R-XTR-354192|Reactome:R-XTR-3769402|Reactome:R-XTR-382556|Reactome:R-XTR-392517|Reactome:R-XTR-426486|Reactome:R-XTR-429947|Reactome:R-XTR-430039|Reactome:R-XTR-438066|Reactome:R-XTR-499943|Reactome:R-XTR-532668|Reactome:R-XTR-5358346|Reactome:R-XTR-5689896|Reactome:R-XTR-6791226|Reactome:R-XTR-6798695|Reactome:R-XTR-6811434|Reactome:R-XTR-68689|Reactome:R-XTR-68867|Reactome:R-XTR-68949|Reactome:R-XTR-68962|Reactome:R-XTR-69052|Reactome:R-XTR-72163|Reactome:R-XTR-73614|Reactome:R-XTR-73817|Reactome:R-XTR-8849932|Reactome:R-XTR-8875555|Reactome:R-XTR-8876725|Reactome:R-XTR-8951664|Reactome:R-XTR-9013149|Reactome:R-XTR-9013404|Reactome:R-XTR-9013406|Reactome:R-XTR-9013407|Reactome:R-XTR-9013408|Reactome:R-XTR-9013419|Reactome:R-XTR-9013423|Reactome:R-XTR-9603798|Reactome:R-XTR-9668328|Reactome:R-XTR-9755511|Reactome:R-XTR-975957|Reactome:R-XTR-983189
ETMEFFSM_CDS_0053	4eb9df05b34370d7c22a7fe9a24fc1c8	664	Gene3D	G3DSA:3.40.50.300	-	254	459	3.3E-22	T	13-04-2026	IPR027417	P-loop containing nucleoside triphosphate hydrolase	-	Reactome:R-BTA-110312|Reactome:R-BTA-110314|Reactome:R-BTA-110320|Reactome:R-BTA-112043|Reactome:R-BTA-112308|Reactome:R-BTA-113418|Reactome:R-BTA-114604|Reactome:R-BTA-114608|Reactome:R-BTA-1169091|Reactome:R-BTA-1169408|Reactome:R-BTA-1222556|Reactome:R-BTA-1234176|Reactome:R-BTA-1236978|Reactome:R-BTA-1257604|Reactome:R-BTA-1266695|Reactome:R-BTA-141444|Reactome:R-BTA-156584|Reactome:R-BTA-156827|Reactome:R-BTA-156842|Reactome:R-BTA-156902|Reactome:R-BTA-159236|Reactome:R-BTA-1632852|Reactome:R-BTA-163841|Reactome:R-BTA-165159|Reactome:R-BTA-1655829|Reactome:R-BTA-166016|Reactome:R-BTA-1660499|Reactome:R-BTA-1660514|Reactome:R-BTA-1660661|Reactome:R-BTA-166208|Reactome:R-BTA-168638|Reactome:R-BTA-170670|Reactome:R-BTA-170968|Reactome:R-BTA-170984|Reactome:R-BTA-174084|Reactome:R-BTA-174154|Reactome:R-BTA-174178|Reactome:R-BTA-174184|Reactome:R-BTA-174411|Reactome:R-BTA-174437|Reactome:R-BTA-176187|Reactome:R-BTA-1799339|Reactome:R-BTA-1810476|Reactome:R-BTA-181429|Reactome:R-BTA-181430|Reactome:R-BTA-182971|Reactome:R-BTA-187577|Reactome:R-BTA-189483|Reactome:R-BTA-190873|Reactome:R-BTA-193634|Reactome:R-BTA-195253|Reactome:R-BTA-196025|Reactome:R-BTA-196757|Reactome:R-BTA-198203|Reactome:R-BTA-199992|Reactome:R-BTA-201722|Reactome:R-BTA-202040|Reactome:R-BTA-202424|Reactome:R-BTA-2029482|Reactome:R-BTA-204005|Reactome:R-BTA-209563|Reactome:R-BTA-210500|Reactome:R-BTA-212676|Reactome:R-BTA-2132295|Reactome:R-BTA-2142691|Reactome:R-BTA-2173791|Reactome:R-BTA-2453902|Reactome:R-BTA-2467813|Reactome:R-BTA-2468052|Reactome:R-BTA-2470946|Reactome:R-BTA-2485179|Reactome:R-BTA-2500257|Reactome:R-BTA-2514859|Reactome:R-BTA-2565942|Reactome:R-BTA-264642|Reactome:R-BTA-2871837|Reactome:R-BTA-3108214|Reactome:R-BTA-3134963|Reactome:R-BTA-3214858|Reactome:R-BTA-3247509|Reactome:R-BTA-3371511|Reactome:R-BTA-349425|Reactome:R-BTA-350562|Reactome:R-BTA-354192|Reactome:R-BTA-354194|Reactome:R-BTA-372708|Reactome:R-BTA-380972|Reactome:R-BTA-381042|Reactome:R-BTA-381676|Reactome:R-BTA-381771|Reactome:R-BTA-382556|Reactome:R-BTA-389359|Reactome:R-BTA-392170|Reactome:R-BTA-392451|Reactome:R-BTA-392517|Reactome:R-BTA-3928662|Reactome:R-BTA-3928663|Reactome:R-BTA-399997|Reactome:R-BTA-400042|Reactome:R-BTA-4086398|Reactome:R-BTA-4086400|Reactome:R-BTA-416476|Reactome:R-BTA-416482|Reactome:R-BTA-416550|Reactome:R-BTA-416572|Reactome:R-BTA-418592|Reactome:R-BTA-418594|Reactome:R-BTA-418885|Reactome:R-BTA-422356|Reactome:R-BTA-428930|Reactome:R-BTA-429947|Reactome:R-BTA-432720|Reactome:R-BTA-432722|Reactome:R-BTA-434316|Reactome:R-BTA-437239|Reactome:R-BTA-4420097|Reactome:R-BTA-450302|Reactome:R-BTA-450321|Reactome:R-BTA-450408|Reactome:R-BTA-456926|Reactome:R-BTA-4608870|Reactome:R-BTA-4641257|Reactome:R-BTA-4641258|Reactome:R-BTA-499943|Reactome:R-BTA-5250924|Reactome:R-BTA-525793|Reactome:R-BTA-5358346|Reactome:R-BTA-5358493|Reactome:R-BTA-5358565|Reactome:R-BTA-5358606|Reactome:R-BTA-5389840|Reactome:R-BTA-5419276|Reactome:R-BTA-5576892|Reactome:R-BTA-5576893|Reactome:R-BTA-5578749|Reactome:R-BTA-5607761|Reactome:R-BTA-5607764|Reactome:R-BTA-5610780|Reactome:R-BTA-5610785|Reactome:R-BTA-5620912|Reactome:R-BTA-5620916|Reactome:R-BTA-5620922|Reactome:R-BTA-5620924|Reactome:R-BTA-5625740|Reactome:R-BTA-5625900|Reactome:R-BTA-5625970|Reactome:R-BTA-5626467|Reactome:R-BTA-5627117|Reactome:R-BTA-5627123|Reactome:R-BTA-5628897|Reactome:R-BTA-5632684|Reactome:R-BTA-5651801|Reactome:R-BTA-5655862|Reactome:R-BTA-5656121|Reactome:R-BTA-5656169|Reactome:R-BTA-5663213|Reactome:R-BTA-5663220|Reactome:R-BTA-5666185|Reactome:R-BTA-5668541|Reactome:R-BTA-5668599|Reactome:R-BTA-5674135|Reactome:R-BTA-5676590|Reactome:R-BTA-5685938|Reactome:R-BTA-5685942|Reactome:R-BTA-5687128|Reactome:R-BTA-5689603|Reactome:R-BTA-5689880|Reactome:R-BTA-5689896|Reactome:R-BTA-5689901|Reactome:R-BTA-5693568|Reactome:R-BTA-5693579|Reactome:R-BTA-5693607|Reactome:R-BTA-5693616|Reactome:R-BTA-5694530|Reactome:R-BTA-5696395|Reactome:R-BTA-5696397|Reactome:R-BTA-5696400|Reactome:R-BTA-606279|Reactome:R-BTA-674695|Reactome:R-BTA-6781823|Reactome:R-BTA-6782135|Reactome:R-BTA-6782210|Reactome:R-BTA-6785631|Reactome:R-BTA-6791226|Reactome:R-BTA-6796648|Reactome:R-BTA-6798695|Reactome:R-BTA-6804756|Reactome:R-BTA-6807878|Reactome:R-BTA-6811434|Reactome:R-BTA-6811438|Reactome:R-BTA-6811440|Reactome:R-BTA-6811558|Reactome:R-BTA-6814122|Reactome:R-BTA-68616|Reactome:R-BTA-68689|Reactome:R-BTA-68867|Reactome:R-BTA-68877|Reactome:R-BTA-68884|Reactome:R-BTA-68949|Reactome:R-BTA-68962|Reactome:R-BTA-69017|Reactome:R-BTA-69052|Reactome:R-BTA-69091|Reactome:R-BTA-69166|Reactome:R-BTA-69473|Reactome:R-BTA-69481|Reactome:R-BTA-69601|Reactome:R-BTA-72086|Reactome:R-BTA-72163|Reactome:R-BTA-72187|Reactome:R-BTA-72203|Reactome:R-BTA-72649|Reactome:R-BTA-72695|Reactome:R-BTA-72702|Reactome:R-BTA-72731|Reactome:R-BTA-73614|Reactome:R-BTA-73762|Reactome:R-BTA-73772|Reactome:R-BTA-73776|Reactome:R-BTA-73779|Reactome:R-BTA-73817|Reactome:R-BTA-73856|Reactome:R-BTA-73863|Reactome:R-BTA-74217|Reactome:R-BTA-75153|Reactome:R-BTA-75815|Reactome:R-BTA-75953|Reactome:R-BTA-75955|Reactome:R-BTA-76042|Reactome:R-BTA-77075|Reactome:R-BTA-77387|Reactome:R-BTA-77595|Reactome:R-BTA-83936|Reactome:R-BTA-844456|Reactome:R-BTA-8849471|Reactome:R-BTA-8852276|Reactome:R-BTA-8854050|Reactome:R-BTA-8854214|Reactome:R-BTA-8856828|Reactome:R-BTA-8866654|Reactome:R-BTA-8873719|Reactome:R-BTA-8875555|Reactome:R-BTA-8875656|Reactome:R-BTA-8876198|Reactome:R-BTA-8876725|Reactome:R-BTA-888590|Reactome:R-BTA-8939236|Reactome:R-BTA-8939243|Reactome:R-BTA-8939902|Reactome:R-BTA-8941858|Reactome:R-BTA-8943724|Reactome:R-BTA-8948751|Reactome:R-BTA-8949664|Reactome:R-BTA-8951664|Reactome:R-BTA-8963888|Reactome:R-BTA-8964616|Reactome:R-BTA-8980692|Reactome:R-BTA-8985586|Reactome:R-BTA-9009391|Reactome:R-BTA-9013106|Reactome:R-BTA-9013148|Reactome:R-BTA-9013149|Reactome:R-BTA-9013404|Reactome:R-BTA-9013406|Reactome:R-BTA-9013408|Reactome:R-BTA-9013418|Reactome:R-BTA-9013419|Reactome:R-BTA-9013420|Reactome:R-BTA-9013423|Reactome:R-BTA-9013424|Reactome:R-BTA-9013425|Reactome:R-BTA-9020702|Reactome:R-BTA-9033241|Reactome:R-BTA-9035034|Reactome:R-BTA-912446|Reactome:R-BTA-917729|Reactome:R-BTA-917977|Reactome:R-BTA-9603798|Reactome:R-BTA-9615933|Reactome:R-BTA-9629569|Reactome:R-BTA-9634600|Reactome:R-BTA-9639288|Reactome:R-BTA-9648002|Reactome:R-BTA-9648025|Reactome:R-BTA-9668328|Reactome:R-BTA-9696273|Reactome:R-BTA-9707564|Reactome:R-BTA-9717207|Reactome:R-BTA-9748787|Reactome:R-BTA-9753281|Reactome:R-BTA-9755511|Reactome:R-BTA-9758890|Reactome:R-BTA-975957|Reactome:R-BTA-9762114|Reactome:R-BTA-9764725|Reactome:R-BTA-9766229|Reactome:R-BTA-983168|Reactome:R-BTA-983170|Reactome:R-BTA-983189|Reactome:R-BTA-983231|Reactome:R-BTA-9833482|Reactome:R-BTA-983712|Reactome:R-BTA-9837999|Reactome:R-BTA-9840373|Reactome:R-BTA-9845576|Reactome:R-BTA-9856530|Reactome:R-BTA-9860927|Reactome:R-BTA-9907900|Reactome:R-BTA-9932298|Reactome:R-BTA-9933937|Reactome:R-BTA-9933939|Reactome:R-BTA-9933946|Reactome:R-BTA-9933947|Reactome:R-BTA-9934037|Reactome:R-BTA-9937383|Reactome:R-CEL-110312|Reactome:R-CEL-110314|Reactome:R-CEL-110320|Reactome:R-CEL-114604|Reactome:R-CEL-114608|Reactome:R-CEL-1169092|Reactome:R-CEL-1169408|Reactome:R-CEL-1222556|Reactome:R-CEL-1234176|Reactome:R-CEL-1236978|Reactome:R-CEL-1257604|Reactome:R-CEL-1268020|Reactome:R-CEL-1369007|Reactome:R-CEL-1433557|Reactome:R-CEL-156584|Reactome:R-CEL-156827|Reactome:R-CEL-156902|Reactome:R-CEL-159236|Reactome:R-CEL-159418|Reactome:R-CEL-163210|Reactome:R-CEL-1632852|Reactome:R-CEL-165159|Reactome:R-CEL-1655829|Reactome:R-CEL-1660514|Reactome:R-CEL-166208|Reactome:R-CEL-170670|Reactome:R-CEL-170968|Reactome:R-CEL-171007|Reactome:R-CEL-174362|Reactome:R-CEL-174411|Reactome:R-CEL-176187|Reactome:R-CEL-179812|Reactome:R-CEL-180336|Reactome:R-CEL-181429|Reactome:R-CEL-181430|Reactome:R-CEL-182971|Reactome:R-CEL-186763|Reactome:R-CEL-187577|Reactome:R-CEL-189483|Reactome:R-CEL-190873|Reactome:R-CEL-193634|Reactome:R-CEL-193648|Reactome:R-CEL-195253|Reactome:R-CEL-196025|Reactome:R-CEL-1963640|Reactome:R-CEL-196783|Reactome:R-CEL-198203|Reactome:R-CEL-199992|Reactome:R-CEL-2022928|Reactome:R-CEL-2029482|Reactome:R-CEL-203927|Reactome:R-CEL-204005|Reactome:R-CEL-210500|Reactome:R-CEL-212676|Reactome:R-CEL-2142845|Reactome:R-CEL-2173791|Reactome:R-CEL-2179392|Reactome:R-CEL-2299718|Reactome:R-CEL-2453902|Reactome:R-CEL-2468052|Reactome:R-CEL-2470946|Reactome:R-CEL-2500257|Reactome:R-CEL-264642|Reactome:R-CEL-3108214|Reactome:R-CEL-3134963|Reactome:R-CEL-3371511|Reactome:R-CEL-349425|Reactome:R-CEL-350562|Reactome:R-CEL-354192|Reactome:R-CEL-354194|Reactome:R-CEL-375165|Reactome:R-CEL-380972|Reactome:R-CEL-381676|Reactome:R-CEL-382556|Reactome:R-CEL-389359|Reactome:R-CEL-392170|Reactome:R-CEL-392451|Reactome:R-CEL-392517|Reactome:R-CEL-3928662|Reactome:R-CEL-3928663|Reactome:R-CEL-3928664|Reactome:R-CEL-3928665|Reactome:R-CEL-399954|Reactome:R-CEL-400042|Reactome:R-CEL-4086398|Reactome:R-CEL-4086400|Reactome:R-CEL-416482|Reactome:R-CEL-416550|Reactome:R-CEL-416572|Reactome:R-CEL-418594|Reactome:R-CEL-418597|Reactome:R-CEL-418885|Reactome:R-CEL-426486|Reactome:R-CEL-428930|Reactome:R-CEL-430039|Reactome:R-CEL-432720|Reactome:R-CEL-432722|Reactome:R-CEL-437239|Reactome:R-CEL-438066|Reactome:R-CEL-4420097|Reactome:R-CEL-445144|Reactome:R-CEL-451308|Reactome:R-CEL-4551638|Reactome:R-CEL-456926|Reactome:R-CEL-4608870|Reactome:R-CEL-4641258|Reactome:R-CEL-499943|Reactome:R-CEL-5205685|Reactome:R-CEL-5218920|Reactome:R-CEL-5250924|Reactome:R-CEL-532668|Reactome:R-CEL-5358346|Reactome:R-CEL-5358493|Reactome:R-CEL-5389840|Reactome:R-CEL-5419276|Reactome:R-CEL-5620912|Reactome:R-CEL-5620916|Reactome:R-CEL-5620922|Reactome:R-CEL-5620924|Reactome:R-CEL-5621575|Reactome:R-CEL-5624138|Reactome:R-CEL-5625740|Reactome:R-CEL-5626467|Reactome:R-CEL-5627083|Reactome:R-CEL-5627117|Reactome:R-CEL-5627123|Reactome:R-CEL-5628897|Reactome:R-CEL-5632684|Reactome:R-CEL-5651801|Reactome:R-CEL-5654688|Reactome:R-CEL-5654693|Reactome:R-CEL-5654699|Reactome:R-CEL-5654700|Reactome:R-CEL-5654704|Reactome:R-CEL-5654706|Reactome:R-CEL-5654712|Reactome:R-CEL-5654719|Reactome:R-CEL-5655862|Reactome:R-CEL-5656121|Reactome:R-CEL-5656169|Reactome:R-CEL-5663213|Reactome:R-CEL-5663220|Reactome:R-CEL-5666185|Reactome:R-CEL-5673000|Reactome:R-CEL-5673001|Reactome:R-CEL-5674135|Reactome:R-CEL-5675221|Reactome:R-CEL-5685939|Reactome:R-CEL-5687128|Reactome:R-CEL-5689603|Reactome:R-CEL-5689877|Reactome:R-CEL-5689880|Reactome:R-CEL-5689896|Reactome:R-CEL-5693548|Reactome:R-CEL-5693607|Reactome:R-CEL-5694530|Reactome:R-CEL-5696397|Reactome:R-CEL-5696400|Reactome:R-CEL-6782135|Reactome:R-CEL-6782210|Reactome:R-CEL-6785631|Reactome:R-CEL-6791226|Reactome:R-CEL-6794361|Reactome:R-CEL-6798695|Reactome:R-CEL-6804758|Reactome:R-CEL-6807878|Reactome:R-CEL-6811434|Reactome:R-CEL-6811436|Reactome:R-CEL-6811438|Reactome:R-CEL-6811440|Reactome:R-CEL-6811558|Reactome:R-CEL-68867|Reactome:R-CEL-68949|Reactome:R-CEL-68962|Reactome:R-CEL-69017|Reactome:R-CEL-69052|Reactome:R-CEL-69091|Reactome:R-CEL-69601|Reactome:R-CEL-71032|Reactome:R-CEL-72163|Reactome:R-CEL-72165|Reactome:R-CEL-72187|Reactome:R-CEL-72203|Reactome:R-CEL-72649|Reactome:R-CEL-72662|Reactome:R-CEL-72702|Reactome:R-CEL-73614|Reactome:R-CEL-73817|Reactome:R-CEL-73856|Reactome:R-CEL-75153|Reactome:R-CEL-75815|Reactome:R-CEL-77387|Reactome:R-CEL-77595|Reactome:R-CEL-8849471|Reactome:R-CEL-8849932|Reactome:R-CEL-8851805|Reactome:R-CEL-8854050|Reactome:R-CEL-8854214|Reactome:R-CEL-8856825|Reactome:R-CEL-8856828|Reactome:R-CEL-8873719|Reactome:R-CEL-8875555|Reactome:R-CEL-8876198|Reactome:R-CEL-8876725|Reactome:R-CEL-888590|Reactome:R-CEL-8939243|Reactome:R-CEL-8939902|Reactome:R-CEL-8941858|Reactome:R-CEL-8943724|Reactome:R-CEL-8948751|Reactome:R-CEL-8949613|Reactome:R-CEL-8949664|Reactome:R-CEL-8951664|Reactome:R-CEL-8964616|Reactome:R-CEL-8980692|Reactome:R-CEL-8985586|Reactome:R-CEL-9013026|Reactome:R-CEL-9013148|Reactome:R-CEL-9013149|Reactome:R-CEL-9013404|Reactome:R-CEL-9013405|Reactome:R-CEL-9013406|Reactome:R-CEL-9013407|Reactome:R-CEL-9013408|Reactome:R-CEL-9013409|Reactome:R-CEL-9013419|Reactome:R-CEL-9013420|Reactome:R-CEL-9013423|Reactome:R-CEL-9013424|Reactome:R-CEL-9013425|Reactome:R-CEL-9031628|Reactome:R-CEL-9033241|Reactome:R-CEL-9035034|Reactome:R-CEL-917977|Reactome:R-CEL-9603798|Reactome:R-CEL-9607240|Reactome:R-CEL-9615933|Reactome:R-CEL-9634600|Reactome:R-CEL-9634635|Reactome:R-CEL-9639288|Reactome:R-CEL-9646399|Reactome:R-CEL-9648002|Reactome:R-CEL-9668328|Reactome:R-CEL-9748787|Reactome:R-CEL-9749641|Reactome:R-CEL-9753281|Reactome:R-CEL-9754706|Reactome:R-CEL-9755511|Reactome:R-CEL-9759218|Reactome:R-CEL-975956|Reactome:R-CEL-975957|Reactome:R-CEL-9762114|Reactome:R-CEL-9764725|Reactome:R-CEL-983168|Reactome:R-CEL-983170|Reactome:R-CEL-983189|Reactome:R-CEL-983231|Reactome:R-CEL-9833482|Reactome:R-CEL-983712|Reactome:R-CEL-9837999|Reactome:R-CEL-9907900|Reactome:R-CEL-9930044|Reactome:R-CEL-9933939|Reactome:R-CEL-9934037|Reactome:R-CEL-9937383|Reactome:R-CFA-112043|Reactome:R-CFA-114604|Reactome:R-CFA-1169408|Reactome:R-CFA-1257604|Reactome:R-CFA-1268020|Reactome:R-CFA-1433557|Reactome:R-CFA-156584|Reactome:R-CFA-159418|Reactome:R-CFA-162658|Reactome:R-CFA-163210|Reactome:R-CFA-1660661|Reactome:R-CFA-170670|Reactome:R-CFA-1799339|Reactome:R-CFA-182971|Reactome:R-CFA-189483|Reactome:R-CFA-193368|Reactome:R-CFA-193648|Reactome:R-CFA-202040|Reactome:R-CFA-2029482|Reactome:R-CFA-204005|Reactome:R-CFA-2132295|Reactome:R-CFA-2142691|Reactome:R-CFA-2424491|Reactome:R-CFA-2485179|Reactome:R-CFA-2514859|Reactome:R-CFA-2565942|Reactome:R-CFA-2871796|Reactome:R-CFA-382556|Reactome:R-CFA-389359|Reactome:R-CFA-392170|Reactome:R-CFA-3928662|Reactome:R-CFA-3928664|Reactome:R-CFA-3928665|Reactome:R-CFA-399719|Reactome:R-CFA-399954|Reactome:R-CFA-399997|Reactome:R-CFA-400042|Reactome:R-CFA-4086400|Reactome:R-CFA-416476|Reactome:R-CFA-416550|Reactome:R-CFA-418592|Reactome:R-CFA-418594|Reactome:R-CFA-418885|Reactome:R-CFA-428930|Reactome:R-CFA-432040|Reactome:R-CFA-432722|Reactome:R-CFA-434316|Reactome:R-CFA-438066|Reactome:R-CFA-4420097|Reactome:R-CFA-445144|Reactome:R-CFA-451308|Reactome:R-CFA-456926|Reactome:R-CFA-5218920|Reactome:R-CFA-525793|Reactome:R-CFA-5620912|Reactome:R-CFA-5620916|Reactome:R-CFA-5625740|Reactome:R-CFA-5625900|Reactome:R-CFA-5625970|Reactome:R-CFA-5626467|Reactome:R-CFA-5627083|Reactome:R-CFA-5627123|Reactome:R-CFA-5663213|Reactome:R-CFA-5663220|Reactome:R-CFA-5668599|Reactome:R-CFA-5673001|Reactome:R-CFA-5685938|Reactome:R-CFA-5685942|Reactome:R-CFA-5687128|Reactome:R-CFA-5689880|Reactome:R-CFA-5693568|Reactome:R-CFA-5693579|Reactome:R-CFA-5693616|Reactome:R-CFA-6798695|Reactome:R-CFA-6807878|Reactome:R-CFA-6811434|Reactome:R-CFA-6811440|Reactome:R-CFA-6811558|Reactome:R-CFA-6814122|Reactome:R-CFA-72163|Reactome:R-CFA-72187|Reactome:R-CFA-73856|Reactome:R-CFA-8849471|Reactome:R-CFA-8849932|Reactome:R-CFA-8854214|Reactome:R-CFA-8856825|Reactome:R-CFA-8856828|Reactome:R-CFA-8873719|Reactome:R-CFA-8875555|Reactome:R-CFA-8875656|Reactome:R-CFA-8876198|Reactome:R-CFA-8949613|Reactome:R-CFA-8964616|Reactome:R-CFA-8980692|Reactome:R-CFA-9009391|Reactome:R-CFA-9013026|Reactome:R-CFA-9013106|Reactome:R-CFA-9013148|Reactome:R-CFA-9013149|Reactome:R-CFA-9013404|Reactome:R-CFA-9013405|Reactome:R-CFA-9013406|Reactome:R-CFA-9013407|Reactome:R-CFA-9013408|Reactome:R-CFA-9013409|Reactome:R-CFA-9013418|Reactome:R-CFA-9013420|Reactome:R-CFA-9013423|Reactome:R-CFA-9013424|Reactome:R-CFA-9032759|Reactome:R-CFA-9035034|Reactome:R-CFA-912446|Reactome:R-CFA-9646399|Reactome:R-CFA-9696264|Reactome:R-CFA-9696270|Reactome:R-CFA-9696273|Reactome:R-CFA-9706019|Reactome:R-CFA-9707564|Reactome:R-CFA-9748787|Reactome:R-CFA-9753281|Reactome:R-CFA-9758890|Reactome:R-CFA-9824585|Reactome:R-CFA-983231|Reactome:R-CFA-9837999|Reactome:R-CFA-9856530|Reactome:R-CFA-9860927|Reactome:R-DDI-110314|Reactome:R-DDI-112043|Reactome:R-DDI-113418|Reactome:R-DDI-114608|Reactome:R-DDI-1169408|Reactome:R-DDI-1222556|Reactome:R-DDI-1236978|Reactome:R-DDI-1268020|Reactome:R-DDI-1369007|Reactome:R-DDI-1369062|Reactome:R-DDI-1483248|Reactome:R-DDI-156827|Reactome:R-DDI-156842|Reactome:R-DDI-156902|Reactome:R-DDI-159418|Reactome:R-DDI-162658|Reactome:R-DDI-1632852|Reactome:R-DDI-165159|Reactome:R-DDI-1660499|Reactome:R-DDI-1660514|Reactome:R-DDI-1660516|Reactome:R-DDI-1660517|Reactome:R-DDI-1660661|Reactome:R-DDI-166208|Reactome:R-DDI-169911|Reactome:R-DDI-170660|Reactome:R-DDI-170670|Reactome:R-DDI-174084|Reactome:R-DDI-174154|Reactome:R-DDI-174178|Reactome:R-DDI-176187|Reactome:R-DDI-1799339|Reactome:R-DDI-1834941|Reactome:R-DDI-189451|Reactome:R-DDI-189483|Reactome:R-DDI-193368|Reactome:R-DDI-193648|Reactome:R-DDI-196807|Reactome:R-DDI-199992|Reactome:R-DDI-202040|Reactome:R-DDI-2029482|Reactome:R-DDI-204005|Reactome:R-DDI-2046105|Reactome:R-DDI-2046106|Reactome:R-DDI-210500|Reactome:R-DDI-2142691|Reactome:R-DDI-2299718|Reactome:R-DDI-2453902|Reactome:R-DDI-2467813|Reactome:R-DDI-2468052|Reactome:R-DDI-2470946|Reactome:R-DDI-2500257|Reactome:R-DDI-2514853|Reactome:R-DDI-2514859|Reactome:R-DDI-2559586|Reactome:R-DDI-3108214|Reactome:R-DDI-3371511|Reactome:R-DDI-349425|Reactome:R-DDI-354192|Reactome:R-DDI-380972|Reactome:R-DDI-381676|Reactome:R-DDI-382556|Reactome:R-DDI-389359|Reactome:R-DDI-3899300|Reactome:R-DDI-390247|Reactome:R-DDI-392517|Reactome:R-DDI-3928662|Reactome:R-DDI-399997|Reactome:R-DDI-416476|Reactome:R-DDI-416482|Reactome:R-DDI-418592|Reactome:R-DDI-418594|Reactome:R-DDI-418597|Reactome:R-DDI-430039|Reactome:R-DDI-434316|Reactome:R-DDI-445144|Reactome:R-DDI-450408|Reactome:R-DDI-4641258|Reactome:R-DDI-499943|Reactome:R-DDI-5358493|Reactome:R-DDI-5358565|Reactome:R-DDI-5358606|Reactome:R-DDI-5610787|Reactome:R-DDI-5620916|Reactome:R-DDI-5626467|Reactome:R-DDI-5627123|Reactome:R-DDI-5628897|Reactome:R-DDI-5632684|Reactome:R-DDI-5651801|Reactome:R-DDI-5655862|Reactome:R-DDI-5656169|Reactome:R-DDI-5658442|Reactome:R-DDI-5663213|Reactome:R-DDI-5675482|Reactome:R-DDI-5683826|Reactome:R-DDI-5687128|Reactome:R-DDI-5689603|Reactome:R-DDI-5689880|Reactome:R-DDI-5693548|Reactome:R-DDI-5693565|Reactome:R-DDI-5694530|Reactome:R-DDI-5696395|Reactome:R-DDI-5696397|Reactome:R-DDI-674695|Reactome:R-DDI-6781823|Reactome:R-DDI-6782135|Reactome:R-DDI-6782210|Reactome:R-DDI-6791226|Reactome:R-DDI-6796648|Reactome:R-DDI-6798695|Reactome:R-DDI-6799198|Reactome:R-DDI-6807878|Reactome:R-DDI-6811434|Reactome:R-DDI-6811436|Reactome:R-DDI-6811438|Reactome:R-DDI-6811440|Reactome:R-DDI-68616|Reactome:R-DDI-68689|Reactome:R-DDI-68867|Reactome:R-DDI-68949|Reactome:R-DDI-68962|Reactome:R-DDI-69017|Reactome:R-DDI-69052|Reactome:R-DDI-69091|Reactome:R-DDI-69601|Reactome:R-DDI-72086|Reactome:R-DDI-72163|Reactome:R-DDI-72695|Reactome:R-DDI-72702|Reactome:R-DDI-72706|Reactome:R-DDI-72731|Reactome:R-DDI-72764|Reactome:R-DDI-73614|Reactome:R-DDI-73772|Reactome:R-DDI-73776|Reactome:R-DDI-73779|Reactome:R-DDI-73817|Reactome:R-DDI-75153|Reactome:R-DDI-75953|Reactome:R-DDI-76042|Reactome:R-DDI-77075|Reactome:R-DDI-77387|Reactome:R-DDI-8849471|Reactome:R-DDI-8854050|Reactome:R-DDI-8854214|Reactome:R-DDI-8856825|Reactome:R-DDI-8856828|Reactome:R-DDI-8866654|Reactome:R-DDI-8873719|Reactome:R-DDI-8876198|Reactome:R-DDI-8876725|Reactome:R-DDI-8943724|Reactome:R-DDI-8948751|Reactome:R-DDI-8951664|Reactome:R-DDI-8963896|Reactome:R-DDI-8964058|Reactome:R-DDI-9013148|Reactome:R-DDI-9013149|Reactome:R-DDI-9013404|Reactome:R-DDI-9013406|Reactome:R-DDI-9013407|Reactome:R-DDI-9013408|Reactome:R-DDI-9013409|Reactome:R-DDI-9013418|Reactome:R-DDI-9013419|Reactome:R-DDI-9013420|Reactome:R-DDI-9013422|Reactome:R-DDI-9013423|Reactome:R-DDI-9013424|Reactome:R-DDI-9013425|Reactome:R-DDI-9018519|Reactome:R-DDI-917729|Reactome:R-DDI-917937|Reactome:R-DDI-917977|Reactome:R-DDI-9603798|Reactome:R-DDI-9615933|Reactome:R-DDI-9629569|Reactome:R-DDI-9639288|Reactome:R-DDI-9646399|Reactome:R-DDI-9668328|Reactome:R-DDI-9706019|Reactome:R-DDI-9707564|Reactome:R-DDI-9748787|Reactome:R-DDI-9749641|Reactome:R-DDI-9753281|Reactome:R-DDI-9754706|Reactome:R-DDI-9755511|Reactome:R-DDI-9757110|Reactome:R-DDI-9758881|Reactome:R-DDI-9758890|Reactome:R-DDI-975956|Reactome:R-DDI-975957|Reactome:R-DDI-9793528|Reactome:R-DDI-983168|Reactome:R-DDI-983170|Reactome:R-DDI-983189|Reactome:R-DDI-983231|Reactome:R-DDI-9837999|Reactome:R-DDI-9840373|Reactome:R-DDI-9856530|Reactome:R-DDI-9907900|Reactome:R-DME-110312|Reactome:R-DME-110314|Reactome:R-DME-110320|Reactome:R-DME-110523|Reactome:R-DME-111458|Reactome:R-DME-111459|Reactome:R-DME-112043|Reactome:R-DME-112382|Reactome:R-DME-113418|Reactome:R-DME-114604|Reactome:R-DME-114608|Reactome:R-DME-1169091|Reactome:R-DME-1169408|Reactome:R-DME-1222556|Reactome:R-DME-1234176|Reactome:R-DME-1236978|Reactome:R-DME-1250347|Reactome:R-DME-1266695|Reactome:R-DME-1268020|Reactome:R-DME-1296025|Reactome:R-DME-1369062|Reactome:R-DME-1433557|Reactome:R-DME-156827|Reactome:R-DME-156842|Reactome:R-DME-156902|Reactome:R-DME-159236|Reactome:R-DME-162658|Reactome:R-DME-163210|Reactome:R-DME-1632852|Reactome:R-DME-165159|Reactome:R-DME-1655829|Reactome:R-DME-1660499|Reactome:R-DME-1660514|Reactome:R-DME-1660661|Reactome:R-DME-166208|Reactome:R-DME-170660|Reactome:R-DME-170670|Reactome:R-DME-170968|Reactome:R-DME-171007|Reactome:R-DME-174084|Reactome:R-DME-174154|Reactome:R-DME-174178|Reactome:R-DME-174184|Reactome:R-DME-174411|Reactome:R-DME-176187|Reactome:R-DME-179812|Reactome:R-DME-180336|Reactome:R-DME-1810476|Reactome:R-DME-181429|Reactome:R-DME-181430|Reactome:R-DME-182971|Reactome:R-DME-1834941|Reactome:R-DME-186763|Reactome:R-DME-187577|Reactome:R-DME-189451|Reactome:R-DME-189483|Reactome:R-DME-190873|Reactome:R-DME-191273|Reactome:R-DME-193634|Reactome:R-DME-193648|Reactome:R-DME-195253|Reactome:R-DME-196025|Reactome:R-DME-1963640|Reactome:R-DME-196757|Reactome:R-DME-198203|Reactome:R-DME-199992|Reactome:R-DME-201722|Reactome:R-DME-202040|Reactome:R-DME-2022870|Reactome:R-DME-2022923|Reactome:R-DME-2022928|Reactome:R-DME-202424|Reactome:R-DME-2029482|Reactome:R-DME-203927|Reactome:R-DME-204005|Reactome:R-DME-2046105|Reactome:R-DME-2046106|Reactome:R-DME-209159|Reactome:R-DME-209190|Reactome:R-DME-209214|Reactome:R-DME-209338|Reactome:R-DME-209360|Reactome:R-DME-209406|Reactome:R-DME-209461|Reactome:R-DME-210500|Reactome:R-DME-212676|Reactome:R-DME-216119|Reactome:R-DME-216167|Reactome:R-DME-216217|Reactome:R-DME-2173791|Reactome:R-DME-2179392|Reactome:R-DME-2424491|Reactome:R-DME-2453902|Reactome:R-DME-2467813|Reactome:R-DME-2559586|Reactome:R-DME-264642|Reactome:R-DME-2871796|Reactome:R-DME-2871837|Reactome:R-DME-3108214|Reactome:R-DME-3134963|Reactome:R-DME-3214815|Reactome:R-DME-3214858|Reactome:R-DME-3247509|Reactome:R-DME-3371497|Reactome:R-DME-3371511|Reactome:R-DME-350368|Reactome:R-DME-350376|Reactome:R-DME-350407|Reactome:R-DME-350480|Reactome:R-DME-350562|Reactome:R-DME-354192|Reactome:R-DME-375165|Reactome:R-DME-380972|Reactome:R-DME-381042|Reactome:R-DME-381676|Reactome:R-DME-382556|Reactome:R-DME-389359|Reactome:R-DME-390247|Reactome:R-DME-392170|Reactome:R-DME-392451|Reactome:R-DME-392517|Reactome:R-DME-392851|Reactome:R-DME-3928662|Reactome:R-DME-3928663|Reactome:R-DME-3928664|Reactome:R-DME-3928665|Reactome:R-DME-399954|Reactome:R-DME-399997|Reactome:R-DME-400042|Reactome:R-DME-400206|Reactome:R-DME-4086398|Reactome:R-DME-4086400|Reactome:R-DME-416476|Reactome:R-DME-416482|Reactome:R-DME-416572|Reactome:R-DME-416993|Reactome:R-DME-418555|Reactome:R-DME-418592|Reactome:R-DME-418594|Reactome:R-DME-418885|Reactome:R-DME-422356|Reactome:R-DME-426486|Reactome:R-DME-427359|Reactome:R-DME-428930|Reactome:R-DME-429958|Reactome:R-DME-430039|Reactome:R-DME-432395|Reactome:R-DME-432524|Reactome:R-DME-432553|Reactome:R-DME-432626|Reactome:R-DME-432720|Reactome:R-DME-432722|Reactome:R-DME-434316|Reactome:R-DME-437239|Reactome:R-DME-438066|Reactome:R-DME-4420097|Reactome:R-DME-445144|Reactome:R-DME-445355|Reactome:R-DME-445989|Reactome:R-DME-450408|Reactome:R-DME-450728|Reactome:R-DME-451308|Reactome:R-DME-4608870|Reactome:R-DME-4641257|Reactome:R-DME-4641258|Reactome:R-DME-499943|Reactome:R-DME-5205685|Reactome:R-DME-5218920|Reactome:R-DME-5218921|Reactome:R-DME-525793|Reactome:R-DME-532668|Reactome:R-DME-5358346|Reactome:R-DME-5358493|Reactome:R-DME-5358565|Reactome:R-DME-538864|Reactome:R-DME-5389840|Reactome:R-DME-5419276|Reactome:R-DME-5578749|Reactome:R-DME-5578775|Reactome:R-DME-5607761|Reactome:R-DME-5607764|Reactome:R-DME-5610780|Reactome:R-DME-5610785|Reactome:R-DME-5620916|Reactome:R-DME-5621575|Reactome:R-DME-5625740|Reactome:R-DME-5625900|Reactome:R-DME-5627117|Reactome:R-DME-5627123|Reactome:R-DME-5628897|Reactome:R-DME-5632684|Reactome:R-DME-5651801|Reactome:R-DME-5654688|Reactome:R-DME-5654693|Reactome:R-DME-5654699|Reactome:R-DME-5654700|Reactome:R-DME-5654704|Reactome:R-DME-5654706|Reactome:R-DME-5654712|Reactome:R-DME-5654719|Reactome:R-DME-5655862|Reactome:R-DME-5656121|Reactome:R-DME-5656169|Reactome:R-DME-5658442|Reactome:R-DME-5663213|Reactome:R-DME-5663220|Reactome:R-DME-5666185|Reactome:R-DME-5673000|Reactome:R-DME-5673001|Reactome:R-DME-5674135|Reactome:R-DME-5675221|Reactome:R-DME-5676590|Reactome:R-DME-5685939|Reactome:R-DME-5687128|Reactome:R-DME-5689603|Reactome:R-DME-5689880|Reactome:R-DME-5689896|Reactome:R-DME-5693548|Reactome:R-DME-5693565|Reactome:R-DME-5693607|Reactome:R-DME-5693616|Reactome:R-DME-5696394|Reactome:R-DME-5696395|Reactome:R-DME-5696397|Reactome:R-DME-5696400|Reactome:R-DME-611105|Reactome:R-DME-674695|Reactome:R-DME-6781823|Reactome:R-DME-6782135|Reactome:R-DME-6782210|Reactome:R-DME-6785631|Reactome:R-DME-6791226|Reactome:R-DME-6794361|Reactome:R-DME-6796648|Reactome:R-DME-6798695|Reactome:R-DME-6799198|Reactome:R-DME-6804756|Reactome:R-DME-6804758|Reactome:R-DME-6807878|Reactome:R-DME-6811434|Reactome:R-DME-6811436|Reactome:R-DME-6811438|Reactome:R-DME-6811440|Reactome:R-DME-6814122|Reactome:R-DME-68616|Reactome:R-DME-68689|Reactome:R-DME-68867|Reactome:R-DME-68884|Reactome:R-DME-68949|Reactome:R-DME-68962|Reactome:R-DME-69017|Reactome:R-DME-69052|Reactome:R-DME-69091|Reactome:R-DME-69473|Reactome:R-DME-69601|Reactome:R-DME-72086|Reactome:R-DME-72163|Reactome:R-DME-72165|Reactome:R-DME-72187|Reactome:R-DME-72203|Reactome:R-DME-72649|Reactome:R-DME-72662|Reactome:R-DME-72695|Reactome:R-DME-72702|Reactome:R-DME-72731|Reactome:R-DME-73614|Reactome:R-DME-73772|Reactome:R-DME-73776|Reactome:R-DME-73779|Reactome:R-DME-73817|Reactome:R-DME-73856|Reactome:R-DME-75815|Reactome:R-DME-75953|Reactome:R-DME-75955|Reactome:R-DME-76042|Reactome:R-DME-77075|Reactome:R-DME-77387|Reactome:R-DME-77595|Reactome:R-DME-8849471|Reactome:R-DME-8849932|Reactome:R-DME-8854050|Reactome:R-DME-8854214|Reactome:R-DME-8856825|Reactome:R-DME-8856828|Reactome:R-DME-8873719|Reactome:R-DME-8876198|Reactome:R-DME-8876725|Reactome:R-DME-888590|Reactome:R-DME-8939236|Reactome:R-DME-8939243|Reactome:R-DME-8939902|Reactome:R-DME-8941858|Reactome:R-DME-8943724|Reactome:R-DME-8948751|Reactome:R-DME-8949613|Reactome:R-DME-8949664|Reactome:R-DME-8951664|Reactome:R-DME-8951936|Reactome:R-DME-8964616|Reactome:R-DME-8980692|Reactome:R-DME-9009391|Reactome:R-DME-9013026|Reactome:R-DME-9013148|Reactome:R-DME-9013149|Reactome:R-DME-9013404|Reactome:R-DME-9013405|Reactome:R-DME-9013406|Reactome:R-DME-9013407|Reactome:R-DME-9013408|Reactome:R-DME-9013409|Reactome:R-DME-9013418|Reactome:R-DME-9013419|Reactome:R-DME-9013420|Reactome:R-DME-9013422|Reactome:R-DME-9013423|Reactome:R-DME-9013424|Reactome:R-DME-9013425|Reactome:R-DME-9020702|Reactome:R-DME-9031628|Reactome:R-DME-9035034|Reactome:R-DME-917937|Reactome:R-DME-917977|Reactome:R-DME-933542|Reactome:R-DME-9603798|Reactome:R-DME-9607240|Reactome:R-DME-9615933|Reactome:R-DME-9627069|Reactome:R-DME-9629569|Reactome:R-DME-9634635|Reactome:R-DME-9639288|Reactome:R-DME-9646399|Reactome:R-DME-9648002|Reactome:R-DME-9668328|Reactome:R-DME-9674555|Reactome:R-DME-9707564|Reactome:R-DME-9748787|Reactome:R-DME-9753281|Reactome:R-DME-9755511|Reactome:R-DME-975956|Reactome:R-DME-975957|Reactome:R-DME-9762114|Reactome:R-DME-9764725|Reactome:R-DME-9793528|Reactome:R-DME-983168|Reactome:R-DME-983189|Reactome:R-DME-983231|Reactome:R-DME-9833482|Reactome:R-DME-983712|Reactome:R-DME-9837999|Reactome:R-DME-9840373|Reactome:R-DME-9856530|Reactome:R-DME-9860927|Reactome:R-DME-9907900|Reactome:R-DME-9913635|Reactome:R-DME-9932298|Reactome:R-DME-9933937|Reactome:R-DME-9933939|Reactome:R-DME-9933946|Reactome:R-DME-9933947|Reactome:R-DME-9934037|Reactome:R-DRE-110320|Reactome:R-DRE-111458|Reactome:R-DRE-111459|Reactome:R-DRE-114608|Reactome:R-DRE-1169092|Reactome:R-DRE-1169408|Reactome:R-DRE-1250347|Reactome:R-DRE-1369007|Reactome:R-DRE-1369062|Reactome:R-DRE-1433557|Reactome:R-DRE-156584|Reactome:R-DRE-156827|Reactome:R-DRE-156902|Reactome:R-DRE-169911|Reactome:R-DRE-179812|Reactome:R-DRE-1799339|Reactome:R-DRE-180336|Reactome:R-DRE-186763|Reactome:R-DRE-193634|Reactome:R-DRE-1963640|Reactome:R-DRE-196783|Reactome:R-DRE-198203|Reactome:R-DRE-201722|Reactome:R-DRE-2022854|Reactome:R-DRE-2022928|Reactome:R-DRE-209563|Reactome:R-DRE-210993|Reactome:R-DRE-2173791|Reactome:R-DRE-2179392|Reactome:R-DRE-354192|Reactome:R-DRE-3769402|Reactome:R-DRE-382556|Reactome:R-DRE-392451|Reactome:R-DRE-392517|Reactome:R-DRE-3928662|Reactome:R-DRE-3928663|Reactome:R-DRE-400206|Reactome:R-DRE-4086400|Reactome:R-DRE-416482|Reactome:R-DRE-416550|Reactome:R-DRE-416572|Reactome:R-DRE-438066|Reactome:R-DRE-4420097|Reactome:R-DRE-499943|Reactome:R-DRE-532668|Reactome:R-DRE-5358346|Reactome:R-DRE-5358493|Reactome:R-DRE-5389840|Reactome:R-DRE-5419276|Reactome:R-DRE-5624138|Reactome:R-DRE-5625740|Reactome:R-DRE-5627083|Reactome:R-DRE-5627117|Reactome:R-DRE-5632684|Reactome:R-DRE-5654688|Reactome:R-DRE-5654693|Reactome:R-DRE-5654699|Reactome:R-DRE-5654700|Reactome:R-DRE-5654704|Reactome:R-DRE-5654706|Reactome:R-DRE-5654712|Reactome:R-DRE-5663220|Reactome:R-DRE-5666185|Reactome:R-DRE-5673001|Reactome:R-DRE-5675221|Reactome:R-DRE-5689880|Reactome:R-DRE-5689896|Reactome:R-DRE-5696395|Reactome:R-DRE-5696400|Reactome:R-DRE-6781823|Reactome:R-DRE-6782135|Reactome:R-DRE-6796648|Reactome:R-DRE-6798695|Reactome:R-DRE-72086|Reactome:R-DRE-72163|Reactome:R-DRE-72695|Reactome:R-DRE-72702|Reactome:R-DRE-72731|Reactome:R-DRE-73614|Reactome:R-DRE-73817|Reactome:R-DRE-75153|Reactome:R-DRE-77075|Reactome:R-DRE-844456|Reactome:R-DRE-8849471|Reactome:R-DRE-8849932|Reactome:R-DRE-8851805|Reactome:R-DRE-8854214|Reactome:R-DRE-8873719|Reactome:R-DRE-8876725|Reactome:R-DRE-8951664|Reactome:R-DRE-8980692|Reactome:R-DRE-9013404|Reactome:R-DRE-9013406|Reactome:R-DRE-9013408|Reactome:R-DRE-9013419|Reactome:R-DRE-9013424|Reactome:R-DRE-9013425|Reactome:R-DRE-9603798|Reactome:R-DRE-9615933|Reactome:R-DRE-9627069|Reactome:R-DRE-9646399|Reactome:R-DRE-9648002|Reactome:R-DRE-9668328|Reactome:R-DRE-9707564|Reactome:R-DRE-9753281|Reactome:R-DRE-9755511|Reactome:R-DRE-975956|Reactome:R-DRE-975957|Reactome:R-DRE-983168|Reactome:R-DRE-983189|Reactome:R-DRE-9840373|Reactome:R-GGA-110312|Reactome:R-GGA-110314|Reactome:R-GGA-110320|Reactome:R-GGA-114604|Reactome:R-GGA-114608|Reactome:R-GGA-1169092|Reactome:R-GGA-1169408|Reactome:R-GGA-1250347|Reactome:R-GGA-141444|Reactome:R-GGA-1433557|Reactome:R-GGA-156584|Reactome:R-GGA-159236|Reactome:R-GGA-162658|Reactome:R-GGA-1655829|Reactome:R-GGA-1660499|Reactome:R-GGA-170670|Reactome:R-GGA-171007|Reactome:R-GGA-174411|Reactome:R-GGA-176187|Reactome:R-GGA-179812|Reactome:R-GGA-180336|Reactome:R-GGA-182971|Reactome:R-GGA-186763|Reactome:R-GGA-1963640|Reactome:R-GGA-2022928|Reactome:R-GGA-2029482|Reactome:R-GGA-210993|Reactome:R-GGA-217106|Reactome:R-GGA-2179392|Reactome:R-GGA-2424491|Reactome:R-GGA-2467813|Reactome:R-GGA-2500257|Reactome:R-GGA-2565942|Reactome:R-GGA-265976|Reactome:R-GGA-2871796|Reactome:R-GGA-3371497|Reactome:R-GGA-3371511|Reactome:R-GGA-351433|Reactome:R-GGA-351451|Reactome:R-GGA-351465|Reactome:R-GGA-352875|Reactome:R-GGA-352882|Reactome:R-GGA-353303|Reactome:R-GGA-354192|Reactome:R-GGA-354194|Reactome:R-GGA-372708|Reactome:R-GGA-375165|Reactome:R-GGA-389359|Reactome:R-GGA-392170|Reactome:R-GGA-392517|Reactome:R-GGA-3928662|Reactome:R-GGA-416482|Reactome:R-GGA-416572|Reactome:R-GGA-418594|Reactome:R-GGA-421203|Reactome:R-GGA-429947|Reactome:R-GGA-430039|Reactome:R-GGA-432040|Reactome:R-GGA-432722|Reactome:R-GGA-4420097|Reactome:R-GGA-499943|Reactome:R-GGA-5218921|Reactome:R-GGA-525793|Reactome:R-GGA-5578749|Reactome:R-GGA-5620912|Reactome:R-GGA-5620916|Reactome:R-GGA-5621575|Reactome:R-GGA-5625740|Reactome:R-GGA-5625970|Reactome:R-GGA-5626467|Reactome:R-GGA-5627117|Reactome:R-GGA-5627123|Reactome:R-GGA-5654688|Reactome:R-GGA-5654693|Reactome:R-GGA-5654699|Reactome:R-GGA-5654700|Reactome:R-GGA-5654704|Reactome:R-GGA-5654706|Reactome:R-GGA-5654712|Reactome:R-GGA-5654719|Reactome:R-GGA-5655862|Reactome:R-GGA-5656121|Reactome:R-GGA-5656169|Reactome:R-GGA-5658442|Reactome:R-GGA-5663213|Reactome:R-GGA-5663220|Reactome:R-GGA-5673000|Reactome:R-GGA-5673001|Reactome:R-GGA-5674135|Reactome:R-GGA-5675221|Reactome:R-GGA-5685938|Reactome:R-GGA-5685942|Reactome:R-GGA-5687128|Reactome:R-GGA-5693568|Reactome:R-GGA-5693579|Reactome:R-GGA-5693607|Reactome:R-GGA-5693616|Reactome:R-GGA-5696397|Reactome:R-GGA-5696400|Reactome:R-GGA-606279|Reactome:R-GGA-6782135|Reactome:R-GGA-6782210|Reactome:R-GGA-6798695|Reactome:R-GGA-6807878|Reactome:R-GGA-6811434|Reactome:R-GGA-6811436|Reactome:R-GGA-6811438|Reactome:R-GGA-6811440|Reactome:R-GGA-68689|Reactome:R-GGA-68949|Reactome:R-GGA-68962|Reactome:R-GGA-69091|Reactome:R-GGA-72163|Reactome:R-GGA-72165|Reactome:R-GGA-72187|Reactome:R-GGA-73614|Reactome:R-GGA-73856|Reactome:R-GGA-77595|Reactome:R-GGA-8849471|Reactome:R-GGA-8851805|Reactome:R-GGA-8854214|Reactome:R-GGA-8856828|Reactome:R-GGA-8875555|Reactome:R-GGA-8875656|Reactome:R-GGA-8876198|Reactome:R-GGA-8876725|Reactome:R-GGA-8964616|Reactome:R-GGA-9009391|Reactome:R-GGA-9013106|Reactome:R-GGA-9013148|Reactome:R-GGA-9013149|Reactome:R-GGA-9013404|Reactome:R-GGA-9013406|Reactome:R-GGA-9013408|Reactome:R-GGA-9013420|Reactome:R-GGA-9013423|Reactome:R-GGA-9013424|Reactome:R-GGA-912446|Reactome:R-GGA-9607240|Reactome:R-GGA-9615933|Reactome:R-GGA-9634635|Reactome:R-GGA-9646399|Reactome:R-GGA-9648002|Reactome:R-GGA-9648025|Reactome:R-GGA-9668328|Reactome:R-GGA-975957|Reactome:R-GGA-983189|Reactome:R-GGA-983231|Reactome:R-HSA-110312|Reactome:R-HSA-110314|Reactome:R-HSA-110320|Reactome:R-HSA-111457|Reactome:R-HSA-111458|Reactome:R-HSA-111459|Reactome:R-HSA-111463|Reactome:R-HSA-111464|Reactome:R-HSA-111469|Reactome:R-HSA-112043|Reactome:R-HSA-112126|Reactome:R-HSA-112308|Reactome:R-HSA-112382|Reactome:R-HSA-112412|Reactome:R-HSA-113418|Reactome:R-HSA-113507|Reactome:R-HSA-114604|Reactome:R-HSA-114608|Reactome:R-HSA-1169091|Reactome:R-HSA-1169092|Reactome:R-HSA-1169408|Reactome:R-HSA-1221632|Reactome:R-HSA-1222387|Reactome:R-HSA-1222449|Reactome:R-HSA-1222538|Reactome:R-HSA-1222556|Reactome:R-HSA-1234176|Reactome:R-HSA-1236382|Reactome:R-HSA-1236394|Reactome:R-HSA-1236974|Reactome:R-HSA-1236978|Reactome:R-HSA-1250196|Reactome:R-HSA-1250347|Reactome:R-HSA-1257604|Reactome:R-HSA-1266695|Reactome:R-HSA-1268020|Reactome:R-HSA-1296025|Reactome:R-HSA-1362277|Reactome:R-HSA-1368108|Reactome:R-HSA-1369007|Reactome:R-HSA-1369062|Reactome:R-HSA-141444|Reactome:R-HSA-1433557|Reactome:R-HSA-1445148|Reactome:R-HSA-156584|Reactome:R-HSA-156827|Reactome:R-HSA-156842|Reactome:R-HSA-156902|Reactome:R-HSA-159236|Reactome:R-HSA-159418|Reactome:R-HSA-1606341|Reactome:R-HSA-162588|Reactome:R-HSA-162658|Reactome:R-HSA-163210|Reactome:R-HSA-1632852|Reactome:R-HSA-163358|Reactome:R-HSA-163359|Reactome:R-HSA-163767|Reactome:R-HSA-163841|Reactome:R-HSA-164378|Reactome:R-HSA-164944|Reactome:R-HSA-165054|Reactome:R-HSA-165159|Reactome:R-HSA-1655829|Reactome:R-HSA-166016|Reactome:R-HSA-1660499|Reactome:R-HSA-1660514|Reactome:R-HSA-1660661|Reactome:R-HSA-166208|Reactome:R-HSA-167044|Reactome:R-HSA-167152|Reactome:R-HSA-167158|Reactome:R-HSA-167160|Reactome:R-HSA-167161|Reactome:R-HSA-167162|Reactome:R-HSA-167172|Reactome:R-HSA-167200|Reactome:R-HSA-167246|Reactome:R-HSA-167590|Reactome:R-HSA-168333|Reactome:R-HSA-168638|Reactome:R-HSA-168928|Reactome:R-HSA-169911|Reactome:R-HSA-170660|Reactome:R-HSA-170670|Reactome:R-HSA-170968|Reactome:R-HSA-170984|Reactome:R-HSA-171007|Reactome:R-HSA-171319|Reactome:R-HSA-174084|Reactome:R-HSA-174113|Reactome:R-HSA-174154|Reactome:R-HSA-174178|Reactome:R-HSA-174184|Reactome:R-HSA-174362|Reactome:R-HSA-174411|Reactome:R-HSA-174414|Reactome:R-HSA-174437|Reactome:R-HSA-176187|Reactome:R-HSA-176974|Reactome:R-HSA-177504|Reactome:R-HSA-179812|Reactome:R-HSA-1799339|Reactome:R-HSA-180336|Reactome:R-HSA-180534|Reactome:R-HSA-180585|Reactome:R-HSA-180746|Reactome:R-HSA-1810476|Reactome:R-HSA-181429|Reactome:R-HSA-181430|Reactome:R-HSA-182971|Reactome:R-HSA-1834941|Reactome:R-HSA-1839117|Reactome:R-HSA-186763|Reactome:R-HSA-187577|Reactome:R-HSA-187706|Reactome:R-HSA-189451|Reactome:R-HSA-189483|Reactome:R-HSA-190873|Reactome:R-HSA-1912408|Reactome:R-HSA-1912420|Reactome:R-HSA-191273|Reactome:R-HSA-191650|Reactome:R-HSA-191859|Reactome:R-HSA-193368|Reactome:R-HSA-193634|Reactome:R-HSA-193648|Reactome:R-HSA-195253|Reactome:R-HSA-196025|Reactome:R-HSA-1963640|Reactome:R-HSA-196757|Reactome:R-HSA-196783|Reactome:R-HSA-196807|Reactome:R-HSA-198203|Reactome:R-HSA-1989781|Reactome:R-HSA-199992|Reactome:R-HSA-201722|Reactome:R-HSA-202040|Reactome:R-HSA-2022854|Reactome:R-HSA-2022870|Reactome:R-HSA-2022923|Reactome:R-HSA-2022928|Reactome:R-HSA-202424|Reactome:R-HSA-2028269|Reactome:R-HSA-2029482|Reactome:R-HSA-203641|Reactome:R-HSA-203927|Reactome:R-HSA-204005|Reactome:R-HSA-2046105|Reactome:R-HSA-2046106|Reactome:R-HSA-209563|Reactome:R-HSA-210500|Reactome:R-HSA-210993|Reactome:R-HSA-211733|Reactome:R-HSA-212676|Reactome:R-HSA-2132295|Reactome:R-HSA-2142691|Reactome:R-HSA-2142845|Reactome:R-HSA-2151201|Reactome:R-HSA-2161517|Reactome:R-HSA-2173791|Reactome:R-HSA-2179392|Reactome:R-HSA-2219530|Reactome:R-HSA-2299718|Reactome:R-HSA-2408550|Reactome:R-HSA-2408557|Reactome:R-HSA-2424491|Reactome:R-HSA-2426168|Reactome:R-HSA-2428933|Reactome:R-HSA-2453902|Reactome:R-HSA-2467813|Reactome:R-HSA-2468052|Reactome:R-HSA-2470946|Reactome:R-HSA-2485179|Reactome:R-HSA-2500257|Reactome:R-HSA-2514853|Reactome:R-HSA-2514859|Reactome:R-HSA-2559580|Reactome:R-HSA-2559584|Reactome:R-HSA-2559585|Reactome:R-HSA-2559586|Reactome:R-HSA-2564830|Reactome:R-HSA-2565942|Reactome:R-HSA-264642|Reactome:R-HSA-264876|Reactome:R-HSA-2871796|Reactome:R-HSA-2871837|Reactome:R-HSA-3000170|Reactome:R-HSA-3108214|Reactome:R-HSA-3134963|Reactome:R-HSA-3134975|Reactome:R-HSA-3214815|Reactome:R-HSA-3214847|Reactome:R-HSA-3214858|Reactome:R-HSA-3247509|Reactome:R-HSA-3270619|Reactome:R-HSA-3359475|Reactome:R-HSA-3359478|Reactome:R-HSA-3371497|Reactome:R-HSA-3371511|Reactome:R-HSA-349425|Reactome:R-HSA-350562|Reactome:R-HSA-351906|Reactome:R-HSA-354192|Reactome:R-HSA-354194|Reactome:R-HSA-3560796|Reactome:R-HSA-3595172|Reactome:R-HSA-3656225|Reactome:R-HSA-372708|Reactome:R-HSA-373752|Reactome:R-HSA-373753|Reactome:R-HSA-375165|Reactome:R-HSA-3769402|Reactome:R-HSA-380259|Reactome:R-HSA-380270|Reactome:R-HSA-380284|Reactome:R-HSA-380320|Reactome:R-HSA-380972|Reactome:R-HSA-381038|Reactome:R-HSA-381042|Reactome:R-HSA-381340|Reactome:R-HSA-381676|Reactome:R-HSA-381753|Reactome:R-HSA-381771|Reactome:R-HSA-382556|Reactome:R-HSA-389359|Reactome:R-HSA-3899300|Reactome:R-HSA-389977|Reactome:R-HSA-390247|Reactome:R-HSA-390471|Reactome:R-HSA-390522|Reactome:R-HSA-392170|Reactome:R-HSA-392451|Reactome:R-HSA-392517|Reactome:R-HSA-392851|Reactome:R-HSA-3928662|Reactome:R-HSA-3928663|Reactome:R-HSA-3928664|Reactome:R-HSA-3928665|Reactome:R-HSA-399719|Reactome:R-HSA-399954|Reactome:R-HSA-399955|Reactome:R-HSA-399997|Reactome:R-HSA-400042|Reactome:R-HSA-400206|Reactome:R-HSA-4086398|Reactome:R-HSA-4086400|Reactome:R-HSA-416476|Reactome:R-HSA-416482|Reactome:R-HSA-416550|Reactome:R-HSA-416572|Reactome:R-HSA-416993|Reactome:R-HSA-418555|Reactome:R-HSA-418592|Reactome:R-HSA-418594|Reactome:R-HSA-418597|Reactome:R-HSA-418885|Reactome:R-HSA-418889|Reactome:R-HSA-419037|Reactome:R-HSA-420029|Reactome:R-HSA-420092|Reactome:R-HSA-422356|Reactome:R-HSA-426486|Reactome:R-HSA-427389|Reactome:R-HSA-427413|Reactome:R-HSA-428540|Reactome:R-HSA-428543|Reactome:R-HSA-428930|Reactome:R-HSA-429947|Reactome:R-HSA-429958|Reactome:R-HSA-430039|Reactome:R-HSA-432040|Reactome:R-HSA-432720|Reactome:R-HSA-432722|Reactome:R-HSA-434316|Reactome:R-HSA-437239|Reactome:R-HSA-438066|Reactome:R-HSA-4420097|Reactome:R-HSA-442982|Reactome:R-HSA-445144|Reactome:R-HSA-445355|Reactome:R-HSA-445989|Reactome:R-HSA-447038|Reactome:R-HSA-450302|Reactome:R-HSA-450321|Reactome:R-HSA-450408|Reactome:R-HSA-451308|Reactome:R-HSA-4551638|Reactome:R-HSA-456926|Reactome:R-HSA-4608870|Reactome:R-HSA-4641257|Reactome:R-HSA-4641258|Reactome:R-HSA-499943|Reactome:R-HSA-5205685|Reactome:R-HSA-5218920|Reactome:R-HSA-5218921|Reactome:R-HSA-5250924|Reactome:R-HSA-525793|Reactome:R-HSA-532668|Reactome:R-HSA-5336415|Reactome:R-HSA-5358346|Reactome:R-HSA-5358493|Reactome:R-HSA-5358565|Reactome:R-HSA-5358606|Reactome:R-HSA-5362768|Reactome:R-HSA-5368286|Reactome:R-HSA-5389840|Reactome:R-HSA-5419276|Reactome:R-HSA-5576892|Reactome:R-HSA-5576893|Reactome:R-HSA-5578749|Reactome:R-HSA-5578775|Reactome:R-HSA-5601884|Reactome:R-HSA-5607761|Reactome:R-HSA-5607764|Reactome:R-HSA-5610780|Reactome:R-HSA-5610783|Reactome:R-HSA-5610785|Reactome:R-HSA-5610787|Reactome:R-HSA-5620912|Reactome:R-HSA-5620916|Reactome:R-HSA-5620922|Reactome:R-HSA-5620924|Reactome:R-HSA-5621480|Reactome:R-HSA-5621575|Reactome:R-HSA-5624138|Reactome:R-HSA-5624958|Reactome:R-HSA-5625740|Reactome:R-HSA-5625900|Reactome:R-HSA-5625970|Reactome:R-HSA-5626467|Reactome:R-HSA-5627083|Reactome:R-HSA-5627117|Reactome:R-HSA-5627123|Reactome:R-HSA-5628897|Reactome:R-HSA-5632684|Reactome:R-HSA-5632927|Reactome:R-HSA-5632928|Reactome:R-HSA-5632968|Reactome:R-HSA-5635838|Reactome:R-HSA-5637810|Reactome:R-HSA-5649702|Reactome:R-HSA-5651801|Reactome:R-HSA-5654688|Reactome:R-HSA-5654693|Reactome:R-HSA-5654699|Reactome:R-HSA-5654700|Reactome:R-HSA-5654704|Reactome:R-HSA-5654706|Reactome:R-HSA-5654712|Reactome:R-HSA-5654719|Reactome:R-HSA-5655253|Reactome:R-HSA-5655291|Reactome:R-HSA-5655302|Reactome:R-HSA-5655332|Reactome:R-HSA-5655862|Reactome:R-HSA-5656121|Reactome:R-HSA-5656169|Reactome:R-HSA-5658442|Reactome:R-HSA-5663213|Reactome:R-HSA-5663220|Reactome:R-HSA-5666185|Reactome:R-HSA-5668541|Reactome:R-HSA-5668599|Reactome:R-HSA-5673000|Reactome:R-HSA-5673001|Reactome:R-HSA-5674135|Reactome:R-HSA-5675221|Reactome:R-HSA-5676590|Reactome:R-HSA-5678420|Reactome:R-HSA-5678520|Reactome:R-HSA-5678771|Reactome:R-HSA-5678895|Reactome:R-HSA-5679001|Reactome:R-HSA-5679090|Reactome:R-HSA-5679096|Reactome:R-HSA-5682113|Reactome:R-HSA-5682294|Reactome:R-HSA-5682910|Reactome:R-HSA-5683177|Reactome:R-HSA-5683329|Reactome:R-HSA-5683371|Reactome:R-HSA-5683678|Reactome:R-HSA-5683826|Reactome:R-HSA-5684045|Reactome:R-HSA-5685938|Reactome:R-HSA-5685939|Reactome:R-HSA-5685942|Reactome:R-HSA-5687128|Reactome:R-HSA-5688399|Reactome:R-HSA-5689603|Reactome:R-HSA-5689877|Reactome:R-HSA-5689880|Reactome:R-HSA-5689896|Reactome:R-HSA-5689901|Reactome:R-HSA-5690338|Reactome:R-HSA-5693548|Reactome:R-HSA-5693554|Reactome:R-HSA-5693565|Reactome:R-HSA-5693568|Reactome:R-HSA-5693571|Reactome:R-HSA-5693579|Reactome:R-HSA-5693607|Reactome:R-HSA-5693616|Reactome:R-HSA-5694530|Reactome:R-HSA-5696394|Reactome:R-HSA-5696395|Reactome:R-HSA-5696397|Reactome:R-HSA-5696400|Reactome:R-HSA-606279|Reactome:R-HSA-611105|Reactome:R-HSA-674695|Reactome:R-HSA-6781823|Reactome:R-HSA-6781827|Reactome:R-HSA-6782135|Reactome:R-HSA-6782210|Reactome:R-HSA-6782315|Reactome:R-HSA-6783310|Reactome:R-HSA-6784531|Reactome:R-HSA-6785631|Reactome:R-HSA-6785807|Reactome:R-HSA-6787450|Reactome:R-HSA-6790901|Reactome:R-HSA-6791226|Reactome:R-HSA-6794361|Reactome:R-HSA-6796648|Reactome:R-HSA-6798695|Reactome:R-HSA-6799198|Reactome:R-HSA-6802946|Reactome:R-HSA-6802948|Reactome:R-HSA-6802952|Reactome:R-HSA-6802953|Reactome:R-HSA-6802955|Reactome:R-HSA-6803207|Reactome:R-HSA-6804756|Reactome:R-HSA-6804758|Reactome:R-HSA-6807878|Reactome:R-HSA-6811434|Reactome:R-HSA-6811436|Reactome:R-HSA-6811438|Reactome:R-HSA-6811440|Reactome:R-HSA-6811558|Reactome:R-HSA-6814122|Reactome:R-HSA-68616|Reactome:R-HSA-68689|Reactome:R-HSA-68867|Reactome:R-HSA-68877|Reactome:R-HSA-68884|Reactome:R-HSA-68949|Reactome:R-HSA-68962|Reactome:R-HSA-69017|Reactome:R-HSA-69052|Reactome:R-HSA-69091|Reactome:R-HSA-69166|Reactome:R-HSA-69205|Reactome:R-HSA-69473|Reactome:R-HSA-69481|Reactome:R-HSA-69601|Reactome:R-HSA-71032|Reactome:R-HSA-72086|Reactome:R-HSA-72163|Reactome:R-HSA-72165|Reactome:R-HSA-72187|Reactome:R-HSA-72203|Reactome:R-HSA-72649|Reactome:R-HSA-72662|Reactome:R-HSA-72695|Reactome:R-HSA-72702|Reactome:R-HSA-72706|Reactome:R-HSA-72731|Reactome:R-HSA-72764|Reactome:R-HSA-73614|Reactome:R-HSA-73762|Reactome:R-HSA-73772|Reactome:R-HSA-73776|Reactome:R-HSA-73779|Reactome:R-HSA-73817|Reactome:R-HSA-73856|Reactome:R-HSA-73863|Reactome:R-HSA-74217|Reactome:R-HSA-74751|Reactome:R-HSA-75153|Reactome:R-HSA-75815|Reactome:R-HSA-75953|Reactome:R-HSA-75955|Reactome:R-HSA-76042|Reactome:R-HSA-77075|Reactome:R-HSA-77387|Reactome:R-HSA-77595|Reactome:R-HSA-83936|Reactome:R-HSA-844455|Reactome:R-HSA-844456|Reactome:R-HSA-844623|Reactome:R-HSA-877300|Reactome:R-HSA-8849471|Reactome:R-HSA-8849932|Reactome:R-HSA-8851805|Reactome:R-HSA-8852276|Reactome:R-HSA-8853884|Reactome:R-HSA-8854050|Reactome:R-HSA-8854214|Reactome:R-HSA-8854518|Reactome:R-HSA-8856825|Reactome:R-HSA-8856828|Reactome:R-HSA-8857538|Reactome:R-HSA-8866654|Reactome:R-HSA-8866910|Reactome:R-HSA-8873719|Reactome:R-HSA-8875555|Reactome:R-HSA-8875656|Reactome:R-HSA-8876198|Reactome:R-HSA-8876725|Reactome:R-HSA-888590|Reactome:R-HSA-8934593|Reactome:R-HSA-8935964|Reactome:R-HSA-8936459|Reactome:R-HSA-8939236|Reactome:R-HSA-8939243|Reactome:R-HSA-8939902|Reactome:R-HSA-8941858|Reactome:R-HSA-8943723|Reactome:R-HSA-8943724|Reactome:R-HSA-8948700|Reactome:R-HSA-8948751|Reactome:R-HSA-8949613|Reactome:R-HSA-8949664|Reactome:R-HSA-8950505|Reactome:R-HSA-8951664|Reactome:R-HSA-8951936|Reactome:R-HSA-8953750|Reactome:R-HSA-8963888|Reactome:R-HSA-8963896|Reactome:R-HSA-8964058|Reactome:R-HSA-8964616|Reactome:R-HSA-8980692|Reactome:R-HSA-8983711|Reactome:R-HSA-8985586|Reactome:R-HSA-8986944|Reactome:R-HSA-9009391|Reactome:R-HSA-9010553|Reactome:R-HSA-9013026|Reactome:R-HSA-9013106|Reactome:R-HSA-9013148|Reactome:R-HSA-9013149|Reactome:R-HSA-9013404|Reactome:R-HSA-9013405|Reactome:R-HSA-9013406|Reactome:R-HSA-9013407|Reactome:R-HSA-9013408|Reactome:R-HSA-9013409|Reactome:R-HSA-9013418|Reactome:R-HSA-9013419|Reactome:R-HSA-9013420|Reactome:R-HSA-9013422|Reactome:R-HSA-9013423|Reactome:R-HSA-9013424|Reactome:R-HSA-9013425|Reactome:R-HSA-9018519|Reactome:R-HSA-9020702|Reactome:R-HSA-9022692|Reactome:R-HSA-9026519|Reactome:R-HSA-9027284|Reactome:R-HSA-9028731|Reactome:R-HSA-9029569|Reactome:R-HSA-9031628|Reactome:R-HSA-9032759|Reactome:R-HSA-9032845|Reactome:R-HSA-9033241|Reactome:R-HSA-9034864|Reactome:R-HSA-9035034|Reactome:R-HSA-909733|Reactome:R-HSA-912446|Reactome:R-HSA-913709|Reactome:R-HSA-917729|Reactome:R-HSA-917937|Reactome:R-HSA-917977|Reactome:R-HSA-918233|Reactome:R-HSA-933541|Reactome:R-HSA-933542|Reactome:R-HSA-933543|Reactome:R-HSA-936440|Reactome:R-HSA-9603798|Reactome:R-HSA-9604323|Reactome:R-HSA-9607240|Reactome:R-HSA-9609523|Reactome:R-HSA-9609690|Reactome:R-HSA-9609736|Reactome:R-HSA-9610379|Reactome:R-HSA-9613829|Reactome:R-HSA-9615017|Reactome:R-HSA-9615710|Reactome:R-HSA-9615933|Reactome:R-HSA-9617324|Reactome:R-HSA-9619229|Reactome:R-HSA-9619665|Reactome:R-HSA-9620244|Reactome:R-HSA-9627069|Reactome:R-HSA-9629569|Reactome:R-HSA-9633012|Reactome:R-HSA-9634285|Reactome:R-HSA-9634597|Reactome:R-HSA-9634600|Reactome:R-HSA-9634635|Reactome:R-HSA-9635465|Reactome:R-HSA-9636383|Reactome:R-HSA-9636569|Reactome:R-HSA-9638334|Reactome:R-HSA-9638482|Reactome:R-HSA-9639288|Reactome:R-HSA-9646399|Reactome:R-HSA-9648002|Reactome:R-HSA-9648025|Reactome:R-HSA-9648895|Reactome:R-HSA-9649948|Reactome:R-HSA-9656223|Reactome:R-HSA-9660821|Reactome:R-HSA-9660826|Reactome:R-HSA-9662360|Reactome:R-HSA-9662361|Reactome:R-HSA-9662834|Reactome:R-HSA-9664422|Reactome:R-HSA-9664565|Reactome:R-HSA-9665348|Reactome:R-HSA-9665686|Reactome:R-HSA-9668328|Reactome:R-HSA-9670095|Reactome:R-HSA-9670439|Reactome:R-HSA-9670613|Reactome:R-HSA-9670615|Reactome:R-HSA-9673324|Reactome:R-HSA-9673767|Reactome:R-HSA-9673770|Reactome:R-HSA-9674519|Reactome:R-HSA-9674555|Reactome:R-HSA-9678110|Reactome:R-HSA-9679191|Reactome:R-HSA-9679504|Reactome:R-HSA-9680350|Reactome:R-HSA-9682706|Reactome:R-HSA-9682708|Reactome:R-HSA-9683439|Reactome:R-HSA-9684325|Reactome:R-HSA-9692912|Reactome:R-HSA-9692916|Reactome:R-HSA-9694271|Reactome:R-HSA-9694301|Reactome:R-HSA-9694614|Reactome:R-HSA-9694676|Reactome:R-HSA-9694686|Reactome:R-HSA-9694786|Reactome:R-HSA-9696264|Reactome:R-HSA-9696270|Reactome:R-HSA-9696273|Reactome:R-HSA-9701192|Reactome:R-HSA-9703465|Reactome:R-HSA-9703648|Reactome:R-HSA-9704331|Reactome:R-HSA-9704646|Reactome:R-HSA-9705671|Reactome:R-HSA-9705677|Reactome:R-HSA-9706019|Reactome:R-HSA-9707564|Reactome:R-HSA-9707616|Reactome:R-HSA-9708296|Reactome:R-HSA-9709570|Reactome:R-HSA-9709603|Reactome:R-HSA-9717207|Reactome:R-HSA-9725370|Reactome:R-HSA-9725371|Reactome:R-HSA-9725554|Reactome:R-HSA-9726840|Reactome:R-HSA-9726842|Reactome:R-HSA-9735869|Reactome:R-HSA-9735871|Reactome:R-HSA-9748787|Reactome:R-HSA-9749641|Reactome:R-HSA-9753281|Reactome:R-HSA-9753510|Reactome:R-HSA-9753512|Reactome:R-HSA-9754560|Reactome:R-HSA-9754678|Reactome:R-HSA-9754706|Reactome:R-HSA-9755511|Reactome:R-HSA-9757110|Reactome:R-HSA-9758274|Reactome:R-HSA-9758881|Reactome:R-HSA-9758890|Reactome:R-HSA-9759218|Reactome:R-HSA-975956|Reactome:R-HSA-975957|Reactome:R-HSA-9759811|Reactome:R-HSA-9760173|Reactome:R-HSA-9762114|Reactome:R-HSA-9764562|Reactome:R-HSA-9764725|Reactome:R-HSA-9766229|Reactome:R-HSA-9768778|Reactome:R-HSA-9768919|Reactome:R-HSA-9793528|Reactome:R-HSA-9818027|Reactome:R-HSA-9818032|Reactome:R-HSA-9820841|Reactome:R-HSA-9820865|Reactome:R-HSA-9820960|Reactome:R-HSA-9824272|Reactome:R-HSA-9824585|Reactome:R-HSA-9824594|Reactome:R-HSA-9825895|Reactome:R-HSA-983168|Reactome:R-HSA-983170|Reactome:R-HSA-983189|Reactome:R-HSA-983231|Reactome:R-HSA-9833109|Reactome:R-HSA-9833110|Reactome:R-HSA-9833482|Reactome:R-HSA-9836573|Reactome:R-HSA-983712|Reactome:R-HSA-9837999|Reactome:R-HSA-9839394|Reactome:R-HSA-9840309|Reactome:R-HSA-9840373|Reactome:R-HSA-9841251|Reactome:R-HSA-9843940|Reactome:R-HSA-9843970|Reactome:R-HSA-9844594|Reactome:R-HSA-9845323|Reactome:R-HSA-9845576|Reactome:R-HSA-9856530|Reactome:R-HSA-9856532|Reactome:R-HSA-9857377|Reactome:R-HSA-9860927|Reactome:R-HSA-9865881|Reactome:R-HSA-9907900|Reactome:R-HSA-9909505|Reactome:R-HSA-9913143|Reactome:R-HSA-9913635|Reactome:R-HSA-9918454|Reactome:R-HSA-9925563|Reactome:R-HSA-9927020|Reactome:R-HSA-9927432|Reactome:R-HSA-9930044|Reactome:R-HSA-9931509|Reactome:R-HSA-9931953|Reactome:R-HSA-9932298|Reactome:R-HSA-9933387|Reactome:R-HSA-9933937|Reactome:R-HSA-9933939|Reactome:R-HSA-9933946|Reactome:R-HSA-9933947|Reactome:R-HSA-9934037|Reactome:R-HSA-9937383|Reactome:R-MMU-110312|Reactome:R-MMU-110314|Reactome:R-MMU-110320|Reactome:R-MMU-111457|Reactome:R-MMU-111458|Reactome:R-MMU-111459|Reactome:R-MMU-111469|Reactome:R-MMU-112043|Reactome:R-MMU-112308|Reactome:R-MMU-112382|Reactome:R-MMU-113418|Reactome:R-MMU-114604|Reactome:R-MMU-114608|Reactome:R-MMU-1169091|Reactome:R-MMU-1169092|Reactome:R-MMU-1169408|Reactome:R-MMU-1222556|Reactome:R-MMU-1234176|Reactome:R-MMU-1236974|Reactome:R-MMU-1236978|Reactome:R-MMU-1250347|Reactome:R-MMU-1257604|Reactome:R-MMU-1266695|Reactome:R-MMU-1268020|Reactome:R-MMU-1296025|Reactome:R-MMU-1369007|Reactome:R-MMU-1369062|Reactome:R-MMU-141444|Reactome:R-MMU-1433557|Reactome:R-MMU-156584|Reactome:R-MMU-156827|Reactome:R-MMU-156842|Reactome:R-MMU-156902|Reactome:R-MMU-159236|Reactome:R-MMU-159418|Reactome:R-MMU-162658|Reactome:R-MMU-163210|Reactome:R-MMU-1632852|Reactome:R-MMU-163841|Reactome:R-MMU-165159|Reactome:R-MMU-1655829|Reactome:R-MMU-166016|Reactome:R-MMU-1660499|Reactome:R-MMU-1660514|Reactome:R-MMU-1660661|Reactome:R-MMU-166208|Reactome:R-MMU-168638|Reactome:R-MMU-169911|Reactome:R-MMU-170660|Reactome:R-MMU-170670|Reactome:R-MMU-170968|Reactome:R-MMU-170984|Reactome:R-MMU-171007|Reactome:R-MMU-171319|Reactome:R-MMU-174084|Reactome:R-MMU-174154|Reactome:R-MMU-174178|Reactome:R-MMU-174184|Reactome:R-MMU-174362|Reactome:R-MMU-174411|Reactome:R-MMU-174414|Reactome:R-MMU-174437|Reactome:R-MMU-176187|Reactome:R-MMU-179812|Reactome:R-MMU-1799339|Reactome:R-MMU-180336|Reactome:R-MMU-1810476|Reactome:R-MMU-181429|Reactome:R-MMU-181430|Reactome:R-MMU-182971|Reactome:R-MMU-1834941|Reactome:R-MMU-186763|Reactome:R-MMU-187577|Reactome:R-MMU-189451|Reactome:R-MMU-189483|Reactome:R-MMU-190873|Reactome:R-MMU-191273|Reactome:R-MMU-191650|Reactome:R-MMU-191859|Reactome:R-MMU-193368|Reactome:R-MMU-193634|Reactome:R-MMU-193648|Reactome:R-MMU-195253|Reactome:R-MMU-196025|Reactome:R-MMU-1963640|Reactome:R-MMU-196757|Reactome:R-MMU-196783|Reactome:R-MMU-196807|Reactome:R-MMU-198203|Reactome:R-MMU-199992|Reactome:R-MMU-201722|Reactome:R-MMU-202040|Reactome:R-MMU-2022854|Reactome:R-MMU-2022870|Reactome:R-MMU-2022923|Reactome:R-MMU-2022928|Reactome:R-MMU-202424|Reactome:R-MMU-2028269|Reactome:R-MMU-2029482|Reactome:R-MMU-203641|Reactome:R-MMU-203927|Reactome:R-MMU-204005|Reactome:R-MMU-2046105|Reactome:R-MMU-2046106|Reactome:R-MMU-209563|Reactome:R-MMU-210500|Reactome:R-MMU-210993|Reactome:R-MMU-212676|Reactome:R-MMU-2132295|Reactome:R-MMU-2142691|Reactome:R-MMU-2142845|Reactome:R-MMU-2173791|Reactome:R-MMU-2179392|Reactome:R-MMU-2299718|Reactome:R-MMU-2424491|Reactome:R-MMU-2453902|Reactome:R-MMU-2467813|Reactome:R-MMU-2468052|Reactome:R-MMU-2470946|Reactome:R-MMU-2485179|Reactome:R-MMU-2500257|Reactome:R-MMU-2514853|Reactome:R-MMU-2514859|Reactome:R-MMU-2559584|Reactome:R-MMU-2559586|Reactome:R-MMU-2565942|Reactome:R-MMU-264642|Reactome:R-MMU-2871796|Reactome:R-MMU-2871837|Reactome:R-MMU-3108214|Reactome:R-MMU-3134963|Reactome:R-MMU-3134975|Reactome:R-MMU-3214815|Reactome:R-MMU-3214858|Reactome:R-MMU-3247509|Reactome:R-MMU-3270619|Reactome:R-MMU-3371497|Reactome:R-MMU-3371511|Reactome:R-MMU-349425|Reactome:R-MMU-350562|Reactome:R-MMU-351906|Reactome:R-MMU-354192|Reactome:R-MMU-354194|Reactome:R-MMU-372708|Reactome:R-MMU-373753|Reactome:R-MMU-375165|Reactome:R-MMU-3769402|Reactome:R-MMU-380259|Reactome:R-MMU-380270|Reactome:R-MMU-380284|Reactome:R-MMU-380320|Reactome:R-MMU-380972|Reactome:R-MMU-381042|Reactome:R-MMU-381676|Reactome:R-MMU-381753|Reactome:R-MMU-381771|Reactome:R-MMU-382556|Reactome:R-MMU-389359|Reactome:R-MMU-3899300|Reactome:R-MMU-390247|Reactome:R-MMU-390522|Reactome:R-MMU-392170|Reactome:R-MMU-392451|Reactome:R-MMU-392517|Reactome:R-MMU-392851|Reactome:R-MMU-3928662|Reactome:R-MMU-3928663|Reactome:R-MMU-3928664|Reactome:R-MMU-3928665|Reactome:R-MMU-399719|Reactome:R-MMU-399954|Reactome:R-MMU-399997|Reactome:R-MMU-400042|Reactome:R-MMU-400206|Reactome:R-MMU-4086398|Reactome:R-MMU-4086400|Reactome:R-MMU-416476|Reactome:R-MMU-416482|Reactome:R-MMU-416550|Reactome:R-MMU-416572|Reactome:R-MMU-416993|Reactome:R-MMU-418555|Reactome:R-MMU-418592|Reactome:R-MMU-418594|Reactome:R-MMU-418597|Reactome:R-MMU-418885|Reactome:R-MMU-420092|Reactome:R-MMU-422356|Reactome:R-MMU-426486|Reactome:R-MMU-428930|Reactome:R-MMU-429947|Reactome:R-MMU-429958|Reactome:R-MMU-430039|Reactome:R-MMU-432040|Reactome:R-MMU-432720|Reactome:R-MMU-432722|Reactome:R-MMU-434316|Reactome:R-MMU-437239|Reactome:R-MMU-438066|Reactome:R-MMU-4420097|Reactome:R-MMU-445144|Reactome:R-MMU-445355|Reactome:R-MMU-445989|Reactome:R-MMU-450302|Reactome:R-MMU-450321|Reactome:R-MMU-450408|Reactome:R-MMU-451308|Reactome:R-MMU-456926|Reactome:R-MMU-4608870|Reactome:R-MMU-4641257|Reactome:R-MMU-4641258|Reactome:R-MMU-499943|Reactome:R-MMU-5205685|Reactome:R-MMU-5218920|Reactome:R-MMU-5218921|Reactome:R-MMU-5250924|Reactome:R-MMU-525793|Reactome:R-MMU-532668|Reactome:R-MMU-5358346|Reactome:R-MMU-5358493|Reactome:R-MMU-5358565|Reactome:R-MMU-5358606|Reactome:R-MMU-5389840|Reactome:R-MMU-5419276|Reactome:R-MMU-5576892|Reactome:R-MMU-5576893|Reactome:R-MMU-5578749|Reactome:R-MMU-5578775|Reactome:R-MMU-5607761|Reactome:R-MMU-5607764|Reactome:R-MMU-5610780|Reactome:R-MMU-5610785|Reactome:R-MMU-5610787|Reactome:R-MMU-5620912|Reactome:R-MMU-5620916|Reactome:R-MMU-5620922|Reactome:R-MMU-5620924|Reactome:R-MMU-5621575|Reactome:R-MMU-5624138|Reactome:R-MMU-5624958|Reactome:R-MMU-5625740|Reactome:R-MMU-5625900|Reactome:R-MMU-5625970|Reactome:R-MMU-5626467|Reactome:R-MMU-5627083|Reactome:R-MMU-5627117|Reactome:R-MMU-5627123|Reactome:R-MMU-5628897|Reactome:R-MMU-5632684|Reactome:R-MMU-5635838|Reactome:R-MMU-5649702|Reactome:R-MMU-5651801|Reactome:R-MMU-5654688|Reactome:R-MMU-5654693|Reactome:R-MMU-5654699|Reactome:R-MMU-5654700|Reactome:R-MMU-5654704|Reactome:R-MMU-5654706|Reactome:R-MMU-5654712|Reactome:R-MMU-5654719|Reactome:R-MMU-5655862|Reactome:R-MMU-5656121|Reactome:R-MMU-5656169|Reactome:R-MMU-5658442|Reactome:R-MMU-5663213|Reactome:R-MMU-5663220|Reactome:R-MMU-5666185|Reactome:R-MMU-5668541|Reactome:R-MMU-5668599|Reactome:R-MMU-5673000|Reactome:R-MMU-5673001|Reactome:R-MMU-5674135|Reactome:R-MMU-5675221|Reactome:R-MMU-5676590|Reactome:R-MMU-5682910|Reactome:R-MMU-5683826|Reactome:R-MMU-5685938|Reactome:R-MMU-5685939|Reactome:R-MMU-5685942|Reactome:R-MMU-5687128|Reactome:R-MMU-5689603|Reactome:R-MMU-5689877|Reactome:R-MMU-5689880|Reactome:R-MMU-5689896|Reactome:R-MMU-5689901|Reactome:R-MMU-5693548|Reactome:R-MMU-5693565|Reactome:R-MMU-5693568|Reactome:R-MMU-5693571|Reactome:R-MMU-5693579|Reactome:R-MMU-5693607|Reactome:R-MMU-5693616|Reactome:R-MMU-5694530|Reactome:R-MMU-5696394|Reactome:R-MMU-5696395|Reactome:R-MMU-5696397|Reactome:R-MMU-5696400|Reactome:R-MMU-606279|Reactome:R-MMU-611105|Reactome:R-MMU-674695|Reactome:R-MMU-6781823|Reactome:R-MMU-6782135|Reactome:R-MMU-6782210|Reactome:R-MMU-6783310|Reactome:R-MMU-6785631|Reactome:R-MMU-6791226|Reactome:R-MMU-6794361|Reactome:R-MMU-6796648|Reactome:R-MMU-6798695|Reactome:R-MMU-6799198|Reactome:R-MMU-6804756|Reactome:R-MMU-6804758|Reactome:R-MMU-6807878|Reactome:R-MMU-6811434|Reactome:R-MMU-6811436|Reactome:R-MMU-6811438|Reactome:R-MMU-6811440|Reactome:R-MMU-6811558|Reactome:R-MMU-6814122|Reactome:R-MMU-68616|Reactome:R-MMU-68689|Reactome:R-MMU-68867|Reactome:R-MMU-68877|Reactome:R-MMU-68884|Reactome:R-MMU-68949|Reactome:R-MMU-68962|Reactome:R-MMU-69017|Reactome:R-MMU-69052|Reactome:R-MMU-69091|Reactome:R-MMU-69166|Reactome:R-MMU-69473|Reactome:R-MMU-69481|Reactome:R-MMU-69601|Reactome:R-MMU-71032|Reactome:R-MMU-72086|Reactome:R-MMU-72163|Reactome:R-MMU-72165|Reactome:R-MMU-72187|Reactome:R-MMU-72203|Reactome:R-MMU-72649|Reactome:R-MMU-72662|Reactome:R-MMU-72695|Reactome:R-MMU-72702|Reactome:R-MMU-72706|Reactome:R-MMU-72731|Reactome:R-MMU-72764|Reactome:R-MMU-73614|Reactome:R-MMU-73762|Reactome:R-MMU-73772|Reactome:R-MMU-73776|Reactome:R-MMU-73779|Reactome:R-MMU-73817|Reactome:R-MMU-73856|Reactome:R-MMU-73863|Reactome:R-MMU-74217|Reactome:R-MMU-75153|Reactome:R-MMU-75815|Reactome:R-MMU-75953|Reactome:R-MMU-75955|Reactome:R-MMU-76042|Reactome:R-MMU-77075|Reactome:R-MMU-77387|Reactome:R-MMU-77595|Reactome:R-MMU-83936|Reactome:R-MMU-844455|Reactome:R-MMU-844456|Reactome:R-MMU-8849471|Reactome:R-MMU-8849932|Reactome:R-MMU-8851805|Reactome:R-MMU-8852276|Reactome:R-MMU-8854050|Reactome:R-MMU-8854214|Reactome:R-MMU-8854518|Reactome:R-MMU-8856825|Reactome:R-MMU-8856828|Reactome:R-MMU-8857538|Reactome:R-MMU-8866654|Reactome:R-MMU-8866910|Reactome:R-MMU-8873719|Reactome:R-MMU-8875555|Reactome:R-MMU-8875656|Reactome:R-MMU-8876198|Reactome:R-MMU-8876725|Reactome:R-MMU-888590|Reactome:R-MMU-8939236|Reactome:R-MMU-8939243|Reactome:R-MMU-8939902|Reactome:R-MMU-8941858|Reactome:R-MMU-8943724|Reactome:R-MMU-8948751|Reactome:R-MMU-8949613|Reactome:R-MMU-8949664|Reactome:R-MMU-8951664|Reactome:R-MMU-8963888|Reactome:R-MMU-8963896|Reactome:R-MMU-8964058|Reactome:R-MMU-8964616|Reactome:R-MMU-8980692|Reactome:R-MMU-8983711|Reactome:R-MMU-8985586|Reactome:R-MMU-9009391|Reactome:R-MMU-9013026|Reactome:R-MMU-9013106|Reactome:R-MMU-9013148|Reactome:R-MMU-9013149|Reactome:R-MMU-9013404|Reactome:R-MMU-9013405|Reactome:R-MMU-9013406|Reactome:R-MMU-9013407|Reactome:R-MMU-9013408|Reactome:R-MMU-9013409|Reactome:R-MMU-9013418|Reactome:R-MMU-9013419|Reactome:R-MMU-9013420|Reactome:R-MMU-9013422|Reactome:R-MMU-9013423|Reactome:R-MMU-9013424|Reactome:R-MMU-9013425|Reactome:R-MMU-9018519|Reactome:R-MMU-9020702|Reactome:R-MMU-9029569|Reactome:R-MMU-9031628|Reactome:R-MMU-9032759|Reactome:R-MMU-9033241|Reactome:R-MMU-9035034|Reactome:R-MMU-909733|Reactome:R-MMU-912446|Reactome:R-MMU-913709|Reactome:R-MMU-917729|Reactome:R-MMU-917937|Reactome:R-MMU-917977|Reactome:R-MMU-933542|Reactome:R-MMU-936440|Reactome:R-MMU-9603798|Reactome:R-MMU-9607240|Reactome:R-MMU-9615933|Reactome:R-MMU-9627069|Reactome:R-MMU-9629569|Reactome:R-MMU-9634597|Reactome:R-MMU-9634600|Reactome:R-MMU-9634635|Reactome:R-MMU-9639288|Reactome:R-MMU-9646399|Reactome:R-MMU-9648002|Reactome:R-MMU-9648025|Reactome:R-MMU-9668328|Reactome:R-MMU-9670095|Reactome:R-MMU-9674555|Reactome:R-MMU-9696264|Reactome:R-MMU-9696270|Reactome:R-MMU-9696273|Reactome:R-MMU-9706019|Reactome:R-MMU-9707564|Reactome:R-MMU-9717207|Reactome:R-MMU-9748787|Reactome:R-MMU-9749641|Reactome:R-MMU-9753281|Reactome:R-MMU-9754706|Reactome:R-MMU-9755511|Reactome:R-MMU-9757110|Reactome:R-MMU-9758274|Reactome:R-MMU-9758881|Reactome:R-MMU-9758890|Reactome:R-MMU-9759218|Reactome:R-MMU-975956|Reactome:R-MMU-975957|Reactome:R-MMU-9762114|Reactome:R-MMU-9764725|Reactome:R-MMU-9766229|Reactome:R-MMU-9793528|Reactome:R-MMU-9824585|Reactome:R-MMU-983168|Reactome:R-MMU-983170|Reactome:R-MMU-983189|Reactome:R-MMU-983231|Reactome:R-MMU-9833482|Reactome:R-MMU-983712|Reactome:R-MMU-9837999|Reactome:R-MMU-9840309|Reactome:R-MMU-9840373|Reactome:R-MMU-9845576|Reactome:R-MMU-9856530|Reactome:R-MMU-9860927|Reactome:R-MMU-9907900|Reactome:R-MMU-9909505|Reactome:R-MMU-9913635|Reactome:R-MMU-9930044|Reactome:R-MMU-9932298|Reactome:R-MMU-9933937|Reactome:R-MMU-9933939|Reactome:R-MMU-9933946|Reactome:R-MMU-9933947|Reactome:R-MMU-9934037|Reactome:R-MMU-9937383|Reactome:R-MTU-936635|Reactome:R-MTU-964903|Reactome:R-PFA-1222556|Reactome:R-PFA-159418|Reactome:R-PFA-1660499|Reactome:R-PFA-1660514|Reactome:R-PFA-193368|Reactome:R-PFA-199992|Reactome:R-PFA-2299718|Reactome:R-PFA-2514853|Reactome:R-PFA-3371497|Reactome:R-PFA-382556|Reactome:R-PFA-499943|Reactome:R-PFA-5620916|Reactome:R-PFA-5693548|Reactome:R-PFA-5693565|Reactome:R-PFA-6798695|Reactome:R-PFA-6807878|Reactome:R-PFA-6811434|Reactome:R-PFA-68616|Reactome:R-PFA-68949|Reactome:R-PFA-73817|Reactome:R-PFA-75153|Reactome:R-PFA-77387|Reactome:R-PFA-917977|Reactome:R-PFA-9646399|Reactome:R-PFA-9754706|Reactome:R-PFA-9757110|Reactome:R-PFA-983231|Reactome:R-PFA-9845576|Reactome:R-RNO-110312|Reactome:R-RNO-110314|Reactome:R-RNO-110320|Reactome:R-RNO-111457|Reactome:R-RNO-111458|Reactome:R-RNO-111459|Reactome:R-RNO-111469|Reactome:R-RNO-112043|Reactome:R-RNO-112308|Reactome:R-RNO-112382|Reactome:R-RNO-113418|Reactome:R-RNO-114604|Reactome:R-RNO-114608|Reactome:R-RNO-1169091|Reactome:R-RNO-1169092|Reactome:R-RNO-1169408|Reactome:R-RNO-1222556|Reactome:R-RNO-1234176|Reactome:R-RNO-1236974|Reactome:R-RNO-1236978|Reactome:R-RNO-1250347|Reactome:R-RNO-1257604|Reactome:R-RNO-1266695|Reactome:R-RNO-1268020|Reactome:R-RNO-1296025|Reactome:R-RNO-1369007|Reactome:R-RNO-1369062|Reactome:R-RNO-141444|Reactome:R-RNO-1433557|Reactome:R-RNO-156584|Reactome:R-RNO-156827|Reactome:R-RNO-156842|Reactome:R-RNO-156902|Reactome:R-RNO-159236|Reactome:R-RNO-159418|Reactome:R-RNO-162658|Reactome:R-RNO-163210|Reactome:R-RNO-1632852|Reactome:R-RNO-163841|Reactome:R-RNO-165159|Reactome:R-RNO-1655829|Reactome:R-RNO-166016|Reactome:R-RNO-1660499|Reactome:R-RNO-1660514|Reactome:R-RNO-1660661|Reactome:R-RNO-166208|Reactome:R-RNO-169911|Reactome:R-RNO-170660|Reactome:R-RNO-170670|Reactome:R-RNO-170968|Reactome:R-RNO-170984|Reactome:R-RNO-171007|Reactome:R-RNO-171319|Reactome:R-RNO-174084|Reactome:R-RNO-174113|Reactome:R-RNO-174154|Reactome:R-RNO-174178|Reactome:R-RNO-174184|Reactome:R-RNO-174411|Reactome:R-RNO-174437|Reactome:R-RNO-176187|Reactome:R-RNO-179812|Reactome:R-RNO-1799339|Reactome:R-RNO-180336|Reactome:R-RNO-181429|Reactome:R-RNO-181430|Reactome:R-RNO-182971|Reactome:R-RNO-186763|Reactome:R-RNO-187577|Reactome:R-RNO-189451|Reactome:R-RNO-189483|Reactome:R-RNO-190873|Reactome:R-RNO-191650|Reactome:R-RNO-193368|Reactome:R-RNO-193634|Reactome:R-RNO-193648|Reactome:R-RNO-195253|Reactome:R-RNO-196025|Reactome:R-RNO-1963640|Reactome:R-RNO-196757|Reactome:R-RNO-196783|Reactome:R-RNO-196807|Reactome:R-RNO-198203|Reactome:R-RNO-199992|Reactome:R-RNO-201722|Reactome:R-RNO-202040|Reactome:R-RNO-2022854|Reactome:R-RNO-2022870|Reactome:R-RNO-2022923|Reactome:R-RNO-2022928|Reactome:R-RNO-2028269|Reactome:R-RNO-2029482|Reactome:R-RNO-203641|Reactome:R-RNO-204005|Reactome:R-RNO-2046105|Reactome:R-RNO-2046106|Reactome:R-RNO-209563|Reactome:R-RNO-210500|Reactome:R-RNO-210993|Reactome:R-RNO-212676|Reactome:R-RNO-2132295|Reactome:R-RNO-2142691|Reactome:R-RNO-2142845|Reactome:R-RNO-2173791|Reactome:R-RNO-2179392|Reactome:R-RNO-2424491|Reactome:R-RNO-2467813|Reactome:R-RNO-2468052|Reactome:R-RNO-2470946|Reactome:R-RNO-2500257|Reactome:R-RNO-2559586|Reactome:R-RNO-2565942|Reactome:R-RNO-264642|Reactome:R-RNO-2871796|Reactome:R-RNO-3108214|Reactome:R-RNO-3134963|Reactome:R-RNO-3214858|Reactome:R-RNO-3247509|Reactome:R-RNO-3371497|Reactome:R-RNO-3371511|Reactome:R-RNO-349425|Reactome:R-RNO-350562|Reactome:R-RNO-351906|Reactome:R-RNO-354192|Reactome:R-RNO-354194|Reactome:R-RNO-372708|Reactome:R-RNO-375165|Reactome:R-RNO-3769402|Reactome:R-RNO-380259|Reactome:R-RNO-380270|Reactome:R-RNO-380284|Reactome:R-RNO-380320|Reactome:R-RNO-380972|Reactome:R-RNO-381042|Reactome:R-RNO-381676|Reactome:R-RNO-382556|Reactome:R-RNO-389359|Reactome:R-RNO-390247|Reactome:R-RNO-390522|Reactome:R-RNO-392170|Reactome:R-RNO-392451|Reactome:R-RNO-392517|Reactome:R-RNO-3928662|Reactome:R-RNO-3928663|Reactome:R-RNO-3928664|Reactome:R-RNO-3928665|Reactome:R-RNO-399719|Reactome:R-RNO-399954|Reactome:R-RNO-399997|Reactome:R-RNO-400042|Reactome:R-RNO-4086398|Reactome:R-RNO-4086400|Reactome:R-RNO-416476|Reactome:R-RNO-416482|Reactome:R-RNO-416550|Reactome:R-RNO-416572|Reactome:R-RNO-416993|Reactome:R-RNO-418592|Reactome:R-RNO-418594|Reactome:R-RNO-418597|Reactome:R-RNO-418885|Reactome:R-RNO-420092|Reactome:R-RNO-422356|Reactome:R-RNO-428930|Reactome:R-RNO-429947|Reactome:R-RNO-429958|Reactome:R-RNO-432040|Reactome:R-RNO-432720|Reactome:R-RNO-432722|Reactome:R-RNO-434316|Reactome:R-RNO-437239|Reactome:R-RNO-438066|Reactome:R-RNO-4420097|Reactome:R-RNO-445144|Reactome:R-RNO-450408|Reactome:R-RNO-451308|Reactome:R-RNO-456926|Reactome:R-RNO-4608870|Reactome:R-RNO-4641257|Reactome:R-RNO-4641258|Reactome:R-RNO-499943|Reactome:R-RNO-5205685|Reactome:R-RNO-5218920|Reactome:R-RNO-5218921|Reactome:R-RNO-5250924|Reactome:R-RNO-525793|Reactome:R-RNO-532668|Reactome:R-RNO-5358346|Reactome:R-RNO-5358493|Reactome:R-RNO-5358565|Reactome:R-RNO-5389840|Reactome:R-RNO-5419276|Reactome:R-RNO-5576892|Reactome:R-RNO-5576893|Reactome:R-RNO-5578749|Reactome:R-RNO-5578775|Reactome:R-RNO-5607761|Reactome:R-RNO-5610780|Reactome:R-RNO-5610785|Reactome:R-RNO-5610787|Reactome:R-RNO-5620912|Reactome:R-RNO-5620916|Reactome:R-RNO-5620924|Reactome:R-RNO-5621575|Reactome:R-RNO-5624138|Reactome:R-RNO-5625740|Reactome:R-RNO-5625900|Reactome:R-RNO-5625970|Reactome:R-RNO-5626467|Reactome:R-RNO-5627083|Reactome:R-RNO-5627117|Reactome:R-RNO-5627123|Reactome:R-RNO-5628897|Reactome:R-RNO-5632684|Reactome:R-RNO-5651801|Reactome:R-RNO-5654688|Reactome:R-RNO-5654693|Reactome:R-RNO-5654699|Reactome:R-RNO-5654700|Reactome:R-RNO-5654704|Reactome:R-RNO-5654706|Reactome:R-RNO-5654712|Reactome:R-RNO-5654719|Reactome:R-RNO-5655862|Reactome:R-RNO-5656121|Reactome:R-RNO-5656169|Reactome:R-RNO-5658442|Reactome:R-RNO-5663213|Reactome:R-RNO-5663220|Reactome:R-RNO-5666185|Reactome:R-RNO-5668541|Reactome:R-RNO-5668599|Reactome:R-RNO-5673000|Reactome:R-RNO-5673001|Reactome:R-RNO-5674135|Reactome:R-RNO-5675221|Reactome:R-RNO-5676590|Reactome:R-RNO-5682910|Reactome:R-RNO-5683826|Reactome:R-RNO-5685938|Reactome:R-RNO-5685939|Reactome:R-RNO-5685942|Reactome:R-RNO-5687128|Reactome:R-RNO-5689603|Reactome:R-RNO-5689877|Reactome:R-RNO-5689880|Reactome:R-RNO-5689896|Reactome:R-RNO-5689901|Reactome:R-RNO-5693548|Reactome:R-RNO-5693565|Reactome:R-RNO-5693568|Reactome:R-RNO-5693571|Reactome:R-RNO-5693579|Reactome:R-RNO-5693607|Reactome:R-RNO-5693616|Reactome:R-RNO-5694530|Reactome:R-RNO-5696394|Reactome:R-RNO-5696395|Reactome:R-RNO-5696397|Reactome:R-RNO-5696400|Reactome:R-RNO-606279|Reactome:R-RNO-611105|Reactome:R-RNO-674695|Reactome:R-RNO-6781823|Reactome:R-RNO-6782135|Reactome:R-RNO-6782210|Reactome:R-RNO-6785631|Reactome:R-RNO-6791226|Reactome:R-RNO-6794361|Reactome:R-RNO-6796648|Reactome:R-RNO-6798695|Reactome:R-RNO-6799198|Reactome:R-RNO-6804756|Reactome:R-RNO-6807878|Reactome:R-RNO-6811434|Reactome:R-RNO-6811436|Reactome:R-RNO-6811438|Reactome:R-RNO-6811440|Reactome:R-RNO-6811558|Reactome:R-RNO-68616|Reactome:R-RNO-68689|Reactome:R-RNO-68867|Reactome:R-RNO-68877|Reactome:R-RNO-68949|Reactome:R-RNO-68962|Reactome:R-RNO-69017|Reactome:R-RNO-69091|Reactome:R-RNO-69166|Reactome:R-RNO-69473|Reactome:R-RNO-69481|Reactome:R-RNO-69601|Reactome:R-RNO-72086|Reactome:R-RNO-72163|Reactome:R-RNO-72165|Reactome:R-RNO-72187|Reactome:R-RNO-72203|Reactome:R-RNO-72649|Reactome:R-RNO-72662|Reactome:R-RNO-72695|Reactome:R-RNO-72702|Reactome:R-RNO-72706|Reactome:R-RNO-72731|Reactome:R-RNO-73614|Reactome:R-RNO-73762|Reactome:R-RNO-73772|Reactome:R-RNO-73776|Reactome:R-RNO-73779|Reactome:R-RNO-73856|Reactome:R-RNO-73863|Reactome:R-RNO-74217|Reactome:R-RNO-75153|Reactome:R-RNO-75815|Reactome:R-RNO-75953|Reactome:R-RNO-75955|Reactome:R-RNO-76042|Reactome:R-RNO-77075|Reactome:R-RNO-77387|Reactome:R-RNO-77595|Reactome:R-RNO-83936|Reactome:R-RNO-844455|Reactome:R-RNO-844456|Reactome:R-RNO-8849471|Reactome:R-RNO-8849932|Reactome:R-RNO-8851805|Reactome:R-RNO-8852276|Reactome:R-RNO-8854050|Reactome:R-RNO-8854214|Reactome:R-RNO-8854518|Reactome:R-RNO-8856825|Reactome:R-RNO-8856828|Reactome:R-RNO-8873719|Reactome:R-RNO-8875555|Reactome:R-RNO-8875656|Reactome:R-RNO-8876198|Reactome:R-RNO-8876725|Reactome:R-RNO-888590|Reactome:R-RNO-8939236|Reactome:R-RNO-8939243|Reactome:R-RNO-8941858|Reactome:R-RNO-8943724|Reactome:R-RNO-8948751|Reactome:R-RNO-8949613|Reactome:R-RNO-8949664|Reactome:R-RNO-8951664|Reactome:R-RNO-8963888|Reactome:R-RNO-8964616|Reactome:R-RNO-8980692|Reactome:R-RNO-8985586|Reactome:R-RNO-9009391|Reactome:R-RNO-9013026|Reactome:R-RNO-9013148|Reactome:R-RNO-9013149|Reactome:R-RNO-9013404|Reactome:R-RNO-9013405|Reactome:R-RNO-9013406|Reactome:R-RNO-9013407|Reactome:R-RNO-9013408|Reactome:R-RNO-9013409|Reactome:R-RNO-9013418|Reactome:R-RNO-9013419|Reactome:R-RNO-9013420|Reactome:R-RNO-9013424|Reactome:R-RNO-9032759|Reactome:R-RNO-9033241|Reactome:R-RNO-9035034|Reactome:R-RNO-912446|Reactome:R-RNO-917729|Reactome:R-RNO-917937|Reactome:R-RNO-917977|Reactome:R-RNO-936440|Reactome:R-RNO-9603798|Reactome:R-RNO-9607240|Reactome:R-RNO-9615933|Reactome:R-RNO-9627069|Reactome:R-RNO-9634600|Reactome:R-RNO-9634635|Reactome:R-RNO-9639288|Reactome:R-RNO-9646399|Reactome:R-RNO-9648002|Reactome:R-RNO-9648025|Reactome:R-RNO-9668328|Reactome:R-RNO-9674555|Reactome:R-RNO-9696264|Reactome:R-RNO-9696270|Reactome:R-RNO-9696273|Reactome:R-RNO-9706019|Reactome:R-RNO-9707564|Reactome:R-RNO-9717207|Reactome:R-RNO-9748787|Reactome:R-RNO-9749641|Reactome:R-RNO-9753281|Reactome:R-RNO-9754706|Reactome:R-RNO-9755511|Reactome:R-RNO-9757110|Reactome:R-RNO-9758274|Reactome:R-RNO-9758890|Reactome:R-RNO-975957|Reactome:R-RNO-9762114|Reactome:R-RNO-9764725|Reactome:R-RNO-9766229|Reactome:R-RNO-9793528|Reactome:R-RNO-9824585|Reactome:R-RNO-983168|Reactome:R-RNO-983170|Reactome:R-RNO-983189|Reactome:R-RNO-983231|Reactome:R-RNO-983712|Reactome:R-RNO-9837999|Reactome:R-RNO-9840373|Reactome:R-RNO-9845576|Reactome:R-RNO-9856530|Reactome:R-RNO-9907900|Reactome:R-RNO-9932298|Reactome:R-RNO-9933937|Reactome:R-RNO-9933939|Reactome:R-RNO-9933946|Reactome:R-RNO-9933947|Reactome:R-RNO-9934037|Reactome:R-RNO-9937383|Reactome:R-SCE-110312|Reactome:R-SCE-110320|Reactome:R-SCE-111457|Reactome:R-SCE-112043|Reactome:R-SCE-113418|Reactome:R-SCE-114608|Reactome:R-SCE-1222556|Reactome:R-SCE-1236978|Reactome:R-SCE-1369007|Reactome:R-SCE-1369062|Reactome:R-SCE-156827|Reactome:R-SCE-156842|Reactome:R-SCE-156902|Reactome:R-SCE-159236|Reactome:R-SCE-159418|Reactome:R-SCE-162658|Reactome:R-SCE-165159|Reactome:R-SCE-1660499|Reactome:R-SCE-1660514|Reactome:R-SCE-1660661|Reactome:R-SCE-169911|Reactome:R-SCE-174362|Reactome:R-SCE-176187|Reactome:R-SCE-1799339|Reactome:R-SCE-189451|Reactome:R-SCE-189483|Reactome:R-SCE-196757|Reactome:R-SCE-196783|Reactome:R-SCE-198203|Reactome:R-SCE-199992|Reactome:R-SCE-202040|Reactome:R-SCE-2029482|Reactome:R-SCE-204005|Reactome:R-SCE-2046105|Reactome:R-SCE-2046106|Reactome:R-SCE-2142691|Reactome:R-SCE-2468052|Reactome:R-SCE-2500257|Reactome:R-SCE-2514853|Reactome:R-SCE-2514859|Reactome:R-SCE-2559586|Reactome:R-SCE-3108214|Reactome:R-SCE-3371511|Reactome:R-SCE-354192|Reactome:R-SCE-381676|Reactome:R-SCE-382556|Reactome:R-SCE-389359|Reactome:R-SCE-3899300|Reactome:R-SCE-390247|Reactome:R-SCE-392451|Reactome:R-SCE-392517|Reactome:R-SCE-399997|Reactome:R-SCE-416476|Reactome:R-SCE-416482|Reactome:R-SCE-418592|Reactome:R-SCE-418594|Reactome:R-SCE-418597|Reactome:R-SCE-429947|Reactome:R-SCE-429958|Reactome:R-SCE-430039|Reactome:R-SCE-434316|Reactome:R-SCE-499943|Reactome:R-SCE-5205685|Reactome:R-SCE-5358493|Reactome:R-SCE-5358565|Reactome:R-SCE-5358606|Reactome:R-SCE-5620912|Reactome:R-SCE-5620916|Reactome:R-SCE-5625740|Reactome:R-SCE-5626467|Reactome:R-SCE-5627123|Reactome:R-SCE-5655862|Reactome:R-SCE-5656121|Reactome:R-SCE-5656169|Reactome:R-SCE-5668541|Reactome:R-SCE-5687128|Reactome:R-SCE-5689880|Reactome:R-SCE-5689896|Reactome:R-SCE-5693548|Reactome:R-SCE-5693565|Reactome:R-SCE-5693616|Reactome:R-SCE-5694530|Reactome:R-SCE-5696397|Reactome:R-SCE-674695|Reactome:R-SCE-6781823|Reactome:R-SCE-6782135|Reactome:R-SCE-6782210|Reactome:R-SCE-6791226|Reactome:R-SCE-6796648|Reactome:R-SCE-6798695|Reactome:R-SCE-6807878|Reactome:R-SCE-6811434|Reactome:R-SCE-6811438|Reactome:R-SCE-6811440|Reactome:R-SCE-68616|Reactome:R-SCE-68689|Reactome:R-SCE-68867|Reactome:R-SCE-68949|Reactome:R-SCE-68962|Reactome:R-SCE-69017|Reactome:R-SCE-69052|Reactome:R-SCE-69091|Reactome:R-SCE-69166|Reactome:R-SCE-69601|Reactome:R-SCE-72086|Reactome:R-SCE-72649|Reactome:R-SCE-72662|Reactome:R-SCE-72695|Reactome:R-SCE-72702|Reactome:R-SCE-72706|Reactome:R-SCE-72731|Reactome:R-SCE-72764|Reactome:R-SCE-73614|Reactome:R-SCE-73772|Reactome:R-SCE-73776|Reactome:R-SCE-73779|Reactome:R-SCE-73817|Reactome:R-SCE-75153|Reactome:R-SCE-75953|Reactome:R-SCE-76042|Reactome:R-SCE-77075|Reactome:R-SCE-77387|Reactome:R-SCE-8854050|Reactome:R-SCE-8854214|Reactome:R-SCE-8866654|Reactome:R-SCE-8873719|Reactome:R-SCE-8876198|Reactome:R-SCE-8876725|Reactome:R-SCE-8948751|Reactome:R-SCE-8951664|Reactome:R-SCE-8964058|Reactome:R-SCE-8980692|Reactome:R-SCE-9013026|Reactome:R-SCE-9013106|Reactome:R-SCE-9013148|Reactome:R-SCE-9013405|Reactome:R-SCE-9013406|Reactome:R-SCE-9013409|Reactome:R-SCE-9013419|Reactome:R-SCE-9013420|Reactome:R-SCE-9013424|Reactome:R-SCE-9013425|Reactome:R-SCE-9018519|Reactome:R-SCE-9035034|Reactome:R-SCE-917729|Reactome:R-SCE-917937|Reactome:R-SCE-917977|Reactome:R-SCE-936440|Reactome:R-SCE-9603798|Reactome:R-SCE-9615933|Reactome:R-SCE-9634600|Reactome:R-SCE-9639288|Reactome:R-SCE-9668328|Reactome:R-SCE-9696264|Reactome:R-SCE-9696270|Reactome:R-SCE-9696273|Reactome:R-SCE-9707564|Reactome:R-SCE-9748787|Reactome:R-SCE-9749641|Reactome:R-SCE-9753281|Reactome:R-SCE-9754706|Reactome:R-SCE-9755511|Reactome:R-SCE-9758890|Reactome:R-SCE-975956|Reactome:R-SCE-975957|Reactome:R-SCE-9793528|Reactome:R-SCE-983168|Reactome:R-SCE-983170|Reactome:R-SCE-983189|Reactome:R-SCE-983231|Reactome:R-SCE-9837999|Reactome:R-SCE-9840373|Reactome:R-SCE-9856530|Reactome:R-SCE-9907900|Reactome:R-SPO-110312|Reactome:R-SPO-110314|Reactome:R-SPO-110320|Reactome:R-SPO-111457|Reactome:R-SPO-111469|Reactome:R-SPO-112043|Reactome:R-SPO-113418|Reactome:R-SPO-114608|Reactome:R-SPO-1222556|Reactome:R-SPO-1236978|Reactome:R-SPO-1369007|Reactome:R-SPO-156827|Reactome:R-SPO-156842|Reactome:R-SPO-156902|Reactome:R-SPO-159236|Reactome:R-SPO-159418|Reactome:R-SPO-162658|Reactome:R-SPO-165159|Reactome:R-SPO-1660514|Reactome:R-SPO-1660661|Reactome:R-SPO-169911|Reactome:R-SPO-174362|Reactome:R-SPO-174437|Reactome:R-SPO-176187|Reactome:R-SPO-1799339|Reactome:R-SPO-189483|Reactome:R-SPO-193368|Reactome:R-SPO-196757|Reactome:R-SPO-196783|Reactome:R-SPO-198203|Reactome:R-SPO-199992|Reactome:R-SPO-202040|Reactome:R-SPO-2029482|Reactome:R-SPO-204005|Reactome:R-SPO-2142691|Reactome:R-SPO-2470946|Reactome:R-SPO-2500257|Reactome:R-SPO-2514853|Reactome:R-SPO-2514859|Reactome:R-SPO-2559586|Reactome:R-SPO-3108214|Reactome:R-SPO-3214858|Reactome:R-SPO-3371511|Reactome:R-SPO-350562|Reactome:R-SPO-382556|Reactome:R-SPO-389359|Reactome:R-SPO-3899300|Reactome:R-SPO-392451|Reactome:R-SPO-399997|Reactome:R-SPO-416476|Reactome:R-SPO-416482|Reactome:R-SPO-418592|Reactome:R-SPO-418594|Reactome:R-SPO-418597|Reactome:R-SPO-429958|Reactome:R-SPO-434316|Reactome:R-SPO-499943|Reactome:R-SPO-5205685|Reactome:R-SPO-5358346|Reactome:R-SPO-5358493|Reactome:R-SPO-5358565|Reactome:R-SPO-5358606|Reactome:R-SPO-5578749|Reactome:R-SPO-5620912|Reactome:R-SPO-5620916|Reactome:R-SPO-5625740|Reactome:R-SPO-5626467|Reactome:R-SPO-5627123|Reactome:R-SPO-5651801|Reactome:R-SPO-5655862|Reactome:R-SPO-5656121|Reactome:R-SPO-5656169|Reactome:R-SPO-5685939|Reactome:R-SPO-5687128|Reactome:R-SPO-5689603|Reactome:R-SPO-5689880|Reactome:R-SPO-5689896|Reactome:R-SPO-5693548|Reactome:R-SPO-5693565|Reactome:R-SPO-5693607|Reactome:R-SPO-5693616|Reactome:R-SPO-5694530|Reactome:R-SPO-5696395|Reactome:R-SPO-5696397|Reactome:R-SPO-5696400|Reactome:R-SPO-674695|Reactome:R-SPO-6781823|Reactome:R-SPO-6782135|Reactome:R-SPO-6782210|Reactome:R-SPO-6791226|Reactome:R-SPO-6796648|Reactome:R-SPO-6798695|Reactome:R-SPO-6807878|Reactome:R-SPO-6811434|Reactome:R-SPO-6811438|Reactome:R-SPO-6811440|Reactome:R-SPO-68616|Reactome:R-SPO-68689|Reactome:R-SPO-68867|Reactome:R-SPO-68949|Reactome:R-SPO-68962|Reactome:R-SPO-69017|Reactome:R-SPO-69052|Reactome:R-SPO-69091|Reactome:R-SPO-69166|Reactome:R-SPO-69601|Reactome:R-SPO-72086|Reactome:R-SPO-72163|Reactome:R-SPO-72649|Reactome:R-SPO-72662|Reactome:R-SPO-72695|Reactome:R-SPO-72702|Reactome:R-SPO-72706|Reactome:R-SPO-72731|Reactome:R-SPO-72764|Reactome:R-SPO-73614|Reactome:R-SPO-73772|Reactome:R-SPO-73776|Reactome:R-SPO-73779|Reactome:R-SPO-73817|Reactome:R-SPO-75153|Reactome:R-SPO-75815|Reactome:R-SPO-75953|Reactome:R-SPO-76042|Reactome:R-SPO-77075|Reactome:R-SPO-77387|Reactome:R-SPO-8854050|Reactome:R-SPO-8854214|Reactome:R-SPO-8866654|Reactome:R-SPO-8873719|Reactome:R-SPO-8876198|Reactome:R-SPO-8876725|Reactome:R-SPO-8948751|Reactome:R-SPO-8951664|Reactome:R-SPO-8980692|Reactome:R-SPO-9013026|Reactome:R-SPO-9013106|Reactome:R-SPO-9013148|Reactome:R-SPO-9013405|Reactome:R-SPO-9013406|Reactome:R-SPO-9013409|Reactome:R-SPO-9013419|Reactome:R-SPO-9013420|Reactome:R-SPO-9013424|Reactome:R-SPO-9013425|Reactome:R-SPO-9018519|Reactome:R-SPO-9035034|Reactome:R-SPO-917729|Reactome:R-SPO-917977|Reactome:R-SPO-9603798|Reactome:R-SPO-9615933|Reactome:R-SPO-9634600|Reactome:R-SPO-9639288|Reactome:R-SPO-9668328|Reactome:R-SPO-9696264|Reactome:R-SPO-9696270|Reactome:R-SPO-9696273|Reactome:R-SPO-9707564|Reactome:R-SPO-9748787|Reactome:R-SPO-9749641|Reactome:R-SPO-9753281|Reactome:R-SPO-9754706|Reactome:R-SPO-9755511|Reactome:R-SPO-9757110|Reactome:R-SPO-9758890|Reactome:R-SPO-975956|Reactome:R-SPO-975957|Reactome:R-SPO-983168|Reactome:R-SPO-983170|Reactome:R-SPO-983189|Reactome:R-SPO-983231|Reactome:R-SPO-9837999|Reactome:R-SPO-9840373|Reactome:R-SPO-9856530|Reactome:R-SPO-9907900|Reactome:R-SSC-112043|Reactome:R-SSC-114604|Reactome:R-SSC-1169091|Reactome:R-SSC-1169092|Reactome:R-SSC-1169408|Reactome:R-SSC-1234176|Reactome:R-SSC-1236978|Reactome:R-SSC-1250347|Reactome:R-SSC-1433557|Reactome:R-SSC-159236|Reactome:R-SSC-163210|Reactome:R-SSC-1660661|Reactome:R-SSC-171007|Reactome:R-SSC-174084|Reactome:R-SSC-174154|Reactome:R-SSC-174178|Reactome:R-SSC-174184|Reactome:R-SSC-179812|Reactome:R-SSC-180336|Reactome:R-SSC-181429|Reactome:R-SSC-181430|Reactome:R-SSC-182971|Reactome:R-SSC-186763|Reactome:R-SSC-187577|Reactome:R-SSC-189451|Reactome:R-SSC-189483|Reactome:R-SSC-191273|Reactome:R-SSC-195253|Reactome:R-SSC-1963640|Reactome:R-SSC-196783|Reactome:R-SSC-202040|Reactome:R-SSC-202424|Reactome:R-SSC-2029482|Reactome:R-SSC-204005|Reactome:R-SSC-210500|Reactome:R-SSC-210993|Reactome:R-SSC-212676|Reactome:R-SSC-2132295|Reactome:R-SSC-2179392|Reactome:R-SSC-2424491|Reactome:R-SSC-2467813|Reactome:R-SSC-264642|Reactome:R-SSC-2871796|Reactome:R-SSC-2871837|Reactome:R-SSC-349425|Reactome:R-SSC-350562|Reactome:R-SSC-375165|Reactome:R-SSC-382556|Reactome:R-SSC-389359|Reactome:R-SSC-3928662|Reactome:R-SSC-399997|Reactome:R-SSC-416476|Reactome:R-SSC-418592|Reactome:R-SSC-428930|Reactome:R-SSC-429947|Reactome:R-SSC-432040|Reactome:R-SSC-434316|Reactome:R-SSC-4420097|Reactome:R-SSC-450408|Reactome:R-SSC-456926|Reactome:R-SSC-4608870|Reactome:R-SSC-4641257|Reactome:R-SSC-4641258|Reactome:R-SSC-499943|Reactome:R-SSC-5218921|Reactome:R-SSC-525793|Reactome:R-SSC-5358346|Reactome:R-SSC-5607761|Reactome:R-SSC-5607764|Reactome:R-SSC-5610780|Reactome:R-SSC-5610785|Reactome:R-SSC-5620912|Reactome:R-SSC-5620916|Reactome:R-SSC-5625970|Reactome:R-SSC-5626467|Reactome:R-SSC-5627123|Reactome:R-SSC-5632684|Reactome:R-SSC-5654688|Reactome:R-SSC-5654693|Reactome:R-SSC-5654699|Reactome:R-SSC-5654700|Reactome:R-SSC-5654704|Reactome:R-SSC-5654706|Reactome:R-SSC-5654712|Reactome:R-SSC-5654719|Reactome:R-SSC-5658442|Reactome:R-SSC-5663213|Reactome:R-SSC-5663220|Reactome:R-SSC-5668541|Reactome:R-SSC-5673000|Reactome:R-SSC-5673001|Reactome:R-SSC-5674135|Reactome:R-SSC-5675221|Reactome:R-SSC-5676590|Reactome:R-SSC-5687128|Reactome:R-SSC-5689603|Reactome:R-SSC-5689880|Reactome:R-SSC-5694530|Reactome:R-SSC-6798695|Reactome:R-SSC-6814122|Reactome:R-SSC-68867|Reactome:R-SSC-68949|Reactome:R-SSC-69017|Reactome:R-SSC-69481|Reactome:R-SSC-69601|Reactome:R-SSC-72163|Reactome:R-SSC-72187|Reactome:R-SSC-73817|Reactome:R-SSC-73856|Reactome:R-SSC-75815|Reactome:R-SSC-8849471|Reactome:R-SSC-8851805|Reactome:R-SSC-8852276|Reactome:R-SSC-8854050|Reactome:R-SSC-8854214|Reactome:R-SSC-8856828|Reactome:R-SSC-8875656|Reactome:R-SSC-8876198|Reactome:R-SSC-888590|Reactome:R-SSC-8939236|Reactome:R-SSC-8939902|Reactome:R-SSC-8941858|Reactome:R-SSC-8948751|Reactome:R-SSC-8949613|Reactome:R-SSC-8951664|Reactome:R-SSC-8963888|Reactome:R-SSC-8964616|Reactome:R-SSC-9013148|Reactome:R-SSC-9013149|Reactome:R-SSC-9013404|Reactome:R-SSC-9013406|Reactome:R-SSC-9013408|Reactome:R-SSC-9013418|Reactome:R-SSC-9013420|Reactome:R-SSC-9013423|Reactome:R-SSC-9013424|Reactome:R-SSC-9020702|Reactome:R-SSC-917937|Reactome:R-SSC-9607240|Reactome:R-SSC-9634635|Reactome:R-SSC-9648002|Reactome:R-SSC-9668328|Reactome:R-SSC-9753281|Reactome:R-SSC-9755511|Reactome:R-SSC-975957|Reactome:R-SSC-9762114|Reactome:R-SSC-9766229|Reactome:R-SSC-9793528|Reactome:R-SSC-983168|Reactome:R-SSC-983170|Reactome:R-SSC-983231|Reactome:R-SSC-9837999|Reactome:R-SSC-9856530|Reactome:R-SSC-9860927|Reactome:R-SSC-9907900|Reactome:R-SSC-9932298|Reactome:R-XTR-110320|Reactome:R-XTR-114608|Reactome:R-XTR-1169408|Reactome:R-XTR-1369007|Reactome:R-XTR-196783|Reactome:R-XTR-203927|Reactome:R-XTR-354192|Reactome:R-XTR-3769402|Reactome:R-XTR-382556|Reactome:R-XTR-392517|Reactome:R-XTR-426486|Reactome:R-XTR-429947|Reactome:R-XTR-430039|Reactome:R-XTR-438066|Reactome:R-XTR-499943|Reactome:R-XTR-532668|Reactome:R-XTR-5358346|Reactome:R-XTR-5689896|Reactome:R-XTR-6791226|Reactome:R-XTR-6798695|Reactome:R-XTR-6811434|Reactome:R-XTR-68689|Reactome:R-XTR-68867|Reactome:R-XTR-68949|Reactome:R-XTR-68962|Reactome:R-XTR-69052|Reactome:R-XTR-72163|Reactome:R-XTR-73614|Reactome:R-XTR-73817|Reactome:R-XTR-8849932|Reactome:R-XTR-8875555|Reactome:R-XTR-8876725|Reactome:R-XTR-8951664|Reactome:R-XTR-9013149|Reactome:R-XTR-9013404|Reactome:R-XTR-9013406|Reactome:R-XTR-9013407|Reactome:R-XTR-9013408|Reactome:R-XTR-9013419|Reactome:R-XTR-9013423|Reactome:R-XTR-9603798|Reactome:R-XTR-9668328|Reactome:R-XTR-9755511|Reactome:R-XTR-975957|Reactome:R-XTR-983189
ETMEFFSM_CDS_0053	4eb9df05b34370d7c22a7fe9a24fc1c8	664	PANTHER	PTHR47396	TYPE I RESTRICTION ENZYME ECOKI R PROTEIN	143	443	2.5E-15	T	13-04-2026	-	-	GO:0005829(PANTHER)	-
ETMEFFSM_CDS_0076	7b2076cf6b581a2ebfda48b6636d3061	216	Pfam	PF08813	Phage tail tube protein, TTP	52	216	6.6E-64	T	13-04-2026	IPR014918	Phage tail tube protein 3	-	-
ETMEFFSM_CDS_0041	6ccf1b7642bb454363a37615551f1944	161	Gene3D	G3DSA:1.10.530.40	-	1	159	7.7E-44	T	13-04-2026	IPR023347	Lysozyme domain superfamily	GO:0003796(InterPro)	-
ETMEFFSM_CDS_0041	6ccf1b7642bb454363a37615551f1944	161	SUPERFAMILY	SSF53955	Lysozyme-like	5	159	1.69E-43	T	13-04-2026	IPR023346	Lysozyme-like domain superfamily	-	Reactome:R-BTA-6798695|Reactome:R-BTA-6803157|Reactome:R-CFA-6798695|Reactome:R-CFA-6803157|Reactome:R-DME-5653890|Reactome:R-GGA-5653890|Reactome:R-GGA-6798695|Reactome:R-GGA-6803157|Reactome:R-HSA-5653890|Reactome:R-HSA-6798695|Reactome:R-HSA-6803157|Reactome:R-HSA-9638771|Reactome:R-HSA-977225|Reactome:R-MMU-5653890|Reactome:R-MMU-6798695|Reactome:R-MMU-6803157|Reactome:R-RNO-6798695|Reactome:R-RNO-6803157|Reactome:R-SSC-5653890|Reactome:R-SSC-6798695|Reactome:R-SSC-6803157
ETMEFFSM_CDS_0041	6ccf1b7642bb454363a37615551f1944	161	PANTHER	PTHR38107	-	10	159	1.4E-30	T	13-04-2026	IPR051018	Bacteriophage Glycosyl Hydrolase 24	GO:0003796(PANTHER)	-
ETMEFFSM_CDS_0041	6ccf1b7642bb454363a37615551f1944	161	Phobius	NON_CYTOPLASMIC_DOMAIN	Region of a membrane-bound protein predicted to be outside the membrane, in the extracellular region.	28	161	-	T	13-04-2026	-	-	-	-
ETMEFFSM_CDS_0041	6ccf1b7642bb454363a37615551f1944	161	Hamap	MF_04136	SAR-endolysin.	3	158	31.063171	T	13-04-2026	IPR043688	SAR-endolysin-like	GO:0003796(InterPro)|GO:0016998(InterPro)	-
ETMEFFSM_CDS_0041	6ccf1b7642bb454363a37615551f1944	161	Phobius	SIGNAL_PEPTIDE_H_REGION	Hydrophobic region of a signal peptide.	5	15	-	T	13-04-2026	-	-	-	-
ETMEFFSM_CDS_0041	6ccf1b7642bb454363a37615551f1944	161	Hamap	MF_04110	Endolysin.	4	158	27.093529	T	13-04-2026	IPR034690	Endolysin T4 type	GO:0003796(InterPro)|GO:0009253(InterPro)	-
ETMEFFSM_CDS_0041	6ccf1b7642bb454363a37615551f1944	161	CDD	cd16900	endolysin_R21-like	20	156	2.32581E-59	T	13-04-2026	-	-	-	-
ETMEFFSM_CDS_0041	6ccf1b7642bb454363a37615551f1944	161	Phobius	SIGNAL_PEPTIDE_C_REGION	C-terminal region of a signal peptide.	16	27	-	T	13-04-2026	-	-	-	-
ETMEFFSM_CDS_0041	6ccf1b7642bb454363a37615551f1944	161	TMHMM	TMhelix	Region of a membrane-bound protein predicted to be embedded in the membrane.	5	27	-	T	13-04-2026	-	-	-	-
ETMEFFSM_CDS_0041	6ccf1b7642bb454363a37615551f1944	161	Phobius	SIGNAL_PEPTIDE_N_REGION	N-terminal region of a signal peptide.	1	4	-	T	13-04-2026	-	-	-	-
ETMEFFSM_CDS_0041	6ccf1b7642bb454363a37615551f1944	161	Phobius	SIGNAL_PEPTIDE	Signal peptide region	1	27	-	T	13-04-2026	-	-	-	-
ETMEFFSM_CDS_0041	6ccf1b7642bb454363a37615551f1944	161	Pfam	PF00959	Phage lysozyme	25	151	1.8E-31	T	13-04-2026	IPR002196	Glycoside hydrolase, family 24	GO:0003796(InterPro)|GO:0009253(InterPro)|GO:0016998(InterPro)	-
ETMEFFSM_CDS_0044	90327d51ed6d3c9fb5386744d6fa43a4	184	Gene3D	G3DSA:3.40.50.300	-	1	183	4.4E-5	T	13-04-2026	IPR027417	P-loop containing nucleoside triphosphate hydrolase	-	Reactome:R-BTA-110312|Reactome:R-BTA-110314|Reactome:R-BTA-110320|Reactome:R-BTA-112043|Reactome:R-BTA-112308|Reactome:R-BTA-113418|Reactome:R-BTA-114604|Reactome:R-BTA-114608|Reactome:R-BTA-1169091|Reactome:R-BTA-1169408|Reactome:R-BTA-1222556|Reactome:R-BTA-1234176|Reactome:R-BTA-1236978|Reactome:R-BTA-1257604|Reactome:R-BTA-1266695|Reactome:R-BTA-141444|Reactome:R-BTA-156584|Reactome:R-BTA-156827|Reactome:R-BTA-156842|Reactome:R-BTA-156902|Reactome:R-BTA-159236|Reactome:R-BTA-1632852|Reactome:R-BTA-163841|Reactome:R-BTA-165159|Reactome:R-BTA-1655829|Reactome:R-BTA-166016|Reactome:R-BTA-1660499|Reactome:R-BTA-1660514|Reactome:R-BTA-1660661|Reactome:R-BTA-166208|Reactome:R-BTA-168638|Reactome:R-BTA-170670|Reactome:R-BTA-170968|Reactome:R-BTA-170984|Reactome:R-BTA-174084|Reactome:R-BTA-174154|Reactome:R-BTA-174178|Reactome:R-BTA-174184|Reactome:R-BTA-174411|Reactome:R-BTA-174437|Reactome:R-BTA-176187|Reactome:R-BTA-1799339|Reactome:R-BTA-1810476|Reactome:R-BTA-181429|Reactome:R-BTA-181430|Reactome:R-BTA-182971|Reactome:R-BTA-187577|Reactome:R-BTA-189483|Reactome:R-BTA-190873|Reactome:R-BTA-193634|Reactome:R-BTA-195253|Reactome:R-BTA-196025|Reactome:R-BTA-196757|Reactome:R-BTA-198203|Reactome:R-BTA-199992|Reactome:R-BTA-201722|Reactome:R-BTA-202040|Reactome:R-BTA-202424|Reactome:R-BTA-2029482|Reactome:R-BTA-204005|Reactome:R-BTA-209563|Reactome:R-BTA-210500|Reactome:R-BTA-212676|Reactome:R-BTA-2132295|Reactome:R-BTA-2142691|Reactome:R-BTA-2173791|Reactome:R-BTA-2453902|Reactome:R-BTA-2467813|Reactome:R-BTA-2468052|Reactome:R-BTA-2470946|Reactome:R-BTA-2485179|Reactome:R-BTA-2500257|Reactome:R-BTA-2514859|Reactome:R-BTA-2565942|Reactome:R-BTA-264642|Reactome:R-BTA-2871837|Reactome:R-BTA-3108214|Reactome:R-BTA-3134963|Reactome:R-BTA-3214858|Reactome:R-BTA-3247509|Reactome:R-BTA-3371511|Reactome:R-BTA-349425|Reactome:R-BTA-350562|Reactome:R-BTA-354192|Reactome:R-BTA-354194|Reactome:R-BTA-372708|Reactome:R-BTA-380972|Reactome:R-BTA-381042|Reactome:R-BTA-381676|Reactome:R-BTA-381771|Reactome:R-BTA-382556|Reactome:R-BTA-389359|Reactome:R-BTA-392170|Reactome:R-BTA-392451|Reactome:R-BTA-392517|Reactome:R-BTA-3928662|Reactome:R-BTA-3928663|Reactome:R-BTA-399997|Reactome:R-BTA-400042|Reactome:R-BTA-4086398|Reactome:R-BTA-4086400|Reactome:R-BTA-416476|Reactome:R-BTA-416482|Reactome:R-BTA-416550|Reactome:R-BTA-416572|Reactome:R-BTA-418592|Reactome:R-BTA-418594|Reactome:R-BTA-418885|Reactome:R-BTA-422356|Reactome:R-BTA-428930|Reactome:R-BTA-429947|Reactome:R-BTA-432720|Reactome:R-BTA-432722|Reactome:R-BTA-434316|Reactome:R-BTA-437239|Reactome:R-BTA-4420097|Reactome:R-BTA-450302|Reactome:R-BTA-450321|Reactome:R-BTA-450408|Reactome:R-BTA-456926|Reactome:R-BTA-4608870|Reactome:R-BTA-4641257|Reactome:R-BTA-4641258|Reactome:R-BTA-499943|Reactome:R-BTA-5250924|Reactome:R-BTA-525793|Reactome:R-BTA-5358346|Reactome:R-BTA-5358493|Reactome:R-BTA-5358565|Reactome:R-BTA-5358606|Reactome:R-BTA-5389840|Reactome:R-BTA-5419276|Reactome:R-BTA-5576892|Reactome:R-BTA-5576893|Reactome:R-BTA-5578749|Reactome:R-BTA-5607761|Reactome:R-BTA-5607764|Reactome:R-BTA-5610780|Reactome:R-BTA-5610785|Reactome:R-BTA-5620912|Reactome:R-BTA-5620916|Reactome:R-BTA-5620922|Reactome:R-BTA-5620924|Reactome:R-BTA-5625740|Reactome:R-BTA-5625900|Reactome:R-BTA-5625970|Reactome:R-BTA-5626467|Reactome:R-BTA-5627117|Reactome:R-BTA-5627123|Reactome:R-BTA-5628897|Reactome:R-BTA-5632684|Reactome:R-BTA-5651801|Reactome:R-BTA-5655862|Reactome:R-BTA-5656121|Reactome:R-BTA-5656169|Reactome:R-BTA-5663213|Reactome:R-BTA-5663220|Reactome:R-BTA-5666185|Reactome:R-BTA-5668541|Reactome:R-BTA-5668599|Reactome:R-BTA-5674135|Reactome:R-BTA-5676590|Reactome:R-BTA-5685938|Reactome:R-BTA-5685942|Reactome:R-BTA-5687128|Reactome:R-BTA-5689603|Reactome:R-BTA-5689880|Reactome:R-BTA-5689896|Reactome:R-BTA-5689901|Reactome:R-BTA-5693568|Reactome:R-BTA-5693579|Reactome:R-BTA-5693607|Reactome:R-BTA-5693616|Reactome:R-BTA-5694530|Reactome:R-BTA-5696395|Reactome:R-BTA-5696397|Reactome:R-BTA-5696400|Reactome:R-BTA-606279|Reactome:R-BTA-674695|Reactome:R-BTA-6781823|Reactome:R-BTA-6782135|Reactome:R-BTA-6782210|Reactome:R-BTA-6785631|Reactome:R-BTA-6791226|Reactome:R-BTA-6796648|Reactome:R-BTA-6798695|Reactome:R-BTA-6804756|Reactome:R-BTA-6807878|Reactome:R-BTA-6811434|Reactome:R-BTA-6811438|Reactome:R-BTA-6811440|Reactome:R-BTA-6811558|Reactome:R-BTA-6814122|Reactome:R-BTA-68616|Reactome:R-BTA-68689|Reactome:R-BTA-68867|Reactome:R-BTA-68877|Reactome:R-BTA-68884|Reactome:R-BTA-68949|Reactome:R-BTA-68962|Reactome:R-BTA-69017|Reactome:R-BTA-69052|Reactome:R-BTA-69091|Reactome:R-BTA-69166|Reactome:R-BTA-69473|Reactome:R-BTA-69481|Reactome:R-BTA-69601|Reactome:R-BTA-72086|Reactome:R-BTA-72163|Reactome:R-BTA-72187|Reactome:R-BTA-72203|Reactome:R-BTA-72649|Reactome:R-BTA-72695|Reactome:R-BTA-72702|Reactome:R-BTA-72731|Reactome:R-BTA-73614|Reactome:R-BTA-73762|Reactome:R-BTA-73772|Reactome:R-BTA-73776|Reactome:R-BTA-73779|Reactome:R-BTA-73817|Reactome:R-BTA-73856|Reactome:R-BTA-73863|Reactome:R-BTA-74217|Reactome:R-BTA-75153|Reactome:R-BTA-75815|Reactome:R-BTA-75953|Reactome:R-BTA-75955|Reactome:R-BTA-76042|Reactome:R-BTA-77075|Reactome:R-BTA-77387|Reactome:R-BTA-77595|Reactome:R-BTA-83936|Reactome:R-BTA-844456|Reactome:R-BTA-8849471|Reactome:R-BTA-8852276|Reactome:R-BTA-8854050|Reactome:R-BTA-8854214|Reactome:R-BTA-8856828|Reactome:R-BTA-8866654|Reactome:R-BTA-8873719|Reactome:R-BTA-8875555|Reactome:R-BTA-8875656|Reactome:R-BTA-8876198|Reactome:R-BTA-8876725|Reactome:R-BTA-888590|Reactome:R-BTA-8939236|Reactome:R-BTA-8939243|Reactome:R-BTA-8939902|Reactome:R-BTA-8941858|Reactome:R-BTA-8943724|Reactome:R-BTA-8948751|Reactome:R-BTA-8949664|Reactome:R-BTA-8951664|Reactome:R-BTA-8963888|Reactome:R-BTA-8964616|Reactome:R-BTA-8980692|Reactome:R-BTA-8985586|Reactome:R-BTA-9009391|Reactome:R-BTA-9013106|Reactome:R-BTA-9013148|Reactome:R-BTA-9013149|Reactome:R-BTA-9013404|Reactome:R-BTA-9013406|Reactome:R-BTA-9013408|Reactome:R-BTA-9013418|Reactome:R-BTA-9013419|Reactome:R-BTA-9013420|Reactome:R-BTA-9013423|Reactome:R-BTA-9013424|Reactome:R-BTA-9013425|Reactome:R-BTA-9020702|Reactome:R-BTA-9033241|Reactome:R-BTA-9035034|Reactome:R-BTA-912446|Reactome:R-BTA-917729|Reactome:R-BTA-917977|Reactome:R-BTA-9603798|Reactome:R-BTA-9615933|Reactome:R-BTA-9629569|Reactome:R-BTA-9634600|Reactome:R-BTA-9639288|Reactome:R-BTA-9648002|Reactome:R-BTA-9648025|Reactome:R-BTA-9668328|Reactome:R-BTA-9696273|Reactome:R-BTA-9707564|Reactome:R-BTA-9717207|Reactome:R-BTA-9748787|Reactome:R-BTA-9753281|Reactome:R-BTA-9755511|Reactome:R-BTA-9758890|Reactome:R-BTA-975957|Reactome:R-BTA-9762114|Reactome:R-BTA-9764725|Reactome:R-BTA-9766229|Reactome:R-BTA-983168|Reactome:R-BTA-983170|Reactome:R-BTA-983189|Reactome:R-BTA-983231|Reactome:R-BTA-9833482|Reactome:R-BTA-983712|Reactome:R-BTA-9837999|Reactome:R-BTA-9840373|Reactome:R-BTA-9845576|Reactome:R-BTA-9856530|Reactome:R-BTA-9860927|Reactome:R-BTA-9907900|Reactome:R-BTA-9932298|Reactome:R-BTA-9933937|Reactome:R-BTA-9933939|Reactome:R-BTA-9933946|Reactome:R-BTA-9933947|Reactome:R-BTA-9934037|Reactome:R-BTA-9937383|Reactome:R-CEL-110312|Reactome:R-CEL-110314|Reactome:R-CEL-110320|Reactome:R-CEL-114604|Reactome:R-CEL-114608|Reactome:R-CEL-1169092|Reactome:R-CEL-1169408|Reactome:R-CEL-1222556|Reactome:R-CEL-1234176|Reactome:R-CEL-1236978|Reactome:R-CEL-1257604|Reactome:R-CEL-1268020|Reactome:R-CEL-1369007|Reactome:R-CEL-1433557|Reactome:R-CEL-156584|Reactome:R-CEL-156827|Reactome:R-CEL-156902|Reactome:R-CEL-159236|Reactome:R-CEL-159418|Reactome:R-CEL-163210|Reactome:R-CEL-1632852|Reactome:R-CEL-165159|Reactome:R-CEL-1655829|Reactome:R-CEL-1660514|Reactome:R-CEL-166208|Reactome:R-CEL-170670|Reactome:R-CEL-170968|Reactome:R-CEL-171007|Reactome:R-CEL-174362|Reactome:R-CEL-174411|Reactome:R-CEL-176187|Reactome:R-CEL-179812|Reactome:R-CEL-180336|Reactome:R-CEL-181429|Reactome:R-CEL-181430|Reactome:R-CEL-182971|Reactome:R-CEL-186763|Reactome:R-CEL-187577|Reactome:R-CEL-189483|Reactome:R-CEL-190873|Reactome:R-CEL-193634|Reactome:R-CEL-193648|Reactome:R-CEL-195253|Reactome:R-CEL-196025|Reactome:R-CEL-1963640|Reactome:R-CEL-196783|Reactome:R-CEL-198203|Reactome:R-CEL-199992|Reactome:R-CEL-2022928|Reactome:R-CEL-2029482|Reactome:R-CEL-203927|Reactome:R-CEL-204005|Reactome:R-CEL-210500|Reactome:R-CEL-212676|Reactome:R-CEL-2142845|Reactome:R-CEL-2173791|Reactome:R-CEL-2179392|Reactome:R-CEL-2299718|Reactome:R-CEL-2453902|Reactome:R-CEL-2468052|Reactome:R-CEL-2470946|Reactome:R-CEL-2500257|Reactome:R-CEL-264642|Reactome:R-CEL-3108214|Reactome:R-CEL-3134963|Reactome:R-CEL-3371511|Reactome:R-CEL-349425|Reactome:R-CEL-350562|Reactome:R-CEL-354192|Reactome:R-CEL-354194|Reactome:R-CEL-375165|Reactome:R-CEL-380972|Reactome:R-CEL-381676|Reactome:R-CEL-382556|Reactome:R-CEL-389359|Reactome:R-CEL-392170|Reactome:R-CEL-392451|Reactome:R-CEL-392517|Reactome:R-CEL-3928662|Reactome:R-CEL-3928663|Reactome:R-CEL-3928664|Reactome:R-CEL-3928665|Reactome:R-CEL-399954|Reactome:R-CEL-400042|Reactome:R-CEL-4086398|Reactome:R-CEL-4086400|Reactome:R-CEL-416482|Reactome:R-CEL-416550|Reactome:R-CEL-416572|Reactome:R-CEL-418594|Reactome:R-CEL-418597|Reactome:R-CEL-418885|Reactome:R-CEL-426486|Reactome:R-CEL-428930|Reactome:R-CEL-430039|Reactome:R-CEL-432720|Reactome:R-CEL-432722|Reactome:R-CEL-437239|Reactome:R-CEL-438066|Reactome:R-CEL-4420097|Reactome:R-CEL-445144|Reactome:R-CEL-451308|Reactome:R-CEL-4551638|Reactome:R-CEL-456926|Reactome:R-CEL-4608870|Reactome:R-CEL-4641258|Reactome:R-CEL-499943|Reactome:R-CEL-5205685|Reactome:R-CEL-5218920|Reactome:R-CEL-5250924|Reactome:R-CEL-532668|Reactome:R-CEL-5358346|Reactome:R-CEL-5358493|Reactome:R-CEL-5389840|Reactome:R-CEL-5419276|Reactome:R-CEL-5620912|Reactome:R-CEL-5620916|Reactome:R-CEL-5620922|Reactome:R-CEL-5620924|Reactome:R-CEL-5621575|Reactome:R-CEL-5624138|Reactome:R-CEL-5625740|Reactome:R-CEL-5626467|Reactome:R-CEL-5627083|Reactome:R-CEL-5627117|Reactome:R-CEL-5627123|Reactome:R-CEL-5628897|Reactome:R-CEL-5632684|Reactome:R-CEL-5651801|Reactome:R-CEL-5654688|Reactome:R-CEL-5654693|Reactome:R-CEL-5654699|Reactome:R-CEL-5654700|Reactome:R-CEL-5654704|Reactome:R-CEL-5654706|Reactome:R-CEL-5654712|Reactome:R-CEL-5654719|Reactome:R-CEL-5655862|Reactome:R-CEL-5656121|Reactome:R-CEL-5656169|Reactome:R-CEL-5663213|Reactome:R-CEL-5663220|Reactome:R-CEL-5666185|Reactome:R-CEL-5673000|Reactome:R-CEL-5673001|Reactome:R-CEL-5674135|Reactome:R-CEL-5675221|Reactome:R-CEL-5685939|Reactome:R-CEL-5687128|Reactome:R-CEL-5689603|Reactome:R-CEL-5689877|Reactome:R-CEL-5689880|Reactome:R-CEL-5689896|Reactome:R-CEL-5693548|Reactome:R-CEL-5693607|Reactome:R-CEL-5694530|Reactome:R-CEL-5696397|Reactome:R-CEL-5696400|Reactome:R-CEL-6782135|Reactome:R-CEL-6782210|Reactome:R-CEL-6785631|Reactome:R-CEL-6791226|Reactome:R-CEL-6794361|Reactome:R-CEL-6798695|Reactome:R-CEL-6804758|Reactome:R-CEL-6807878|Reactome:R-CEL-6811434|Reactome:R-CEL-6811436|Reactome:R-CEL-6811438|Reactome:R-CEL-6811440|Reactome:R-CEL-6811558|Reactome:R-CEL-68867|Reactome:R-CEL-68949|Reactome:R-CEL-68962|Reactome:R-CEL-69017|Reactome:R-CEL-69052|Reactome:R-CEL-69091|Reactome:R-CEL-69601|Reactome:R-CEL-71032|Reactome:R-CEL-72163|Reactome:R-CEL-72165|Reactome:R-CEL-72187|Reactome:R-CEL-72203|Reactome:R-CEL-72649|Reactome:R-CEL-72662|Reactome:R-CEL-72702|Reactome:R-CEL-73614|Reactome:R-CEL-73817|Reactome:R-CEL-73856|Reactome:R-CEL-75153|Reactome:R-CEL-75815|Reactome:R-CEL-77387|Reactome:R-CEL-77595|Reactome:R-CEL-8849471|Reactome:R-CEL-8849932|Reactome:R-CEL-8851805|Reactome:R-CEL-8854050|Reactome:R-CEL-8854214|Reactome:R-CEL-8856825|Reactome:R-CEL-8856828|Reactome:R-CEL-8873719|Reactome:R-CEL-8875555|Reactome:R-CEL-8876198|Reactome:R-CEL-8876725|Reactome:R-CEL-888590|Reactome:R-CEL-8939243|Reactome:R-CEL-8939902|Reactome:R-CEL-8941858|Reactome:R-CEL-8943724|Reactome:R-CEL-8948751|Reactome:R-CEL-8949613|Reactome:R-CEL-8949664|Reactome:R-CEL-8951664|Reactome:R-CEL-8964616|Reactome:R-CEL-8980692|Reactome:R-CEL-8985586|Reactome:R-CEL-9013026|Reactome:R-CEL-9013148|Reactome:R-CEL-9013149|Reactome:R-CEL-9013404|Reactome:R-CEL-9013405|Reactome:R-CEL-9013406|Reactome:R-CEL-9013407|Reactome:R-CEL-9013408|Reactome:R-CEL-9013409|Reactome:R-CEL-9013419|Reactome:R-CEL-9013420|Reactome:R-CEL-9013423|Reactome:R-CEL-9013424|Reactome:R-CEL-9013425|Reactome:R-CEL-9031628|Reactome:R-CEL-9033241|Reactome:R-CEL-9035034|Reactome:R-CEL-917977|Reactome:R-CEL-9603798|Reactome:R-CEL-9607240|Reactome:R-CEL-9615933|Reactome:R-CEL-9634600|Reactome:R-CEL-9634635|Reactome:R-CEL-9639288|Reactome:R-CEL-9646399|Reactome:R-CEL-9648002|Reactome:R-CEL-9668328|Reactome:R-CEL-9748787|Reactome:R-CEL-9749641|Reactome:R-CEL-9753281|Reactome:R-CEL-9754706|Reactome:R-CEL-9755511|Reactome:R-CEL-9759218|Reactome:R-CEL-975956|Reactome:R-CEL-975957|Reactome:R-CEL-9762114|Reactome:R-CEL-9764725|Reactome:R-CEL-983168|Reactome:R-CEL-983170|Reactome:R-CEL-983189|Reactome:R-CEL-983231|Reactome:R-CEL-9833482|Reactome:R-CEL-983712|Reactome:R-CEL-9837999|Reactome:R-CEL-9907900|Reactome:R-CEL-9930044|Reactome:R-CEL-9933939|Reactome:R-CEL-9934037|Reactome:R-CEL-9937383|Reactome:R-CFA-112043|Reactome:R-CFA-114604|Reactome:R-CFA-1169408|Reactome:R-CFA-1257604|Reactome:R-CFA-1268020|Reactome:R-CFA-1433557|Reactome:R-CFA-156584|Reactome:R-CFA-159418|Reactome:R-CFA-162658|Reactome:R-CFA-163210|Reactome:R-CFA-1660661|Reactome:R-CFA-170670|Reactome:R-CFA-1799339|Reactome:R-CFA-182971|Reactome:R-CFA-189483|Reactome:R-CFA-193368|Reactome:R-CFA-193648|Reactome:R-CFA-202040|Reactome:R-CFA-2029482|Reactome:R-CFA-204005|Reactome:R-CFA-2132295|Reactome:R-CFA-2142691|Reactome:R-CFA-2424491|Reactome:R-CFA-2485179|Reactome:R-CFA-2514859|Reactome:R-CFA-2565942|Reactome:R-CFA-2871796|Reactome:R-CFA-382556|Reactome:R-CFA-389359|Reactome:R-CFA-392170|Reactome:R-CFA-3928662|Reactome:R-CFA-3928664|Reactome:R-CFA-3928665|Reactome:R-CFA-399719|Reactome:R-CFA-399954|Reactome:R-CFA-399997|Reactome:R-CFA-400042|Reactome:R-CFA-4086400|Reactome:R-CFA-416476|Reactome:R-CFA-416550|Reactome:R-CFA-418592|Reactome:R-CFA-418594|Reactome:R-CFA-418885|Reactome:R-CFA-428930|Reactome:R-CFA-432040|Reactome:R-CFA-432722|Reactome:R-CFA-434316|Reactome:R-CFA-438066|Reactome:R-CFA-4420097|Reactome:R-CFA-445144|Reactome:R-CFA-451308|Reactome:R-CFA-456926|Reactome:R-CFA-5218920|Reactome:R-CFA-525793|Reactome:R-CFA-5620912|Reactome:R-CFA-5620916|Reactome:R-CFA-5625740|Reactome:R-CFA-5625900|Reactome:R-CFA-5625970|Reactome:R-CFA-5626467|Reactome:R-CFA-5627083|Reactome:R-CFA-5627123|Reactome:R-CFA-5663213|Reactome:R-CFA-5663220|Reactome:R-CFA-5668599|Reactome:R-CFA-5673001|Reactome:R-CFA-5685938|Reactome:R-CFA-5685942|Reactome:R-CFA-5687128|Reactome:R-CFA-5689880|Reactome:R-CFA-5693568|Reactome:R-CFA-5693579|Reactome:R-CFA-5693616|Reactome:R-CFA-6798695|Reactome:R-CFA-6807878|Reactome:R-CFA-6811434|Reactome:R-CFA-6811440|Reactome:R-CFA-6811558|Reactome:R-CFA-6814122|Reactome:R-CFA-72163|Reactome:R-CFA-72187|Reactome:R-CFA-73856|Reactome:R-CFA-8849471|Reactome:R-CFA-8849932|Reactome:R-CFA-8854214|Reactome:R-CFA-8856825|Reactome:R-CFA-8856828|Reactome:R-CFA-8873719|Reactome:R-CFA-8875555|Reactome:R-CFA-8875656|Reactome:R-CFA-8876198|Reactome:R-CFA-8949613|Reactome:R-CFA-8964616|Reactome:R-CFA-8980692|Reactome:R-CFA-9009391|Reactome:R-CFA-9013026|Reactome:R-CFA-9013106|Reactome:R-CFA-9013148|Reactome:R-CFA-9013149|Reactome:R-CFA-9013404|Reactome:R-CFA-9013405|Reactome:R-CFA-9013406|Reactome:R-CFA-9013407|Reactome:R-CFA-9013408|Reactome:R-CFA-9013409|Reactome:R-CFA-9013418|Reactome:R-CFA-9013420|Reactome:R-CFA-9013423|Reactome:R-CFA-9013424|Reactome:R-CFA-9032759|Reactome:R-CFA-9035034|Reactome:R-CFA-912446|Reactome:R-CFA-9646399|Reactome:R-CFA-9696264|Reactome:R-CFA-9696270|Reactome:R-CFA-9696273|Reactome:R-CFA-9706019|Reactome:R-CFA-9707564|Reactome:R-CFA-9748787|Reactome:R-CFA-9753281|Reactome:R-CFA-9758890|Reactome:R-CFA-9824585|Reactome:R-CFA-983231|Reactome:R-CFA-9837999|Reactome:R-CFA-9856530|Reactome:R-CFA-9860927|Reactome:R-DDI-110314|Reactome:R-DDI-112043|Reactome:R-DDI-113418|Reactome:R-DDI-114608|Reactome:R-DDI-1169408|Reactome:R-DDI-1222556|Reactome:R-DDI-1236978|Reactome:R-DDI-1268020|Reactome:R-DDI-1369007|Reactome:R-DDI-1369062|Reactome:R-DDI-1483248|Reactome:R-DDI-156827|Reactome:R-DDI-156842|Reactome:R-DDI-156902|Reactome:R-DDI-159418|Reactome:R-DDI-162658|Reactome:R-DDI-1632852|Reactome:R-DDI-165159|Reactome:R-DDI-1660499|Reactome:R-DDI-1660514|Reactome:R-DDI-1660516|Reactome:R-DDI-1660517|Reactome:R-DDI-1660661|Reactome:R-DDI-166208|Reactome:R-DDI-169911|Reactome:R-DDI-170660|Reactome:R-DDI-170670|Reactome:R-DDI-174084|Reactome:R-DDI-174154|Reactome:R-DDI-174178|Reactome:R-DDI-176187|Reactome:R-DDI-1799339|Reactome:R-DDI-1834941|Reactome:R-DDI-189451|Reactome:R-DDI-189483|Reactome:R-DDI-193368|Reactome:R-DDI-193648|Reactome:R-DDI-196807|Reactome:R-DDI-199992|Reactome:R-DDI-202040|Reactome:R-DDI-2029482|Reactome:R-DDI-204005|Reactome:R-DDI-2046105|Reactome:R-DDI-2046106|Reactome:R-DDI-210500|Reactome:R-DDI-2142691|Reactome:R-DDI-2299718|Reactome:R-DDI-2453902|Reactome:R-DDI-2467813|Reactome:R-DDI-2468052|Reactome:R-DDI-2470946|Reactome:R-DDI-2500257|Reactome:R-DDI-2514853|Reactome:R-DDI-2514859|Reactome:R-DDI-2559586|Reactome:R-DDI-3108214|Reactome:R-DDI-3371511|Reactome:R-DDI-349425|Reactome:R-DDI-354192|Reactome:R-DDI-380972|Reactome:R-DDI-381676|Reactome:R-DDI-382556|Reactome:R-DDI-389359|Reactome:R-DDI-3899300|Reactome:R-DDI-390247|Reactome:R-DDI-392517|Reactome:R-DDI-3928662|Reactome:R-DDI-399997|Reactome:R-DDI-416476|Reactome:R-DDI-416482|Reactome:R-DDI-418592|Reactome:R-DDI-418594|Reactome:R-DDI-418597|Reactome:R-DDI-430039|Reactome:R-DDI-434316|Reactome:R-DDI-445144|Reactome:R-DDI-450408|Reactome:R-DDI-4641258|Reactome:R-DDI-499943|Reactome:R-DDI-5358493|Reactome:R-DDI-5358565|Reactome:R-DDI-5358606|Reactome:R-DDI-5610787|Reactome:R-DDI-5620916|Reactome:R-DDI-5626467|Reactome:R-DDI-5627123|Reactome:R-DDI-5628897|Reactome:R-DDI-5632684|Reactome:R-DDI-5651801|Reactome:R-DDI-5655862|Reactome:R-DDI-5656169|Reactome:R-DDI-5658442|Reactome:R-DDI-5663213|Reactome:R-DDI-5675482|Reactome:R-DDI-5683826|Reactome:R-DDI-5687128|Reactome:R-DDI-5689603|Reactome:R-DDI-5689880|Reactome:R-DDI-5693548|Reactome:R-DDI-5693565|Reactome:R-DDI-5694530|Reactome:R-DDI-5696395|Reactome:R-DDI-5696397|Reactome:R-DDI-674695|Reactome:R-DDI-6781823|Reactome:R-DDI-6782135|Reactome:R-DDI-6782210|Reactome:R-DDI-6791226|Reactome:R-DDI-6796648|Reactome:R-DDI-6798695|Reactome:R-DDI-6799198|Reactome:R-DDI-6807878|Reactome:R-DDI-6811434|Reactome:R-DDI-6811436|Reactome:R-DDI-6811438|Reactome:R-DDI-6811440|Reactome:R-DDI-68616|Reactome:R-DDI-68689|Reactome:R-DDI-68867|Reactome:R-DDI-68949|Reactome:R-DDI-68962|Reactome:R-DDI-69017|Reactome:R-DDI-69052|Reactome:R-DDI-69091|Reactome:R-DDI-69601|Reactome:R-DDI-72086|Reactome:R-DDI-72163|Reactome:R-DDI-72695|Reactome:R-DDI-72702|Reactome:R-DDI-72706|Reactome:R-DDI-72731|Reactome:R-DDI-72764|Reactome:R-DDI-73614|Reactome:R-DDI-73772|Reactome:R-DDI-73776|Reactome:R-DDI-73779|Reactome:R-DDI-73817|Reactome:R-DDI-75153|Reactome:R-DDI-75953|Reactome:R-DDI-76042|Reactome:R-DDI-77075|Reactome:R-DDI-77387|Reactome:R-DDI-8849471|Reactome:R-DDI-8854050|Reactome:R-DDI-8854214|Reactome:R-DDI-8856825|Reactome:R-DDI-8856828|Reactome:R-DDI-8866654|Reactome:R-DDI-8873719|Reactome:R-DDI-8876198|Reactome:R-DDI-8876725|Reactome:R-DDI-8943724|Reactome:R-DDI-8948751|Reactome:R-DDI-8951664|Reactome:R-DDI-8963896|Reactome:R-DDI-8964058|Reactome:R-DDI-9013148|Reactome:R-DDI-9013149|Reactome:R-DDI-9013404|Reactome:R-DDI-9013406|Reactome:R-DDI-9013407|Reactome:R-DDI-9013408|Reactome:R-DDI-9013409|Reactome:R-DDI-9013418|Reactome:R-DDI-9013419|Reactome:R-DDI-9013420|Reactome:R-DDI-9013422|Reactome:R-DDI-9013423|Reactome:R-DDI-9013424|Reactome:R-DDI-9013425|Reactome:R-DDI-9018519|Reactome:R-DDI-917729|Reactome:R-DDI-917937|Reactome:R-DDI-917977|Reactome:R-DDI-9603798|Reactome:R-DDI-9615933|Reactome:R-DDI-9629569|Reactome:R-DDI-9639288|Reactome:R-DDI-9646399|Reactome:R-DDI-9668328|Reactome:R-DDI-9706019|Reactome:R-DDI-9707564|Reactome:R-DDI-9748787|Reactome:R-DDI-9749641|Reactome:R-DDI-9753281|Reactome:R-DDI-9754706|Reactome:R-DDI-9755511|Reactome:R-DDI-9757110|Reactome:R-DDI-9758881|Reactome:R-DDI-9758890|Reactome:R-DDI-975956|Reactome:R-DDI-975957|Reactome:R-DDI-9793528|Reactome:R-DDI-983168|Reactome:R-DDI-983170|Reactome:R-DDI-983189|Reactome:R-DDI-983231|Reactome:R-DDI-9837999|Reactome:R-DDI-9840373|Reactome:R-DDI-9856530|Reactome:R-DDI-9907900|Reactome:R-DME-110312|Reactome:R-DME-110314|Reactome:R-DME-110320|Reactome:R-DME-110523|Reactome:R-DME-111458|Reactome:R-DME-111459|Reactome:R-DME-112043|Reactome:R-DME-112382|Reactome:R-DME-113418|Reactome:R-DME-114604|Reactome:R-DME-114608|Reactome:R-DME-1169091|Reactome:R-DME-1169408|Reactome:R-DME-1222556|Reactome:R-DME-1234176|Reactome:R-DME-1236978|Reactome:R-DME-1250347|Reactome:R-DME-1266695|Reactome:R-DME-1268020|Reactome:R-DME-1296025|Reactome:R-DME-1369062|Reactome:R-DME-1433557|Reactome:R-DME-156827|Reactome:R-DME-156842|Reactome:R-DME-156902|Reactome:R-DME-159236|Reactome:R-DME-162658|Reactome:R-DME-163210|Reactome:R-DME-1632852|Reactome:R-DME-165159|Reactome:R-DME-1655829|Reactome:R-DME-1660499|Reactome:R-DME-1660514|Reactome:R-DME-1660661|Reactome:R-DME-166208|Reactome:R-DME-170660|Reactome:R-DME-170670|Reactome:R-DME-170968|Reactome:R-DME-171007|Reactome:R-DME-174084|Reactome:R-DME-174154|Reactome:R-DME-174178|Reactome:R-DME-174184|Reactome:R-DME-174411|Reactome:R-DME-176187|Reactome:R-DME-179812|Reactome:R-DME-180336|Reactome:R-DME-1810476|Reactome:R-DME-181429|Reactome:R-DME-181430|Reactome:R-DME-182971|Reactome:R-DME-1834941|Reactome:R-DME-186763|Reactome:R-DME-187577|Reactome:R-DME-189451|Reactome:R-DME-189483|Reactome:R-DME-190873|Reactome:R-DME-191273|Reactome:R-DME-193634|Reactome:R-DME-193648|Reactome:R-DME-195253|Reactome:R-DME-196025|Reactome:R-DME-1963640|Reactome:R-DME-196757|Reactome:R-DME-198203|Reactome:R-DME-199992|Reactome:R-DME-201722|Reactome:R-DME-202040|Reactome:R-DME-2022870|Reactome:R-DME-2022923|Reactome:R-DME-2022928|Reactome:R-DME-202424|Reactome:R-DME-2029482|Reactome:R-DME-203927|Reactome:R-DME-204005|Reactome:R-DME-2046105|Reactome:R-DME-2046106|Reactome:R-DME-209159|Reactome:R-DME-209190|Reactome:R-DME-209214|Reactome:R-DME-209338|Reactome:R-DME-209360|Reactome:R-DME-209406|Reactome:R-DME-209461|Reactome:R-DME-210500|Reactome:R-DME-212676|Reactome:R-DME-216119|Reactome:R-DME-216167|Reactome:R-DME-216217|Reactome:R-DME-2173791|Reactome:R-DME-2179392|Reactome:R-DME-2424491|Reactome:R-DME-2453902|Reactome:R-DME-2467813|Reactome:R-DME-2559586|Reactome:R-DME-264642|Reactome:R-DME-2871796|Reactome:R-DME-2871837|Reactome:R-DME-3108214|Reactome:R-DME-3134963|Reactome:R-DME-3214815|Reactome:R-DME-3214858|Reactome:R-DME-3247509|Reactome:R-DME-3371497|Reactome:R-DME-3371511|Reactome:R-DME-350368|Reactome:R-DME-350376|Reactome:R-DME-350407|Reactome:R-DME-350480|Reactome:R-DME-350562|Reactome:R-DME-354192|Reactome:R-DME-375165|Reactome:R-DME-380972|Reactome:R-DME-381042|Reactome:R-DME-381676|Reactome:R-DME-382556|Reactome:R-DME-389359|Reactome:R-DME-390247|Reactome:R-DME-392170|Reactome:R-DME-392451|Reactome:R-DME-392517|Reactome:R-DME-392851|Reactome:R-DME-3928662|Reactome:R-DME-3928663|Reactome:R-DME-3928664|Reactome:R-DME-3928665|Reactome:R-DME-399954|Reactome:R-DME-399997|Reactome:R-DME-400042|Reactome:R-DME-400206|Reactome:R-DME-4086398|Reactome:R-DME-4086400|Reactome:R-DME-416476|Reactome:R-DME-416482|Reactome:R-DME-416572|Reactome:R-DME-416993|Reactome:R-DME-418555|Reactome:R-DME-418592|Reactome:R-DME-418594|Reactome:R-DME-418885|Reactome:R-DME-422356|Reactome:R-DME-426486|Reactome:R-DME-427359|Reactome:R-DME-428930|Reactome:R-DME-429958|Reactome:R-DME-430039|Reactome:R-DME-432395|Reactome:R-DME-432524|Reactome:R-DME-432553|Reactome:R-DME-432626|Reactome:R-DME-432720|Reactome:R-DME-432722|Reactome:R-DME-434316|Reactome:R-DME-437239|Reactome:R-DME-438066|Reactome:R-DME-4420097|Reactome:R-DME-445144|Reactome:R-DME-445355|Reactome:R-DME-445989|Reactome:R-DME-450408|Reactome:R-DME-450728|Reactome:R-DME-451308|Reactome:R-DME-4608870|Reactome:R-DME-4641257|Reactome:R-DME-4641258|Reactome:R-DME-499943|Reactome:R-DME-5205685|Reactome:R-DME-5218920|Reactome:R-DME-5218921|Reactome:R-DME-525793|Reactome:R-DME-532668|Reactome:R-DME-5358346|Reactome:R-DME-5358493|Reactome:R-DME-5358565|Reactome:R-DME-538864|Reactome:R-DME-5389840|Reactome:R-DME-5419276|Reactome:R-DME-5578749|Reactome:R-DME-5578775|Reactome:R-DME-5607761|Reactome:R-DME-5607764|Reactome:R-DME-5610780|Reactome:R-DME-5610785|Reactome:R-DME-5620916|Reactome:R-DME-5621575|Reactome:R-DME-5625740|Reactome:R-DME-5625900|Reactome:R-DME-5627117|Reactome:R-DME-5627123|Reactome:R-DME-5628897|Reactome:R-DME-5632684|Reactome:R-DME-5651801|Reactome:R-DME-5654688|Reactome:R-DME-5654693|Reactome:R-DME-5654699|Reactome:R-DME-5654700|Reactome:R-DME-5654704|Reactome:R-DME-5654706|Reactome:R-DME-5654712|Reactome:R-DME-5654719|Reactome:R-DME-5655862|Reactome:R-DME-5656121|Reactome:R-DME-5656169|Reactome:R-DME-5658442|Reactome:R-DME-5663213|Reactome:R-DME-5663220|Reactome:R-DME-5666185|Reactome:R-DME-5673000|Reactome:R-DME-5673001|Reactome:R-DME-5674135|Reactome:R-DME-5675221|Reactome:R-DME-5676590|Reactome:R-DME-5685939|Reactome:R-DME-5687128|Reactome:R-DME-5689603|Reactome:R-DME-5689880|Reactome:R-DME-5689896|Reactome:R-DME-5693548|Reactome:R-DME-5693565|Reactome:R-DME-5693607|Reactome:R-DME-5693616|Reactome:R-DME-5696394|Reactome:R-DME-5696395|Reactome:R-DME-5696397|Reactome:R-DME-5696400|Reactome:R-DME-611105|Reactome:R-DME-674695|Reactome:R-DME-6781823|Reactome:R-DME-6782135|Reactome:R-DME-6782210|Reactome:R-DME-6785631|Reactome:R-DME-6791226|Reactome:R-DME-6794361|Reactome:R-DME-6796648|Reactome:R-DME-6798695|Reactome:R-DME-6799198|Reactome:R-DME-6804756|Reactome:R-DME-6804758|Reactome:R-DME-6807878|Reactome:R-DME-6811434|Reactome:R-DME-6811436|Reactome:R-DME-6811438|Reactome:R-DME-6811440|Reactome:R-DME-6814122|Reactome:R-DME-68616|Reactome:R-DME-68689|Reactome:R-DME-68867|Reactome:R-DME-68884|Reactome:R-DME-68949|Reactome:R-DME-68962|Reactome:R-DME-69017|Reactome:R-DME-69052|Reactome:R-DME-69091|Reactome:R-DME-69473|Reactome:R-DME-69601|Reactome:R-DME-72086|Reactome:R-DME-72163|Reactome:R-DME-72165|Reactome:R-DME-72187|Reactome:R-DME-72203|Reactome:R-DME-72649|Reactome:R-DME-72662|Reactome:R-DME-72695|Reactome:R-DME-72702|Reactome:R-DME-72731|Reactome:R-DME-73614|Reactome:R-DME-73772|Reactome:R-DME-73776|Reactome:R-DME-73779|Reactome:R-DME-73817|Reactome:R-DME-73856|Reactome:R-DME-75815|Reactome:R-DME-75953|Reactome:R-DME-75955|Reactome:R-DME-76042|Reactome:R-DME-77075|Reactome:R-DME-77387|Reactome:R-DME-77595|Reactome:R-DME-8849471|Reactome:R-DME-8849932|Reactome:R-DME-8854050|Reactome:R-DME-8854214|Reactome:R-DME-8856825|Reactome:R-DME-8856828|Reactome:R-DME-8873719|Reactome:R-DME-8876198|Reactome:R-DME-8876725|Reactome:R-DME-888590|Reactome:R-DME-8939236|Reactome:R-DME-8939243|Reactome:R-DME-8939902|Reactome:R-DME-8941858|Reactome:R-DME-8943724|Reactome:R-DME-8948751|Reactome:R-DME-8949613|Reactome:R-DME-8949664|Reactome:R-DME-8951664|Reactome:R-DME-8951936|Reactome:R-DME-8964616|Reactome:R-DME-8980692|Reactome:R-DME-9009391|Reactome:R-DME-9013026|Reactome:R-DME-9013148|Reactome:R-DME-9013149|Reactome:R-DME-9013404|Reactome:R-DME-9013405|Reactome:R-DME-9013406|Reactome:R-DME-9013407|Reactome:R-DME-9013408|Reactome:R-DME-9013409|Reactome:R-DME-9013418|Reactome:R-DME-9013419|Reactome:R-DME-9013420|Reactome:R-DME-9013422|Reactome:R-DME-9013423|Reactome:R-DME-9013424|Reactome:R-DME-9013425|Reactome:R-DME-9020702|Reactome:R-DME-9031628|Reactome:R-DME-9035034|Reactome:R-DME-917937|Reactome:R-DME-917977|Reactome:R-DME-933542|Reactome:R-DME-9603798|Reactome:R-DME-9607240|Reactome:R-DME-9615933|Reactome:R-DME-9627069|Reactome:R-DME-9629569|Reactome:R-DME-9634635|Reactome:R-DME-9639288|Reactome:R-DME-9646399|Reactome:R-DME-9648002|Reactome:R-DME-9668328|Reactome:R-DME-9674555|Reactome:R-DME-9707564|Reactome:R-DME-9748787|Reactome:R-DME-9753281|Reactome:R-DME-9755511|Reactome:R-DME-975956|Reactome:R-DME-975957|Reactome:R-DME-9762114|Reactome:R-DME-9764725|Reactome:R-DME-9793528|Reactome:R-DME-983168|Reactome:R-DME-983189|Reactome:R-DME-983231|Reactome:R-DME-9833482|Reactome:R-DME-983712|Reactome:R-DME-9837999|Reactome:R-DME-9840373|Reactome:R-DME-9856530|Reactome:R-DME-9860927|Reactome:R-DME-9907900|Reactome:R-DME-9913635|Reactome:R-DME-9932298|Reactome:R-DME-9933937|Reactome:R-DME-9933939|Reactome:R-DME-9933946|Reactome:R-DME-9933947|Reactome:R-DME-9934037|Reactome:R-DRE-110320|Reactome:R-DRE-111458|Reactome:R-DRE-111459|Reactome:R-DRE-114608|Reactome:R-DRE-1169092|Reactome:R-DRE-1169408|Reactome:R-DRE-1250347|Reactome:R-DRE-1369007|Reactome:R-DRE-1369062|Reactome:R-DRE-1433557|Reactome:R-DRE-156584|Reactome:R-DRE-156827|Reactome:R-DRE-156902|Reactome:R-DRE-169911|Reactome:R-DRE-179812|Reactome:R-DRE-1799339|Reactome:R-DRE-180336|Reactome:R-DRE-186763|Reactome:R-DRE-193634|Reactome:R-DRE-1963640|Reactome:R-DRE-196783|Reactome:R-DRE-198203|Reactome:R-DRE-201722|Reactome:R-DRE-2022854|Reactome:R-DRE-2022928|Reactome:R-DRE-209563|Reactome:R-DRE-210993|Reactome:R-DRE-2173791|Reactome:R-DRE-2179392|Reactome:R-DRE-354192|Reactome:R-DRE-3769402|Reactome:R-DRE-382556|Reactome:R-DRE-392451|Reactome:R-DRE-392517|Reactome:R-DRE-3928662|Reactome:R-DRE-3928663|Reactome:R-DRE-400206|Reactome:R-DRE-4086400|Reactome:R-DRE-416482|Reactome:R-DRE-416550|Reactome:R-DRE-416572|Reactome:R-DRE-438066|Reactome:R-DRE-4420097|Reactome:R-DRE-499943|Reactome:R-DRE-532668|Reactome:R-DRE-5358346|Reactome:R-DRE-5358493|Reactome:R-DRE-5389840|Reactome:R-DRE-5419276|Reactome:R-DRE-5624138|Reactome:R-DRE-5625740|Reactome:R-DRE-5627083|Reactome:R-DRE-5627117|Reactome:R-DRE-5632684|Reactome:R-DRE-5654688|Reactome:R-DRE-5654693|Reactome:R-DRE-5654699|Reactome:R-DRE-5654700|Reactome:R-DRE-5654704|Reactome:R-DRE-5654706|Reactome:R-DRE-5654712|Reactome:R-DRE-5663220|Reactome:R-DRE-5666185|Reactome:R-DRE-5673001|Reactome:R-DRE-5675221|Reactome:R-DRE-5689880|Reactome:R-DRE-5689896|Reactome:R-DRE-5696395|Reactome:R-DRE-5696400|Reactome:R-DRE-6781823|Reactome:R-DRE-6782135|Reactome:R-DRE-6796648|Reactome:R-DRE-6798695|Reactome:R-DRE-72086|Reactome:R-DRE-72163|Reactome:R-DRE-72695|Reactome:R-DRE-72702|Reactome:R-DRE-72731|Reactome:R-DRE-73614|Reactome:R-DRE-73817|Reactome:R-DRE-75153|Reactome:R-DRE-77075|Reactome:R-DRE-844456|Reactome:R-DRE-8849471|Reactome:R-DRE-8849932|Reactome:R-DRE-8851805|Reactome:R-DRE-8854214|Reactome:R-DRE-8873719|Reactome:R-DRE-8876725|Reactome:R-DRE-8951664|Reactome:R-DRE-8980692|Reactome:R-DRE-9013404|Reactome:R-DRE-9013406|Reactome:R-DRE-9013408|Reactome:R-DRE-9013419|Reactome:R-DRE-9013424|Reactome:R-DRE-9013425|Reactome:R-DRE-9603798|Reactome:R-DRE-9615933|Reactome:R-DRE-9627069|Reactome:R-DRE-9646399|Reactome:R-DRE-9648002|Reactome:R-DRE-9668328|Reactome:R-DRE-9707564|Reactome:R-DRE-9753281|Reactome:R-DRE-9755511|Reactome:R-DRE-975956|Reactome:R-DRE-975957|Reactome:R-DRE-983168|Reactome:R-DRE-983189|Reactome:R-DRE-9840373|Reactome:R-GGA-110312|Reactome:R-GGA-110314|Reactome:R-GGA-110320|Reactome:R-GGA-114604|Reactome:R-GGA-114608|Reactome:R-GGA-1169092|Reactome:R-GGA-1169408|Reactome:R-GGA-1250347|Reactome:R-GGA-141444|Reactome:R-GGA-1433557|Reactome:R-GGA-156584|Reactome:R-GGA-159236|Reactome:R-GGA-162658|Reactome:R-GGA-1655829|Reactome:R-GGA-1660499|Reactome:R-GGA-170670|Reactome:R-GGA-171007|Reactome:R-GGA-174411|Reactome:R-GGA-176187|Reactome:R-GGA-179812|Reactome:R-GGA-180336|Reactome:R-GGA-182971|Reactome:R-GGA-186763|Reactome:R-GGA-1963640|Reactome:R-GGA-2022928|Reactome:R-GGA-2029482|Reactome:R-GGA-210993|Reactome:R-GGA-217106|Reactome:R-GGA-2179392|Reactome:R-GGA-2424491|Reactome:R-GGA-2467813|Reactome:R-GGA-2500257|Reactome:R-GGA-2565942|Reactome:R-GGA-265976|Reactome:R-GGA-2871796|Reactome:R-GGA-3371497|Reactome:R-GGA-3371511|Reactome:R-GGA-351433|Reactome:R-GGA-351451|Reactome:R-GGA-351465|Reactome:R-GGA-352875|Reactome:R-GGA-352882|Reactome:R-GGA-353303|Reactome:R-GGA-354192|Reactome:R-GGA-354194|Reactome:R-GGA-372708|Reactome:R-GGA-375165|Reactome:R-GGA-389359|Reactome:R-GGA-392170|Reactome:R-GGA-392517|Reactome:R-GGA-3928662|Reactome:R-GGA-416482|Reactome:R-GGA-416572|Reactome:R-GGA-418594|Reactome:R-GGA-421203|Reactome:R-GGA-429947|Reactome:R-GGA-430039|Reactome:R-GGA-432040|Reactome:R-GGA-432722|Reactome:R-GGA-4420097|Reactome:R-GGA-499943|Reactome:R-GGA-5218921|Reactome:R-GGA-525793|Reactome:R-GGA-5578749|Reactome:R-GGA-5620912|Reactome:R-GGA-5620916|Reactome:R-GGA-5621575|Reactome:R-GGA-5625740|Reactome:R-GGA-5625970|Reactome:R-GGA-5626467|Reactome:R-GGA-5627117|Reactome:R-GGA-5627123|Reactome:R-GGA-5654688|Reactome:R-GGA-5654693|Reactome:R-GGA-5654699|Reactome:R-GGA-5654700|Reactome:R-GGA-5654704|Reactome:R-GGA-5654706|Reactome:R-GGA-5654712|Reactome:R-GGA-5654719|Reactome:R-GGA-5655862|Reactome:R-GGA-5656121|Reactome:R-GGA-5656169|Reactome:R-GGA-5658442|Reactome:R-GGA-5663213|Reactome:R-GGA-5663220|Reactome:R-GGA-5673000|Reactome:R-GGA-5673001|Reactome:R-GGA-5674135|Reactome:R-GGA-5675221|Reactome:R-GGA-5685938|Reactome:R-GGA-5685942|Reactome:R-GGA-5687128|Reactome:R-GGA-5693568|Reactome:R-GGA-5693579|Reactome:R-GGA-5693607|Reactome:R-GGA-5693616|Reactome:R-GGA-5696397|Reactome:R-GGA-5696400|Reactome:R-GGA-606279|Reactome:R-GGA-6782135|Reactome:R-GGA-6782210|Reactome:R-GGA-6798695|Reactome:R-GGA-6807878|Reactome:R-GGA-6811434|Reactome:R-GGA-6811436|Reactome:R-GGA-6811438|Reactome:R-GGA-6811440|Reactome:R-GGA-68689|Reactome:R-GGA-68949|Reactome:R-GGA-68962|Reactome:R-GGA-69091|Reactome:R-GGA-72163|Reactome:R-GGA-72165|Reactome:R-GGA-72187|Reactome:R-GGA-73614|Reactome:R-GGA-73856|Reactome:R-GGA-77595|Reactome:R-GGA-8849471|Reactome:R-GGA-8851805|Reactome:R-GGA-8854214|Reactome:R-GGA-8856828|Reactome:R-GGA-8875555|Reactome:R-GGA-8875656|Reactome:R-GGA-8876198|Reactome:R-GGA-8876725|Reactome:R-GGA-8964616|Reactome:R-GGA-9009391|Reactome:R-GGA-9013106|Reactome:R-GGA-9013148|Reactome:R-GGA-9013149|Reactome:R-GGA-9013404|Reactome:R-GGA-9013406|Reactome:R-GGA-9013408|Reactome:R-GGA-9013420|Reactome:R-GGA-9013423|Reactome:R-GGA-9013424|Reactome:R-GGA-912446|Reactome:R-GGA-9607240|Reactome:R-GGA-9615933|Reactome:R-GGA-9634635|Reactome:R-GGA-9646399|Reactome:R-GGA-9648002|Reactome:R-GGA-9648025|Reactome:R-GGA-9668328|Reactome:R-GGA-975957|Reactome:R-GGA-983189|Reactome:R-GGA-983231|Reactome:R-HSA-110312|Reactome:R-HSA-110314|Reactome:R-HSA-110320|Reactome:R-HSA-111457|Reactome:R-HSA-111458|Reactome:R-HSA-111459|Reactome:R-HSA-111463|Reactome:R-HSA-111464|Reactome:R-HSA-111469|Reactome:R-HSA-112043|Reactome:R-HSA-112126|Reactome:R-HSA-112308|Reactome:R-HSA-112382|Reactome:R-HSA-112412|Reactome:R-HSA-113418|Reactome:R-HSA-113507|Reactome:R-HSA-114604|Reactome:R-HSA-114608|Reactome:R-HSA-1169091|Reactome:R-HSA-1169092|Reactome:R-HSA-1169408|Reactome:R-HSA-1221632|Reactome:R-HSA-1222387|Reactome:R-HSA-1222449|Reactome:R-HSA-1222538|Reactome:R-HSA-1222556|Reactome:R-HSA-1234176|Reactome:R-HSA-1236382|Reactome:R-HSA-1236394|Reactome:R-HSA-1236974|Reactome:R-HSA-1236978|Reactome:R-HSA-1250196|Reactome:R-HSA-1250347|Reactome:R-HSA-1257604|Reactome:R-HSA-1266695|Reactome:R-HSA-1268020|Reactome:R-HSA-1296025|Reactome:R-HSA-1362277|Reactome:R-HSA-1368108|Reactome:R-HSA-1369007|Reactome:R-HSA-1369062|Reactome:R-HSA-141444|Reactome:R-HSA-1433557|Reactome:R-HSA-1445148|Reactome:R-HSA-156584|Reactome:R-HSA-156827|Reactome:R-HSA-156842|Reactome:R-HSA-156902|Reactome:R-HSA-159236|Reactome:R-HSA-159418|Reactome:R-HSA-1606341|Reactome:R-HSA-162588|Reactome:R-HSA-162658|Reactome:R-HSA-163210|Reactome:R-HSA-1632852|Reactome:R-HSA-163358|Reactome:R-HSA-163359|Reactome:R-HSA-163767|Reactome:R-HSA-163841|Reactome:R-HSA-164378|Reactome:R-HSA-164944|Reactome:R-HSA-165054|Reactome:R-HSA-165159|Reactome:R-HSA-1655829|Reactome:R-HSA-166016|Reactome:R-HSA-1660499|Reactome:R-HSA-1660514|Reactome:R-HSA-1660661|Reactome:R-HSA-166208|Reactome:R-HSA-167044|Reactome:R-HSA-167152|Reactome:R-HSA-167158|Reactome:R-HSA-167160|Reactome:R-HSA-167161|Reactome:R-HSA-167162|Reactome:R-HSA-167172|Reactome:R-HSA-167200|Reactome:R-HSA-167246|Reactome:R-HSA-167590|Reactome:R-HSA-168333|Reactome:R-HSA-168638|Reactome:R-HSA-168928|Reactome:R-HSA-169911|Reactome:R-HSA-170660|Reactome:R-HSA-170670|Reactome:R-HSA-170968|Reactome:R-HSA-170984|Reactome:R-HSA-171007|Reactome:R-HSA-171319|Reactome:R-HSA-174084|Reactome:R-HSA-174113|Reactome:R-HSA-174154|Reactome:R-HSA-174178|Reactome:R-HSA-174184|Reactome:R-HSA-174362|Reactome:R-HSA-174411|Reactome:R-HSA-174414|Reactome:R-HSA-174437|Reactome:R-HSA-176187|Reactome:R-HSA-176974|Reactome:R-HSA-177504|Reactome:R-HSA-179812|Reactome:R-HSA-1799339|Reactome:R-HSA-180336|Reactome:R-HSA-180534|Reactome:R-HSA-180585|Reactome:R-HSA-180746|Reactome:R-HSA-1810476|Reactome:R-HSA-181429|Reactome:R-HSA-181430|Reactome:R-HSA-182971|Reactome:R-HSA-1834941|Reactome:R-HSA-1839117|Reactome:R-HSA-186763|Reactome:R-HSA-187577|Reactome:R-HSA-187706|Reactome:R-HSA-189451|Reactome:R-HSA-189483|Reactome:R-HSA-190873|Reactome:R-HSA-1912408|Reactome:R-HSA-1912420|Reactome:R-HSA-191273|Reactome:R-HSA-191650|Reactome:R-HSA-191859|Reactome:R-HSA-193368|Reactome:R-HSA-193634|Reactome:R-HSA-193648|Reactome:R-HSA-195253|Reactome:R-HSA-196025|Reactome:R-HSA-1963640|Reactome:R-HSA-196757|Reactome:R-HSA-196783|Reactome:R-HSA-196807|Reactome:R-HSA-198203|Reactome:R-HSA-1989781|Reactome:R-HSA-199992|Reactome:R-HSA-201722|Reactome:R-HSA-202040|Reactome:R-HSA-2022854|Reactome:R-HSA-2022870|Reactome:R-HSA-2022923|Reactome:R-HSA-2022928|Reactome:R-HSA-202424|Reactome:R-HSA-2028269|Reactome:R-HSA-2029482|Reactome:R-HSA-203641|Reactome:R-HSA-203927|Reactome:R-HSA-204005|Reactome:R-HSA-2046105|Reactome:R-HSA-2046106|Reactome:R-HSA-209563|Reactome:R-HSA-210500|Reactome:R-HSA-210993|Reactome:R-HSA-211733|Reactome:R-HSA-212676|Reactome:R-HSA-2132295|Reactome:R-HSA-2142691|Reactome:R-HSA-2142845|Reactome:R-HSA-2151201|Reactome:R-HSA-2161517|Reactome:R-HSA-2173791|Reactome:R-HSA-2179392|Reactome:R-HSA-2219530|Reactome:R-HSA-2299718|Reactome:R-HSA-2408550|Reactome:R-HSA-2408557|Reactome:R-HSA-2424491|Reactome:R-HSA-2426168|Reactome:R-HSA-2428933|Reactome:R-HSA-2453902|Reactome:R-HSA-2467813|Reactome:R-HSA-2468052|Reactome:R-HSA-2470946|Reactome:R-HSA-2485179|Reactome:R-HSA-2500257|Reactome:R-HSA-2514853|Reactome:R-HSA-2514859|Reactome:R-HSA-2559580|Reactome:R-HSA-2559584|Reactome:R-HSA-2559585|Reactome:R-HSA-2559586|Reactome:R-HSA-2564830|Reactome:R-HSA-2565942|Reactome:R-HSA-264642|Reactome:R-HSA-264876|Reactome:R-HSA-2871796|Reactome:R-HSA-2871837|Reactome:R-HSA-3000170|Reactome:R-HSA-3108214|Reactome:R-HSA-3134963|Reactome:R-HSA-3134975|Reactome:R-HSA-3214815|Reactome:R-HSA-3214847|Reactome:R-HSA-3214858|Reactome:R-HSA-3247509|Reactome:R-HSA-3270619|Reactome:R-HSA-3359475|Reactome:R-HSA-3359478|Reactome:R-HSA-3371497|Reactome:R-HSA-3371511|Reactome:R-HSA-349425|Reactome:R-HSA-350562|Reactome:R-HSA-351906|Reactome:R-HSA-354192|Reactome:R-HSA-354194|Reactome:R-HSA-3560796|Reactome:R-HSA-3595172|Reactome:R-HSA-3656225|Reactome:R-HSA-372708|Reactome:R-HSA-373752|Reactome:R-HSA-373753|Reactome:R-HSA-375165|Reactome:R-HSA-3769402|Reactome:R-HSA-380259|Reactome:R-HSA-380270|Reactome:R-HSA-380284|Reactome:R-HSA-380320|Reactome:R-HSA-380972|Reactome:R-HSA-381038|Reactome:R-HSA-381042|Reactome:R-HSA-381340|Reactome:R-HSA-381676|Reactome:R-HSA-381753|Reactome:R-HSA-381771|Reactome:R-HSA-382556|Reactome:R-HSA-389359|Reactome:R-HSA-3899300|Reactome:R-HSA-389977|Reactome:R-HSA-390247|Reactome:R-HSA-390471|Reactome:R-HSA-390522|Reactome:R-HSA-392170|Reactome:R-HSA-392451|Reactome:R-HSA-392517|Reactome:R-HSA-392851|Reactome:R-HSA-3928662|Reactome:R-HSA-3928663|Reactome:R-HSA-3928664|Reactome:R-HSA-3928665|Reactome:R-HSA-399719|Reactome:R-HSA-399954|Reactome:R-HSA-399955|Reactome:R-HSA-399997|Reactome:R-HSA-400042|Reactome:R-HSA-400206|Reactome:R-HSA-4086398|Reactome:R-HSA-4086400|Reactome:R-HSA-416476|Reactome:R-HSA-416482|Reactome:R-HSA-416550|Reactome:R-HSA-416572|Reactome:R-HSA-416993|Reactome:R-HSA-418555|Reactome:R-HSA-418592|Reactome:R-HSA-418594|Reactome:R-HSA-418597|Reactome:R-HSA-418885|Reactome:R-HSA-418889|Reactome:R-HSA-419037|Reactome:R-HSA-420029|Reactome:R-HSA-420092|Reactome:R-HSA-422356|Reactome:R-HSA-426486|Reactome:R-HSA-427389|Reactome:R-HSA-427413|Reactome:R-HSA-428540|Reactome:R-HSA-428543|Reactome:R-HSA-428930|Reactome:R-HSA-429947|Reactome:R-HSA-429958|Reactome:R-HSA-430039|Reactome:R-HSA-432040|Reactome:R-HSA-432720|Reactome:R-HSA-432722|Reactome:R-HSA-434316|Reactome:R-HSA-437239|Reactome:R-HSA-438066|Reactome:R-HSA-4420097|Reactome:R-HSA-442982|Reactome:R-HSA-445144|Reactome:R-HSA-445355|Reactome:R-HSA-445989|Reactome:R-HSA-447038|Reactome:R-HSA-450302|Reactome:R-HSA-450321|Reactome:R-HSA-450408|Reactome:R-HSA-451308|Reactome:R-HSA-4551638|Reactome:R-HSA-456926|Reactome:R-HSA-4608870|Reactome:R-HSA-4641257|Reactome:R-HSA-4641258|Reactome:R-HSA-499943|Reactome:R-HSA-5205685|Reactome:R-HSA-5218920|Reactome:R-HSA-5218921|Reactome:R-HSA-5250924|Reactome:R-HSA-525793|Reactome:R-HSA-532668|Reactome:R-HSA-5336415|Reactome:R-HSA-5358346|Reactome:R-HSA-5358493|Reactome:R-HSA-5358565|Reactome:R-HSA-5358606|Reactome:R-HSA-5362768|Reactome:R-HSA-5368286|Reactome:R-HSA-5389840|Reactome:R-HSA-5419276|Reactome:R-HSA-5576892|Reactome:R-HSA-5576893|Reactome:R-HSA-5578749|Reactome:R-HSA-5578775|Reactome:R-HSA-5601884|Reactome:R-HSA-5607761|Reactome:R-HSA-5607764|Reactome:R-HSA-5610780|Reactome:R-HSA-5610783|Reactome:R-HSA-5610785|Reactome:R-HSA-5610787|Reactome:R-HSA-5620912|Reactome:R-HSA-5620916|Reactome:R-HSA-5620922|Reactome:R-HSA-5620924|Reactome:R-HSA-5621480|Reactome:R-HSA-5621575|Reactome:R-HSA-5624138|Reactome:R-HSA-5624958|Reactome:R-HSA-5625740|Reactome:R-HSA-5625900|Reactome:R-HSA-5625970|Reactome:R-HSA-5626467|Reactome:R-HSA-5627083|Reactome:R-HSA-5627117|Reactome:R-HSA-5627123|Reactome:R-HSA-5628897|Reactome:R-HSA-5632684|Reactome:R-HSA-5632927|Reactome:R-HSA-5632928|Reactome:R-HSA-5632968|Reactome:R-HSA-5635838|Reactome:R-HSA-5637810|Reactome:R-HSA-5649702|Reactome:R-HSA-5651801|Reactome:R-HSA-5654688|Reactome:R-HSA-5654693|Reactome:R-HSA-5654699|Reactome:R-HSA-5654700|Reactome:R-HSA-5654704|Reactome:R-HSA-5654706|Reactome:R-HSA-5654712|Reactome:R-HSA-5654719|Reactome:R-HSA-5655253|Reactome:R-HSA-5655291|Reactome:R-HSA-5655302|Reactome:R-HSA-5655332|Reactome:R-HSA-5655862|Reactome:R-HSA-5656121|Reactome:R-HSA-5656169|Reactome:R-HSA-5658442|Reactome:R-HSA-5663213|Reactome:R-HSA-5663220|Reactome:R-HSA-5666185|Reactome:R-HSA-5668541|Reactome:R-HSA-5668599|Reactome:R-HSA-5673000|Reactome:R-HSA-5673001|Reactome:R-HSA-5674135|Reactome:R-HSA-5675221|Reactome:R-HSA-5676590|Reactome:R-HSA-5678420|Reactome:R-HSA-5678520|Reactome:R-HSA-5678771|Reactome:R-HSA-5678895|Reactome:R-HSA-5679001|Reactome:R-HSA-5679090|Reactome:R-HSA-5679096|Reactome:R-HSA-5682113|Reactome:R-HSA-5682294|Reactome:R-HSA-5682910|Reactome:R-HSA-5683177|Reactome:R-HSA-5683329|Reactome:R-HSA-5683371|Reactome:R-HSA-5683678|Reactome:R-HSA-5683826|Reactome:R-HSA-5684045|Reactome:R-HSA-5685938|Reactome:R-HSA-5685939|Reactome:R-HSA-5685942|Reactome:R-HSA-5687128|Reactome:R-HSA-5688399|Reactome:R-HSA-5689603|Reactome:R-HSA-5689877|Reactome:R-HSA-5689880|Reactome:R-HSA-5689896|Reactome:R-HSA-5689901|Reactome:R-HSA-5690338|Reactome:R-HSA-5693548|Reactome:R-HSA-5693554|Reactome:R-HSA-5693565|Reactome:R-HSA-5693568|Reactome:R-HSA-5693571|Reactome:R-HSA-5693579|Reactome:R-HSA-5693607|Reactome:R-HSA-5693616|Reactome:R-HSA-5694530|Reactome:R-HSA-5696394|Reactome:R-HSA-5696395|Reactome:R-HSA-5696397|Reactome:R-HSA-5696400|Reactome:R-HSA-606279|Reactome:R-HSA-611105|Reactome:R-HSA-674695|Reactome:R-HSA-6781823|Reactome:R-HSA-6781827|Reactome:R-HSA-6782135|Reactome:R-HSA-6782210|Reactome:R-HSA-6782315|Reactome:R-HSA-6783310|Reactome:R-HSA-6784531|Reactome:R-HSA-6785631|Reactome:R-HSA-6785807|Reactome:R-HSA-6787450|Reactome:R-HSA-6790901|Reactome:R-HSA-6791226|Reactome:R-HSA-6794361|Reactome:R-HSA-6796648|Reactome:R-HSA-6798695|Reactome:R-HSA-6799198|Reactome:R-HSA-6802946|Reactome:R-HSA-6802948|Reactome:R-HSA-6802952|Reactome:R-HSA-6802953|Reactome:R-HSA-6802955|Reactome:R-HSA-6803207|Reactome:R-HSA-6804756|Reactome:R-HSA-6804758|Reactome:R-HSA-6807878|Reactome:R-HSA-6811434|Reactome:R-HSA-6811436|Reactome:R-HSA-6811438|Reactome:R-HSA-6811440|Reactome:R-HSA-6811558|Reactome:R-HSA-6814122|Reactome:R-HSA-68616|Reactome:R-HSA-68689|Reactome:R-HSA-68867|Reactome:R-HSA-68877|Reactome:R-HSA-68884|Reactome:R-HSA-68949|Reactome:R-HSA-68962|Reactome:R-HSA-69017|Reactome:R-HSA-69052|Reactome:R-HSA-69091|Reactome:R-HSA-69166|Reactome:R-HSA-69205|Reactome:R-HSA-69473|Reactome:R-HSA-69481|Reactome:R-HSA-69601|Reactome:R-HSA-71032|Reactome:R-HSA-72086|Reactome:R-HSA-72163|Reactome:R-HSA-72165|Reactome:R-HSA-72187|Reactome:R-HSA-72203|Reactome:R-HSA-72649|Reactome:R-HSA-72662|Reactome:R-HSA-72695|Reactome:R-HSA-72702|Reactome:R-HSA-72706|Reactome:R-HSA-72731|Reactome:R-HSA-72764|Reactome:R-HSA-73614|Reactome:R-HSA-73762|Reactome:R-HSA-73772|Reactome:R-HSA-73776|Reactome:R-HSA-73779|Reactome:R-HSA-73817|Reactome:R-HSA-73856|Reactome:R-HSA-73863|Reactome:R-HSA-74217|Reactome:R-HSA-74751|Reactome:R-HSA-75153|Reactome:R-HSA-75815|Reactome:R-HSA-75953|Reactome:R-HSA-75955|Reactome:R-HSA-76042|Reactome:R-HSA-77075|Reactome:R-HSA-77387|Reactome:R-HSA-77595|Reactome:R-HSA-83936|Reactome:R-HSA-844455|Reactome:R-HSA-844456|Reactome:R-HSA-844623|Reactome:R-HSA-877300|Reactome:R-HSA-8849471|Reactome:R-HSA-8849932|Reactome:R-HSA-8851805|Reactome:R-HSA-8852276|Reactome:R-HSA-8853884|Reactome:R-HSA-8854050|Reactome:R-HSA-8854214|Reactome:R-HSA-8854518|Reactome:R-HSA-8856825|Reactome:R-HSA-8856828|Reactome:R-HSA-8857538|Reactome:R-HSA-8866654|Reactome:R-HSA-8866910|Reactome:R-HSA-8873719|Reactome:R-HSA-8875555|Reactome:R-HSA-8875656|Reactome:R-HSA-8876198|Reactome:R-HSA-8876725|Reactome:R-HSA-888590|Reactome:R-HSA-8934593|Reactome:R-HSA-8935964|Reactome:R-HSA-8936459|Reactome:R-HSA-8939236|Reactome:R-HSA-8939243|Reactome:R-HSA-8939902|Reactome:R-HSA-8941858|Reactome:R-HSA-8943723|Reactome:R-HSA-8943724|Reactome:R-HSA-8948700|Reactome:R-HSA-8948751|Reactome:R-HSA-8949613|Reactome:R-HSA-8949664|Reactome:R-HSA-8950505|Reactome:R-HSA-8951664|Reactome:R-HSA-8951936|Reactome:R-HSA-8953750|Reactome:R-HSA-8963888|Reactome:R-HSA-8963896|Reactome:R-HSA-8964058|Reactome:R-HSA-8964616|Reactome:R-HSA-8980692|Reactome:R-HSA-8983711|Reactome:R-HSA-8985586|Reactome:R-HSA-8986944|Reactome:R-HSA-9009391|Reactome:R-HSA-9010553|Reactome:R-HSA-9013026|Reactome:R-HSA-9013106|Reactome:R-HSA-9013148|Reactome:R-HSA-9013149|Reactome:R-HSA-9013404|Reactome:R-HSA-9013405|Reactome:R-HSA-9013406|Reactome:R-HSA-9013407|Reactome:R-HSA-9013408|Reactome:R-HSA-9013409|Reactome:R-HSA-9013418|Reactome:R-HSA-9013419|Reactome:R-HSA-9013420|Reactome:R-HSA-9013422|Reactome:R-HSA-9013423|Reactome:R-HSA-9013424|Reactome:R-HSA-9013425|Reactome:R-HSA-9018519|Reactome:R-HSA-9020702|Reactome:R-HSA-9022692|Reactome:R-HSA-9026519|Reactome:R-HSA-9027284|Reactome:R-HSA-9028731|Reactome:R-HSA-9029569|Reactome:R-HSA-9031628|Reactome:R-HSA-9032759|Reactome:R-HSA-9032845|Reactome:R-HSA-9033241|Reactome:R-HSA-9034864|Reactome:R-HSA-9035034|Reactome:R-HSA-909733|Reactome:R-HSA-912446|Reactome:R-HSA-913709|Reactome:R-HSA-917729|Reactome:R-HSA-917937|Reactome:R-HSA-917977|Reactome:R-HSA-918233|Reactome:R-HSA-933541|Reactome:R-HSA-933542|Reactome:R-HSA-933543|Reactome:R-HSA-936440|Reactome:R-HSA-9603798|Reactome:R-HSA-9604323|Reactome:R-HSA-9607240|Reactome:R-HSA-9609523|Reactome:R-HSA-9609690|Reactome:R-HSA-9609736|Reactome:R-HSA-9610379|Reactome:R-HSA-9613829|Reactome:R-HSA-9615017|Reactome:R-HSA-9615710|Reactome:R-HSA-9615933|Reactome:R-HSA-9617324|Reactome:R-HSA-9619229|Reactome:R-HSA-9619665|Reactome:R-HSA-9620244|Reactome:R-HSA-9627069|Reactome:R-HSA-9629569|Reactome:R-HSA-9633012|Reactome:R-HSA-9634285|Reactome:R-HSA-9634597|Reactome:R-HSA-9634600|Reactome:R-HSA-9634635|Reactome:R-HSA-9635465|Reactome:R-HSA-9636383|Reactome:R-HSA-9636569|Reactome:R-HSA-9638334|Reactome:R-HSA-9638482|Reactome:R-HSA-9639288|Reactome:R-HSA-9646399|Reactome:R-HSA-9648002|Reactome:R-HSA-9648025|Reactome:R-HSA-9648895|Reactome:R-HSA-9649948|Reactome:R-HSA-9656223|Reactome:R-HSA-9660821|Reactome:R-HSA-9660826|Reactome:R-HSA-9662360|Reactome:R-HSA-9662361|Reactome:R-HSA-9662834|Reactome:R-HSA-9664422|Reactome:R-HSA-9664565|Reactome:R-HSA-9665348|Reactome:R-HSA-9665686|Reactome:R-HSA-9668328|Reactome:R-HSA-9670095|Reactome:R-HSA-9670439|Reactome:R-HSA-9670613|Reactome:R-HSA-9670615|Reactome:R-HSA-9673324|Reactome:R-HSA-9673767|Reactome:R-HSA-9673770|Reactome:R-HSA-9674519|Reactome:R-HSA-9674555|Reactome:R-HSA-9678110|Reactome:R-HSA-9679191|Reactome:R-HSA-9679504|Reactome:R-HSA-9680350|Reactome:R-HSA-9682706|Reactome:R-HSA-9682708|Reactome:R-HSA-9683439|Reactome:R-HSA-9684325|Reactome:R-HSA-9692912|Reactome:R-HSA-9692916|Reactome:R-HSA-9694271|Reactome:R-HSA-9694301|Reactome:R-HSA-9694614|Reactome:R-HSA-9694676|Reactome:R-HSA-9694686|Reactome:R-HSA-9694786|Reactome:R-HSA-9696264|Reactome:R-HSA-9696270|Reactome:R-HSA-9696273|Reactome:R-HSA-9701192|Reactome:R-HSA-9703465|Reactome:R-HSA-9703648|Reactome:R-HSA-9704331|Reactome:R-HSA-9704646|Reactome:R-HSA-9705671|Reactome:R-HSA-9705677|Reactome:R-HSA-9706019|Reactome:R-HSA-9707564|Reactome:R-HSA-9707616|Reactome:R-HSA-9708296|Reactome:R-HSA-9709570|Reactome:R-HSA-9709603|Reactome:R-HSA-9717207|Reactome:R-HSA-9725370|Reactome:R-HSA-9725371|Reactome:R-HSA-9725554|Reactome:R-HSA-9726840|Reactome:R-HSA-9726842|Reactome:R-HSA-9735869|Reactome:R-HSA-9735871|Reactome:R-HSA-9748787|Reactome:R-HSA-9749641|Reactome:R-HSA-9753281|Reactome:R-HSA-9753510|Reactome:R-HSA-9753512|Reactome:R-HSA-9754560|Reactome:R-HSA-9754678|Reactome:R-HSA-9754706|Reactome:R-HSA-9755511|Reactome:R-HSA-9757110|Reactome:R-HSA-9758274|Reactome:R-HSA-9758881|Reactome:R-HSA-9758890|Reactome:R-HSA-9759218|Reactome:R-HSA-975956|Reactome:R-HSA-975957|Reactome:R-HSA-9759811|Reactome:R-HSA-9760173|Reactome:R-HSA-9762114|Reactome:R-HSA-9764562|Reactome:R-HSA-9764725|Reactome:R-HSA-9766229|Reactome:R-HSA-9768778|Reactome:R-HSA-9768919|Reactome:R-HSA-9793528|Reactome:R-HSA-9818027|Reactome:R-HSA-9818032|Reactome:R-HSA-9820841|Reactome:R-HSA-9820865|Reactome:R-HSA-9820960|Reactome:R-HSA-9824272|Reactome:R-HSA-9824585|Reactome:R-HSA-9824594|Reactome:R-HSA-9825895|Reactome:R-HSA-983168|Reactome:R-HSA-983170|Reactome:R-HSA-983189|Reactome:R-HSA-983231|Reactome:R-HSA-9833109|Reactome:R-HSA-9833110|Reactome:R-HSA-9833482|Reactome:R-HSA-9836573|Reactome:R-HSA-983712|Reactome:R-HSA-9837999|Reactome:R-HSA-9839394|Reactome:R-HSA-9840309|Reactome:R-HSA-9840373|Reactome:R-HSA-9841251|Reactome:R-HSA-9843940|Reactome:R-HSA-9843970|Reactome:R-HSA-9844594|Reactome:R-HSA-9845323|Reactome:R-HSA-9845576|Reactome:R-HSA-9856530|Reactome:R-HSA-9856532|Reactome:R-HSA-9857377|Reactome:R-HSA-9860927|Reactome:R-HSA-9865881|Reactome:R-HSA-9907900|Reactome:R-HSA-9909505|Reactome:R-HSA-9913143|Reactome:R-HSA-9913635|Reactome:R-HSA-9918454|Reactome:R-HSA-9925563|Reactome:R-HSA-9927020|Reactome:R-HSA-9927432|Reactome:R-HSA-9930044|Reactome:R-HSA-9931509|Reactome:R-HSA-9931953|Reactome:R-HSA-9932298|Reactome:R-HSA-9933387|Reactome:R-HSA-9933937|Reactome:R-HSA-9933939|Reactome:R-HSA-9933946|Reactome:R-HSA-9933947|Reactome:R-HSA-9934037|Reactome:R-HSA-9937383|Reactome:R-MMU-110312|Reactome:R-MMU-110314|Reactome:R-MMU-110320|Reactome:R-MMU-111457|Reactome:R-MMU-111458|Reactome:R-MMU-111459|Reactome:R-MMU-111469|Reactome:R-MMU-112043|Reactome:R-MMU-112308|Reactome:R-MMU-112382|Reactome:R-MMU-113418|Reactome:R-MMU-114604|Reactome:R-MMU-114608|Reactome:R-MMU-1169091|Reactome:R-MMU-1169092|Reactome:R-MMU-1169408|Reactome:R-MMU-1222556|Reactome:R-MMU-1234176|Reactome:R-MMU-1236974|Reactome:R-MMU-1236978|Reactome:R-MMU-1250347|Reactome:R-MMU-1257604|Reactome:R-MMU-1266695|Reactome:R-MMU-1268020|Reactome:R-MMU-1296025|Reactome:R-MMU-1369007|Reactome:R-MMU-1369062|Reactome:R-MMU-141444|Reactome:R-MMU-1433557|Reactome:R-MMU-156584|Reactome:R-MMU-156827|Reactome:R-MMU-156842|Reactome:R-MMU-156902|Reactome:R-MMU-159236|Reactome:R-MMU-159418|Reactome:R-MMU-162658|Reactome:R-MMU-163210|Reactome:R-MMU-1632852|Reactome:R-MMU-163841|Reactome:R-MMU-165159|Reactome:R-MMU-1655829|Reactome:R-MMU-166016|Reactome:R-MMU-1660499|Reactome:R-MMU-1660514|Reactome:R-MMU-1660661|Reactome:R-MMU-166208|Reactome:R-MMU-168638|Reactome:R-MMU-169911|Reactome:R-MMU-170660|Reactome:R-MMU-170670|Reactome:R-MMU-170968|Reactome:R-MMU-170984|Reactome:R-MMU-171007|Reactome:R-MMU-171319|Reactome:R-MMU-174084|Reactome:R-MMU-174154|Reactome:R-MMU-174178|Reactome:R-MMU-174184|Reactome:R-MMU-174362|Reactome:R-MMU-174411|Reactome:R-MMU-174414|Reactome:R-MMU-174437|Reactome:R-MMU-176187|Reactome:R-MMU-179812|Reactome:R-MMU-1799339|Reactome:R-MMU-180336|Reactome:R-MMU-1810476|Reactome:R-MMU-181429|Reactome:R-MMU-181430|Reactome:R-MMU-182971|Reactome:R-MMU-1834941|Reactome:R-MMU-186763|Reactome:R-MMU-187577|Reactome:R-MMU-189451|Reactome:R-MMU-189483|Reactome:R-MMU-190873|Reactome:R-MMU-191273|Reactome:R-MMU-191650|Reactome:R-MMU-191859|Reactome:R-MMU-193368|Reactome:R-MMU-193634|Reactome:R-MMU-193648|Reactome:R-MMU-195253|Reactome:R-MMU-196025|Reactome:R-MMU-1963640|Reactome:R-MMU-196757|Reactome:R-MMU-196783|Reactome:R-MMU-196807|Reactome:R-MMU-198203|Reactome:R-MMU-199992|Reactome:R-MMU-201722|Reactome:R-MMU-202040|Reactome:R-MMU-2022854|Reactome:R-MMU-2022870|Reactome:R-MMU-2022923|Reactome:R-MMU-2022928|Reactome:R-MMU-202424|Reactome:R-MMU-2028269|Reactome:R-MMU-2029482|Reactome:R-MMU-203641|Reactome:R-MMU-203927|Reactome:R-MMU-204005|Reactome:R-MMU-2046105|Reactome:R-MMU-2046106|Reactome:R-MMU-209563|Reactome:R-MMU-210500|Reactome:R-MMU-210993|Reactome:R-MMU-212676|Reactome:R-MMU-2132295|Reactome:R-MMU-2142691|Reactome:R-MMU-2142845|Reactome:R-MMU-2173791|Reactome:R-MMU-2179392|Reactome:R-MMU-2299718|Reactome:R-MMU-2424491|Reactome:R-MMU-2453902|Reactome:R-MMU-2467813|Reactome:R-MMU-2468052|Reactome:R-MMU-2470946|Reactome:R-MMU-2485179|Reactome:R-MMU-2500257|Reactome:R-MMU-2514853|Reactome:R-MMU-2514859|Reactome:R-MMU-2559584|Reactome:R-MMU-2559586|Reactome:R-MMU-2565942|Reactome:R-MMU-264642|Reactome:R-MMU-2871796|Reactome:R-MMU-2871837|Reactome:R-MMU-3108214|Reactome:R-MMU-3134963|Reactome:R-MMU-3134975|Reactome:R-MMU-3214815|Reactome:R-MMU-3214858|Reactome:R-MMU-3247509|Reactome:R-MMU-3270619|Reactome:R-MMU-3371497|Reactome:R-MMU-3371511|Reactome:R-MMU-349425|Reactome:R-MMU-350562|Reactome:R-MMU-351906|Reactome:R-MMU-354192|Reactome:R-MMU-354194|Reactome:R-MMU-372708|Reactome:R-MMU-373753|Reactome:R-MMU-375165|Reactome:R-MMU-3769402|Reactome:R-MMU-380259|Reactome:R-MMU-380270|Reactome:R-MMU-380284|Reactome:R-MMU-380320|Reactome:R-MMU-380972|Reactome:R-MMU-381042|Reactome:R-MMU-381676|Reactome:R-MMU-381753|Reactome:R-MMU-381771|Reactome:R-MMU-382556|Reactome:R-MMU-389359|Reactome:R-MMU-3899300|Reactome:R-MMU-390247|Reactome:R-MMU-390522|Reactome:R-MMU-392170|Reactome:R-MMU-392451|Reactome:R-MMU-392517|Reactome:R-MMU-392851|Reactome:R-MMU-3928662|Reactome:R-MMU-3928663|Reactome:R-MMU-3928664|Reactome:R-MMU-3928665|Reactome:R-MMU-399719|Reactome:R-MMU-399954|Reactome:R-MMU-399997|Reactome:R-MMU-400042|Reactome:R-MMU-400206|Reactome:R-MMU-4086398|Reactome:R-MMU-4086400|Reactome:R-MMU-416476|Reactome:R-MMU-416482|Reactome:R-MMU-416550|Reactome:R-MMU-416572|Reactome:R-MMU-416993|Reactome:R-MMU-418555|Reactome:R-MMU-418592|Reactome:R-MMU-418594|Reactome:R-MMU-418597|Reactome:R-MMU-418885|Reactome:R-MMU-420092|Reactome:R-MMU-422356|Reactome:R-MMU-426486|Reactome:R-MMU-428930|Reactome:R-MMU-429947|Reactome:R-MMU-429958|Reactome:R-MMU-430039|Reactome:R-MMU-432040|Reactome:R-MMU-432720|Reactome:R-MMU-432722|Reactome:R-MMU-434316|Reactome:R-MMU-437239|Reactome:R-MMU-438066|Reactome:R-MMU-4420097|Reactome:R-MMU-445144|Reactome:R-MMU-445355|Reactome:R-MMU-445989|Reactome:R-MMU-450302|Reactome:R-MMU-450321|Reactome:R-MMU-450408|Reactome:R-MMU-451308|Reactome:R-MMU-456926|Reactome:R-MMU-4608870|Reactome:R-MMU-4641257|Reactome:R-MMU-4641258|Reactome:R-MMU-499943|Reactome:R-MMU-5205685|Reactome:R-MMU-5218920|Reactome:R-MMU-5218921|Reactome:R-MMU-5250924|Reactome:R-MMU-525793|Reactome:R-MMU-532668|Reactome:R-MMU-5358346|Reactome:R-MMU-5358493|Reactome:R-MMU-5358565|Reactome:R-MMU-5358606|Reactome:R-MMU-5389840|Reactome:R-MMU-5419276|Reactome:R-MMU-5576892|Reactome:R-MMU-5576893|Reactome:R-MMU-5578749|Reactome:R-MMU-5578775|Reactome:R-MMU-5607761|Reactome:R-MMU-5607764|Reactome:R-MMU-5610780|Reactome:R-MMU-5610785|Reactome:R-MMU-5610787|Reactome:R-MMU-5620912|Reactome:R-MMU-5620916|Reactome:R-MMU-5620922|Reactome:R-MMU-5620924|Reactome:R-MMU-5621575|Reactome:R-MMU-5624138|Reactome:R-MMU-5624958|Reactome:R-MMU-5625740|Reactome:R-MMU-5625900|Reactome:R-MMU-5625970|Reactome:R-MMU-5626467|Reactome:R-MMU-5627083|Reactome:R-MMU-5627117|Reactome:R-MMU-5627123|Reactome:R-MMU-5628897|Reactome:R-MMU-5632684|Reactome:R-MMU-5635838|Reactome:R-MMU-5649702|Reactome:R-MMU-5651801|Reactome:R-MMU-5654688|Reactome:R-MMU-5654693|Reactome:R-MMU-5654699|Reactome:R-MMU-5654700|Reactome:R-MMU-5654704|Reactome:R-MMU-5654706|Reactome:R-MMU-5654712|Reactome:R-MMU-5654719|Reactome:R-MMU-5655862|Reactome:R-MMU-5656121|Reactome:R-MMU-5656169|Reactome:R-MMU-5658442|Reactome:R-MMU-5663213|Reactome:R-MMU-5663220|Reactome:R-MMU-5666185|Reactome:R-MMU-5668541|Reactome:R-MMU-5668599|Reactome:R-MMU-5673000|Reactome:R-MMU-5673001|Reactome:R-MMU-5674135|Reactome:R-MMU-5675221|Reactome:R-MMU-5676590|Reactome:R-MMU-5682910|Reactome:R-MMU-5683826|Reactome:R-MMU-5685938|Reactome:R-MMU-5685939|Reactome:R-MMU-5685942|Reactome:R-MMU-5687128|Reactome:R-MMU-5689603|Reactome:R-MMU-5689877|Reactome:R-MMU-5689880|Reactome:R-MMU-5689896|Reactome:R-MMU-5689901|Reactome:R-MMU-5693548|Reactome:R-MMU-5693565|Reactome:R-MMU-5693568|Reactome:R-MMU-5693571|Reactome:R-MMU-5693579|Reactome:R-MMU-5693607|Reactome:R-MMU-5693616|Reactome:R-MMU-5694530|Reactome:R-MMU-5696394|Reactome:R-MMU-5696395|Reactome:R-MMU-5696397|Reactome:R-MMU-5696400|Reactome:R-MMU-606279|Reactome:R-MMU-611105|Reactome:R-MMU-674695|Reactome:R-MMU-6781823|Reactome:R-MMU-6782135|Reactome:R-MMU-6782210|Reactome:R-MMU-6783310|Reactome:R-MMU-6785631|Reactome:R-MMU-6791226|Reactome:R-MMU-6794361|Reactome:R-MMU-6796648|Reactome:R-MMU-6798695|Reactome:R-MMU-6799198|Reactome:R-MMU-6804756|Reactome:R-MMU-6804758|Reactome:R-MMU-6807878|Reactome:R-MMU-6811434|Reactome:R-MMU-6811436|Reactome:R-MMU-6811438|Reactome:R-MMU-6811440|Reactome:R-MMU-6811558|Reactome:R-MMU-6814122|Reactome:R-MMU-68616|Reactome:R-MMU-68689|Reactome:R-MMU-68867|Reactome:R-MMU-68877|Reactome:R-MMU-68884|Reactome:R-MMU-68949|Reactome:R-MMU-68962|Reactome:R-MMU-69017|Reactome:R-MMU-69052|Reactome:R-MMU-69091|Reactome:R-MMU-69166|Reactome:R-MMU-69473|Reactome:R-MMU-69481|Reactome:R-MMU-69601|Reactome:R-MMU-71032|Reactome:R-MMU-72086|Reactome:R-MMU-72163|Reactome:R-MMU-72165|Reactome:R-MMU-72187|Reactome:R-MMU-72203|Reactome:R-MMU-72649|Reactome:R-MMU-72662|Reactome:R-MMU-72695|Reactome:R-MMU-72702|Reactome:R-MMU-72706|Reactome:R-MMU-72731|Reactome:R-MMU-72764|Reactome:R-MMU-73614|Reactome:R-MMU-73762|Reactome:R-MMU-73772|Reactome:R-MMU-73776|Reactome:R-MMU-73779|Reactome:R-MMU-73817|Reactome:R-MMU-73856|Reactome:R-MMU-73863|Reactome:R-MMU-74217|Reactome:R-MMU-75153|Reactome:R-MMU-75815|Reactome:R-MMU-75953|Reactome:R-MMU-75955|Reactome:R-MMU-76042|Reactome:R-MMU-77075|Reactome:R-MMU-77387|Reactome:R-MMU-77595|Reactome:R-MMU-83936|Reactome:R-MMU-844455|Reactome:R-MMU-844456|Reactome:R-MMU-8849471|Reactome:R-MMU-8849932|Reactome:R-MMU-8851805|Reactome:R-MMU-8852276|Reactome:R-MMU-8854050|Reactome:R-MMU-8854214|Reactome:R-MMU-8854518|Reactome:R-MMU-8856825|Reactome:R-MMU-8856828|Reactome:R-MMU-8857538|Reactome:R-MMU-8866654|Reactome:R-MMU-8866910|Reactome:R-MMU-8873719|Reactome:R-MMU-8875555|Reactome:R-MMU-8875656|Reactome:R-MMU-8876198|Reactome:R-MMU-8876725|Reactome:R-MMU-888590|Reactome:R-MMU-8939236|Reactome:R-MMU-8939243|Reactome:R-MMU-8939902|Reactome:R-MMU-8941858|Reactome:R-MMU-8943724|Reactome:R-MMU-8948751|Reactome:R-MMU-8949613|Reactome:R-MMU-8949664|Reactome:R-MMU-8951664|Reactome:R-MMU-8963888|Reactome:R-MMU-8963896|Reactome:R-MMU-8964058|Reactome:R-MMU-8964616|Reactome:R-MMU-8980692|Reactome:R-MMU-8983711|Reactome:R-MMU-8985586|Reactome:R-MMU-9009391|Reactome:R-MMU-9013026|Reactome:R-MMU-9013106|Reactome:R-MMU-9013148|Reactome:R-MMU-9013149|Reactome:R-MMU-9013404|Reactome:R-MMU-9013405|Reactome:R-MMU-9013406|Reactome:R-MMU-9013407|Reactome:R-MMU-9013408|Reactome:R-MMU-9013409|Reactome:R-MMU-9013418|Reactome:R-MMU-9013419|Reactome:R-MMU-9013420|Reactome:R-MMU-9013422|Reactome:R-MMU-9013423|Reactome:R-MMU-9013424|Reactome:R-MMU-9013425|Reactome:R-MMU-9018519|Reactome:R-MMU-9020702|Reactome:R-MMU-9029569|Reactome:R-MMU-9031628|Reactome:R-MMU-9032759|Reactome:R-MMU-9033241|Reactome:R-MMU-9035034|Reactome:R-MMU-909733|Reactome:R-MMU-912446|Reactome:R-MMU-913709|Reactome:R-MMU-917729|Reactome:R-MMU-917937|Reactome:R-MMU-917977|Reactome:R-MMU-933542|Reactome:R-MMU-936440|Reactome:R-MMU-9603798|Reactome:R-MMU-9607240|Reactome:R-MMU-9615933|Reactome:R-MMU-9627069|Reactome:R-MMU-9629569|Reactome:R-MMU-9634597|Reactome:R-MMU-9634600|Reactome:R-MMU-9634635|Reactome:R-MMU-9639288|Reactome:R-MMU-9646399|Reactome:R-MMU-9648002|Reactome:R-MMU-9648025|Reactome:R-MMU-9668328|Reactome:R-MMU-9670095|Reactome:R-MMU-9674555|Reactome:R-MMU-9696264|Reactome:R-MMU-9696270|Reactome:R-MMU-9696273|Reactome:R-MMU-9706019|Reactome:R-MMU-9707564|Reactome:R-MMU-9717207|Reactome:R-MMU-9748787|Reactome:R-MMU-9749641|Reactome:R-MMU-9753281|Reactome:R-MMU-9754706|Reactome:R-MMU-9755511|Reactome:R-MMU-9757110|Reactome:R-MMU-9758274|Reactome:R-MMU-9758881|Reactome:R-MMU-9758890|Reactome:R-MMU-9759218|Reactome:R-MMU-975956|Reactome:R-MMU-975957|Reactome:R-MMU-9762114|Reactome:R-MMU-9764725|Reactome:R-MMU-9766229|Reactome:R-MMU-9793528|Reactome:R-MMU-9824585|Reactome:R-MMU-983168|Reactome:R-MMU-983170|Reactome:R-MMU-983189|Reactome:R-MMU-983231|Reactome:R-MMU-9833482|Reactome:R-MMU-983712|Reactome:R-MMU-9837999|Reactome:R-MMU-9840309|Reactome:R-MMU-9840373|Reactome:R-MMU-9845576|Reactome:R-MMU-9856530|Reactome:R-MMU-9860927|Reactome:R-MMU-9907900|Reactome:R-MMU-9909505|Reactome:R-MMU-9913635|Reactome:R-MMU-9930044|Reactome:R-MMU-9932298|Reactome:R-MMU-9933937|Reactome:R-MMU-9933939|Reactome:R-MMU-9933946|Reactome:R-MMU-9933947|Reactome:R-MMU-9934037|Reactome:R-MMU-9937383|Reactome:R-MTU-936635|Reactome:R-MTU-964903|Reactome:R-PFA-1222556|Reactome:R-PFA-159418|Reactome:R-PFA-1660499|Reactome:R-PFA-1660514|Reactome:R-PFA-193368|Reactome:R-PFA-199992|Reactome:R-PFA-2299718|Reactome:R-PFA-2514853|Reactome:R-PFA-3371497|Reactome:R-PFA-382556|Reactome:R-PFA-499943|Reactome:R-PFA-5620916|Reactome:R-PFA-5693548|Reactome:R-PFA-5693565|Reactome:R-PFA-6798695|Reactome:R-PFA-6807878|Reactome:R-PFA-6811434|Reactome:R-PFA-68616|Reactome:R-PFA-68949|Reactome:R-PFA-73817|Reactome:R-PFA-75153|Reactome:R-PFA-77387|Reactome:R-PFA-917977|Reactome:R-PFA-9646399|Reactome:R-PFA-9754706|Reactome:R-PFA-9757110|Reactome:R-PFA-983231|Reactome:R-PFA-9845576|Reactome:R-RNO-110312|Reactome:R-RNO-110314|Reactome:R-RNO-110320|Reactome:R-RNO-111457|Reactome:R-RNO-111458|Reactome:R-RNO-111459|Reactome:R-RNO-111469|Reactome:R-RNO-112043|Reactome:R-RNO-112308|Reactome:R-RNO-112382|Reactome:R-RNO-113418|Reactome:R-RNO-114604|Reactome:R-RNO-114608|Reactome:R-RNO-1169091|Reactome:R-RNO-1169092|Reactome:R-RNO-1169408|Reactome:R-RNO-1222556|Reactome:R-RNO-1234176|Reactome:R-RNO-1236974|Reactome:R-RNO-1236978|Reactome:R-RNO-1250347|Reactome:R-RNO-1257604|Reactome:R-RNO-1266695|Reactome:R-RNO-1268020|Reactome:R-RNO-1296025|Reactome:R-RNO-1369007|Reactome:R-RNO-1369062|Reactome:R-RNO-141444|Reactome:R-RNO-1433557|Reactome:R-RNO-156584|Reactome:R-RNO-156827|Reactome:R-RNO-156842|Reactome:R-RNO-156902|Reactome:R-RNO-159236|Reactome:R-RNO-159418|Reactome:R-RNO-162658|Reactome:R-RNO-163210|Reactome:R-RNO-1632852|Reactome:R-RNO-163841|Reactome:R-RNO-165159|Reactome:R-RNO-1655829|Reactome:R-RNO-166016|Reactome:R-RNO-1660499|Reactome:R-RNO-1660514|Reactome:R-RNO-1660661|Reactome:R-RNO-166208|Reactome:R-RNO-169911|Reactome:R-RNO-170660|Reactome:R-RNO-170670|Reactome:R-RNO-170968|Reactome:R-RNO-170984|Reactome:R-RNO-171007|Reactome:R-RNO-171319|Reactome:R-RNO-174084|Reactome:R-RNO-174113|Reactome:R-RNO-174154|Reactome:R-RNO-174178|Reactome:R-RNO-174184|Reactome:R-RNO-174411|Reactome:R-RNO-174437|Reactome:R-RNO-176187|Reactome:R-RNO-179812|Reactome:R-RNO-1799339|Reactome:R-RNO-180336|Reactome:R-RNO-181429|Reactome:R-RNO-181430|Reactome:R-RNO-182971|Reactome:R-RNO-186763|Reactome:R-RNO-187577|Reactome:R-RNO-189451|Reactome:R-RNO-189483|Reactome:R-RNO-190873|Reactome:R-RNO-191650|Reactome:R-RNO-193368|Reactome:R-RNO-193634|Reactome:R-RNO-193648|Reactome:R-RNO-195253|Reactome:R-RNO-196025|Reactome:R-RNO-1963640|Reactome:R-RNO-196757|Reactome:R-RNO-196783|Reactome:R-RNO-196807|Reactome:R-RNO-198203|Reactome:R-RNO-199992|Reactome:R-RNO-201722|Reactome:R-RNO-202040|Reactome:R-RNO-2022854|Reactome:R-RNO-2022870|Reactome:R-RNO-2022923|Reactome:R-RNO-2022928|Reactome:R-RNO-2028269|Reactome:R-RNO-2029482|Reactome:R-RNO-203641|Reactome:R-RNO-204005|Reactome:R-RNO-2046105|Reactome:R-RNO-2046106|Reactome:R-RNO-209563|Reactome:R-RNO-210500|Reactome:R-RNO-210993|Reactome:R-RNO-212676|Reactome:R-RNO-2132295|Reactome:R-RNO-2142691|Reactome:R-RNO-2142845|Reactome:R-RNO-2173791|Reactome:R-RNO-2179392|Reactome:R-RNO-2424491|Reactome:R-RNO-2467813|Reactome:R-RNO-2468052|Reactome:R-RNO-2470946|Reactome:R-RNO-2500257|Reactome:R-RNO-2559586|Reactome:R-RNO-2565942|Reactome:R-RNO-264642|Reactome:R-RNO-2871796|Reactome:R-RNO-3108214|Reactome:R-RNO-3134963|Reactome:R-RNO-3214858|Reactome:R-RNO-3247509|Reactome:R-RNO-3371497|Reactome:R-RNO-3371511|Reactome:R-RNO-349425|Reactome:R-RNO-350562|Reactome:R-RNO-351906|Reactome:R-RNO-354192|Reactome:R-RNO-354194|Reactome:R-RNO-372708|Reactome:R-RNO-375165|Reactome:R-RNO-3769402|Reactome:R-RNO-380259|Reactome:R-RNO-380270|Reactome:R-RNO-380284|Reactome:R-RNO-380320|Reactome:R-RNO-380972|Reactome:R-RNO-381042|Reactome:R-RNO-381676|Reactome:R-RNO-382556|Reactome:R-RNO-389359|Reactome:R-RNO-390247|Reactome:R-RNO-390522|Reactome:R-RNO-392170|Reactome:R-RNO-392451|Reactome:R-RNO-392517|Reactome:R-RNO-3928662|Reactome:R-RNO-3928663|Reactome:R-RNO-3928664|Reactome:R-RNO-3928665|Reactome:R-RNO-399719|Reactome:R-RNO-399954|Reactome:R-RNO-399997|Reactome:R-RNO-400042|Reactome:R-RNO-4086398|Reactome:R-RNO-4086400|Reactome:R-RNO-416476|Reactome:R-RNO-416482|Reactome:R-RNO-416550|Reactome:R-RNO-416572|Reactome:R-RNO-416993|Reactome:R-RNO-418592|Reactome:R-RNO-418594|Reactome:R-RNO-418597|Reactome:R-RNO-418885|Reactome:R-RNO-420092|Reactome:R-RNO-422356|Reactome:R-RNO-428930|Reactome:R-RNO-429947|Reactome:R-RNO-429958|Reactome:R-RNO-432040|Reactome:R-RNO-432720|Reactome:R-RNO-432722|Reactome:R-RNO-434316|Reactome:R-RNO-437239|Reactome:R-RNO-438066|Reactome:R-RNO-4420097|Reactome:R-RNO-445144|Reactome:R-RNO-450408|Reactome:R-RNO-451308|Reactome:R-RNO-456926|Reactome:R-RNO-4608870|Reactome:R-RNO-4641257|Reactome:R-RNO-4641258|Reactome:R-RNO-499943|Reactome:R-RNO-5205685|Reactome:R-RNO-5218920|Reactome:R-RNO-5218921|Reactome:R-RNO-5250924|Reactome:R-RNO-525793|Reactome:R-RNO-532668|Reactome:R-RNO-5358346|Reactome:R-RNO-5358493|Reactome:R-RNO-5358565|Reactome:R-RNO-5389840|Reactome:R-RNO-5419276|Reactome:R-RNO-5576892|Reactome:R-RNO-5576893|Reactome:R-RNO-5578749|Reactome:R-RNO-5578775|Reactome:R-RNO-5607761|Reactome:R-RNO-5610780|Reactome:R-RNO-5610785|Reactome:R-RNO-5610787|Reactome:R-RNO-5620912|Reactome:R-RNO-5620916|Reactome:R-RNO-5620924|Reactome:R-RNO-5621575|Reactome:R-RNO-5624138|Reactome:R-RNO-5625740|Reactome:R-RNO-5625900|Reactome:R-RNO-5625970|Reactome:R-RNO-5626467|Reactome:R-RNO-5627083|Reactome:R-RNO-5627117|Reactome:R-RNO-5627123|Reactome:R-RNO-5628897|Reactome:R-RNO-5632684|Reactome:R-RNO-5651801|Reactome:R-RNO-5654688|Reactome:R-RNO-5654693|Reactome:R-RNO-5654699|Reactome:R-RNO-5654700|Reactome:R-RNO-5654704|Reactome:R-RNO-5654706|Reactome:R-RNO-5654712|Reactome:R-RNO-5654719|Reactome:R-RNO-5655862|Reactome:R-RNO-5656121|Reactome:R-RNO-5656169|Reactome:R-RNO-5658442|Reactome:R-RNO-5663213|Reactome:R-RNO-5663220|Reactome:R-RNO-5666185|Reactome:R-RNO-5668541|Reactome:R-RNO-5668599|Reactome:R-RNO-5673000|Reactome:R-RNO-5673001|Reactome:R-RNO-5674135|Reactome:R-RNO-5675221|Reactome:R-RNO-5676590|Reactome:R-RNO-5682910|Reactome:R-RNO-5683826|Reactome:R-RNO-5685938|Reactome:R-RNO-5685939|Reactome:R-RNO-5685942|Reactome:R-RNO-5687128|Reactome:R-RNO-5689603|Reactome:R-RNO-5689877|Reactome:R-RNO-5689880|Reactome:R-RNO-5689896|Reactome:R-RNO-5689901|Reactome:R-RNO-5693548|Reactome:R-RNO-5693565|Reactome:R-RNO-5693568|Reactome:R-RNO-5693571|Reactome:R-RNO-5693579|Reactome:R-RNO-5693607|Reactome:R-RNO-5693616|Reactome:R-RNO-5694530|Reactome:R-RNO-5696394|Reactome:R-RNO-5696395|Reactome:R-RNO-5696397|Reactome:R-RNO-5696400|Reactome:R-RNO-606279|Reactome:R-RNO-611105|Reactome:R-RNO-674695|Reactome:R-RNO-6781823|Reactome:R-RNO-6782135|Reactome:R-RNO-6782210|Reactome:R-RNO-6785631|Reactome:R-RNO-6791226|Reactome:R-RNO-6794361|Reactome:R-RNO-6796648|Reactome:R-RNO-6798695|Reactome:R-RNO-6799198|Reactome:R-RNO-6804756|Reactome:R-RNO-6807878|Reactome:R-RNO-6811434|Reactome:R-RNO-6811436|Reactome:R-RNO-6811438|Reactome:R-RNO-6811440|Reactome:R-RNO-6811558|Reactome:R-RNO-68616|Reactome:R-RNO-68689|Reactome:R-RNO-68867|Reactome:R-RNO-68877|Reactome:R-RNO-68949|Reactome:R-RNO-68962|Reactome:R-RNO-69017|Reactome:R-RNO-69091|Reactome:R-RNO-69166|Reactome:R-RNO-69473|Reactome:R-RNO-69481|Reactome:R-RNO-69601|Reactome:R-RNO-72086|Reactome:R-RNO-72163|Reactome:R-RNO-72165|Reactome:R-RNO-72187|Reactome:R-RNO-72203|Reactome:R-RNO-72649|Reactome:R-RNO-72662|Reactome:R-RNO-72695|Reactome:R-RNO-72702|Reactome:R-RNO-72706|Reactome:R-RNO-72731|Reactome:R-RNO-73614|Reactome:R-RNO-73762|Reactome:R-RNO-73772|Reactome:R-RNO-73776|Reactome:R-RNO-73779|Reactome:R-RNO-73856|Reactome:R-RNO-73863|Reactome:R-RNO-74217|Reactome:R-RNO-75153|Reactome:R-RNO-75815|Reactome:R-RNO-75953|Reactome:R-RNO-75955|Reactome:R-RNO-76042|Reactome:R-RNO-77075|Reactome:R-RNO-77387|Reactome:R-RNO-77595|Reactome:R-RNO-83936|Reactome:R-RNO-844455|Reactome:R-RNO-844456|Reactome:R-RNO-8849471|Reactome:R-RNO-8849932|Reactome:R-RNO-8851805|Reactome:R-RNO-8852276|Reactome:R-RNO-8854050|Reactome:R-RNO-8854214|Reactome:R-RNO-8854518|Reactome:R-RNO-8856825|Reactome:R-RNO-8856828|Reactome:R-RNO-8873719|Reactome:R-RNO-8875555|Reactome:R-RNO-8875656|Reactome:R-RNO-8876198|Reactome:R-RNO-8876725|Reactome:R-RNO-888590|Reactome:R-RNO-8939236|Reactome:R-RNO-8939243|Reactome:R-RNO-8941858|Reactome:R-RNO-8943724|Reactome:R-RNO-8948751|Reactome:R-RNO-8949613|Reactome:R-RNO-8949664|Reactome:R-RNO-8951664|Reactome:R-RNO-8963888|Reactome:R-RNO-8964616|Reactome:R-RNO-8980692|Reactome:R-RNO-8985586|Reactome:R-RNO-9009391|Reactome:R-RNO-9013026|Reactome:R-RNO-9013148|Reactome:R-RNO-9013149|Reactome:R-RNO-9013404|Reactome:R-RNO-9013405|Reactome:R-RNO-9013406|Reactome:R-RNO-9013407|Reactome:R-RNO-9013408|Reactome:R-RNO-9013409|Reactome:R-RNO-9013418|Reactome:R-RNO-9013419|Reactome:R-RNO-9013420|Reactome:R-RNO-9013424|Reactome:R-RNO-9032759|Reactome:R-RNO-9033241|Reactome:R-RNO-9035034|Reactome:R-RNO-912446|Reactome:R-RNO-917729|Reactome:R-RNO-917937|Reactome:R-RNO-917977|Reactome:R-RNO-936440|Reactome:R-RNO-9603798|Reactome:R-RNO-9607240|Reactome:R-RNO-9615933|Reactome:R-RNO-9627069|Reactome:R-RNO-9634600|Reactome:R-RNO-9634635|Reactome:R-RNO-9639288|Reactome:R-RNO-9646399|Reactome:R-RNO-9648002|Reactome:R-RNO-9648025|Reactome:R-RNO-9668328|Reactome:R-RNO-9674555|Reactome:R-RNO-9696264|Reactome:R-RNO-9696270|Reactome:R-RNO-9696273|Reactome:R-RNO-9706019|Reactome:R-RNO-9707564|Reactome:R-RNO-9717207|Reactome:R-RNO-9748787|Reactome:R-RNO-9749641|Reactome:R-RNO-9753281|Reactome:R-RNO-9754706|Reactome:R-RNO-9755511|Reactome:R-RNO-9757110|Reactome:R-RNO-9758274|Reactome:R-RNO-9758890|Reactome:R-RNO-975957|Reactome:R-RNO-9762114|Reactome:R-RNO-9764725|Reactome:R-RNO-9766229|Reactome:R-RNO-9793528|Reactome:R-RNO-9824585|Reactome:R-RNO-983168|Reactome:R-RNO-983170|Reactome:R-RNO-983189|Reactome:R-RNO-983231|Reactome:R-RNO-983712|Reactome:R-RNO-9837999|Reactome:R-RNO-9840373|Reactome:R-RNO-9845576|Reactome:R-RNO-9856530|Reactome:R-RNO-9907900|Reactome:R-RNO-9932298|Reactome:R-RNO-9933937|Reactome:R-RNO-9933939|Reactome:R-RNO-9933946|Reactome:R-RNO-9933947|Reactome:R-RNO-9934037|Reactome:R-RNO-9937383|Reactome:R-SCE-110312|Reactome:R-SCE-110320|Reactome:R-SCE-111457|Reactome:R-SCE-112043|Reactome:R-SCE-113418|Reactome:R-SCE-114608|Reactome:R-SCE-1222556|Reactome:R-SCE-1236978|Reactome:R-SCE-1369007|Reactome:R-SCE-1369062|Reactome:R-SCE-156827|Reactome:R-SCE-156842|Reactome:R-SCE-156902|Reactome:R-SCE-159236|Reactome:R-SCE-159418|Reactome:R-SCE-162658|Reactome:R-SCE-165159|Reactome:R-SCE-1660499|Reactome:R-SCE-1660514|Reactome:R-SCE-1660661|Reactome:R-SCE-169911|Reactome:R-SCE-174362|Reactome:R-SCE-176187|Reactome:R-SCE-1799339|Reactome:R-SCE-189451|Reactome:R-SCE-189483|Reactome:R-SCE-196757|Reactome:R-SCE-196783|Reactome:R-SCE-198203|Reactome:R-SCE-199992|Reactome:R-SCE-202040|Reactome:R-SCE-2029482|Reactome:R-SCE-204005|Reactome:R-SCE-2046105|Reactome:R-SCE-2046106|Reactome:R-SCE-2142691|Reactome:R-SCE-2468052|Reactome:R-SCE-2500257|Reactome:R-SCE-2514853|Reactome:R-SCE-2514859|Reactome:R-SCE-2559586|Reactome:R-SCE-3108214|Reactome:R-SCE-3371511|Reactome:R-SCE-354192|Reactome:R-SCE-381676|Reactome:R-SCE-382556|Reactome:R-SCE-389359|Reactome:R-SCE-3899300|Reactome:R-SCE-390247|Reactome:R-SCE-392451|Reactome:R-SCE-392517|Reactome:R-SCE-399997|Reactome:R-SCE-416476|Reactome:R-SCE-416482|Reactome:R-SCE-418592|Reactome:R-SCE-418594|Reactome:R-SCE-418597|Reactome:R-SCE-429947|Reactome:R-SCE-429958|Reactome:R-SCE-430039|Reactome:R-SCE-434316|Reactome:R-SCE-499943|Reactome:R-SCE-5205685|Reactome:R-SCE-5358493|Reactome:R-SCE-5358565|Reactome:R-SCE-5358606|Reactome:R-SCE-5620912|Reactome:R-SCE-5620916|Reactome:R-SCE-5625740|Reactome:R-SCE-5626467|Reactome:R-SCE-5627123|Reactome:R-SCE-5655862|Reactome:R-SCE-5656121|Reactome:R-SCE-5656169|Reactome:R-SCE-5668541|Reactome:R-SCE-5687128|Reactome:R-SCE-5689880|Reactome:R-SCE-5689896|Reactome:R-SCE-5693548|Reactome:R-SCE-5693565|Reactome:R-SCE-5693616|Reactome:R-SCE-5694530|Reactome:R-SCE-5696397|Reactome:R-SCE-674695|Reactome:R-SCE-6781823|Reactome:R-SCE-6782135|Reactome:R-SCE-6782210|Reactome:R-SCE-6791226|Reactome:R-SCE-6796648|Reactome:R-SCE-6798695|Reactome:R-SCE-6807878|Reactome:R-SCE-6811434|Reactome:R-SCE-6811438|Reactome:R-SCE-6811440|Reactome:R-SCE-68616|Reactome:R-SCE-68689|Reactome:R-SCE-68867|Reactome:R-SCE-68949|Reactome:R-SCE-68962|Reactome:R-SCE-69017|Reactome:R-SCE-69052|Reactome:R-SCE-69091|Reactome:R-SCE-69166|Reactome:R-SCE-69601|Reactome:R-SCE-72086|Reactome:R-SCE-72649|Reactome:R-SCE-72662|Reactome:R-SCE-72695|Reactome:R-SCE-72702|Reactome:R-SCE-72706|Reactome:R-SCE-72731|Reactome:R-SCE-72764|Reactome:R-SCE-73614|Reactome:R-SCE-73772|Reactome:R-SCE-73776|Reactome:R-SCE-73779|Reactome:R-SCE-73817|Reactome:R-SCE-75153|Reactome:R-SCE-75953|Reactome:R-SCE-76042|Reactome:R-SCE-77075|Reactome:R-SCE-77387|Reactome:R-SCE-8854050|Reactome:R-SCE-8854214|Reactome:R-SCE-8866654|Reactome:R-SCE-8873719|Reactome:R-SCE-8876198|Reactome:R-SCE-8876725|Reactome:R-SCE-8948751|Reactome:R-SCE-8951664|Reactome:R-SCE-8964058|Reactome:R-SCE-8980692|Reactome:R-SCE-9013026|Reactome:R-SCE-9013106|Reactome:R-SCE-9013148|Reactome:R-SCE-9013405|Reactome:R-SCE-9013406|Reactome:R-SCE-9013409|Reactome:R-SCE-9013419|Reactome:R-SCE-9013420|Reactome:R-SCE-9013424|Reactome:R-SCE-9013425|Reactome:R-SCE-9018519|Reactome:R-SCE-9035034|Reactome:R-SCE-917729|Reactome:R-SCE-917937|Reactome:R-SCE-917977|Reactome:R-SCE-936440|Reactome:R-SCE-9603798|Reactome:R-SCE-9615933|Reactome:R-SCE-9634600|Reactome:R-SCE-9639288|Reactome:R-SCE-9668328|Reactome:R-SCE-9696264|Reactome:R-SCE-9696270|Reactome:R-SCE-9696273|Reactome:R-SCE-9707564|Reactome:R-SCE-9748787|Reactome:R-SCE-9749641|Reactome:R-SCE-9753281|Reactome:R-SCE-9754706|Reactome:R-SCE-9755511|Reactome:R-SCE-9758890|Reactome:R-SCE-975956|Reactome:R-SCE-975957|Reactome:R-SCE-9793528|Reactome:R-SCE-983168|Reactome:R-SCE-983170|Reactome:R-SCE-983189|Reactome:R-SCE-983231|Reactome:R-SCE-9837999|Reactome:R-SCE-9840373|Reactome:R-SCE-9856530|Reactome:R-SCE-9907900|Reactome:R-SPO-110312|Reactome:R-SPO-110314|Reactome:R-SPO-110320|Reactome:R-SPO-111457|Reactome:R-SPO-111469|Reactome:R-SPO-112043|Reactome:R-SPO-113418|Reactome:R-SPO-114608|Reactome:R-SPO-1222556|Reactome:R-SPO-1236978|Reactome:R-SPO-1369007|Reactome:R-SPO-156827|Reactome:R-SPO-156842|Reactome:R-SPO-156902|Reactome:R-SPO-159236|Reactome:R-SPO-159418|Reactome:R-SPO-162658|Reactome:R-SPO-165159|Reactome:R-SPO-1660514|Reactome:R-SPO-1660661|Reactome:R-SPO-169911|Reactome:R-SPO-174362|Reactome:R-SPO-174437|Reactome:R-SPO-176187|Reactome:R-SPO-1799339|Reactome:R-SPO-189483|Reactome:R-SPO-193368|Reactome:R-SPO-196757|Reactome:R-SPO-196783|Reactome:R-SPO-198203|Reactome:R-SPO-199992|Reactome:R-SPO-202040|Reactome:R-SPO-2029482|Reactome:R-SPO-204005|Reactome:R-SPO-2142691|Reactome:R-SPO-2470946|Reactome:R-SPO-2500257|Reactome:R-SPO-2514853|Reactome:R-SPO-2514859|Reactome:R-SPO-2559586|Reactome:R-SPO-3108214|Reactome:R-SPO-3214858|Reactome:R-SPO-3371511|Reactome:R-SPO-350562|Reactome:R-SPO-382556|Reactome:R-SPO-389359|Reactome:R-SPO-3899300|Reactome:R-SPO-392451|Reactome:R-SPO-399997|Reactome:R-SPO-416476|Reactome:R-SPO-416482|Reactome:R-SPO-418592|Reactome:R-SPO-418594|Reactome:R-SPO-418597|Reactome:R-SPO-429958|Reactome:R-SPO-434316|Reactome:R-SPO-499943|Reactome:R-SPO-5205685|Reactome:R-SPO-5358346|Reactome:R-SPO-5358493|Reactome:R-SPO-5358565|Reactome:R-SPO-5358606|Reactome:R-SPO-5578749|Reactome:R-SPO-5620912|Reactome:R-SPO-5620916|Reactome:R-SPO-5625740|Reactome:R-SPO-5626467|Reactome:R-SPO-5627123|Reactome:R-SPO-5651801|Reactome:R-SPO-5655862|Reactome:R-SPO-5656121|Reactome:R-SPO-5656169|Reactome:R-SPO-5685939|Reactome:R-SPO-5687128|Reactome:R-SPO-5689603|Reactome:R-SPO-5689880|Reactome:R-SPO-5689896|Reactome:R-SPO-5693548|Reactome:R-SPO-5693565|Reactome:R-SPO-5693607|Reactome:R-SPO-5693616|Reactome:R-SPO-5694530|Reactome:R-SPO-5696395|Reactome:R-SPO-5696397|Reactome:R-SPO-5696400|Reactome:R-SPO-674695|Reactome:R-SPO-6781823|Reactome:R-SPO-6782135|Reactome:R-SPO-6782210|Reactome:R-SPO-6791226|Reactome:R-SPO-6796648|Reactome:R-SPO-6798695|Reactome:R-SPO-6807878|Reactome:R-SPO-6811434|Reactome:R-SPO-6811438|Reactome:R-SPO-6811440|Reactome:R-SPO-68616|Reactome:R-SPO-68689|Reactome:R-SPO-68867|Reactome:R-SPO-68949|Reactome:R-SPO-68962|Reactome:R-SPO-69017|Reactome:R-SPO-69052|Reactome:R-SPO-69091|Reactome:R-SPO-69166|Reactome:R-SPO-69601|Reactome:R-SPO-72086|Reactome:R-SPO-72163|Reactome:R-SPO-72649|Reactome:R-SPO-72662|Reactome:R-SPO-72695|Reactome:R-SPO-72702|Reactome:R-SPO-72706|Reactome:R-SPO-72731|Reactome:R-SPO-72764|Reactome:R-SPO-73614|Reactome:R-SPO-73772|Reactome:R-SPO-73776|Reactome:R-SPO-73779|Reactome:R-SPO-73817|Reactome:R-SPO-75153|Reactome:R-SPO-75815|Reactome:R-SPO-75953|Reactome:R-SPO-76042|Reactome:R-SPO-77075|Reactome:R-SPO-77387|Reactome:R-SPO-8854050|Reactome:R-SPO-8854214|Reactome:R-SPO-8866654|Reactome:R-SPO-8873719|Reactome:R-SPO-8876198|Reactome:R-SPO-8876725|Reactome:R-SPO-8948751|Reactome:R-SPO-8951664|Reactome:R-SPO-8980692|Reactome:R-SPO-9013026|Reactome:R-SPO-9013106|Reactome:R-SPO-9013148|Reactome:R-SPO-9013405|Reactome:R-SPO-9013406|Reactome:R-SPO-9013409|Reactome:R-SPO-9013419|Reactome:R-SPO-9013420|Reactome:R-SPO-9013424|Reactome:R-SPO-9013425|Reactome:R-SPO-9018519|Reactome:R-SPO-9035034|Reactome:R-SPO-917729|Reactome:R-SPO-917977|Reactome:R-SPO-9603798|Reactome:R-SPO-9615933|Reactome:R-SPO-9634600|Reactome:R-SPO-9639288|Reactome:R-SPO-9668328|Reactome:R-SPO-9696264|Reactome:R-SPO-9696270|Reactome:R-SPO-9696273|Reactome:R-SPO-9707564|Reactome:R-SPO-9748787|Reactome:R-SPO-9749641|Reactome:R-SPO-9753281|Reactome:R-SPO-9754706|Reactome:R-SPO-9755511|Reactome:R-SPO-9757110|Reactome:R-SPO-9758890|Reactome:R-SPO-975956|Reactome:R-SPO-975957|Reactome:R-SPO-983168|Reactome:R-SPO-983170|Reactome:R-SPO-983189|Reactome:R-SPO-983231|Reactome:R-SPO-9837999|Reactome:R-SPO-9840373|Reactome:R-SPO-9856530|Reactome:R-SPO-9907900|Reactome:R-SSC-112043|Reactome:R-SSC-114604|Reactome:R-SSC-1169091|Reactome:R-SSC-1169092|Reactome:R-SSC-1169408|Reactome:R-SSC-1234176|Reactome:R-SSC-1236978|Reactome:R-SSC-1250347|Reactome:R-SSC-1433557|Reactome:R-SSC-159236|Reactome:R-SSC-163210|Reactome:R-SSC-1660661|Reactome:R-SSC-171007|Reactome:R-SSC-174084|Reactome:R-SSC-174154|Reactome:R-SSC-174178|Reactome:R-SSC-174184|Reactome:R-SSC-179812|Reactome:R-SSC-180336|Reactome:R-SSC-181429|Reactome:R-SSC-181430|Reactome:R-SSC-182971|Reactome:R-SSC-186763|Reactome:R-SSC-187577|Reactome:R-SSC-189451|Reactome:R-SSC-189483|Reactome:R-SSC-191273|Reactome:R-SSC-195253|Reactome:R-SSC-1963640|Reactome:R-SSC-196783|Reactome:R-SSC-202040|Reactome:R-SSC-202424|Reactome:R-SSC-2029482|Reactome:R-SSC-204005|Reactome:R-SSC-210500|Reactome:R-SSC-210993|Reactome:R-SSC-212676|Reactome:R-SSC-2132295|Reactome:R-SSC-2179392|Reactome:R-SSC-2424491|Reactome:R-SSC-2467813|Reactome:R-SSC-264642|Reactome:R-SSC-2871796|Reactome:R-SSC-2871837|Reactome:R-SSC-349425|Reactome:R-SSC-350562|Reactome:R-SSC-375165|Reactome:R-SSC-382556|Reactome:R-SSC-389359|Reactome:R-SSC-3928662|Reactome:R-SSC-399997|Reactome:R-SSC-416476|Reactome:R-SSC-418592|Reactome:R-SSC-428930|Reactome:R-SSC-429947|Reactome:R-SSC-432040|Reactome:R-SSC-434316|Reactome:R-SSC-4420097|Reactome:R-SSC-450408|Reactome:R-SSC-456926|Reactome:R-SSC-4608870|Reactome:R-SSC-4641257|Reactome:R-SSC-4641258|Reactome:R-SSC-499943|Reactome:R-SSC-5218921|Reactome:R-SSC-525793|Reactome:R-SSC-5358346|Reactome:R-SSC-5607761|Reactome:R-SSC-5607764|Reactome:R-SSC-5610780|Reactome:R-SSC-5610785|Reactome:R-SSC-5620912|Reactome:R-SSC-5620916|Reactome:R-SSC-5625970|Reactome:R-SSC-5626467|Reactome:R-SSC-5627123|Reactome:R-SSC-5632684|Reactome:R-SSC-5654688|Reactome:R-SSC-5654693|Reactome:R-SSC-5654699|Reactome:R-SSC-5654700|Reactome:R-SSC-5654704|Reactome:R-SSC-5654706|Reactome:R-SSC-5654712|Reactome:R-SSC-5654719|Reactome:R-SSC-5658442|Reactome:R-SSC-5663213|Reactome:R-SSC-5663220|Reactome:R-SSC-5668541|Reactome:R-SSC-5673000|Reactome:R-SSC-5673001|Reactome:R-SSC-5674135|Reactome:R-SSC-5675221|Reactome:R-SSC-5676590|Reactome:R-SSC-5687128|Reactome:R-SSC-5689603|Reactome:R-SSC-5689880|Reactome:R-SSC-5694530|Reactome:R-SSC-6798695|Reactome:R-SSC-6814122|Reactome:R-SSC-68867|Reactome:R-SSC-68949|Reactome:R-SSC-69017|Reactome:R-SSC-69481|Reactome:R-SSC-69601|Reactome:R-SSC-72163|Reactome:R-SSC-72187|Reactome:R-SSC-73817|Reactome:R-SSC-73856|Reactome:R-SSC-75815|Reactome:R-SSC-8849471|Reactome:R-SSC-8851805|Reactome:R-SSC-8852276|Reactome:R-SSC-8854050|Reactome:R-SSC-8854214|Reactome:R-SSC-8856828|Reactome:R-SSC-8875656|Reactome:R-SSC-8876198|Reactome:R-SSC-888590|Reactome:R-SSC-8939236|Reactome:R-SSC-8939902|Reactome:R-SSC-8941858|Reactome:R-SSC-8948751|Reactome:R-SSC-8949613|Reactome:R-SSC-8951664|Reactome:R-SSC-8963888|Reactome:R-SSC-8964616|Reactome:R-SSC-9013148|Reactome:R-SSC-9013149|Reactome:R-SSC-9013404|Reactome:R-SSC-9013406|Reactome:R-SSC-9013408|Reactome:R-SSC-9013418|Reactome:R-SSC-9013420|Reactome:R-SSC-9013423|Reactome:R-SSC-9013424|Reactome:R-SSC-9020702|Reactome:R-SSC-917937|Reactome:R-SSC-9607240|Reactome:R-SSC-9634635|Reactome:R-SSC-9648002|Reactome:R-SSC-9668328|Reactome:R-SSC-9753281|Reactome:R-SSC-9755511|Reactome:R-SSC-975957|Reactome:R-SSC-9762114|Reactome:R-SSC-9766229|Reactome:R-SSC-9793528|Reactome:R-SSC-983168|Reactome:R-SSC-983170|Reactome:R-SSC-983231|Reactome:R-SSC-9837999|Reactome:R-SSC-9856530|Reactome:R-SSC-9860927|Reactome:R-SSC-9907900|Reactome:R-SSC-9932298|Reactome:R-XTR-110320|Reactome:R-XTR-114608|Reactome:R-XTR-1169408|Reactome:R-XTR-1369007|Reactome:R-XTR-196783|Reactome:R-XTR-203927|Reactome:R-XTR-354192|Reactome:R-XTR-3769402|Reactome:R-XTR-382556|Reactome:R-XTR-392517|Reactome:R-XTR-426486|Reactome:R-XTR-429947|Reactome:R-XTR-430039|Reactome:R-XTR-438066|Reactome:R-XTR-499943|Reactome:R-XTR-532668|Reactome:R-XTR-5358346|Reactome:R-XTR-5689896|Reactome:R-XTR-6791226|Reactome:R-XTR-6798695|Reactome:R-XTR-6811434|Reactome:R-XTR-68689|Reactome:R-XTR-68867|Reactome:R-XTR-68949|Reactome:R-XTR-68962|Reactome:R-XTR-69052|Reactome:R-XTR-72163|Reactome:R-XTR-73614|Reactome:R-XTR-73817|Reactome:R-XTR-8849932|Reactome:R-XTR-8875555|Reactome:R-XTR-8876725|Reactome:R-XTR-8951664|Reactome:R-XTR-9013149|Reactome:R-XTR-9013404|Reactome:R-XTR-9013406|Reactome:R-XTR-9013407|Reactome:R-XTR-9013408|Reactome:R-XTR-9013419|Reactome:R-XTR-9013423|Reactome:R-XTR-9603798|Reactome:R-XTR-9668328|Reactome:R-XTR-9755511|Reactome:R-XTR-975957|Reactome:R-XTR-983189
ETMEFFSM_CDS_0038	0bbd2cf6d4e66fabdbd32d7d581bc3e4	527	Pfam	PF13148	Protein of unknown function (DUF3987)	81	433	2.8E-35	T	13-04-2026	IPR025048	Protein of unknown function DUF3987)	-	-
ETMEFFSM_CDS_0038	0bbd2cf6d4e66fabdbd32d7d581bc3e4	527	Coils	Coil	Coil	175	195	-	T	13-04-2026	-	-	-	-
ETMEFFSM_CDS_0069	8113ec1e078e2e2400ade7a2295e06b1	252	Gene3D	G3DSA:3.90.1720.10	endopeptidase domain like (from Nostoc punctiforme)	119	244	7.4E-14	T	13-04-2026	-	-	-	-
ETMEFFSM_CDS_0069	8113ec1e078e2e2400ade7a2295e06b1	252	ProSiteProfiles	PS50249	MPN domain profile.	1	136	12.087304	T	13-04-2026	IPR037518	MPN domain	-	Reactome:R-BTA-1169091|Reactome:R-BTA-1234176|Reactome:R-BTA-1236978|Reactome:R-BTA-156827|Reactome:R-BTA-174084|Reactome:R-BTA-174154|Reactome:R-BTA-174178|Reactome:R-BTA-174184|Reactome:R-BTA-187577|Reactome:R-BTA-195253|Reactome:R-BTA-202424|Reactome:R-BTA-2467813|Reactome:R-BTA-2871837|Reactome:R-BTA-349425|Reactome:R-BTA-350562|Reactome:R-BTA-382556|Reactome:R-BTA-450408|Reactome:R-BTA-4608870|Reactome:R-BTA-4641257|Reactome:R-BTA-4641258|Reactome:R-BTA-5358346|Reactome:R-BTA-5607761|Reactome:R-BTA-5607764|Reactome:R-BTA-5610780|Reactome:R-BTA-5610785|Reactome:R-BTA-5632684|Reactome:R-BTA-5668541|Reactome:R-BTA-5676590|Reactome:R-BTA-5687128|Reactome:R-BTA-5689603|Reactome:R-BTA-5689880|Reactome:R-BTA-5689901|Reactome:R-BTA-5693565|Reactome:R-BTA-5693571|Reactome:R-BTA-5693607|Reactome:R-BTA-6798695|Reactome:R-BTA-68867|Reactome:R-BTA-68949|Reactome:R-BTA-69017|Reactome:R-BTA-69473|Reactome:R-BTA-69481|Reactome:R-BTA-69601|Reactome:R-BTA-72649|Reactome:R-BTA-72689|Reactome:R-BTA-72695|Reactome:R-BTA-72702|Reactome:R-BTA-75815|Reactome:R-BTA-8852276|Reactome:R-BTA-8854050|Reactome:R-BTA-8939236|Reactome:R-BTA-8939902|Reactome:R-BTA-8941858|Reactome:R-BTA-8948751|Reactome:R-BTA-8951664|Reactome:R-BTA-9020702|Reactome:R-BTA-9755511|Reactome:R-BTA-9762114|Reactome:R-BTA-9766229|Reactome:R-BTA-983168|Reactome:R-BTA-9907900|Reactome:R-BTA-9932298|Reactome:R-CEL-110320|Reactome:R-CEL-1234176|Reactome:R-CEL-1236978|Reactome:R-CEL-156827|Reactome:R-CEL-187577|Reactome:R-CEL-195253|Reactome:R-CEL-349425|Reactome:R-CEL-350562|Reactome:R-CEL-382556|Reactome:R-CEL-4608870|Reactome:R-CEL-4641258|Reactome:R-CEL-5632684|Reactome:R-CEL-5687128|Reactome:R-CEL-5689603|Reactome:R-CEL-5689880|Reactome:R-CEL-5689901|Reactome:R-CEL-5696394|Reactome:R-CEL-6781823|Reactome:R-CEL-6798695|Reactome:R-CEL-68949|Reactome:R-CEL-69017|Reactome:R-CEL-69601|Reactome:R-CEL-72163|Reactome:R-CEL-72165|Reactome:R-CEL-72649|Reactome:R-CEL-72689|Reactome:R-CEL-72695|Reactome:R-CEL-72702|Reactome:R-CEL-75815|Reactome:R-CEL-8854050|Reactome:R-CEL-8856825|Reactome:R-CEL-8939902|Reactome:R-CEL-8941858|Reactome:R-CEL-8948751|Reactome:R-CEL-8951664|Reactome:R-CEL-9755511|Reactome:R-CEL-9762114|Reactome:R-CEL-983168|Reactome:R-CEL-9907900|Reactome:R-DDI-1236978|Reactome:R-DDI-156827|Reactome:R-DDI-174084|Reactome:R-DDI-174154|Reactome:R-DDI-174178|Reactome:R-DDI-2467813|Reactome:R-DDI-349425|Reactome:R-DDI-382556|Reactome:R-DDI-450408|Reactome:R-DDI-4641258|Reactome:R-DDI-5632684|Reactome:R-DDI-5658442|Reactome:R-DDI-5687128|Reactome:R-DDI-5689603|Reactome:R-DDI-5689880|Reactome:R-DDI-5689901|Reactome:R-DDI-5696394|Reactome:R-DDI-6781823|Reactome:R-DDI-6798695|Reactome:R-DDI-68949|Reactome:R-DDI-69017|Reactome:R-DDI-69601|Reactome:R-DDI-72163|Reactome:R-DDI-72689|Reactome:R-DDI-72695|Reactome:R-DDI-72702|Reactome:R-DDI-8854050|Reactome:R-DDI-8856825|Reactome:R-DDI-8948751|Reactome:R-DDI-8951664|Reactome:R-DDI-9755511|Reactome:R-DDI-983168|Reactome:R-DDI-9907900|Reactome:R-DME-110320|Reactome:R-DME-1169091|Reactome:R-DME-1234176|Reactome:R-DME-1236978|Reactome:R-DME-156827|Reactome:R-DME-174084|Reactome:R-DME-174154|Reactome:R-DME-174178|Reactome:R-DME-174184|Reactome:R-DME-187577|Reactome:R-DME-195253|Reactome:R-DME-202424|Reactome:R-DME-209360|Reactome:R-DME-209406|Reactome:R-DME-209461|Reactome:R-DME-216167|Reactome:R-DME-2467813|Reactome:R-DME-2871837|Reactome:R-DME-350562|Reactome:R-DME-382556|Reactome:R-DME-432395|Reactome:R-DME-432524|Reactome:R-DME-432626|Reactome:R-DME-450408|Reactome:R-DME-4608870|Reactome:R-DME-4641257|Reactome:R-DME-4641258|Reactome:R-DME-5358346|Reactome:R-DME-538864|Reactome:R-DME-5607761|Reactome:R-DME-5607764|Reactome:R-DME-5610780|Reactome:R-DME-5610785|Reactome:R-DME-5632684|Reactome:R-DME-5658442|Reactome:R-DME-5676590|Reactome:R-DME-5689603|Reactome:R-DME-5689880|Reactome:R-DME-5689901|Reactome:R-DME-5696394|Reactome:R-DME-6781823|Reactome:R-DME-6798695|Reactome:R-DME-68949|Reactome:R-DME-69017|Reactome:R-DME-69601|Reactome:R-DME-72649|Reactome:R-DME-72689|Reactome:R-DME-72695|Reactome:R-DME-72702|Reactome:R-DME-75815|Reactome:R-DME-8854050|Reactome:R-DME-8856825|Reactome:R-DME-8939236|Reactome:R-DME-8939902|Reactome:R-DME-8941858|Reactome:R-DME-8948751|Reactome:R-DME-8951664|Reactome:R-DME-9020702|Reactome:R-DME-9755511|Reactome:R-DME-9762114|Reactome:R-DME-983168|Reactome:R-DME-9907900|Reactome:R-DME-9932298|Reactome:R-DRE-156827|Reactome:R-DRE-5689901|Reactome:R-DRE-72689|Reactome:R-DRE-72695|Reactome:R-DRE-72702|Reactome:R-DRE-8856825|Reactome:R-DRE-8951664|Reactome:R-GGA-72649|Reactome:R-GGA-72689|Reactome:R-GGA-72695|Reactome:R-GGA-72702|Reactome:R-HSA-110320|Reactome:R-HSA-1169091|Reactome:R-HSA-1234176|Reactome:R-HSA-1236974|Reactome:R-HSA-1236978|Reactome:R-HSA-156827|Reactome:R-HSA-174084|Reactome:R-HSA-174113|Reactome:R-HSA-174154|Reactome:R-HSA-174178|Reactome:R-HSA-174184|Reactome:R-HSA-180534|Reactome:R-HSA-180585|Reactome:R-HSA-187577|Reactome:R-HSA-195253|Reactome:R-HSA-202424|Reactome:R-HSA-211733|Reactome:R-HSA-2467813|Reactome:R-HSA-2871837|Reactome:R-HSA-349425|Reactome:R-HSA-350562|Reactome:R-HSA-382556|Reactome:R-HSA-450408|Reactome:R-HSA-4608870|Reactome:R-HSA-4641257|Reactome:R-HSA-4641258|Reactome:R-HSA-5358346|Reactome:R-HSA-5362768|Reactome:R-HSA-5607761|Reactome:R-HSA-5607764|Reactome:R-HSA-5610780|Reactome:R-HSA-5610783|Reactome:R-HSA-5610785|Reactome:R-HSA-5632684|Reactome:R-HSA-5658442|Reactome:R-HSA-5668541|Reactome:R-HSA-5676590|Reactome:R-HSA-5678895|Reactome:R-HSA-5687128|Reactome:R-HSA-5689603|Reactome:R-HSA-5689880|Reactome:R-HSA-5689901|Reactome:R-HSA-5693565|Reactome:R-HSA-5693571|Reactome:R-HSA-5693607|Reactome:R-HSA-5696394|Reactome:R-HSA-6781823|Reactome:R-HSA-6798695|Reactome:R-HSA-68867|Reactome:R-HSA-68949|Reactome:R-HSA-69017|Reactome:R-HSA-69473|Reactome:R-HSA-69481|Reactome:R-HSA-69601|Reactome:R-HSA-72163|Reactome:R-HSA-72165|Reactome:R-HSA-72649|Reactome:R-HSA-72689|Reactome:R-HSA-72695|Reactome:R-HSA-72702|Reactome:R-HSA-72706|Reactome:R-HSA-75815|Reactome:R-HSA-8852276|Reactome:R-HSA-8854050|Reactome:R-HSA-8856825|Reactome:R-HSA-8939236|Reactome:R-HSA-8939902|Reactome:R-HSA-8941858|Reactome:R-HSA-8948751|Reactome:R-HSA-8951664|Reactome:R-HSA-9010553|Reactome:R-HSA-9020702|Reactome:R-HSA-9604323|Reactome:R-HSA-9755511|Reactome:R-HSA-9762114|Reactome:R-HSA-9766229|Reactome:R-HSA-9824272|Reactome:R-HSA-983168|Reactome:R-HSA-9907900|Reactome:R-HSA-9932298|Reactome:R-MMU-110320|Reactome:R-MMU-1169091|Reactome:R-MMU-1234176|Reactome:R-MMU-1236978|Reactome:R-MMU-156827|Reactome:R-MMU-174084|Reactome:R-MMU-174154|Reactome:R-MMU-174178|Reactome:R-MMU-174184|Reactome:R-MMU-187577|Reactome:R-MMU-195253|Reactome:R-MMU-202424|Reactome:R-MMU-2467813|Reactome:R-MMU-2871837|Reactome:R-MMU-349425|Reactome:R-MMU-350562|Reactome:R-MMU-382556|Reactome:R-MMU-450408|Reactome:R-MMU-4608870|Reactome:R-MMU-4641257|Reactome:R-MMU-4641258|Reactome:R-MMU-5358346|Reactome:R-MMU-5607761|Reactome:R-MMU-5607764|Reactome:R-MMU-5610780|Reactome:R-MMU-5610785|Reactome:R-MMU-5632684|Reactome:R-MMU-5658442|Reactome:R-MMU-5668541|Reactome:R-MMU-5676590|Reactome:R-MMU-5687128|Reactome:R-MMU-5689603|Reactome:R-MMU-5689880|Reactome:R-MMU-5689901|Reactome:R-MMU-5693565|Reactome:R-MMU-5693571|Reactome:R-MMU-5693607|Reactome:R-MMU-5696394|Reactome:R-MMU-6781823|Reactome:R-MMU-6798695|Reactome:R-MMU-68867|Reactome:R-MMU-68949|Reactome:R-MMU-69017|Reactome:R-MMU-69473|Reactome:R-MMU-69481|Reactome:R-MMU-69601|Reactome:R-MMU-72163|Reactome:R-MMU-72165|Reactome:R-MMU-72649|Reactome:R-MMU-72689|Reactome:R-MMU-72695|Reactome:R-MMU-72702|Reactome:R-MMU-72706|Reactome:R-MMU-75815|Reactome:R-MMU-8852276|Reactome:R-MMU-8854050|Reactome:R-MMU-8856825|Reactome:R-MMU-8939236|Reactome:R-MMU-8939902|Reactome:R-MMU-8941858|Reactome:R-MMU-8948751|Reactome:R-MMU-8951664|Reactome:R-MMU-9020702|Reactome:R-MMU-9755511|Reactome:R-MMU-9762114|Reactome:R-MMU-9766229|Reactome:R-MMU-983168|Reactome:R-MMU-9907900|Reactome:R-MMU-9932298|Reactome:R-MTU-936654|Reactome:R-RNO-110320|Reactome:R-RNO-156827|Reactome:R-RNO-5689901|Reactome:R-RNO-5693565|Reactome:R-RNO-5693571|Reactome:R-RNO-5693607|Reactome:R-RNO-69473|Reactome:R-RNO-72649|Reactome:R-RNO-72689|Reactome:R-RNO-72695|Reactome:R-RNO-72702|Reactome:R-RNO-8951664|Reactome:R-RNO-9755511|Reactome:R-SCE-110320|Reactome:R-SCE-1236978|Reactome:R-SCE-5668541|Reactome:R-SCE-5687128|Reactome:R-SCE-5689880|Reactome:R-SCE-5689901|Reactome:R-SCE-6798695|Reactome:R-SCE-68949|Reactome:R-SCE-69017|Reactome:R-SCE-69601|Reactome:R-SCE-8854050|Reactome:R-SCE-8948751|Reactome:R-SCE-8951664|Reactome:R-SCE-9755511|Reactome:R-SCE-983168|Reactome:R-SCE-9907900|Reactome:R-SPO-110320|Reactome:R-SPO-1236978|Reactome:R-SPO-156827|Reactome:R-SPO-350562|Reactome:R-SPO-5687128|Reactome:R-SPO-5689603|Reactome:R-SPO-5689880|Reactome:R-SPO-5689901|Reactome:R-SPO-6798695|Reactome:R-SPO-68949|Reactome:R-SPO-69017|Reactome:R-SPO-69601|Reactome:R-SPO-72163|Reactome:R-SPO-72649|Reactome:R-SPO-72689|Reactome:R-SPO-72695|Reactome:R-SPO-72702|Reactome:R-SPO-72706|Reactome:R-SPO-75815|Reactome:R-SPO-8854050|Reactome:R-SPO-8948751|Reactome:R-SPO-8951664|Reactome:R-SPO-9755511|Reactome:R-SPO-983168|Reactome:R-SPO-9907900|Reactome:R-SSC-6781823|Reactome:R-SSC-8856825|Reactome:R-SSC-8951664|Reactome:R-XTR-156827|Reactome:R-XTR-5689901|Reactome:R-XTR-5696394|Reactome:R-XTR-6781823|Reactome:R-XTR-72689|Reactome:R-XTR-72695|Reactome:R-XTR-72702|Reactome:R-XTR-8951664
ETMEFFSM_CDS_0069	8113ec1e078e2e2400ade7a2295e06b1	252	Pfam	PF14464	Prokaryotic homologs of the JAB domain	5	105	1.5E-9	T	13-04-2026	IPR028090	JAB domain, prokaryotic	-	Reactome:R-MTU-936654
ETMEFFSM_CDS_0069	8113ec1e078e2e2400ade7a2295e06b1	252	SUPERFAMILY	SSF102712	JAB1/MPN domain	2	114	3.27E-13	T	13-04-2026	-	-	-	-
ETMEFFSM_CDS_0069	8113ec1e078e2e2400ade7a2295e06b1	252	PANTHER	PTHR34858	CYSO-CYSTEINE PEPTIDASE	4	216	8.5E-25	T	13-04-2026	IPR051929	Viral Assembly and Modifier Protease	GO:0008235(PANTHER)|GO:0008270(PANTHER)	Reactome:R-MTU-936654
ETMEFFSM_CDS_0069	8113ec1e078e2e2400ade7a2295e06b1	252	ProSiteProfiles	PS51935	NlpC/P60 domain profile.	98	239	13.072865	T	13-04-2026	IPR000064	Endopeptidase, NLPC/P60 domain	-	-
ETMEFFSM_CDS_0069	8113ec1e078e2e2400ade7a2295e06b1	252	Gene3D	G3DSA:3.40.140.10	Cytidine Deaminase, domain 2	1	118	3.9E-15	T	13-04-2026	-	-	-	-
ETMEFFSM_CDS_0069	8113ec1e078e2e2400ade7a2295e06b1	252	SUPERFAMILY	SSF54001	Cysteine proteinases	99	240	5.56E-20	T	13-04-2026	IPR038765	Papain-like cysteine peptidase superfamily	-	Reactome:R-BTA-1442490|Reactome:R-BTA-1474228|Reactome:R-BTA-156582|Reactome:R-BTA-1592389|Reactome:R-BTA-1632852|Reactome:R-BTA-1679131|Reactome:R-BTA-168638|Reactome:R-BTA-2022377|Reactome:R-BTA-204005|Reactome:R-BTA-2132295|Reactome:R-BTA-432720|Reactome:R-BTA-5357786|Reactome:R-BTA-5357905|Reactome:R-BTA-5357956|Reactome:R-BTA-5683826|Reactome:R-BTA-5689603|Reactome:R-BTA-5689880|Reactome:R-BTA-5689896|Reactome:R-BTA-5694530|Reactome:R-BTA-6798695|Reactome:R-BTA-8866652|Reactome:R-BTA-8939242|Reactome:R-BTA-8948751|Reactome:R-BTA-8951664|Reactome:R-BTA-9010553|Reactome:R-BTA-936440|Reactome:R-BTA-9753281|Reactome:R-BTA-9758274|Reactome:R-BTA-9856530|Reactome:R-BTA-9860927|Reactome:R-CEL-1169408|Reactome:R-CEL-1474228|Reactome:R-CEL-1592389|Reactome:R-CEL-1632852|Reactome:R-CEL-2022377|Reactome:R-CEL-204005|Reactome:R-CEL-2132295|Reactome:R-CEL-3065679|Reactome:R-CEL-351906|Reactome:R-CEL-432720|Reactome:R-CEL-532668|Reactome:R-CEL-5689603|Reactome:R-CEL-5689880|Reactome:R-CEL-5689896|Reactome:R-CEL-5694530|Reactome:R-CEL-6781823|Reactome:R-CEL-6782135|Reactome:R-CEL-6782210|Reactome:R-CEL-6791226|Reactome:R-CEL-6798695|Reactome:R-CEL-6809371|Reactome:R-CEL-8866652|Reactome:R-CEL-8939242|Reactome:R-CEL-8948747|Reactome:R-CEL-9013404|Reactome:R-CEL-9013408|Reactome:R-CEL-9013423|Reactome:R-CEL-9035034|Reactome:R-CFA-1474228|Reactome:R-CFA-1592389|Reactome:R-CFA-1632852|Reactome:R-CFA-1679131|Reactome:R-CFA-2132295|Reactome:R-CFA-5689880|Reactome:R-CFA-8939242|Reactome:R-DDI-114608|Reactome:R-DDI-1358803|Reactome:R-DDI-1474228|Reactome:R-DDI-1632852|Reactome:R-DDI-204005|Reactome:R-DDI-2132295|Reactome:R-DDI-5689603|Reactome:R-DDI-5689880|Reactome:R-DDI-5689896|Reactome:R-DDI-5694530|Reactome:R-DDI-6798695|Reactome:R-DDI-8866652|Reactome:R-DDI-8948751|Reactome:R-DDI-8951664|Reactome:R-DME-114608|Reactome:R-DME-1169408|Reactome:R-DME-1474228|Reactome:R-DME-159236|Reactome:R-DME-1592389|Reactome:R-DME-2024096|Reactome:R-DME-2132295|Reactome:R-DME-2173795|Reactome:R-DME-445989|Reactome:R-DME-532668|Reactome:R-DME-5689603|Reactome:R-DME-5689880|Reactome:R-DME-5689896|Reactome:R-DME-5696394|Reactome:R-DME-5696395|Reactome:R-DME-6781823|Reactome:R-DME-6782135|Reactome:R-DME-6782210|Reactome:R-DME-6798695|Reactome:R-DME-6804757|Reactome:R-DME-72187|Reactome:R-DME-73856|Reactome:R-DME-8866652|Reactome:R-DME-8939242|Reactome:R-DME-8948747|Reactome:R-DME-8951664|Reactome:R-DME-9013420|Reactome:R-DME-9013424|Reactome:R-DME-9033241|Reactome:R-DME-9648002|Reactome:R-DME-9664873|Reactome:R-DME-9758274|Reactome:R-DME-9766229|Reactome:R-DRE-1632852|Reactome:R-DRE-532668|Reactome:R-DRE-5689880|Reactome:R-DRE-5689896|Reactome:R-DRE-5696395|Reactome:R-DRE-8948751|Reactome:R-GGA-1483101|Reactome:R-GGA-156582|Reactome:R-GGA-1632852|Reactome:R-GGA-429947|Reactome:R-GGA-9753281|Reactome:R-GGA-983168|Reactome:R-HSA-110314|Reactome:R-HSA-114608|Reactome:R-HSA-1169408|Reactome:R-HSA-1236977|Reactome:R-HSA-1358803|Reactome:R-HSA-140875|Reactome:R-HSA-1442490|Reactome:R-HSA-1474228|Reactome:R-HSA-156582|Reactome:R-HSA-1592389|Reactome:R-HSA-1632852|Reactome:R-HSA-1679131|Reactome:R-HSA-168638|Reactome:R-HSA-201681|Reactome:R-HSA-2022090|Reactome:R-HSA-2022377|Reactome:R-HSA-2024096|Reactome:R-HSA-204005|Reactome:R-HSA-2132295|Reactome:R-HSA-2173788|Reactome:R-HSA-2173795|Reactome:R-HSA-2565942|Reactome:R-HSA-3065679|Reactome:R-HSA-3108214|Reactome:R-HSA-3214847|Reactome:R-HSA-380259|Reactome:R-HSA-380270|Reactome:R-HSA-380284|Reactome:R-HSA-380320|Reactome:R-HSA-390471|Reactome:R-HSA-429947|Reactome:R-HSA-432720|Reactome:R-HSA-445989|Reactome:R-HSA-446193|Reactome:R-HSA-4641263|Reactome:R-HSA-532668|Reactome:R-HSA-5357786|Reactome:R-HSA-5357905|Reactome:R-HSA-5357956|Reactome:R-HSA-5620912|Reactome:R-HSA-5633231|Reactome:R-HSA-5656169|Reactome:R-HSA-5683826|Reactome:R-HSA-5689603|Reactome:R-HSA-5689880|Reactome:R-HSA-5689896|Reactome:R-HSA-5693565|Reactome:R-HSA-5694530|Reactome:R-HSA-5696394|Reactome:R-HSA-5696395|Reactome:R-HSA-6781823|Reactome:R-HSA-6781827|Reactome:R-HSA-6782135|Reactome:R-HSA-6782210|Reactome:R-HSA-6783310|Reactome:R-HSA-6785807|Reactome:R-HSA-6791226|Reactome:R-HSA-6798695|Reactome:R-HSA-6804757|Reactome:R-HSA-6807004|Reactome:R-HSA-6809371|Reactome:R-HSA-72163|Reactome:R-HSA-8854518|Reactome:R-HSA-8862803|Reactome:R-HSA-8866652|Reactome:R-HSA-8939242|Reactome:R-HSA-8948747|Reactome:R-HSA-8948751|Reactome:R-HSA-8951664|Reactome:R-HSA-9010553|Reactome:R-HSA-9013420|Reactome:R-HSA-9013424|Reactome:R-HSA-9033241|Reactome:R-HSA-9035034|Reactome:R-HSA-912694|Reactome:R-HSA-936440|Reactome:R-HSA-9609690|Reactome:R-HSA-9610379|Reactome:R-HSA-9648002|Reactome:R-HSA-9664873|Reactome:R-HSA-9678110|Reactome:R-HSA-9694614|Reactome:R-HSA-9753281|Reactome:R-HSA-9758274|Reactome:R-HSA-9766229|Reactome:R-HSA-977225|Reactome:R-HSA-983168|Reactome:R-HSA-9856530|Reactome:R-HSA-9860927|Reactome:R-MMU-110314|Reactome:R-MMU-114608|Reactome:R-MMU-1169408|Reactome:R-MMU-1358803|Reactome:R-MMU-140875|Reactome:R-MMU-1442490|Reactome:R-MMU-1474228|Reactome:R-MMU-156582|Reactome:R-MMU-1592389|Reactome:R-MMU-1632852|Reactome:R-MMU-1679131|Reactome:R-MMU-168638|Reactome:R-MMU-201681|Reactome:R-MMU-2022090|Reactome:R-MMU-2022377|Reactome:R-MMU-204005|Reactome:R-MMU-2132295|Reactome:R-MMU-2173795|Reactome:R-MMU-2565942|Reactome:R-MMU-3065679|Reactome:R-MMU-3108214|Reactome:R-MMU-380259|Reactome:R-MMU-380270|Reactome:R-MMU-380284|Reactome:R-MMU-380320|Reactome:R-MMU-429947|Reactome:R-MMU-432720|Reactome:R-MMU-445989|Reactome:R-MMU-4641263|Reactome:R-MMU-532668|Reactome:R-MMU-5357786|Reactome:R-MMU-5357905|Reactome:R-MMU-5357956|Reactome:R-MMU-5620912|Reactome:R-MMU-5656169|Reactome:R-MMU-5683826|Reactome:R-MMU-5689603|Reactome:R-MMU-5689880|Reactome:R-MMU-5689896|Reactome:R-MMU-5693565|Reactome:R-MMU-5694530|Reactome:R-MMU-5696394|Reactome:R-MMU-5696395|Reactome:R-MMU-6781823|Reactome:R-MMU-6782135|Reactome:R-MMU-6782210|Reactome:R-MMU-6783310|Reactome:R-MMU-6791226|Reactome:R-MMU-6798695|Reactome:R-MMU-6804757|Reactome:R-MMU-6807004|Reactome:R-MMU-6809371|Reactome:R-MMU-72163|Reactome:R-MMU-8854518|Reactome:R-MMU-8866652|Reactome:R-MMU-8939242|Reactome:R-MMU-8948747|Reactome:R-MMU-8948751|Reactome:R-MMU-8951664|Reactome:R-MMU-9010553|Reactome:R-MMU-9013420|Reactome:R-MMU-9013424|Reactome:R-MMU-9033241|Reactome:R-MMU-9035034|Reactome:R-MMU-912694|Reactome:R-MMU-936440|Reactome:R-MMU-9648002|Reactome:R-MMU-9664873|Reactome:R-MMU-9753281|Reactome:R-MMU-9758274|Reactome:R-MMU-9766229|Reactome:R-MMU-983168|Reactome:R-MMU-9856530|Reactome:R-MMU-9860927|Reactome:R-PFA-114608|Reactome:R-PFA-2132295|Reactome:R-PFA-5689603|Reactome:R-PFA-6798695|Reactome:R-PFA-8866652|Reactome:R-PFA-8951664|Reactome:R-RNO-110314|Reactome:R-RNO-114608|Reactome:R-RNO-140875|Reactome:R-RNO-1442490|Reactome:R-RNO-1474228|Reactome:R-RNO-156582|Reactome:R-RNO-1592389|Reactome:R-RNO-1632852|Reactome:R-RNO-1679131|Reactome:R-RNO-168638|Reactome:R-RNO-2022090|Reactome:R-RNO-2022377|Reactome:R-RNO-204005|Reactome:R-RNO-2132295|Reactome:R-RNO-3065679|Reactome:R-RNO-429947|Reactome:R-RNO-432720|Reactome:R-RNO-532668|Reactome:R-RNO-5357786|Reactome:R-RNO-5357905|Reactome:R-RNO-5357956|Reactome:R-RNO-5656169|Reactome:R-RNO-5683826|Reactome:R-RNO-5689603|Reactome:R-RNO-5689880|Reactome:R-RNO-5689896|Reactome:R-RNO-5693565|Reactome:R-RNO-5694530|Reactome:R-RNO-6781823|Reactome:R-RNO-6782135|Reactome:R-RNO-6782210|Reactome:R-RNO-6783310|Reactome:R-RNO-6798695|Reactome:R-RNO-6804757|Reactome:R-RNO-6809371|Reactome:R-RNO-8866652|Reactome:R-RNO-8939242|Reactome:R-RNO-8948747|Reactome:R-RNO-8951664|Reactome:R-RNO-936440|Reactome:R-RNO-9664873|Reactome:R-RNO-9753281|Reactome:R-RNO-9766229|Reactome:R-RNO-983168|Reactome:R-RNO-9856530|Reactome:R-RNO-9860927|Reactome:R-SCE-3065679|Reactome:R-SCE-429947|Reactome:R-SCE-5656169|Reactome:R-SCE-5689603|Reactome:R-SCE-5689880|Reactome:R-SCE-5689896|Reactome:R-SCE-6781823|Reactome:R-SCE-6782135|Reactome:R-SCE-6782210|Reactome:R-SCE-6791226|Reactome:R-SCE-8866652|Reactome:R-SCE-8948747|Reactome:R-SCE-8951664|Reactome:R-SCE-9648002|Reactome:R-SCE-983168|Reactome:R-SPO-110314|Reactome:R-SPO-1358803|Reactome:R-SPO-3065679|Reactome:R-SPO-3108214|Reactome:R-SPO-5656169|Reactome:R-SPO-5689603|Reactome:R-SPO-5689880|Reactome:R-SPO-5689896|Reactome:R-SPO-5696395|Reactome:R-SPO-6781823|Reactome:R-SPO-6782135|Reactome:R-SPO-6782210|Reactome:R-SPO-6791226|Reactome:R-SPO-8866652|Reactome:R-SPO-8948747|Reactome:R-SPO-8948751|Reactome:R-SPO-8951664|Reactome:R-SPO-9648002|Reactome:R-SPO-9664873|Reactome:R-SSC-1442490|Reactome:R-SSC-1474228|Reactome:R-SSC-1592389|Reactome:R-SSC-1632852|Reactome:R-SSC-1679131|Reactome:R-SSC-2022090|Reactome:R-SSC-2132295|Reactome:R-SSC-5683826|Reactome:R-SSC-5689603|Reactome:R-SSC-6798695|Reactome:R-SSC-8939242|Reactome:R-SSC-9766229|Reactome:R-XTR-2565942|Reactome:R-XTR-380259|Reactome:R-XTR-380270|Reactome:R-XTR-380320|Reactome:R-XTR-5620912|Reactome:R-XTR-5656169|Reactome:R-XTR-5689603|Reactome:R-XTR-5689880|Reactome:R-XTR-8854518
ETMEFFSM_CDS_0069	8113ec1e078e2e2400ade7a2295e06b1	252	Pfam	PF00877	NlpC/P60 family	124	237	4.2E-13	T	13-04-2026	IPR000064	Endopeptidase, NLPC/P60 domain	-	-
ETMEFFSM_CDS_0069	8113ec1e078e2e2400ade7a2295e06b1	252	CDD	cd08073	MPN_NLPC_P60	5	117	8.84047E-30	T	13-04-2026	-	-	-	-
ETMEFFSM_CDS_0055	31711f85907b5da57f13586e5ea011ab	308	SUPERFAMILY	SSF57783	Zinc beta-ribbon	24	98	8.33E-6	T	13-04-2026	-	-	-	-
ETMEFFSM_CDS_0055	31711f85907b5da57f13586e5ea011ab	308	SMART	SM00778	prim_zn_ribbon	34	74	5.3E-14	T	13-04-2026	IPR013237	DNA primase/helicase Gp4, N-terminal, Bacteriophage T7-like	GO:0004386(InterPro)|GO:0008270(InterPro)	MetaCyc:PWY-6322|MetaCyc:PWY-6626|MetaCyc:PWY-6749|MetaCyc:PWY-6955|MetaCyc:PWY-6998|MetaCyc:PWY-7127|MetaCyc:PWY-7419|MetaCyc:PWY-7529|MetaCyc:PWY-7706|MetaCyc:PWY-7719|MetaCyc:PWY-7735|MetaCyc:PWY-7737|MetaCyc:PWY-7769|MetaCyc:PWY-7888|MetaCyc:PWY-7904|MetaCyc:PWY-8117|MetaCyc:PWY-8179
ETMEFFSM_CDS_0055	31711f85907b5da57f13586e5ea011ab	308	Pfam	PF08273	Zinc-binding domain of primase-helicase	34	74	4.3E-8	T	13-04-2026	IPR013237	DNA primase/helicase Gp4, N-terminal, Bacteriophage T7-like	GO:0004386(InterPro)|GO:0008270(InterPro)	MetaCyc:PWY-6322|MetaCyc:PWY-6626|MetaCyc:PWY-6749|MetaCyc:PWY-6955|MetaCyc:PWY-6998|MetaCyc:PWY-7127|MetaCyc:PWY-7419|MetaCyc:PWY-7529|MetaCyc:PWY-7706|MetaCyc:PWY-7719|MetaCyc:PWY-7735|MetaCyc:PWY-7737|MetaCyc:PWY-7769|MetaCyc:PWY-7888|MetaCyc:PWY-7904|MetaCyc:PWY-8117|MetaCyc:PWY-8179
ETMEFFSM_CDS_0082	2c56ea8e54e53047bc4d7877e91310fc	313	Pfam	PF09950	Major capsid protein	78	310	2.5E-34	T	13-04-2026	IPR020049	Major capsid protein-like	-	-
ETMEFFSM_CDS_0082	2c56ea8e54e53047bc4d7877e91310fc	313	PIRSF	PIRSF029202	UCP029202	23	309	5.4E-24	T	13-04-2026	IPR020049	Major capsid protein-like	-	-
ETMEFFSM_CDS_0070	dc7a9d9cb2c73d5bec15e696da3b6119	251	NCBIfam	TIGR01600	phage minor tail protein L	11	243	5.6E-30	T	13-04-2026	IPR006487	Bacteriophage lambda, Tail tip protein L	GO:0030430(InterPro)|GO:0046718(InterPro)|GO:0051536(InterPro)	-
ETMEFFSM_CDS_0070	dc7a9d9cb2c73d5bec15e696da3b6119	251	Pfam	PF05100	Phage minor tail protein L	28	243	1.0E-42	T	13-04-2026	IPR006487	Bacteriophage lambda, Tail tip protein L	GO:0030430(InterPro)|GO:0046718(InterPro)|GO:0051536(InterPro)	-
ETMEFFSM_CDS_0068	9ab2b4c7d1afba1923a0096009ee9fd6	191	Phobius	NON_CYTOPLASMIC_DOMAIN	Region of a membrane-bound protein predicted to be outside the membrane, in the extracellular region.	110	114	-	T	13-04-2026	-	-	-	-
ETMEFFSM_CDS_0068	9ab2b4c7d1afba1923a0096009ee9fd6	191	Phobius	CYTOPLASMIC_DOMAIN	Region of a membrane-bound protein predicted to be outside the membrane, in the cytoplasm.	134	191	-	T	13-04-2026	-	-	-	-
ETMEFFSM_CDS_0068	9ab2b4c7d1afba1923a0096009ee9fd6	191	TMHMM	TMhelix	Region of a membrane-bound protein predicted to be embedded in the membrane.	97	119	-	T	13-04-2026	-	-	-	-
ETMEFFSM_CDS_0068	9ab2b4c7d1afba1923a0096009ee9fd6	191	Pfam	PF06805	Bacteriophage lambda tail assembly protein I	8	87	3.8E-4	T	13-04-2026	IPR010654	Bacteriophage lambda tail assembly I	-	-
ETMEFFSM_CDS_0068	9ab2b4c7d1afba1923a0096009ee9fd6	191	Phobius	CYTOPLASMIC_DOMAIN	Region of a membrane-bound protein predicted to be outside the membrane, in the cytoplasm.	1	89	-	T	13-04-2026	-	-	-	-
ETMEFFSM_CDS_0068	9ab2b4c7d1afba1923a0096009ee9fd6	191	Phobius	TRANSMEMBRANE	Region of a membrane-bound protein predicted to be embedded in the membrane.	115	133	-	T	13-04-2026	-	-	-	-
ETMEFFSM_CDS_0068	9ab2b4c7d1afba1923a0096009ee9fd6	191	Phobius	TRANSMEMBRANE	Region of a membrane-bound protein predicted to be embedded in the membrane.	90	109	-	T	13-04-2026	-	-	-	-
ETMEFFSM_CDS_0056	b63a74f23c32684b7110f1fc35e09756	844	SUPERFAMILY	SSF51126	Pectin lyase-like	355	675	4.19E-6	T	13-04-2026	IPR011050	Pectin lyase fold/virulence factor	-	Reactome:R-CEL-8951664|Reactome:R-CEL-983168|Reactome:R-DDI-418594|Reactome:R-DDI-420499|Reactome:R-DDI-977444|Reactome:R-HSA-2160916|Reactome:R-HSA-8951664|Reactome:R-HSA-9760173|Reactome:R-HSA-983168|Reactome:R-HSA-9927020|Reactome:R-MMU-2160916|Reactome:R-MMU-8951664|Reactome:R-MMU-983168|Reactome:R-RNO-8951664|Reactome:R-RNO-983168
ETMEFFSM_CDS_0080	008f3108a258215652ac8ff31cfa00c2	133	Pfam	PF13262	Protein of unknown function (DUF4054)	9	113	2.6E-18	T	13-04-2026	IPR025127	Protein of unknown function DUF4054	-	-
ETMEFFSM_CDS_0002	fba2e96c778a2dcb55c198bf9a982738	369	PIRSF	PIRSF029215	UCP029215	5	357	5.3E-38	T	13-04-2026	IPR016913	Uncharacterised conserved protein UCP029215	-	-
ETMEFFSM_CDS_0002	fba2e96c778a2dcb55c198bf9a982738	369	MobiDBLite	mobidb-lite	consensus disorder prediction	338	362	-	T	13-04-2026	-	-	-	-
ETMEFFSM_CDS_0002	fba2e96c778a2dcb55c198bf9a982738	369	MobiDBLite	mobidb-lite	consensus disorder prediction	338	369	-	T	13-04-2026	-	-	-	-
ETMEFFSM_CDS_0002	fba2e96c778a2dcb55c198bf9a982738	369	Pfam	PF09979	Uncharacterized protein conserved in bacteria (DUF2213)	15	136	9.8E-24	T	13-04-2026	IPR016913	Uncharacterised conserved protein UCP029215	-	-
ETMEFFSM_CDS_0002	fba2e96c778a2dcb55c198bf9a982738	369	Coils	Coil	Coil	231	258	-	T	13-04-2026	-	-	-	-
ETMEFFSM_CDS_0061	2394a900025bedf4729b103b24b7ce78	30	Phobius	SIGNAL_PEPTIDE_N_REGION	N-terminal region of a signal peptide.	1	1	-	T	13-04-2026	-	-	-	-
ETMEFFSM_CDS_0061	2394a900025bedf4729b103b24b7ce78	30	Phobius	SIGNAL_PEPTIDE_C_REGION	C-terminal region of a signal peptide.	13	17	-	T	13-04-2026	-	-	-	-
ETMEFFSM_CDS_0061	2394a900025bedf4729b103b24b7ce78	30	Phobius	NON_CYTOPLASMIC_DOMAIN	Region of a membrane-bound protein predicted to be outside the membrane, in the extracellular region.	18	30	-	T	13-04-2026	-	-	-	-
ETMEFFSM_CDS_0061	2394a900025bedf4729b103b24b7ce78	30	Phobius	SIGNAL_PEPTIDE_H_REGION	Hydrophobic region of a signal peptide.	2	12	-	T	13-04-2026	-	-	-	-
ETMEFFSM_CDS_0061	2394a900025bedf4729b103b24b7ce78	30	Phobius	SIGNAL_PEPTIDE	Signal peptide region	1	17	-	T	13-04-2026	-	-	-	-
ETMEFFSM_CDS_0057	627b7a065bf123cf7f3fc9cc514bddd0	145	MobiDBLite	mobidb-lite	consensus disorder prediction	97	145	-	T	13-04-2026	-	-	-	-
ETMEFFSM_CDS_0057	627b7a065bf123cf7f3fc9cc514bddd0	145	MobiDBLite	mobidb-lite	consensus disorder prediction	121	136	-	T	13-04-2026	-	-	-	-
ETMEFFSM_CDS_0057	627b7a065bf123cf7f3fc9cc514bddd0	145	Gene3D	G3DSA:2.40.50.140	-	2	138	2.7E-6	T	13-04-2026	IPR012340	Nucleic acid-binding, OB-fold	-	Reactome:R-BTA-112382|Reactome:R-BTA-113418|Reactome:R-BTA-1169091|Reactome:R-BTA-1234176|Reactome:R-BTA-1236978|Reactome:R-BTA-156827|Reactome:R-BTA-174084|Reactome:R-BTA-174154|Reactome:R-BTA-174178|Reactome:R-BTA-174184|Reactome:R-BTA-174411|Reactome:R-BTA-174430|Reactome:R-BTA-176187|Reactome:R-BTA-1799339|Reactome:R-BTA-187577|Reactome:R-BTA-195253|Reactome:R-BTA-202424|Reactome:R-BTA-204626|Reactome:R-BTA-2467813|Reactome:R-BTA-2871837|Reactome:R-BTA-349425|Reactome:R-BTA-350562|Reactome:R-BTA-381042|Reactome:R-BTA-382556|Reactome:R-BTA-429958|Reactome:R-BTA-450385|Reactome:R-BTA-450408|Reactome:R-BTA-450513|Reactome:R-BTA-450604|Reactome:R-BTA-4608870|Reactome:R-BTA-4641257|Reactome:R-BTA-4641258|Reactome:R-BTA-5250924|Reactome:R-BTA-5358346|Reactome:R-BTA-5389840|Reactome:R-BTA-5419276|Reactome:R-BTA-5578749|Reactome:R-BTA-5607761|Reactome:R-BTA-5607764|Reactome:R-BTA-5610780|Reactome:R-BTA-5610785|Reactome:R-BTA-5632684|Reactome:R-BTA-5668541|Reactome:R-BTA-5676590|Reactome:R-BTA-5687128|Reactome:R-BTA-5689603|Reactome:R-BTA-5689880|Reactome:R-BTA-674695|Reactome:R-BTA-6781823|Reactome:R-BTA-6782135|Reactome:R-BTA-6782210|Reactome:R-BTA-6791226|Reactome:R-BTA-6796648|Reactome:R-BTA-6798695|Reactome:R-BTA-6803529|Reactome:R-BTA-6807505|Reactome:R-BTA-68689|Reactome:R-BTA-68867|Reactome:R-BTA-68949|Reactome:R-BTA-68962|Reactome:R-BTA-69017|Reactome:R-BTA-69052|Reactome:R-BTA-69481|Reactome:R-BTA-69601|Reactome:R-BTA-72086|Reactome:R-BTA-72163|Reactome:R-BTA-72165|Reactome:R-BTA-72203|Reactome:R-BTA-72649|Reactome:R-BTA-72689|Reactome:R-BTA-72695|Reactome:R-BTA-72702|Reactome:R-BTA-72706|Reactome:R-BTA-72731|Reactome:R-BTA-73762|Reactome:R-BTA-73772|Reactome:R-BTA-73776|Reactome:R-BTA-73779|Reactome:R-BTA-73863|Reactome:R-BTA-75815|Reactome:R-BTA-75953|Reactome:R-BTA-75955|Reactome:R-BTA-76042|Reactome:R-BTA-76061|Reactome:R-BTA-76066|Reactome:R-BTA-76071|Reactome:R-BTA-77075|Reactome:R-BTA-877300|Reactome:R-BTA-8852276|Reactome:R-BTA-8854050|Reactome:R-BTA-8939236|Reactome:R-BTA-8939902|Reactome:R-BTA-8941858|Reactome:R-BTA-8948751|Reactome:R-BTA-8951664|Reactome:R-BTA-9018519|Reactome:R-BTA-9020702|Reactome:R-BTA-9629569|Reactome:R-BTA-9755511|Reactome:R-BTA-975956|Reactome:R-BTA-975957|Reactome:R-BTA-9762114|Reactome:R-BTA-9766229|Reactome:R-BTA-983168|Reactome:R-BTA-9840373|Reactome:R-BTA-9907900|Reactome:R-BTA-9930044|Reactome:R-BTA-9932298|Reactome:R-BTA-9937383|Reactome:R-CEL-110312|Reactome:R-CEL-110314|Reactome:R-CEL-110320|Reactome:R-CEL-112382|Reactome:R-CEL-113418|Reactome:R-CEL-1234176|Reactome:R-CEL-1236978|Reactome:R-CEL-156827|Reactome:R-CEL-176187|Reactome:R-CEL-1799339|Reactome:R-CEL-187577|Reactome:R-CEL-195253|Reactome:R-CEL-204626|Reactome:R-CEL-349425|Reactome:R-CEL-350562|Reactome:R-CEL-382556|Reactome:R-CEL-429958|Reactome:R-CEL-450385|Reactome:R-CEL-450513|Reactome:R-CEL-4608870|Reactome:R-CEL-4641258|Reactome:R-CEL-5250924|Reactome:R-CEL-532668|Reactome:R-CEL-5358565|Reactome:R-CEL-5358606|Reactome:R-CEL-5389840|Reactome:R-CEL-5419276|Reactome:R-CEL-5578749|Reactome:R-CEL-5632684|Reactome:R-CEL-5651801|Reactome:R-CEL-5655862|Reactome:R-CEL-5656121|Reactome:R-CEL-5656169|Reactome:R-CEL-5687128|Reactome:R-CEL-5689603|Reactome:R-CEL-5689880|Reactome:R-CEL-5693607|Reactome:R-CEL-5696397|Reactome:R-CEL-5696400|Reactome:R-CEL-674695|Reactome:R-CEL-6781823|Reactome:R-CEL-6782135|Reactome:R-CEL-6782210|Reactome:R-CEL-6791226|Reactome:R-CEL-6796648|Reactome:R-CEL-6798695|Reactome:R-CEL-6803529|Reactome:R-CEL-6807505|Reactome:R-CEL-68867|Reactome:R-CEL-68949|Reactome:R-CEL-68962|Reactome:R-CEL-69017|Reactome:R-CEL-69052|Reactome:R-CEL-69166|Reactome:R-CEL-69183|Reactome:R-CEL-69601|Reactome:R-CEL-72086|Reactome:R-CEL-72163|Reactome:R-CEL-72165|Reactome:R-CEL-72203|Reactome:R-CEL-72649|Reactome:R-CEL-72689|Reactome:R-CEL-72695|Reactome:R-CEL-72702|Reactome:R-CEL-72706|Reactome:R-CEL-73762|Reactome:R-CEL-73772|Reactome:R-CEL-73776|Reactome:R-CEL-73779|Reactome:R-CEL-75815|Reactome:R-CEL-75953|Reactome:R-CEL-75955|Reactome:R-CEL-76042|Reactome:R-CEL-77075|Reactome:R-CEL-8854050|Reactome:R-CEL-8939902|Reactome:R-CEL-8941858|Reactome:R-CEL-8948751|Reactome:R-CEL-8951664|Reactome:R-CEL-9018519|Reactome:R-CEL-9629569|Reactome:R-CEL-9755511|Reactome:R-CEL-975956|Reactome:R-CEL-975957|Reactome:R-CEL-9762114|Reactome:R-CEL-983168|Reactome:R-CEL-9837999|Reactome:R-CEL-9856649|Reactome:R-CEL-9907900|Reactome:R-CEL-9913635|Reactome:R-CEL-9930044|Reactome:R-CEL-9937383|Reactome:R-DDI-110362|Reactome:R-DDI-110381|Reactome:R-DDI-113418|Reactome:R-DDI-1236978|Reactome:R-DDI-156827|Reactome:R-DDI-174084|Reactome:R-DDI-174154|Reactome:R-DDI-174178|Reactome:R-DDI-1799339|Reactome:R-DDI-204626|Reactome:R-DDI-2467813|Reactome:R-DDI-349425|Reactome:R-DDI-382556|Reactome:R-DDI-429958|Reactome:R-DDI-450385|Reactome:R-DDI-450408|Reactome:R-DDI-450513|Reactome:R-DDI-4641258|Reactome:R-DDI-5358565|Reactome:R-DDI-5358606|Reactome:R-DDI-5632684|Reactome:R-DDI-5649702|Reactome:R-DDI-5651801|Reactome:R-DDI-5658442|Reactome:R-DDI-5687128|Reactome:R-DDI-5689603|Reactome:R-DDI-5689880|Reactome:R-DDI-5693571|Reactome:R-DDI-674695|Reactome:R-DDI-6781823|Reactome:R-DDI-6782135|Reactome:R-DDI-6782210|Reactome:R-DDI-6791226|Reactome:R-DDI-6796648|Reactome:R-DDI-6798695|Reactome:R-DDI-6807505|Reactome:R-DDI-68867|Reactome:R-DDI-68949|Reactome:R-DDI-68962|Reactome:R-DDI-69017|Reactome:R-DDI-69052|Reactome:R-DDI-69183|Reactome:R-DDI-69601|Reactome:R-DDI-72086|Reactome:R-DDI-72163|Reactome:R-DDI-72203|Reactome:R-DDI-72689|Reactome:R-DDI-72695|Reactome:R-DDI-72702|Reactome:R-DDI-72706|Reactome:R-DDI-72731|Reactome:R-DDI-73762|Reactome:R-DDI-73772|Reactome:R-DDI-73776|Reactome:R-DDI-73779|Reactome:R-DDI-75953|Reactome:R-DDI-76042|Reactome:R-DDI-76061|Reactome:R-DDI-76066|Reactome:R-DDI-77075|Reactome:R-DDI-8854050|Reactome:R-DDI-8948751|Reactome:R-DDI-8951664|Reactome:R-DDI-9018519|Reactome:R-DDI-9629569|Reactome:R-DDI-9755511|Reactome:R-DDI-975956|Reactome:R-DDI-975957|Reactome:R-DDI-983168|Reactome:R-DDI-9840373|Reactome:R-DDI-9856649|Reactome:R-DDI-9907900|Reactome:R-DME-110312|Reactome:R-DME-110314|Reactome:R-DME-110320|Reactome:R-DME-112382|Reactome:R-DME-1169091|Reactome:R-DME-1234176|Reactome:R-DME-1236978|Reactome:R-DME-156827|Reactome:R-DME-174084|Reactome:R-DME-174154|Reactome:R-DME-174178|Reactome:R-DME-174184|Reactome:R-DME-176187|Reactome:R-DME-1799339|Reactome:R-DME-187577|Reactome:R-DME-195253|Reactome:R-DME-202424|Reactome:R-DME-204626|Reactome:R-DME-209360|Reactome:R-DME-209406|Reactome:R-DME-209461|Reactome:R-DME-216167|Reactome:R-DME-2467813|Reactome:R-DME-2871837|Reactome:R-DME-3108214|Reactome:R-DME-3371453|Reactome:R-DME-350562|Reactome:R-DME-381042|Reactome:R-DME-382556|Reactome:R-DME-429958|Reactome:R-DME-432395|Reactome:R-DME-432524|Reactome:R-DME-432626|Reactome:R-DME-450408|Reactome:R-DME-4608870|Reactome:R-DME-4641257|Reactome:R-DME-4641258|Reactome:R-DME-532668|Reactome:R-DME-5358346|Reactome:R-DME-5358565|Reactome:R-DME-5358606|Reactome:R-DME-538864|Reactome:R-DME-5389840|Reactome:R-DME-5419276|Reactome:R-DME-5607761|Reactome:R-DME-5607764|Reactome:R-DME-5610780|Reactome:R-DME-5610785|Reactome:R-DME-5632684|Reactome:R-DME-5651801|Reactome:R-DME-5655862|Reactome:R-DME-5656121|Reactome:R-DME-5656169|Reactome:R-DME-5658442|Reactome:R-DME-5676590|Reactome:R-DME-5689603|Reactome:R-DME-5689880|Reactome:R-DME-5693607|Reactome:R-DME-5696395|Reactome:R-DME-5696397|Reactome:R-DME-5696400|Reactome:R-DME-674695|Reactome:R-DME-6782135|Reactome:R-DME-6782210|Reactome:R-DME-6791226|Reactome:R-DME-6804756|Reactome:R-DME-6807505|Reactome:R-DME-68689|Reactome:R-DME-68867|Reactome:R-DME-68949|Reactome:R-DME-68962|Reactome:R-DME-69017|Reactome:R-DME-69052|Reactome:R-DME-69166|Reactome:R-DME-69183|Reactome:R-DME-69473|Reactome:R-DME-69601|Reactome:R-DME-72163|Reactome:R-DME-72649|Reactome:R-DME-72689|Reactome:R-DME-72695|Reactome:R-DME-72702|Reactome:R-DME-72706|Reactome:R-DME-72731|Reactome:R-DME-75815|Reactome:R-DME-75955|Reactome:R-DME-8854050|Reactome:R-DME-8939236|Reactome:R-DME-8939902|Reactome:R-DME-8941858|Reactome:R-DME-8948751|Reactome:R-DME-8951664|Reactome:R-DME-9020702|Reactome:R-DME-9629569|Reactome:R-DME-9755511|Reactome:R-DME-975956|Reactome:R-DME-975957|Reactome:R-DME-9762114|Reactome:R-DME-983168|Reactome:R-DME-9837999|Reactome:R-DME-9840373|Reactome:R-DME-9907900|Reactome:R-DME-9913635|Reactome:R-DME-9930044|Reactome:R-DME-9932298|Reactome:R-DME-9937383|Reactome:R-DRE-110312|Reactome:R-DRE-110314|Reactome:R-DRE-110320|Reactome:R-DRE-156827|Reactome:R-DRE-176187|Reactome:R-DRE-1799339|Reactome:R-DRE-204626|Reactome:R-DRE-3108214|Reactome:R-DRE-5358565|Reactome:R-DRE-5656121|Reactome:R-DRE-5656169|Reactome:R-DRE-5693607|Reactome:R-DRE-5696395|Reactome:R-DRE-5696400|Reactome:R-DRE-6781823|Reactome:R-DRE-6782135|Reactome:R-DRE-6796648|Reactome:R-DRE-6807505|Reactome:R-DRE-72086|Reactome:R-DRE-72163|Reactome:R-DRE-72689|Reactome:R-DRE-72695|Reactome:R-DRE-72702|Reactome:R-DRE-77075|Reactome:R-DRE-877300|Reactome:R-DRE-9629569|Reactome:R-DRE-975956|Reactome:R-DRE-975957|Reactome:R-GGA-110312|Reactome:R-GGA-110314|Reactome:R-GGA-110320|Reactome:R-GGA-176187|Reactome:R-GGA-204626|Reactome:R-GGA-3108214|Reactome:R-GGA-3371453|Reactome:R-GGA-351451|Reactome:R-GGA-351468|Reactome:R-GGA-353303|Reactome:R-GGA-353423|Reactome:R-GGA-381042|Reactome:R-GGA-418124|Reactome:R-GGA-5358565|Reactome:R-GGA-5655862|Reactome:R-GGA-5656121|Reactome:R-GGA-5656169|Reactome:R-GGA-5685938|Reactome:R-GGA-5685942|Reactome:R-GGA-5693568|Reactome:R-GGA-5693579|Reactome:R-GGA-5693607|Reactome:R-GGA-5693616|Reactome:R-GGA-5696395|Reactome:R-GGA-5696397|Reactome:R-GGA-5696400|Reactome:R-GGA-6782135|Reactome:R-GGA-6782210|Reactome:R-GGA-6783310|Reactome:R-GGA-68689|Reactome:R-GGA-68949|Reactome:R-GGA-68962|Reactome:R-GGA-72649|Reactome:R-GGA-72695|Reactome:R-GGA-72702|Reactome:R-GGA-72731|Reactome:R-GGA-9840373|Reactome:R-HSA-110312|Reactome:R-HSA-110314|Reactome:R-HSA-110320|Reactome:R-HSA-110328|Reactome:R-HSA-110329|Reactome:R-HSA-110330|Reactome:R-HSA-110331|Reactome:R-HSA-110362|Reactome:R-HSA-110381|Reactome:R-HSA-112382|Reactome:R-HSA-113418|Reactome:R-HSA-113507|Reactome:R-HSA-1169091|Reactome:R-HSA-1221632|Reactome:R-HSA-1234176|Reactome:R-HSA-1236974|Reactome:R-HSA-1236978|Reactome:R-HSA-1368108|Reactome:R-HSA-156827|Reactome:R-HSA-156902|Reactome:R-HSA-162594|Reactome:R-HSA-164843|Reactome:R-HSA-167152|Reactome:R-HSA-167158|Reactome:R-HSA-167160|Reactome:R-HSA-167161|Reactome:R-HSA-167162|Reactome:R-HSA-167172|Reactome:R-HSA-167200|Reactome:R-HSA-167238|Reactome:R-HSA-167242|Reactome:R-HSA-167243|Reactome:R-HSA-167246|Reactome:R-HSA-167287|Reactome:R-HSA-167290|Reactome:R-HSA-168325|Reactome:R-HSA-171306|Reactome:R-HSA-171319|Reactome:R-HSA-174084|Reactome:R-HSA-174113|Reactome:R-HSA-174154|Reactome:R-HSA-174178|Reactome:R-HSA-174184|Reactome:R-HSA-174411|Reactome:R-HSA-174414|Reactome:R-HSA-174417|Reactome:R-HSA-174430|Reactome:R-HSA-174437|Reactome:R-HSA-176187|Reactome:R-HSA-176974|Reactome:R-HSA-1799339|Reactome:R-HSA-180534|Reactome:R-HSA-180585|Reactome:R-HSA-1834941|Reactome:R-HSA-1834949|Reactome:R-HSA-187577|Reactome:R-HSA-192823|Reactome:R-HSA-195253|Reactome:R-HSA-1989781|Reactome:R-HSA-202424|Reactome:R-HSA-203927|Reactome:R-HSA-204626|Reactome:R-HSA-211733|Reactome:R-HSA-2151201|Reactome:R-HSA-2173796|Reactome:R-HSA-2408522|Reactome:R-HSA-2408557|Reactome:R-HSA-2426168|Reactome:R-HSA-2467813|Reactome:R-HSA-2559586|Reactome:R-HSA-2871837|Reactome:R-HSA-3108214|Reactome:R-HSA-3270619|Reactome:R-HSA-3371453|Reactome:R-HSA-3371511|Reactome:R-HSA-349425|Reactome:R-HSA-350562|Reactome:R-HSA-379716|Reactome:R-HSA-379726|Reactome:R-HSA-380994|Reactome:R-HSA-381042|Reactome:R-HSA-381340|Reactome:R-HSA-382556|Reactome:R-HSA-400206|Reactome:R-HSA-427413|Reactome:R-HSA-429958|Reactome:R-HSA-450385|Reactome:R-HSA-450408|Reactome:R-HSA-450513|Reactome:R-HSA-450604|Reactome:R-HSA-452723|Reactome:R-HSA-4608870|Reactome:R-HSA-4641257|Reactome:R-HSA-4641258|Reactome:R-HSA-5250924|Reactome:R-HSA-532668|Reactome:R-HSA-5358346|Reactome:R-HSA-5358565|Reactome:R-HSA-5358606|Reactome:R-HSA-5362768|Reactome:R-HSA-5368286|Reactome:R-HSA-5389840|Reactome:R-HSA-5419276|Reactome:R-HSA-5578749|Reactome:R-HSA-5601884|Reactome:R-HSA-5607761|Reactome:R-HSA-5607764|Reactome:R-HSA-5610780|Reactome:R-HSA-5610783|Reactome:R-HSA-5610785|Reactome:R-HSA-5617472|Reactome:R-HSA-5632684|Reactome:R-HSA-5649702|Reactome:R-HSA-5651801|Reactome:R-HSA-5655862|Reactome:R-HSA-5656121|Reactome:R-HSA-5656169|Reactome:R-HSA-5658442|Reactome:R-HSA-5668541|Reactome:R-HSA-5676590|Reactome:R-HSA-5678895|Reactome:R-HSA-5685938|Reactome:R-HSA-5685939|Reactome:R-HSA-5685942|Reactome:R-HSA-5687128|Reactome:R-HSA-5689603|Reactome:R-HSA-5689880|Reactome:R-HSA-5693554|Reactome:R-HSA-5693568|Reactome:R-HSA-5693571|Reactome:R-HSA-5693579|Reactome:R-HSA-5693607|Reactome:R-HSA-5693616|Reactome:R-HSA-5696395|Reactome:R-HSA-5696397|Reactome:R-HSA-5696400|Reactome:R-HSA-674695|Reactome:R-HSA-6781823|Reactome:R-HSA-6781827|Reactome:R-HSA-6782135|Reactome:R-HSA-6782210|Reactome:R-HSA-6783310|Reactome:R-HSA-6790901|Reactome:R-HSA-6791226|Reactome:R-HSA-6796648|Reactome:R-HSA-6798695|Reactome:R-HSA-6803529|Reactome:R-HSA-6804756|Reactome:R-HSA-6807505|Reactome:R-HSA-68689|Reactome:R-HSA-68867|Reactome:R-HSA-68949|Reactome:R-HSA-68962|Reactome:R-HSA-69017|Reactome:R-HSA-69052|Reactome:R-HSA-69166|Reactome:R-HSA-69183|Reactome:R-HSA-69473|Reactome:R-HSA-69481|Reactome:R-HSA-69601|Reactome:R-HSA-72086|Reactome:R-HSA-72163|Reactome:R-HSA-72165|Reactome:R-HSA-72203|Reactome:R-HSA-72649|Reactome:R-HSA-72689|Reactome:R-HSA-72695|Reactome:R-HSA-72702|Reactome:R-HSA-72706|Reactome:R-HSA-72731|Reactome:R-HSA-72764|Reactome:R-HSA-73762|Reactome:R-HSA-73772|Reactome:R-HSA-73776|Reactome:R-HSA-73779|Reactome:R-HSA-73780|Reactome:R-HSA-73863|Reactome:R-HSA-73980|Reactome:R-HSA-749476|Reactome:R-HSA-75815|Reactome:R-HSA-75953|Reactome:R-HSA-75955|Reactome:R-HSA-76042|Reactome:R-HSA-76061|Reactome:R-HSA-76066|Reactome:R-HSA-76071|Reactome:R-HSA-77075|Reactome:R-HSA-844615|Reactome:R-HSA-877300|Reactome:R-HSA-8851708|Reactome:R-HSA-8852276|Reactome:R-HSA-8854050|Reactome:R-HSA-8939236|Reactome:R-HSA-8939902|Reactome:R-HSA-8941858|Reactome:R-HSA-8948751|Reactome:R-HSA-8951664|Reactome:R-HSA-9010553|Reactome:R-HSA-9017802|Reactome:R-HSA-9018519|Reactome:R-HSA-9020702|Reactome:R-HSA-912446|Reactome:R-HSA-9604323|Reactome:R-HSA-9629569|Reactome:R-HSA-9633012|Reactome:R-HSA-9648895|Reactome:R-HSA-9670095|Reactome:R-HSA-9701192|Reactome:R-HSA-9704331|Reactome:R-HSA-9704646|Reactome:R-HSA-9707564|Reactome:R-HSA-9707616|Reactome:R-HSA-9709275|Reactome:R-HSA-9709570|Reactome:R-HSA-9709603|Reactome:R-HSA-9735869|Reactome:R-HSA-9735871|Reactome:R-HSA-9754678|Reactome:R-HSA-9755511|Reactome:R-HSA-975956|Reactome:R-HSA-975957|Reactome:R-HSA-9762114|Reactome:R-HSA-9763198|Reactome:R-HSA-9766229|Reactome:R-HSA-9820865|Reactome:R-HSA-9824272|Reactome:R-HSA-9825895|Reactome:R-HSA-983168|Reactome:R-HSA-9833482|Reactome:R-HSA-9836573|Reactome:R-HSA-9837999|Reactome:R-HSA-9840373|Reactome:R-HSA-9856649|Reactome:R-HSA-9907900|Reactome:R-HSA-9913635|Reactome:R-HSA-9930044|Reactome:R-HSA-9931509|Reactome:R-HSA-9932298|Reactome:R-HSA-9933387|Reactome:R-HSA-9937383|Reactome:R-MMU-110312|Reactome:R-MMU-110314|Reactome:R-MMU-110320|Reactome:R-MMU-110330|Reactome:R-MMU-110331|Reactome:R-MMU-110362|Reactome:R-MMU-110381|Reactome:R-MMU-112382|Reactome:R-MMU-113418|Reactome:R-MMU-1169091|Reactome:R-MMU-1234176|Reactome:R-MMU-1236978|Reactome:R-MMU-156827|Reactome:R-MMU-171319|Reactome:R-MMU-174084|Reactome:R-MMU-174154|Reactome:R-MMU-174178|Reactome:R-MMU-174184|Reactome:R-MMU-174411|Reactome:R-MMU-174414|Reactome:R-MMU-174417|Reactome:R-MMU-174430|Reactome:R-MMU-174437|Reactome:R-MMU-176187|Reactome:R-MMU-1799339|Reactome:R-MMU-1834949|Reactome:R-MMU-187577|Reactome:R-MMU-195253|Reactome:R-MMU-202424|Reactome:R-MMU-204626|Reactome:R-MMU-2467813|Reactome:R-MMU-2559586|Reactome:R-MMU-2871837|Reactome:R-MMU-3108214|Reactome:R-MMU-3371453|Reactome:R-MMU-349425|Reactome:R-MMU-350562|Reactome:R-MMU-381042|Reactome:R-MMU-382556|Reactome:R-MMU-400206|Reactome:R-MMU-429958|Reactome:R-MMU-450385|Reactome:R-MMU-450408|Reactome:R-MMU-450513|Reactome:R-MMU-450604|Reactome:R-MMU-4608870|Reactome:R-MMU-4641257|Reactome:R-MMU-4641258|Reactome:R-MMU-5250924|Reactome:R-MMU-532668|Reactome:R-MMU-5358346|Reactome:R-MMU-5358565|Reactome:R-MMU-5358606|Reactome:R-MMU-5389840|Reactome:R-MMU-5419276|Reactome:R-MMU-5607761|Reactome:R-MMU-5607764|Reactome:R-MMU-5610780|Reactome:R-MMU-5610785|Reactome:R-MMU-5632684|Reactome:R-MMU-5649702|Reactome:R-MMU-5651801|Reactome:R-MMU-5655862|Reactome:R-MMU-5656121|Reactome:R-MMU-5656169|Reactome:R-MMU-5658442|Reactome:R-MMU-5668541|Reactome:R-MMU-5676590|Reactome:R-MMU-5685938|Reactome:R-MMU-5685939|Reactome:R-MMU-5685942|Reactome:R-MMU-5687128|Reactome:R-MMU-5689603|Reactome:R-MMU-5689880|Reactome:R-MMU-5693568|Reactome:R-MMU-5693571|Reactome:R-MMU-5693579|Reactome:R-MMU-5693607|Reactome:R-MMU-5693616|Reactome:R-MMU-5696395|Reactome:R-MMU-5696397|Reactome:R-MMU-5696400|Reactome:R-MMU-674695|Reactome:R-MMU-6781823|Reactome:R-MMU-6782135|Reactome:R-MMU-6782210|Reactome:R-MMU-6783310|Reactome:R-MMU-6791226|Reactome:R-MMU-6796648|Reactome:R-MMU-6798695|Reactome:R-MMU-6803529|Reactome:R-MMU-6804756|Reactome:R-MMU-6807505|Reactome:R-MMU-68689|Reactome:R-MMU-68867|Reactome:R-MMU-68949|Reactome:R-MMU-68962|Reactome:R-MMU-69017|Reactome:R-MMU-69052|Reactome:R-MMU-69166|Reactome:R-MMU-69183|Reactome:R-MMU-69473|Reactome:R-MMU-69481|Reactome:R-MMU-69601|Reactome:R-MMU-72086|Reactome:R-MMU-72163|Reactome:R-MMU-72165|Reactome:R-MMU-72203|Reactome:R-MMU-72649|Reactome:R-MMU-72689|Reactome:R-MMU-72695|Reactome:R-MMU-72702|Reactome:R-MMU-72706|Reactome:R-MMU-72731|Reactome:R-MMU-73762|Reactome:R-MMU-73772|Reactome:R-MMU-73776|Reactome:R-MMU-73779|Reactome:R-MMU-73863|Reactome:R-MMU-75815|Reactome:R-MMU-75953|Reactome:R-MMU-75955|Reactome:R-MMU-76042|Reactome:R-MMU-76061|Reactome:R-MMU-76066|Reactome:R-MMU-76071|Reactome:R-MMU-77075|Reactome:R-MMU-844615|Reactome:R-MMU-877300|Reactome:R-MMU-8852276|Reactome:R-MMU-8854050|Reactome:R-MMU-8939236|Reactome:R-MMU-8939902|Reactome:R-MMU-8941858|Reactome:R-MMU-8948751|Reactome:R-MMU-8951664|Reactome:R-MMU-9017802|Reactome:R-MMU-9018519|Reactome:R-MMU-9020702|Reactome:R-MMU-9629569|Reactome:R-MMU-9670095|Reactome:R-MMU-9707564|Reactome:R-MMU-9755511|Reactome:R-MMU-975956|Reactome:R-MMU-975957|Reactome:R-MMU-9762114|Reactome:R-MMU-9766229|Reactome:R-MMU-983168|Reactome:R-MMU-9837999|Reactome:R-MMU-9840373|Reactome:R-MMU-9856649|Reactome:R-MMU-9907900|Reactome:R-MMU-9913635|Reactome:R-MMU-9930044|Reactome:R-MMU-9932298|Reactome:R-MMU-9937383|Reactome:R-PFA-156827|Reactome:R-PFA-72649|Reactome:R-PFA-72695|Reactome:R-PFA-72702|Reactome:R-PFA-72731|Reactome:R-PFA-9840373|Reactome:R-RNO-110312|Reactome:R-RNO-110314|Reactome:R-RNO-110320|Reactome:R-RNO-110362|Reactome:R-RNO-112382|Reactome:R-RNO-113418|Reactome:R-RNO-1169091|Reactome:R-RNO-1234176|Reactome:R-RNO-1236978|Reactome:R-RNO-156827|Reactome:R-RNO-174084|Reactome:R-RNO-174113|Reactome:R-RNO-174154|Reactome:R-RNO-174178|Reactome:R-RNO-174184|Reactome:R-RNO-174411|Reactome:R-RNO-174414|Reactome:R-RNO-174430|Reactome:R-RNO-174437|Reactome:R-RNO-176187|Reactome:R-RNO-1799339|Reactome:R-RNO-187577|Reactome:R-RNO-195253|Reactome:R-RNO-204626|Reactome:R-RNO-2467813|Reactome:R-RNO-3371453|Reactome:R-RNO-349425|Reactome:R-RNO-350562|Reactome:R-RNO-381042|Reactome:R-RNO-382556|Reactome:R-RNO-450408|Reactome:R-RNO-4608870|Reactome:R-RNO-4641257|Reactome:R-RNO-4641258|Reactome:R-RNO-532668|Reactome:R-RNO-5358346|Reactome:R-RNO-5358565|Reactome:R-RNO-5358606|Reactome:R-RNO-5389840|Reactome:R-RNO-5419276|Reactome:R-RNO-5578749|Reactome:R-RNO-5607761|Reactome:R-RNO-5610780|Reactome:R-RNO-5610785|Reactome:R-RNO-5632684|Reactome:R-RNO-5651801|Reactome:R-RNO-5655862|Reactome:R-RNO-5656121|Reactome:R-RNO-5656169|Reactome:R-RNO-5658442|Reactome:R-RNO-5668541|Reactome:R-RNO-5676590|Reactome:R-RNO-5685938|Reactome:R-RNO-5685939|Reactome:R-RNO-5685942|Reactome:R-RNO-5687128|Reactome:R-RNO-5689603|Reactome:R-RNO-5689880|Reactome:R-RNO-5693568|Reactome:R-RNO-5693579|Reactome:R-RNO-5693607|Reactome:R-RNO-5693616|Reactome:R-RNO-5696395|Reactome:R-RNO-5696397|Reactome:R-RNO-5696400|Reactome:R-RNO-674695|Reactome:R-RNO-6781823|Reactome:R-RNO-6782135|Reactome:R-RNO-6782210|Reactome:R-RNO-6783310|Reactome:R-RNO-6791226|Reactome:R-RNO-6796648|Reactome:R-RNO-6798695|Reactome:R-RNO-6803529|Reactome:R-RNO-6804756|Reactome:R-RNO-6807505|Reactome:R-RNO-68689|Reactome:R-RNO-68867|Reactome:R-RNO-68949|Reactome:R-RNO-68962|Reactome:R-RNO-69017|Reactome:R-RNO-69166|Reactome:R-RNO-69183|Reactome:R-RNO-69473|Reactome:R-RNO-69481|Reactome:R-RNO-69601|Reactome:R-RNO-72086|Reactome:R-RNO-72163|Reactome:R-RNO-72165|Reactome:R-RNO-72203|Reactome:R-RNO-72649|Reactome:R-RNO-72689|Reactome:R-RNO-72695|Reactome:R-RNO-72702|Reactome:R-RNO-72706|Reactome:R-RNO-72731|Reactome:R-RNO-73776|Reactome:R-RNO-73779|Reactome:R-RNO-75815|Reactome:R-RNO-75953|Reactome:R-RNO-75955|Reactome:R-RNO-76042|Reactome:R-RNO-77075|Reactome:R-RNO-877300|Reactome:R-RNO-8852276|Reactome:R-RNO-8854050|Reactome:R-RNO-8939236|Reactome:R-RNO-8941858|Reactome:R-RNO-8948751|Reactome:R-RNO-8951664|Reactome:R-RNO-9017802|Reactome:R-RNO-9018519|Reactome:R-RNO-9629569|Reactome:R-RNO-9755511|Reactome:R-RNO-975956|Reactome:R-RNO-975957|Reactome:R-RNO-9762114|Reactome:R-RNO-9766229|Reactome:R-RNO-983168|Reactome:R-RNO-9837999|Reactome:R-RNO-9840373|Reactome:R-RNO-9856649|Reactome:R-RNO-9907900|Reactome:R-RNO-9913635|Reactome:R-RNO-9932298|Reactome:R-RNO-9937383|Reactome:R-SCE-110312|Reactome:R-SCE-110320|Reactome:R-SCE-113418|Reactome:R-SCE-1236978|Reactome:R-SCE-156827|Reactome:R-SCE-176187|Reactome:R-SCE-1799339|Reactome:R-SCE-204626|Reactome:R-SCE-382556|Reactome:R-SCE-429958|Reactome:R-SCE-450385|Reactome:R-SCE-450513|Reactome:R-SCE-5358565|Reactome:R-SCE-5358606|Reactome:R-SCE-5655862|Reactome:R-SCE-5656121|Reactome:R-SCE-5656169|Reactome:R-SCE-5668541|Reactome:R-SCE-5687128|Reactome:R-SCE-5689880|Reactome:R-SCE-5696397|Reactome:R-SCE-674695|Reactome:R-SCE-6781823|Reactome:R-SCE-6782135|Reactome:R-SCE-6782210|Reactome:R-SCE-6791226|Reactome:R-SCE-6796648|Reactome:R-SCE-6798695|Reactome:R-SCE-6807505|Reactome:R-SCE-68867|Reactome:R-SCE-68949|Reactome:R-SCE-68962|Reactome:R-SCE-69017|Reactome:R-SCE-69052|Reactome:R-SCE-69166|Reactome:R-SCE-69183|Reactome:R-SCE-69601|Reactome:R-SCE-72086|Reactome:R-SCE-72203|Reactome:R-SCE-72649|Reactome:R-SCE-72689|Reactome:R-SCE-72695|Reactome:R-SCE-72702|Reactome:R-SCE-72706|Reactome:R-SCE-72731|Reactome:R-SCE-73762|Reactome:R-SCE-73772|Reactome:R-SCE-73776|Reactome:R-SCE-73779|Reactome:R-SCE-75953|Reactome:R-SCE-76042|Reactome:R-SCE-76066|Reactome:R-SCE-77075|Reactome:R-SCE-8854050|Reactome:R-SCE-8948751|Reactome:R-SCE-8951664|Reactome:R-SCE-9018519|Reactome:R-SCE-9629569|Reactome:R-SCE-9755511|Reactome:R-SCE-975956|Reactome:R-SCE-975957|Reactome:R-SCE-983168|Reactome:R-SCE-9837999|Reactome:R-SCE-9840373|Reactome:R-SCE-9856649|Reactome:R-SCE-9907900|Reactome:R-SPO-110312|Reactome:R-SPO-110314|Reactome:R-SPO-110320|Reactome:R-SPO-113418|Reactome:R-SPO-1236978|Reactome:R-SPO-156827|Reactome:R-SPO-174403|Reactome:R-SPO-174437|Reactome:R-SPO-176187|Reactome:R-SPO-1799339|Reactome:R-SPO-204626|Reactome:R-SPO-3371453|Reactome:R-SPO-350562|Reactome:R-SPO-382556|Reactome:R-SPO-429958|Reactome:R-SPO-5358565|Reactome:R-SPO-5358606|Reactome:R-SPO-5578749|Reactome:R-SPO-5651801|Reactome:R-SPO-5655862|Reactome:R-SPO-5656121|Reactome:R-SPO-5656169|Reactome:R-SPO-5687128|Reactome:R-SPO-5689603|Reactome:R-SPO-5689880|Reactome:R-SPO-5696395|Reactome:R-SPO-5696397|Reactome:R-SPO-5696400|Reactome:R-SPO-674695|Reactome:R-SPO-6781823|Reactome:R-SPO-6782135|Reactome:R-SPO-6782210|Reactome:R-SPO-6791226|Reactome:R-SPO-6796648|Reactome:R-SPO-6798695|Reactome:R-SPO-6807505|Reactome:R-SPO-68867|Reactome:R-SPO-68949|Reactome:R-SPO-68962|Reactome:R-SPO-69017|Reactome:R-SPO-69052|Reactome:R-SPO-69166|Reactome:R-SPO-69183|Reactome:R-SPO-69601|Reactome:R-SPO-72086|Reactome:R-SPO-72163|Reactome:R-SPO-72203|Reactome:R-SPO-72649|Reactome:R-SPO-72689|Reactome:R-SPO-72695|Reactome:R-SPO-72702|Reactome:R-SPO-72706|Reactome:R-SPO-72731|Reactome:R-SPO-73762|Reactome:R-SPO-73772|Reactome:R-SPO-73776|Reactome:R-SPO-73779|Reactome:R-SPO-75815|Reactome:R-SPO-75953|Reactome:R-SPO-76042|Reactome:R-SPO-76061|Reactome:R-SPO-76066|Reactome:R-SPO-77075|Reactome:R-SPO-8854050|Reactome:R-SPO-8948751|Reactome:R-SPO-8951664|Reactome:R-SPO-9018519|Reactome:R-SPO-9629569|Reactome:R-SPO-9755511|Reactome:R-SPO-975956|Reactome:R-SPO-975957|Reactome:R-SPO-983168|Reactome:R-SPO-9837999|Reactome:R-SPO-9840373|Reactome:R-SPO-9856649|Reactome:R-SPO-9907900|Reactome:R-SSC-1169091|Reactome:R-SSC-1234176|Reactome:R-SSC-1236978|Reactome:R-SSC-156827|Reactome:R-SSC-174084|Reactome:R-SSC-174154|Reactome:R-SSC-174178|Reactome:R-SSC-174184|Reactome:R-SSC-1799339|Reactome:R-SSC-187577|Reactome:R-SSC-195253|Reactome:R-SSC-202424|Reactome:R-SSC-2467813|Reactome:R-SSC-2871837|Reactome:R-SSC-349425|Reactome:R-SSC-350562|Reactome:R-SSC-382556|Reactome:R-SSC-450408|Reactome:R-SSC-4608870|Reactome:R-SSC-4641257|Reactome:R-SSC-4641258|Reactome:R-SSC-5358346|Reactome:R-SSC-5607761|Reactome:R-SSC-5607764|Reactome:R-SSC-5610780|Reactome:R-SSC-5610785|Reactome:R-SSC-5632684|Reactome:R-SSC-5658442|Reactome:R-SSC-5668541|Reactome:R-SSC-5676590|Reactome:R-SSC-5687128|Reactome:R-SSC-5689603|Reactome:R-SSC-5689880|Reactome:R-SSC-6791226|Reactome:R-SSC-68867|Reactome:R-SSC-68949|Reactome:R-SSC-69017|Reactome:R-SSC-69481|Reactome:R-SSC-69601|Reactome:R-SSC-72649|Reactome:R-SSC-72689|Reactome:R-SSC-72695|Reactome:R-SSC-72702|Reactome:R-SSC-72706|Reactome:R-SSC-75815|Reactome:R-SSC-8852276|Reactome:R-SSC-8854050|Reactome:R-SSC-8939236|Reactome:R-SSC-8939902|Reactome:R-SSC-8941858|Reactome:R-SSC-8948751|Reactome:R-SSC-8951664|Reactome:R-SSC-9020702|Reactome:R-SSC-9755511|Reactome:R-SSC-975956|Reactome:R-SSC-975957|Reactome:R-SSC-9762114|Reactome:R-SSC-9766229|Reactome:R-SSC-983168|Reactome:R-SSC-9907900|Reactome:R-SSC-9932298|Reactome:R-XTR-110312|Reactome:R-XTR-110314|Reactome:R-XTR-110320|Reactome:R-XTR-156827|Reactome:R-XTR-176187|Reactome:R-XTR-1799339|Reactome:R-XTR-3108214|Reactome:R-XTR-381042|Reactome:R-XTR-5651801|Reactome:R-XTR-5655862|Reactome:R-XTR-5656121|Reactome:R-XTR-5656169|Reactome:R-XTR-5685938|Reactome:R-XTR-5693607|Reactome:R-XTR-5696397|Reactome:R-XTR-5696400|Reactome:R-XTR-6782135|Reactome:R-XTR-6782210|Reactome:R-XTR-6791226|Reactome:R-XTR-6804756|Reactome:R-XTR-6807505|Reactome:R-XTR-68689|Reactome:R-XTR-68867|Reactome:R-XTR-68949|Reactome:R-XTR-68962|Reactome:R-XTR-69052|Reactome:R-XTR-69473|Reactome:R-XTR-72689|Reactome:R-XTR-72695|Reactome:R-XTR-72702|Reactome:R-XTR-72706|Reactome:R-XTR-9629569|Reactome:R-XTR-975956|Reactome:R-XTR-975957|Reactome:R-XTR-9840373
ETMEFFSM_CDS_0057	627b7a065bf123cf7f3fc9cc514bddd0	145	SUPERFAMILY	SSF50249	Nucleic acid-binding proteins	4	145	3.34E-9	T	13-04-2026	IPR012340	Nucleic acid-binding, OB-fold	-	Reactome:R-BTA-112382|Reactome:R-BTA-113418|Reactome:R-BTA-1169091|Reactome:R-BTA-1234176|Reactome:R-BTA-1236978|Reactome:R-BTA-156827|Reactome:R-BTA-174084|Reactome:R-BTA-174154|Reactome:R-BTA-174178|Reactome:R-BTA-174184|Reactome:R-BTA-174411|Reactome:R-BTA-174430|Reactome:R-BTA-176187|Reactome:R-BTA-1799339|Reactome:R-BTA-187577|Reactome:R-BTA-195253|Reactome:R-BTA-202424|Reactome:R-BTA-204626|Reactome:R-BTA-2467813|Reactome:R-BTA-2871837|Reactome:R-BTA-349425|Reactome:R-BTA-350562|Reactome:R-BTA-381042|Reactome:R-BTA-382556|Reactome:R-BTA-429958|Reactome:R-BTA-450385|Reactome:R-BTA-450408|Reactome:R-BTA-450513|Reactome:R-BTA-450604|Reactome:R-BTA-4608870|Reactome:R-BTA-4641257|Reactome:R-BTA-4641258|Reactome:R-BTA-5250924|Reactome:R-BTA-5358346|Reactome:R-BTA-5389840|Reactome:R-BTA-5419276|Reactome:R-BTA-5578749|Reactome:R-BTA-5607761|Reactome:R-BTA-5607764|Reactome:R-BTA-5610780|Reactome:R-BTA-5610785|Reactome:R-BTA-5632684|Reactome:R-BTA-5668541|Reactome:R-BTA-5676590|Reactome:R-BTA-5687128|Reactome:R-BTA-5689603|Reactome:R-BTA-5689880|Reactome:R-BTA-674695|Reactome:R-BTA-6781823|Reactome:R-BTA-6782135|Reactome:R-BTA-6782210|Reactome:R-BTA-6791226|Reactome:R-BTA-6796648|Reactome:R-BTA-6798695|Reactome:R-BTA-6803529|Reactome:R-BTA-6807505|Reactome:R-BTA-68689|Reactome:R-BTA-68867|Reactome:R-BTA-68949|Reactome:R-BTA-68962|Reactome:R-BTA-69017|Reactome:R-BTA-69052|Reactome:R-BTA-69481|Reactome:R-BTA-69601|Reactome:R-BTA-72086|Reactome:R-BTA-72163|Reactome:R-BTA-72165|Reactome:R-BTA-72203|Reactome:R-BTA-72649|Reactome:R-BTA-72689|Reactome:R-BTA-72695|Reactome:R-BTA-72702|Reactome:R-BTA-72706|Reactome:R-BTA-72731|Reactome:R-BTA-73762|Reactome:R-BTA-73772|Reactome:R-BTA-73776|Reactome:R-BTA-73779|Reactome:R-BTA-73863|Reactome:R-BTA-75815|Reactome:R-BTA-75953|Reactome:R-BTA-75955|Reactome:R-BTA-76042|Reactome:R-BTA-76061|Reactome:R-BTA-76066|Reactome:R-BTA-76071|Reactome:R-BTA-77075|Reactome:R-BTA-877300|Reactome:R-BTA-8852276|Reactome:R-BTA-8854050|Reactome:R-BTA-8939236|Reactome:R-BTA-8939902|Reactome:R-BTA-8941858|Reactome:R-BTA-8948751|Reactome:R-BTA-8951664|Reactome:R-BTA-9018519|Reactome:R-BTA-9020702|Reactome:R-BTA-9629569|Reactome:R-BTA-9755511|Reactome:R-BTA-975956|Reactome:R-BTA-975957|Reactome:R-BTA-9762114|Reactome:R-BTA-9766229|Reactome:R-BTA-983168|Reactome:R-BTA-9840373|Reactome:R-BTA-9907900|Reactome:R-BTA-9930044|Reactome:R-BTA-9932298|Reactome:R-BTA-9937383|Reactome:R-CEL-110312|Reactome:R-CEL-110314|Reactome:R-CEL-110320|Reactome:R-CEL-112382|Reactome:R-CEL-113418|Reactome:R-CEL-1234176|Reactome:R-CEL-1236978|Reactome:R-CEL-156827|Reactome:R-CEL-176187|Reactome:R-CEL-1799339|Reactome:R-CEL-187577|Reactome:R-CEL-195253|Reactome:R-CEL-204626|Reactome:R-CEL-349425|Reactome:R-CEL-350562|Reactome:R-CEL-382556|Reactome:R-CEL-429958|Reactome:R-CEL-450385|Reactome:R-CEL-450513|Reactome:R-CEL-4608870|Reactome:R-CEL-4641258|Reactome:R-CEL-5250924|Reactome:R-CEL-532668|Reactome:R-CEL-5358565|Reactome:R-CEL-5358606|Reactome:R-CEL-5389840|Reactome:R-CEL-5419276|Reactome:R-CEL-5578749|Reactome:R-CEL-5632684|Reactome:R-CEL-5651801|Reactome:R-CEL-5655862|Reactome:R-CEL-5656121|Reactome:R-CEL-5656169|Reactome:R-CEL-5687128|Reactome:R-CEL-5689603|Reactome:R-CEL-5689880|Reactome:R-CEL-5693607|Reactome:R-CEL-5696397|Reactome:R-CEL-5696400|Reactome:R-CEL-674695|Reactome:R-CEL-6781823|Reactome:R-CEL-6782135|Reactome:R-CEL-6782210|Reactome:R-CEL-6791226|Reactome:R-CEL-6796648|Reactome:R-CEL-6798695|Reactome:R-CEL-6803529|Reactome:R-CEL-6807505|Reactome:R-CEL-68867|Reactome:R-CEL-68949|Reactome:R-CEL-68962|Reactome:R-CEL-69017|Reactome:R-CEL-69052|Reactome:R-CEL-69166|Reactome:R-CEL-69183|Reactome:R-CEL-69601|Reactome:R-CEL-72086|Reactome:R-CEL-72163|Reactome:R-CEL-72165|Reactome:R-CEL-72203|Reactome:R-CEL-72649|Reactome:R-CEL-72689|Reactome:R-CEL-72695|Reactome:R-CEL-72702|Reactome:R-CEL-72706|Reactome:R-CEL-73762|Reactome:R-CEL-73772|Reactome:R-CEL-73776|Reactome:R-CEL-73779|Reactome:R-CEL-75815|Reactome:R-CEL-75953|Reactome:R-CEL-75955|Reactome:R-CEL-76042|Reactome:R-CEL-77075|Reactome:R-CEL-8854050|Reactome:R-CEL-8939902|Reactome:R-CEL-8941858|Reactome:R-CEL-8948751|Reactome:R-CEL-8951664|Reactome:R-CEL-9018519|Reactome:R-CEL-9629569|Reactome:R-CEL-9755511|Reactome:R-CEL-975956|Reactome:R-CEL-975957|Reactome:R-CEL-9762114|Reactome:R-CEL-983168|Reactome:R-CEL-9837999|Reactome:R-CEL-9856649|Reactome:R-CEL-9907900|Reactome:R-CEL-9913635|Reactome:R-CEL-9930044|Reactome:R-CEL-9937383|Reactome:R-DDI-110362|Reactome:R-DDI-110381|Reactome:R-DDI-113418|Reactome:R-DDI-1236978|Reactome:R-DDI-156827|Reactome:R-DDI-174084|Reactome:R-DDI-174154|Reactome:R-DDI-174178|Reactome:R-DDI-1799339|Reactome:R-DDI-204626|Reactome:R-DDI-2467813|Reactome:R-DDI-349425|Reactome:R-DDI-382556|Reactome:R-DDI-429958|Reactome:R-DDI-450385|Reactome:R-DDI-450408|Reactome:R-DDI-450513|Reactome:R-DDI-4641258|Reactome:R-DDI-5358565|Reactome:R-DDI-5358606|Reactome:R-DDI-5632684|Reactome:R-DDI-5649702|Reactome:R-DDI-5651801|Reactome:R-DDI-5658442|Reactome:R-DDI-5687128|Reactome:R-DDI-5689603|Reactome:R-DDI-5689880|Reactome:R-DDI-5693571|Reactome:R-DDI-674695|Reactome:R-DDI-6781823|Reactome:R-DDI-6782135|Reactome:R-DDI-6782210|Reactome:R-DDI-6791226|Reactome:R-DDI-6796648|Reactome:R-DDI-6798695|Reactome:R-DDI-6807505|Reactome:R-DDI-68867|Reactome:R-DDI-68949|Reactome:R-DDI-68962|Reactome:R-DDI-69017|Reactome:R-DDI-69052|Reactome:R-DDI-69183|Reactome:R-DDI-69601|Reactome:R-DDI-72086|Reactome:R-DDI-72163|Reactome:R-DDI-72203|Reactome:R-DDI-72689|Reactome:R-DDI-72695|Reactome:R-DDI-72702|Reactome:R-DDI-72706|Reactome:R-DDI-72731|Reactome:R-DDI-73762|Reactome:R-DDI-73772|Reactome:R-DDI-73776|Reactome:R-DDI-73779|Reactome:R-DDI-75953|Reactome:R-DDI-76042|Reactome:R-DDI-76061|Reactome:R-DDI-76066|Reactome:R-DDI-77075|Reactome:R-DDI-8854050|Reactome:R-DDI-8948751|Reactome:R-DDI-8951664|Reactome:R-DDI-9018519|Reactome:R-DDI-9629569|Reactome:R-DDI-9755511|Reactome:R-DDI-975956|Reactome:R-DDI-975957|Reactome:R-DDI-983168|Reactome:R-DDI-9840373|Reactome:R-DDI-9856649|Reactome:R-DDI-9907900|Reactome:R-DME-110312|Reactome:R-DME-110314|Reactome:R-DME-110320|Reactome:R-DME-112382|Reactome:R-DME-1169091|Reactome:R-DME-1234176|Reactome:R-DME-1236978|Reactome:R-DME-156827|Reactome:R-DME-174084|Reactome:R-DME-174154|Reactome:R-DME-174178|Reactome:R-DME-174184|Reactome:R-DME-176187|Reactome:R-DME-1799339|Reactome:R-DME-187577|Reactome:R-DME-195253|Reactome:R-DME-202424|Reactome:R-DME-204626|Reactome:R-DME-209360|Reactome:R-DME-209406|Reactome:R-DME-209461|Reactome:R-DME-216167|Reactome:R-DME-2467813|Reactome:R-DME-2871837|Reactome:R-DME-3108214|Reactome:R-DME-3371453|Reactome:R-DME-350562|Reactome:R-DME-381042|Reactome:R-DME-382556|Reactome:R-DME-429958|Reactome:R-DME-432395|Reactome:R-DME-432524|Reactome:R-DME-432626|Reactome:R-DME-450408|Reactome:R-DME-4608870|Reactome:R-DME-4641257|Reactome:R-DME-4641258|Reactome:R-DME-532668|Reactome:R-DME-5358346|Reactome:R-DME-5358565|Reactome:R-DME-5358606|Reactome:R-DME-538864|Reactome:R-DME-5389840|Reactome:R-DME-5419276|Reactome:R-DME-5607761|Reactome:R-DME-5607764|Reactome:R-DME-5610780|Reactome:R-DME-5610785|Reactome:R-DME-5632684|Reactome:R-DME-5651801|Reactome:R-DME-5655862|Reactome:R-DME-5656121|Reactome:R-DME-5656169|Reactome:R-DME-5658442|Reactome:R-DME-5676590|Reactome:R-DME-5689603|Reactome:R-DME-5689880|Reactome:R-DME-5693607|Reactome:R-DME-5696395|Reactome:R-DME-5696397|Reactome:R-DME-5696400|Reactome:R-DME-674695|Reactome:R-DME-6782135|Reactome:R-DME-6782210|Reactome:R-DME-6791226|Reactome:R-DME-6804756|Reactome:R-DME-6807505|Reactome:R-DME-68689|Reactome:R-DME-68867|Reactome:R-DME-68949|Reactome:R-DME-68962|Reactome:R-DME-69017|Reactome:R-DME-69052|Reactome:R-DME-69166|Reactome:R-DME-69183|Reactome:R-DME-69473|Reactome:R-DME-69601|Reactome:R-DME-72163|Reactome:R-DME-72649|Reactome:R-DME-72689|Reactome:R-DME-72695|Reactome:R-DME-72702|Reactome:R-DME-72706|Reactome:R-DME-72731|Reactome:R-DME-75815|Reactome:R-DME-75955|Reactome:R-DME-8854050|Reactome:R-DME-8939236|Reactome:R-DME-8939902|Reactome:R-DME-8941858|Reactome:R-DME-8948751|Reactome:R-DME-8951664|Reactome:R-DME-9020702|Reactome:R-DME-9629569|Reactome:R-DME-9755511|Reactome:R-DME-975956|Reactome:R-DME-975957|Reactome:R-DME-9762114|Reactome:R-DME-983168|Reactome:R-DME-9837999|Reactome:R-DME-9840373|Reactome:R-DME-9907900|Reactome:R-DME-9913635|Reactome:R-DME-9930044|Reactome:R-DME-9932298|Reactome:R-DME-9937383|Reactome:R-DRE-110312|Reactome:R-DRE-110314|Reactome:R-DRE-110320|Reactome:R-DRE-156827|Reactome:R-DRE-176187|Reactome:R-DRE-1799339|Reactome:R-DRE-204626|Reactome:R-DRE-3108214|Reactome:R-DRE-5358565|Reactome:R-DRE-5656121|Reactome:R-DRE-5656169|Reactome:R-DRE-5693607|Reactome:R-DRE-5696395|Reactome:R-DRE-5696400|Reactome:R-DRE-6781823|Reactome:R-DRE-6782135|Reactome:R-DRE-6796648|Reactome:R-DRE-6807505|Reactome:R-DRE-72086|Reactome:R-DRE-72163|Reactome:R-DRE-72689|Reactome:R-DRE-72695|Reactome:R-DRE-72702|Reactome:R-DRE-77075|Reactome:R-DRE-877300|Reactome:R-DRE-9629569|Reactome:R-DRE-975956|Reactome:R-DRE-975957|Reactome:R-GGA-110312|Reactome:R-GGA-110314|Reactome:R-GGA-110320|Reactome:R-GGA-176187|Reactome:R-GGA-204626|Reactome:R-GGA-3108214|Reactome:R-GGA-3371453|Reactome:R-GGA-351451|Reactome:R-GGA-351468|Reactome:R-GGA-353303|Reactome:R-GGA-353423|Reactome:R-GGA-381042|Reactome:R-GGA-418124|Reactome:R-GGA-5358565|Reactome:R-GGA-5655862|Reactome:R-GGA-5656121|Reactome:R-GGA-5656169|Reactome:R-GGA-5685938|Reactome:R-GGA-5685942|Reactome:R-GGA-5693568|Reactome:R-GGA-5693579|Reactome:R-GGA-5693607|Reactome:R-GGA-5693616|Reactome:R-GGA-5696395|Reactome:R-GGA-5696397|Reactome:R-GGA-5696400|Reactome:R-GGA-6782135|Reactome:R-GGA-6782210|Reactome:R-GGA-6783310|Reactome:R-GGA-68689|Reactome:R-GGA-68949|Reactome:R-GGA-68962|Reactome:R-GGA-72649|Reactome:R-GGA-72695|Reactome:R-GGA-72702|Reactome:R-GGA-72731|Reactome:R-GGA-9840373|Reactome:R-HSA-110312|Reactome:R-HSA-110314|Reactome:R-HSA-110320|Reactome:R-HSA-110328|Reactome:R-HSA-110329|Reactome:R-HSA-110330|Reactome:R-HSA-110331|Reactome:R-HSA-110362|Reactome:R-HSA-110381|Reactome:R-HSA-112382|Reactome:R-HSA-113418|Reactome:R-HSA-113507|Reactome:R-HSA-1169091|Reactome:R-HSA-1221632|Reactome:R-HSA-1234176|Reactome:R-HSA-1236974|Reactome:R-HSA-1236978|Reactome:R-HSA-1368108|Reactome:R-HSA-156827|Reactome:R-HSA-156902|Reactome:R-HSA-162594|Reactome:R-HSA-164843|Reactome:R-HSA-167152|Reactome:R-HSA-167158|Reactome:R-HSA-167160|Reactome:R-HSA-167161|Reactome:R-HSA-167162|Reactome:R-HSA-167172|Reactome:R-HSA-167200|Reactome:R-HSA-167238|Reactome:R-HSA-167242|Reactome:R-HSA-167243|Reactome:R-HSA-167246|Reactome:R-HSA-167287|Reactome:R-HSA-167290|Reactome:R-HSA-168325|Reactome:R-HSA-171306|Reactome:R-HSA-171319|Reactome:R-HSA-174084|Reactome:R-HSA-174113|Reactome:R-HSA-174154|Reactome:R-HSA-174178|Reactome:R-HSA-174184|Reactome:R-HSA-174411|Reactome:R-HSA-174414|Reactome:R-HSA-174417|Reactome:R-HSA-174430|Reactome:R-HSA-174437|Reactome:R-HSA-176187|Reactome:R-HSA-176974|Reactome:R-HSA-1799339|Reactome:R-HSA-180534|Reactome:R-HSA-180585|Reactome:R-HSA-1834941|Reactome:R-HSA-1834949|Reactome:R-HSA-187577|Reactome:R-HSA-192823|Reactome:R-HSA-195253|Reactome:R-HSA-1989781|Reactome:R-HSA-202424|Reactome:R-HSA-203927|Reactome:R-HSA-204626|Reactome:R-HSA-211733|Reactome:R-HSA-2151201|Reactome:R-HSA-2173796|Reactome:R-HSA-2408522|Reactome:R-HSA-2408557|Reactome:R-HSA-2426168|Reactome:R-HSA-2467813|Reactome:R-HSA-2559586|Reactome:R-HSA-2871837|Reactome:R-HSA-3108214|Reactome:R-HSA-3270619|Reactome:R-HSA-3371453|Reactome:R-HSA-3371511|Reactome:R-HSA-349425|Reactome:R-HSA-350562|Reactome:R-HSA-379716|Reactome:R-HSA-379726|Reactome:R-HSA-380994|Reactome:R-HSA-381042|Reactome:R-HSA-381340|Reactome:R-HSA-382556|Reactome:R-HSA-400206|Reactome:R-HSA-427413|Reactome:R-HSA-429958|Reactome:R-HSA-450385|Reactome:R-HSA-450408|Reactome:R-HSA-450513|Reactome:R-HSA-450604|Reactome:R-HSA-452723|Reactome:R-HSA-4608870|Reactome:R-HSA-4641257|Reactome:R-HSA-4641258|Reactome:R-HSA-5250924|Reactome:R-HSA-532668|Reactome:R-HSA-5358346|Reactome:R-HSA-5358565|Reactome:R-HSA-5358606|Reactome:R-HSA-5362768|Reactome:R-HSA-5368286|Reactome:R-HSA-5389840|Reactome:R-HSA-5419276|Reactome:R-HSA-5578749|Reactome:R-HSA-5601884|Reactome:R-HSA-5607761|Reactome:R-HSA-5607764|Reactome:R-HSA-5610780|Reactome:R-HSA-5610783|Reactome:R-HSA-5610785|Reactome:R-HSA-5617472|Reactome:R-HSA-5632684|Reactome:R-HSA-5649702|Reactome:R-HSA-5651801|Reactome:R-HSA-5655862|Reactome:R-HSA-5656121|Reactome:R-HSA-5656169|Reactome:R-HSA-5658442|Reactome:R-HSA-5668541|Reactome:R-HSA-5676590|Reactome:R-HSA-5678895|Reactome:R-HSA-5685938|Reactome:R-HSA-5685939|Reactome:R-HSA-5685942|Reactome:R-HSA-5687128|Reactome:R-HSA-5689603|Reactome:R-HSA-5689880|Reactome:R-HSA-5693554|Reactome:R-HSA-5693568|Reactome:R-HSA-5693571|Reactome:R-HSA-5693579|Reactome:R-HSA-5693607|Reactome:R-HSA-5693616|Reactome:R-HSA-5696395|Reactome:R-HSA-5696397|Reactome:R-HSA-5696400|Reactome:R-HSA-674695|Reactome:R-HSA-6781823|Reactome:R-HSA-6781827|Reactome:R-HSA-6782135|Reactome:R-HSA-6782210|Reactome:R-HSA-6783310|Reactome:R-HSA-6790901|Reactome:R-HSA-6791226|Reactome:R-HSA-6796648|Reactome:R-HSA-6798695|Reactome:R-HSA-6803529|Reactome:R-HSA-6804756|Reactome:R-HSA-6807505|Reactome:R-HSA-68689|Reactome:R-HSA-68867|Reactome:R-HSA-68949|Reactome:R-HSA-68962|Reactome:R-HSA-69017|Reactome:R-HSA-69052|Reactome:R-HSA-69166|Reactome:R-HSA-69183|Reactome:R-HSA-69473|Reactome:R-HSA-69481|Reactome:R-HSA-69601|Reactome:R-HSA-72086|Reactome:R-HSA-72163|Reactome:R-HSA-72165|Reactome:R-HSA-72203|Reactome:R-HSA-72649|Reactome:R-HSA-72689|Reactome:R-HSA-72695|Reactome:R-HSA-72702|Reactome:R-HSA-72706|Reactome:R-HSA-72731|Reactome:R-HSA-72764|Reactome:R-HSA-73762|Reactome:R-HSA-73772|Reactome:R-HSA-73776|Reactome:R-HSA-73779|Reactome:R-HSA-73780|Reactome:R-HSA-73863|Reactome:R-HSA-73980|Reactome:R-HSA-749476|Reactome:R-HSA-75815|Reactome:R-HSA-75953|Reactome:R-HSA-75955|Reactome:R-HSA-76042|Reactome:R-HSA-76061|Reactome:R-HSA-76066|Reactome:R-HSA-76071|Reactome:R-HSA-77075|Reactome:R-HSA-844615|Reactome:R-HSA-877300|Reactome:R-HSA-8851708|Reactome:R-HSA-8852276|Reactome:R-HSA-8854050|Reactome:R-HSA-8939236|Reactome:R-HSA-8939902|Reactome:R-HSA-8941858|Reactome:R-HSA-8948751|Reactome:R-HSA-8951664|Reactome:R-HSA-9010553|Reactome:R-HSA-9017802|Reactome:R-HSA-9018519|Reactome:R-HSA-9020702|Reactome:R-HSA-912446|Reactome:R-HSA-9604323|Reactome:R-HSA-9629569|Reactome:R-HSA-9633012|Reactome:R-HSA-9648895|Reactome:R-HSA-9670095|Reactome:R-HSA-9701192|Reactome:R-HSA-9704331|Reactome:R-HSA-9704646|Reactome:R-HSA-9707564|Reactome:R-HSA-9707616|Reactome:R-HSA-9709275|Reactome:R-HSA-9709570|Reactome:R-HSA-9709603|Reactome:R-HSA-9735869|Reactome:R-HSA-9735871|Reactome:R-HSA-9754678|Reactome:R-HSA-9755511|Reactome:R-HSA-975956|Reactome:R-HSA-975957|Reactome:R-HSA-9762114|Reactome:R-HSA-9763198|Reactome:R-HSA-9766229|Reactome:R-HSA-9820865|Reactome:R-HSA-9824272|Reactome:R-HSA-9825895|Reactome:R-HSA-983168|Reactome:R-HSA-9833482|Reactome:R-HSA-9836573|Reactome:R-HSA-9837999|Reactome:R-HSA-9840373|Reactome:R-HSA-9856649|Reactome:R-HSA-9907900|Reactome:R-HSA-9913635|Reactome:R-HSA-9930044|Reactome:R-HSA-9931509|Reactome:R-HSA-9932298|Reactome:R-HSA-9933387|Reactome:R-HSA-9937383|Reactome:R-MMU-110312|Reactome:R-MMU-110314|Reactome:R-MMU-110320|Reactome:R-MMU-110330|Reactome:R-MMU-110331|Reactome:R-MMU-110362|Reactome:R-MMU-110381|Reactome:R-MMU-112382|Reactome:R-MMU-113418|Reactome:R-MMU-1169091|Reactome:R-MMU-1234176|Reactome:R-MMU-1236978|Reactome:R-MMU-156827|Reactome:R-MMU-171319|Reactome:R-MMU-174084|Reactome:R-MMU-174154|Reactome:R-MMU-174178|Reactome:R-MMU-174184|Reactome:R-MMU-174411|Reactome:R-MMU-174414|Reactome:R-MMU-174417|Reactome:R-MMU-174430|Reactome:R-MMU-174437|Reactome:R-MMU-176187|Reactome:R-MMU-1799339|Reactome:R-MMU-1834949|Reactome:R-MMU-187577|Reactome:R-MMU-195253|Reactome:R-MMU-202424|Reactome:R-MMU-204626|Reactome:R-MMU-2467813|Reactome:R-MMU-2559586|Reactome:R-MMU-2871837|Reactome:R-MMU-3108214|Reactome:R-MMU-3371453|Reactome:R-MMU-349425|Reactome:R-MMU-350562|Reactome:R-MMU-381042|Reactome:R-MMU-382556|Reactome:R-MMU-400206|Reactome:R-MMU-429958|Reactome:R-MMU-450385|Reactome:R-MMU-450408|Reactome:R-MMU-450513|Reactome:R-MMU-450604|Reactome:R-MMU-4608870|Reactome:R-MMU-4641257|Reactome:R-MMU-4641258|Reactome:R-MMU-5250924|Reactome:R-MMU-532668|Reactome:R-MMU-5358346|Reactome:R-MMU-5358565|Reactome:R-MMU-5358606|Reactome:R-MMU-5389840|Reactome:R-MMU-5419276|Reactome:R-MMU-5607761|Reactome:R-MMU-5607764|Reactome:R-MMU-5610780|Reactome:R-MMU-5610785|Reactome:R-MMU-5632684|Reactome:R-MMU-5649702|Reactome:R-MMU-5651801|Reactome:R-MMU-5655862|Reactome:R-MMU-5656121|Reactome:R-MMU-5656169|Reactome:R-MMU-5658442|Reactome:R-MMU-5668541|Reactome:R-MMU-5676590|Reactome:R-MMU-5685938|Reactome:R-MMU-5685939|Reactome:R-MMU-5685942|Reactome:R-MMU-5687128|Reactome:R-MMU-5689603|Reactome:R-MMU-5689880|Reactome:R-MMU-5693568|Reactome:R-MMU-5693571|Reactome:R-MMU-5693579|Reactome:R-MMU-5693607|Reactome:R-MMU-5693616|Reactome:R-MMU-5696395|Reactome:R-MMU-5696397|Reactome:R-MMU-5696400|Reactome:R-MMU-674695|Reactome:R-MMU-6781823|Reactome:R-MMU-6782135|Reactome:R-MMU-6782210|Reactome:R-MMU-6783310|Reactome:R-MMU-6791226|Reactome:R-MMU-6796648|Reactome:R-MMU-6798695|Reactome:R-MMU-6803529|Reactome:R-MMU-6804756|Reactome:R-MMU-6807505|Reactome:R-MMU-68689|Reactome:R-MMU-68867|Reactome:R-MMU-68949|Reactome:R-MMU-68962|Reactome:R-MMU-69017|Reactome:R-MMU-69052|Reactome:R-MMU-69166|Reactome:R-MMU-69183|Reactome:R-MMU-69473|Reactome:R-MMU-69481|Reactome:R-MMU-69601|Reactome:R-MMU-72086|Reactome:R-MMU-72163|Reactome:R-MMU-72165|Reactome:R-MMU-72203|Reactome:R-MMU-72649|Reactome:R-MMU-72689|Reactome:R-MMU-72695|Reactome:R-MMU-72702|Reactome:R-MMU-72706|Reactome:R-MMU-72731|Reactome:R-MMU-73762|Reactome:R-MMU-73772|Reactome:R-MMU-73776|Reactome:R-MMU-73779|Reactome:R-MMU-73863|Reactome:R-MMU-75815|Reactome:R-MMU-75953|Reactome:R-MMU-75955|Reactome:R-MMU-76042|Reactome:R-MMU-76061|Reactome:R-MMU-76066|Reactome:R-MMU-76071|Reactome:R-MMU-77075|Reactome:R-MMU-844615|Reactome:R-MMU-877300|Reactome:R-MMU-8852276|Reactome:R-MMU-8854050|Reactome:R-MMU-8939236|Reactome:R-MMU-8939902|Reactome:R-MMU-8941858|Reactome:R-MMU-8948751|Reactome:R-MMU-8951664|Reactome:R-MMU-9017802|Reactome:R-MMU-9018519|Reactome:R-MMU-9020702|Reactome:R-MMU-9629569|Reactome:R-MMU-9670095|Reactome:R-MMU-9707564|Reactome:R-MMU-9755511|Reactome:R-MMU-975956|Reactome:R-MMU-975957|Reactome:R-MMU-9762114|Reactome:R-MMU-9766229|Reactome:R-MMU-983168|Reactome:R-MMU-9837999|Reactome:R-MMU-9840373|Reactome:R-MMU-9856649|Reactome:R-MMU-9907900|Reactome:R-MMU-9913635|Reactome:R-MMU-9930044|Reactome:R-MMU-9932298|Reactome:R-MMU-9937383|Reactome:R-PFA-156827|Reactome:R-PFA-72649|Reactome:R-PFA-72695|Reactome:R-PFA-72702|Reactome:R-PFA-72731|Reactome:R-PFA-9840373|Reactome:R-RNO-110312|Reactome:R-RNO-110314|Reactome:R-RNO-110320|Reactome:R-RNO-110362|Reactome:R-RNO-112382|Reactome:R-RNO-113418|Reactome:R-RNO-1169091|Reactome:R-RNO-1234176|Reactome:R-RNO-1236978|Reactome:R-RNO-156827|Reactome:R-RNO-174084|Reactome:R-RNO-174113|Reactome:R-RNO-174154|Reactome:R-RNO-174178|Reactome:R-RNO-174184|Reactome:R-RNO-174411|Reactome:R-RNO-174414|Reactome:R-RNO-174430|Reactome:R-RNO-174437|Reactome:R-RNO-176187|Reactome:R-RNO-1799339|Reactome:R-RNO-187577|Reactome:R-RNO-195253|Reactome:R-RNO-204626|Reactome:R-RNO-2467813|Reactome:R-RNO-3371453|Reactome:R-RNO-349425|Reactome:R-RNO-350562|Reactome:R-RNO-381042|Reactome:R-RNO-382556|Reactome:R-RNO-450408|Reactome:R-RNO-4608870|Reactome:R-RNO-4641257|Reactome:R-RNO-4641258|Reactome:R-RNO-532668|Reactome:R-RNO-5358346|Reactome:R-RNO-5358565|Reactome:R-RNO-5358606|Reactome:R-RNO-5389840|Reactome:R-RNO-5419276|Reactome:R-RNO-5578749|Reactome:R-RNO-5607761|Reactome:R-RNO-5610780|Reactome:R-RNO-5610785|Reactome:R-RNO-5632684|Reactome:R-RNO-5651801|Reactome:R-RNO-5655862|Reactome:R-RNO-5656121|Reactome:R-RNO-5656169|Reactome:R-RNO-5658442|Reactome:R-RNO-5668541|Reactome:R-RNO-5676590|Reactome:R-RNO-5685938|Reactome:R-RNO-5685939|Reactome:R-RNO-5685942|Reactome:R-RNO-5687128|Reactome:R-RNO-5689603|Reactome:R-RNO-5689880|Reactome:R-RNO-5693568|Reactome:R-RNO-5693579|Reactome:R-RNO-5693607|Reactome:R-RNO-5693616|Reactome:R-RNO-5696395|Reactome:R-RNO-5696397|Reactome:R-RNO-5696400|Reactome:R-RNO-674695|Reactome:R-RNO-6781823|Reactome:R-RNO-6782135|Reactome:R-RNO-6782210|Reactome:R-RNO-6783310|Reactome:R-RNO-6791226|Reactome:R-RNO-6796648|Reactome:R-RNO-6798695|Reactome:R-RNO-6803529|Reactome:R-RNO-6804756|Reactome:R-RNO-6807505|Reactome:R-RNO-68689|Reactome:R-RNO-68867|Reactome:R-RNO-68949|Reactome:R-RNO-68962|Reactome:R-RNO-69017|Reactome:R-RNO-69166|Reactome:R-RNO-69183|Reactome:R-RNO-69473|Reactome:R-RNO-69481|Reactome:R-RNO-69601|Reactome:R-RNO-72086|Reactome:R-RNO-72163|Reactome:R-RNO-72165|Reactome:R-RNO-72203|Reactome:R-RNO-72649|Reactome:R-RNO-72689|Reactome:R-RNO-72695|Reactome:R-RNO-72702|Reactome:R-RNO-72706|Reactome:R-RNO-72731|Reactome:R-RNO-73776|Reactome:R-RNO-73779|Reactome:R-RNO-75815|Reactome:R-RNO-75953|Reactome:R-RNO-75955|Reactome:R-RNO-76042|Reactome:R-RNO-77075|Reactome:R-RNO-877300|Reactome:R-RNO-8852276|Reactome:R-RNO-8854050|Reactome:R-RNO-8939236|Reactome:R-RNO-8941858|Reactome:R-RNO-8948751|Reactome:R-RNO-8951664|Reactome:R-RNO-9017802|Reactome:R-RNO-9018519|Reactome:R-RNO-9629569|Reactome:R-RNO-9755511|Reactome:R-RNO-975956|Reactome:R-RNO-975957|Reactome:R-RNO-9762114|Reactome:R-RNO-9766229|Reactome:R-RNO-983168|Reactome:R-RNO-9837999|Reactome:R-RNO-9840373|Reactome:R-RNO-9856649|Reactome:R-RNO-9907900|Reactome:R-RNO-9913635|Reactome:R-RNO-9932298|Reactome:R-RNO-9937383|Reactome:R-SCE-110312|Reactome:R-SCE-110320|Reactome:R-SCE-113418|Reactome:R-SCE-1236978|Reactome:R-SCE-156827|Reactome:R-SCE-176187|Reactome:R-SCE-1799339|Reactome:R-SCE-204626|Reactome:R-SCE-382556|Reactome:R-SCE-429958|Reactome:R-SCE-450385|Reactome:R-SCE-450513|Reactome:R-SCE-5358565|Reactome:R-SCE-5358606|Reactome:R-SCE-5655862|Reactome:R-SCE-5656121|Reactome:R-SCE-5656169|Reactome:R-SCE-5668541|Reactome:R-SCE-5687128|Reactome:R-SCE-5689880|Reactome:R-SCE-5696397|Reactome:R-SCE-674695|Reactome:R-SCE-6781823|Reactome:R-SCE-6782135|Reactome:R-SCE-6782210|Reactome:R-SCE-6791226|Reactome:R-SCE-6796648|Reactome:R-SCE-6798695|Reactome:R-SCE-6807505|Reactome:R-SCE-68867|Reactome:R-SCE-68949|Reactome:R-SCE-68962|Reactome:R-SCE-69017|Reactome:R-SCE-69052|Reactome:R-SCE-69166|Reactome:R-SCE-69183|Reactome:R-SCE-69601|Reactome:R-SCE-72086|Reactome:R-SCE-72203|Reactome:R-SCE-72649|Reactome:R-SCE-72689|Reactome:R-SCE-72695|Reactome:R-SCE-72702|Reactome:R-SCE-72706|Reactome:R-SCE-72731|Reactome:R-SCE-73762|Reactome:R-SCE-73772|Reactome:R-SCE-73776|Reactome:R-SCE-73779|Reactome:R-SCE-75953|Reactome:R-SCE-76042|Reactome:R-SCE-76066|Reactome:R-SCE-77075|Reactome:R-SCE-8854050|Reactome:R-SCE-8948751|Reactome:R-SCE-8951664|Reactome:R-SCE-9018519|Reactome:R-SCE-9629569|Reactome:R-SCE-9755511|Reactome:R-SCE-975956|Reactome:R-SCE-975957|Reactome:R-SCE-983168|Reactome:R-SCE-9837999|Reactome:R-SCE-9840373|Reactome:R-SCE-9856649|Reactome:R-SCE-9907900|Reactome:R-SPO-110312|Reactome:R-SPO-110314|Reactome:R-SPO-110320|Reactome:R-SPO-113418|Reactome:R-SPO-1236978|Reactome:R-SPO-156827|Reactome:R-SPO-174403|Reactome:R-SPO-174437|Reactome:R-SPO-176187|Reactome:R-SPO-1799339|Reactome:R-SPO-204626|Reactome:R-SPO-3371453|Reactome:R-SPO-350562|Reactome:R-SPO-382556|Reactome:R-SPO-429958|Reactome:R-SPO-5358565|Reactome:R-SPO-5358606|Reactome:R-SPO-5578749|Reactome:R-SPO-5651801|Reactome:R-SPO-5655862|Reactome:R-SPO-5656121|Reactome:R-SPO-5656169|Reactome:R-SPO-5687128|Reactome:R-SPO-5689603|Reactome:R-SPO-5689880|Reactome:R-SPO-5696395|Reactome:R-SPO-5696397|Reactome:R-SPO-5696400|Reactome:R-SPO-674695|Reactome:R-SPO-6781823|Reactome:R-SPO-6782135|Reactome:R-SPO-6782210|Reactome:R-SPO-6791226|Reactome:R-SPO-6796648|Reactome:R-SPO-6798695|Reactome:R-SPO-6807505|Reactome:R-SPO-68867|Reactome:R-SPO-68949|Reactome:R-SPO-68962|Reactome:R-SPO-69017|Reactome:R-SPO-69052|Reactome:R-SPO-69166|Reactome:R-SPO-69183|Reactome:R-SPO-69601|Reactome:R-SPO-72086|Reactome:R-SPO-72163|Reactome:R-SPO-72203|Reactome:R-SPO-72649|Reactome:R-SPO-72689|Reactome:R-SPO-72695|Reactome:R-SPO-72702|Reactome:R-SPO-72706|Reactome:R-SPO-72731|Reactome:R-SPO-73762|Reactome:R-SPO-73772|Reactome:R-SPO-73776|Reactome:R-SPO-73779|Reactome:R-SPO-75815|Reactome:R-SPO-75953|Reactome:R-SPO-76042|Reactome:R-SPO-76061|Reactome:R-SPO-76066|Reactome:R-SPO-77075|Reactome:R-SPO-8854050|Reactome:R-SPO-8948751|Reactome:R-SPO-8951664|Reactome:R-SPO-9018519|Reactome:R-SPO-9629569|Reactome:R-SPO-9755511|Reactome:R-SPO-975956|Reactome:R-SPO-975957|Reactome:R-SPO-983168|Reactome:R-SPO-9837999|Reactome:R-SPO-9840373|Reactome:R-SPO-9856649|Reactome:R-SPO-9907900|Reactome:R-SSC-1169091|Reactome:R-SSC-1234176|Reactome:R-SSC-1236978|Reactome:R-SSC-156827|Reactome:R-SSC-174084|Reactome:R-SSC-174154|Reactome:R-SSC-174178|Reactome:R-SSC-174184|Reactome:R-SSC-1799339|Reactome:R-SSC-187577|Reactome:R-SSC-195253|Reactome:R-SSC-202424|Reactome:R-SSC-2467813|Reactome:R-SSC-2871837|Reactome:R-SSC-349425|Reactome:R-SSC-350562|Reactome:R-SSC-382556|Reactome:R-SSC-450408|Reactome:R-SSC-4608870|Reactome:R-SSC-4641257|Reactome:R-SSC-4641258|Reactome:R-SSC-5358346|Reactome:R-SSC-5607761|Reactome:R-SSC-5607764|Reactome:R-SSC-5610780|Reactome:R-SSC-5610785|Reactome:R-SSC-5632684|Reactome:R-SSC-5658442|Reactome:R-SSC-5668541|Reactome:R-SSC-5676590|Reactome:R-SSC-5687128|Reactome:R-SSC-5689603|Reactome:R-SSC-5689880|Reactome:R-SSC-6791226|Reactome:R-SSC-68867|Reactome:R-SSC-68949|Reactome:R-SSC-69017|Reactome:R-SSC-69481|Reactome:R-SSC-69601|Reactome:R-SSC-72649|Reactome:R-SSC-72689|Reactome:R-SSC-72695|Reactome:R-SSC-72702|Reactome:R-SSC-72706|Reactome:R-SSC-75815|Reactome:R-SSC-8852276|Reactome:R-SSC-8854050|Reactome:R-SSC-8939236|Reactome:R-SSC-8939902|Reactome:R-SSC-8941858|Reactome:R-SSC-8948751|Reactome:R-SSC-8951664|Reactome:R-SSC-9020702|Reactome:R-SSC-9755511|Reactome:R-SSC-975956|Reactome:R-SSC-975957|Reactome:R-SSC-9762114|Reactome:R-SSC-9766229|Reactome:R-SSC-983168|Reactome:R-SSC-9907900|Reactome:R-SSC-9932298|Reactome:R-XTR-110312|Reactome:R-XTR-110314|Reactome:R-XTR-110320|Reactome:R-XTR-156827|Reactome:R-XTR-176187|Reactome:R-XTR-1799339|Reactome:R-XTR-3108214|Reactome:R-XTR-381042|Reactome:R-XTR-5651801|Reactome:R-XTR-5655862|Reactome:R-XTR-5656121|Reactome:R-XTR-5656169|Reactome:R-XTR-5685938|Reactome:R-XTR-5693607|Reactome:R-XTR-5696397|Reactome:R-XTR-5696400|Reactome:R-XTR-6782135|Reactome:R-XTR-6782210|Reactome:R-XTR-6791226|Reactome:R-XTR-6804756|Reactome:R-XTR-6807505|Reactome:R-XTR-68689|Reactome:R-XTR-68867|Reactome:R-XTR-68949|Reactome:R-XTR-68962|Reactome:R-XTR-69052|Reactome:R-XTR-69473|Reactome:R-XTR-72689|Reactome:R-XTR-72695|Reactome:R-XTR-72702|Reactome:R-XTR-72706|Reactome:R-XTR-9629569|Reactome:R-XTR-975956|Reactome:R-XTR-975957|Reactome:R-XTR-9840373
ETMEFFSM_CDS_0016	2e99e59ebad539bf6f52d60b7799325a	44	Pfam	PF26839	Family of unknown function (DUF8272)	1	41	9.6E-14	T	13-04-2026	IPR059316	Protein of unknown function DUF8272	-	-
ETMEFFSM_CDS_0029	d7b1dc0b1ef92dff2eebf721c5d84529	81	Phobius	CYTOPLASMIC_DOMAIN	Region of a membrane-bound protein predicted to be outside the membrane, in the cytoplasm.	1	55	-	T	13-04-2026	-	-	-	-
ETMEFFSM_CDS_0029	d7b1dc0b1ef92dff2eebf721c5d84529	81	Phobius	NON_CYTOPLASMIC_DOMAIN	Region of a membrane-bound protein predicted to be outside the membrane, in the extracellular region.	77	81	-	T	13-04-2026	-	-	-	-
ETMEFFSM_CDS_0029	d7b1dc0b1ef92dff2eebf721c5d84529	81	Phobius	TRANSMEMBRANE	Region of a membrane-bound protein predicted to be embedded in the membrane.	56	76	-	T	13-04-2026	-	-	-	-
ETMEFFSM_CDS_0029	d7b1dc0b1ef92dff2eebf721c5d84529	81	TMHMM	TMhelix	Region of a membrane-bound protein predicted to be embedded in the membrane.	54	76	-	T	13-04-2026	-	-	-	-
ETMEFFSM_CDS_0007	01d0bb0f2ab8ef51dd83d6af48ddaa7f	174	Pfam	PF16677	DNA-packaging protein gp3	36	148	2.7E-7	T	13-04-2026	IPR032066	DNA-packaging protein gp3	-	-
ETMEFFSM_CDS_0007	01d0bb0f2ab8ef51dd83d6af48ddaa7f	174	Gene3D	G3DSA:1.10.132.80	-	23	153	5.5E-32	T	13-04-2026	-	-	-	-
ETMEFFSM_CDS_0074	b9b75512156b353f3335faa6cc1324ee	104	Pfam	PF08748	Phage tail assembly chaperone	1	104	4.3E-29	T	13-04-2026	IPR014859	Phage tail assembly chaperone	-	-
ETMEFFSM_CDS_0026	6b5cb83249f5257457351887538ccf65	79	Pfam	PF24196	Family of unknown function (DUF7421)	18	76	3.0E-24	T	13-04-2026	IPR055844	Protein of unknown function DUF7421	-	-
ETMEFFSM_CDS_0026	6b5cb83249f5257457351887538ccf65	79	Coils	Coil	Coil	12	32	-	T	13-04-2026	-	-	-	-
ETMEFFSM_CDS_0046	aee378a21fdeac542b90a99b342d553a	377	Gene3D	G3DSA:3.60.21.10	-	130	307	4.5E-5	T	13-04-2026	IPR029052	Metallo-dependent phosphatase-like	-	Reactome:R-BTA-113501|Reactome:R-BTA-1295596|Reactome:R-BTA-141444|Reactome:R-BTA-180024|Reactome:R-BTA-195253|Reactome:R-BTA-196299|Reactome:R-BTA-198753|Reactome:R-BTA-2025928|Reactome:R-BTA-202670|Reactome:R-BTA-2467813|Reactome:R-BTA-2500257|Reactome:R-BTA-2565942|Reactome:R-BTA-2871809|Reactome:R-BTA-2995383|Reactome:R-BTA-3238698|Reactome:R-BTA-389356|Reactome:R-BTA-389513|Reactome:R-BTA-4086398|Reactome:R-BTA-432142|Reactome:R-BTA-4641262|Reactome:R-BTA-5607763|Reactome:R-BTA-5625740|Reactome:R-BTA-5627123|Reactome:R-BTA-5663220|Reactome:R-BTA-5673000|Reactome:R-BTA-5675221|Reactome:R-BTA-5693607|Reactome:R-BTA-6804757|Reactome:R-BTA-6811558|Reactome:R-BTA-68877|Reactome:R-BTA-69231|Reactome:R-BTA-69273|Reactome:R-BTA-9648025|Reactome:R-BTA-975957|Reactome:R-BTA-9833482|Reactome:R-BTA-9840310|Reactome:R-BTA-9860927|Reactome:R-CEL-1834949|Reactome:R-CEL-195253|Reactome:R-CEL-196299|Reactome:R-CEL-198753|Reactome:R-CEL-202670|Reactome:R-CEL-2514859|Reactome:R-CEL-2565942|Reactome:R-CEL-2871809|Reactome:R-CEL-2995383|Reactome:R-CEL-389513|Reactome:R-CEL-4086398|Reactome:R-CEL-5607763|Reactome:R-CEL-5625740|Reactome:R-CEL-5627123|Reactome:R-CEL-5673000|Reactome:R-CEL-5675221|Reactome:R-CEL-5685939|Reactome:R-CEL-5693548|Reactome:R-CEL-5693607|Reactome:R-CEL-6811558|Reactome:R-CEL-69231|Reactome:R-CEL-69273|Reactome:R-CEL-975957|Reactome:R-CEL-9833482|Reactome:R-CEL-9840310|Reactome:R-CEL-9860927|Reactome:R-CFA-180024|Reactome:R-CFA-2565942|Reactome:R-CFA-5625740|Reactome:R-CFA-5627123|Reactome:R-DDI-113501|Reactome:R-DDI-198753|Reactome:R-DDI-202670|Reactome:R-DDI-204005|Reactome:R-DDI-2500257|Reactome:R-DDI-2871809|Reactome:R-DDI-3238698|Reactome:R-DDI-389513|Reactome:R-DDI-4086398|Reactome:R-DDI-5607763|Reactome:R-DDI-6811558|Reactome:R-DDI-69231|Reactome:R-DDI-69273|Reactome:R-DDI-9840310|Reactome:R-DME-1295596|Reactome:R-DME-195253|Reactome:R-DME-196299|Reactome:R-DME-198753|Reactome:R-DME-2025928|Reactome:R-DME-202670|Reactome:R-DME-209155|Reactome:R-DME-209190|Reactome:R-DME-209214|Reactome:R-DME-209360|Reactome:R-DME-209396|Reactome:R-DME-209413|Reactome:R-DME-209440|Reactome:R-DME-209461|Reactome:R-DME-2500257|Reactome:R-DME-2565942|Reactome:R-DME-2871809|Reactome:R-DME-2995383|Reactome:R-DME-350416|Reactome:R-DME-350480|Reactome:R-DME-389513|Reactome:R-DME-4086398|Reactome:R-DME-432553|Reactome:R-DME-432620|Reactome:R-DME-432626|Reactome:R-DME-538898|Reactome:R-DME-5607763|Reactome:R-DME-5625740|Reactome:R-DME-5627123|Reactome:R-DME-5673000|Reactome:R-DME-5675221|Reactome:R-DME-5693607|Reactome:R-DME-6811558|Reactome:R-DME-69231|Reactome:R-DME-69273|Reactome:R-DME-975957|Reactome:R-DME-9833482|Reactome:R-DRE-2393930|Reactome:R-DRE-5693607|Reactome:R-DRE-6798695|Reactome:R-GGA-217106|Reactome:R-GGA-2565942|Reactome:R-GGA-351442|Reactome:R-GGA-351444|Reactome:R-GGA-5627123|Reactome:R-GGA-5673000|Reactome:R-HSA-111447|Reactome:R-HSA-113501|Reactome:R-HSA-1295596|Reactome:R-HSA-141444|Reactome:R-HSA-163560|Reactome:R-HSA-163767|Reactome:R-HSA-171319|Reactome:R-HSA-180024|Reactome:R-HSA-1834949|Reactome:R-HSA-195253|Reactome:R-HSA-196299|Reactome:R-HSA-196807|Reactome:R-HSA-196843|Reactome:R-HSA-198753|Reactome:R-HSA-2025928|Reactome:R-HSA-202670|Reactome:R-HSA-204005|Reactome:R-HSA-2173788|Reactome:R-HSA-2393930|Reactome:R-HSA-2465910|Reactome:R-HSA-2467813|Reactome:R-HSA-2500257|Reactome:R-HSA-2514859|Reactome:R-HSA-2559586|Reactome:R-HSA-2565942|Reactome:R-HSA-2871809|Reactome:R-HSA-2995383|Reactome:R-HSA-3238698|Reactome:R-HSA-3270619|Reactome:R-HSA-389356|Reactome:R-HSA-389513|Reactome:R-HSA-4086398|Reactome:R-HSA-432142|Reactome:R-HSA-4641262|Reactome:R-HSA-5339716|Reactome:R-HSA-5358747|Reactome:R-HSA-5358749|Reactome:R-HSA-5358751|Reactome:R-HSA-5358752|Reactome:R-HSA-5467337|Reactome:R-HSA-5467340|Reactome:R-HSA-5467348|Reactome:R-HSA-5607763|Reactome:R-HSA-5625740|Reactome:R-HSA-5625900|Reactome:R-HSA-5627117|Reactome:R-HSA-5627123|Reactome:R-HSA-5663220|Reactome:R-HSA-5673000|Reactome:R-HSA-5675221|Reactome:R-HSA-5685938|Reactome:R-HSA-5685939|Reactome:R-HSA-5685942|Reactome:R-HSA-5693548|Reactome:R-HSA-5693554|Reactome:R-HSA-5693565|Reactome:R-HSA-5693568|Reactome:R-HSA-5693571|Reactome:R-HSA-5693579|Reactome:R-HSA-5693607|Reactome:R-HSA-5693616|Reactome:R-HSA-6798695|Reactome:R-HSA-6804756|Reactome:R-HSA-6804757|Reactome:R-HSA-6811558|Reactome:R-HSA-68877|Reactome:R-HSA-69231|Reactome:R-HSA-69273|Reactome:R-HSA-69473|Reactome:R-HSA-73621|Reactome:R-HSA-74259|Reactome:R-HSA-8939211|Reactome:R-HSA-9010642|Reactome:R-HSA-912446|Reactome:R-HSA-9634600|Reactome:R-HSA-9648025|Reactome:R-HSA-9660826|Reactome:R-HSA-9701192|Reactome:R-HSA-9704331|Reactome:R-HSA-9704646|Reactome:R-HSA-9709570|Reactome:R-HSA-9709603|Reactome:R-HSA-9726840|Reactome:R-HSA-9726842|Reactome:R-HSA-975957|Reactome:R-HSA-9828806|Reactome:R-HSA-9833482|Reactome:R-HSA-9840310|Reactome:R-HSA-9860927|Reactome:R-HSA-9931530|Reactome:R-MMU-111447|Reactome:R-MMU-113501|Reactome:R-MMU-1295596|Reactome:R-MMU-141444|Reactome:R-MMU-171319|Reactome:R-MMU-180024|Reactome:R-MMU-1834949|Reactome:R-MMU-195253|Reactome:R-MMU-196299|Reactome:R-MMU-196807|Reactome:R-MMU-196843|Reactome:R-MMU-198753|Reactome:R-MMU-2025928|Reactome:R-MMU-202670|Reactome:R-MMU-204005|Reactome:R-MMU-2393930|Reactome:R-MMU-2467813|Reactome:R-MMU-2500257|Reactome:R-MMU-2514859|Reactome:R-MMU-2559586|Reactome:R-MMU-2565942|Reactome:R-MMU-2871809|Reactome:R-MMU-2995383|Reactome:R-MMU-3238698|Reactome:R-MMU-389356|Reactome:R-MMU-389513|Reactome:R-MMU-4086398|Reactome:R-MMU-432142|Reactome:R-MMU-4641262|Reactome:R-MMU-5607763|Reactome:R-MMU-5625740|Reactome:R-MMU-5627123|Reactome:R-MMU-5663220|Reactome:R-MMU-5673000|Reactome:R-MMU-5675221|Reactome:R-MMU-5685938|Reactome:R-MMU-5685939|Reactome:R-MMU-5685942|Reactome:R-MMU-5693548|Reactome:R-MMU-5693565|Reactome:R-MMU-5693568|Reactome:R-MMU-5693571|Reactome:R-MMU-5693579|Reactome:R-MMU-5693607|Reactome:R-MMU-5693616|Reactome:R-MMU-6798695|Reactome:R-MMU-6804756|Reactome:R-MMU-6804757|Reactome:R-MMU-6811558|Reactome:R-MMU-68877|Reactome:R-MMU-69231|Reactome:R-MMU-69273|Reactome:R-MMU-69473|Reactome:R-MMU-73621|Reactome:R-MMU-74259|Reactome:R-MMU-8939211|Reactome:R-MMU-9648025|Reactome:R-MMU-975957|Reactome:R-MMU-9833482|Reactome:R-MMU-9840310|Reactome:R-MMU-9860927|Reactome:R-RNO-113501|Reactome:R-RNO-1295596|Reactome:R-RNO-141444|Reactome:R-RNO-171319|Reactome:R-RNO-180024|Reactome:R-RNO-1834949|Reactome:R-RNO-195253|Reactome:R-RNO-196299|Reactome:R-RNO-196807|Reactome:R-RNO-196843|Reactome:R-RNO-198753|Reactome:R-RNO-2025928|Reactome:R-RNO-202670|Reactome:R-RNO-204005|Reactome:R-RNO-2393930|Reactome:R-RNO-2467813|Reactome:R-RNO-2500257|Reactome:R-RNO-2514859|Reactome:R-RNO-2559586|Reactome:R-RNO-2565942|Reactome:R-RNO-2871809|Reactome:R-RNO-2995383|Reactome:R-RNO-3238698|Reactome:R-RNO-389356|Reactome:R-RNO-389513|Reactome:R-RNO-4086398|Reactome:R-RNO-432142|Reactome:R-RNO-4641262|Reactome:R-RNO-5607763|Reactome:R-RNO-5625740|Reactome:R-RNO-5627123|Reactome:R-RNO-5663220|Reactome:R-RNO-5673000|Reactome:R-RNO-5675221|Reactome:R-RNO-5685938|Reactome:R-RNO-5685939|Reactome:R-RNO-5685942|Reactome:R-RNO-5693548|Reactome:R-RNO-5693565|Reactome:R-RNO-5693568|Reactome:R-RNO-5693571|Reactome:R-RNO-5693579|Reactome:R-RNO-5693607|Reactome:R-RNO-5693616|Reactome:R-RNO-6798695|Reactome:R-RNO-6804756|Reactome:R-RNO-6804757|Reactome:R-RNO-6811558|Reactome:R-RNO-68877|Reactome:R-RNO-69231|Reactome:R-RNO-69273|Reactome:R-RNO-69473|Reactome:R-RNO-73621|Reactome:R-RNO-74259|Reactome:R-RNO-8939211|Reactome:R-RNO-9648025|Reactome:R-RNO-975957|Reactome:R-RNO-9833482|Reactome:R-RNO-9860927|Reactome:R-SCE-1834949|Reactome:R-SCE-198753|Reactome:R-SCE-202670|Reactome:R-SCE-204005|Reactome:R-SCE-2500257|Reactome:R-SCE-2559586|Reactome:R-SCE-3238698|Reactome:R-SCE-389513|Reactome:R-SCE-5693548|Reactome:R-SCE-5693565|Reactome:R-SCE-6811558|Reactome:R-SCE-69273|Reactome:R-SCE-975957|Reactome:R-SPO-1834949|Reactome:R-SPO-198753|Reactome:R-SPO-202670|Reactome:R-SPO-2500257|Reactome:R-SPO-2559586|Reactome:R-SPO-2871809|Reactome:R-SPO-3238698|Reactome:R-SPO-389513|Reactome:R-SPO-4086398|Reactome:R-SPO-5607763|Reactome:R-SPO-5685939|Reactome:R-SPO-5693548|Reactome:R-SPO-5693565|Reactome:R-SPO-5693607|Reactome:R-SPO-6811558|Reactome:R-SPO-69273|Reactome:R-SPO-975957|Reactome:R-SSC-113501|Reactome:R-SSC-1295596|Reactome:R-SSC-141444|Reactome:R-SSC-180024|Reactome:R-SSC-195253|Reactome:R-SSC-196299|Reactome:R-SSC-196843|Reactome:R-SSC-198753|Reactome:R-SSC-202670|Reactome:R-SSC-2467813|Reactome:R-SSC-2500257|Reactome:R-SSC-2565942|Reactome:R-SSC-2995383|Reactome:R-SSC-389356|Reactome:R-SSC-389513|Reactome:R-SSC-432142|Reactome:R-SSC-4641262|Reactome:R-SSC-5625740|Reactome:R-SSC-5627123|Reactome:R-SSC-5663220|Reactome:R-SSC-5673000|Reactome:R-SSC-5675221|Reactome:R-SSC-6804757|Reactome:R-SSC-6811558|Reactome:R-SSC-68877|Reactome:R-SSC-69231|Reactome:R-SSC-69273|Reactome:R-SSC-9648025|Reactome:R-SSC-975957|Reactome:R-SSC-9833482|Reactome:R-SSC-9860927|Reactome:R-XTR-141444|Reactome:R-XTR-2393930|Reactome:R-XTR-2467813|Reactome:R-XTR-2500257|Reactome:R-XTR-2565942|Reactome:R-XTR-3238698|Reactome:R-XTR-5625740|Reactome:R-XTR-5627123|Reactome:R-XTR-5663220|Reactome:R-XTR-5693607|Reactome:R-XTR-6798695|Reactome:R-XTR-68877|Reactome:R-XTR-9648025
ETMEFFSM_CDS_0046	aee378a21fdeac542b90a99b342d553a	377	SUPERFAMILY	SSF56300	Metallo-dependent phosphatases	130	324	4.22E-9	T	13-04-2026	IPR029052	Metallo-dependent phosphatase-like	-	Reactome:R-BTA-113501|Reactome:R-BTA-1295596|Reactome:R-BTA-141444|Reactome:R-BTA-180024|Reactome:R-BTA-195253|Reactome:R-BTA-196299|Reactome:R-BTA-198753|Reactome:R-BTA-2025928|Reactome:R-BTA-202670|Reactome:R-BTA-2467813|Reactome:R-BTA-2500257|Reactome:R-BTA-2565942|Reactome:R-BTA-2871809|Reactome:R-BTA-2995383|Reactome:R-BTA-3238698|Reactome:R-BTA-389356|Reactome:R-BTA-389513|Reactome:R-BTA-4086398|Reactome:R-BTA-432142|Reactome:R-BTA-4641262|Reactome:R-BTA-5607763|Reactome:R-BTA-5625740|Reactome:R-BTA-5627123|Reactome:R-BTA-5663220|Reactome:R-BTA-5673000|Reactome:R-BTA-5675221|Reactome:R-BTA-5693607|Reactome:R-BTA-6804757|Reactome:R-BTA-6811558|Reactome:R-BTA-68877|Reactome:R-BTA-69231|Reactome:R-BTA-69273|Reactome:R-BTA-9648025|Reactome:R-BTA-975957|Reactome:R-BTA-9833482|Reactome:R-BTA-9840310|Reactome:R-BTA-9860927|Reactome:R-CEL-1834949|Reactome:R-CEL-195253|Reactome:R-CEL-196299|Reactome:R-CEL-198753|Reactome:R-CEL-202670|Reactome:R-CEL-2514859|Reactome:R-CEL-2565942|Reactome:R-CEL-2871809|Reactome:R-CEL-2995383|Reactome:R-CEL-389513|Reactome:R-CEL-4086398|Reactome:R-CEL-5607763|Reactome:R-CEL-5625740|Reactome:R-CEL-5627123|Reactome:R-CEL-5673000|Reactome:R-CEL-5675221|Reactome:R-CEL-5685939|Reactome:R-CEL-5693548|Reactome:R-CEL-5693607|Reactome:R-CEL-6811558|Reactome:R-CEL-69231|Reactome:R-CEL-69273|Reactome:R-CEL-975957|Reactome:R-CEL-9833482|Reactome:R-CEL-9840310|Reactome:R-CEL-9860927|Reactome:R-CFA-180024|Reactome:R-CFA-2565942|Reactome:R-CFA-5625740|Reactome:R-CFA-5627123|Reactome:R-DDI-113501|Reactome:R-DDI-198753|Reactome:R-DDI-202670|Reactome:R-DDI-204005|Reactome:R-DDI-2500257|Reactome:R-DDI-2871809|Reactome:R-DDI-3238698|Reactome:R-DDI-389513|Reactome:R-DDI-4086398|Reactome:R-DDI-5607763|Reactome:R-DDI-6811558|Reactome:R-DDI-69231|Reactome:R-DDI-69273|Reactome:R-DDI-9840310|Reactome:R-DME-1295596|Reactome:R-DME-195253|Reactome:R-DME-196299|Reactome:R-DME-198753|Reactome:R-DME-2025928|Reactome:R-DME-202670|Reactome:R-DME-209155|Reactome:R-DME-209190|Reactome:R-DME-209214|Reactome:R-DME-209360|Reactome:R-DME-209396|Reactome:R-DME-209413|Reactome:R-DME-209440|Reactome:R-DME-209461|Reactome:R-DME-2500257|Reactome:R-DME-2565942|Reactome:R-DME-2871809|Reactome:R-DME-2995383|Reactome:R-DME-350416|Reactome:R-DME-350480|Reactome:R-DME-389513|Reactome:R-DME-4086398|Reactome:R-DME-432553|Reactome:R-DME-432620|Reactome:R-DME-432626|Reactome:R-DME-538898|Reactome:R-DME-5607763|Reactome:R-DME-5625740|Reactome:R-DME-5627123|Reactome:R-DME-5673000|Reactome:R-DME-5675221|Reactome:R-DME-5693607|Reactome:R-DME-6811558|Reactome:R-DME-69231|Reactome:R-DME-69273|Reactome:R-DME-975957|Reactome:R-DME-9833482|Reactome:R-DRE-2393930|Reactome:R-DRE-5693607|Reactome:R-DRE-6798695|Reactome:R-GGA-217106|Reactome:R-GGA-2565942|Reactome:R-GGA-351442|Reactome:R-GGA-351444|Reactome:R-GGA-5627123|Reactome:R-GGA-5673000|Reactome:R-HSA-111447|Reactome:R-HSA-113501|Reactome:R-HSA-1295596|Reactome:R-HSA-141444|Reactome:R-HSA-163560|Reactome:R-HSA-163767|Reactome:R-HSA-171319|Reactome:R-HSA-180024|Reactome:R-HSA-1834949|Reactome:R-HSA-195253|Reactome:R-HSA-196299|Reactome:R-HSA-196807|Reactome:R-HSA-196843|Reactome:R-HSA-198753|Reactome:R-HSA-2025928|Reactome:R-HSA-202670|Reactome:R-HSA-204005|Reactome:R-HSA-2173788|Reactome:R-HSA-2393930|Reactome:R-HSA-2465910|Reactome:R-HSA-2467813|Reactome:R-HSA-2500257|Reactome:R-HSA-2514859|Reactome:R-HSA-2559586|Reactome:R-HSA-2565942|Reactome:R-HSA-2871809|Reactome:R-HSA-2995383|Reactome:R-HSA-3238698|Reactome:R-HSA-3270619|Reactome:R-HSA-389356|Reactome:R-HSA-389513|Reactome:R-HSA-4086398|Reactome:R-HSA-432142|Reactome:R-HSA-4641262|Reactome:R-HSA-5339716|Reactome:R-HSA-5358747|Reactome:R-HSA-5358749|Reactome:R-HSA-5358751|Reactome:R-HSA-5358752|Reactome:R-HSA-5467337|Reactome:R-HSA-5467340|Reactome:R-HSA-5467348|Reactome:R-HSA-5607763|Reactome:R-HSA-5625740|Reactome:R-HSA-5625900|Reactome:R-HSA-5627117|Reactome:R-HSA-5627123|Reactome:R-HSA-5663220|Reactome:R-HSA-5673000|Reactome:R-HSA-5675221|Reactome:R-HSA-5685938|Reactome:R-HSA-5685939|Reactome:R-HSA-5685942|Reactome:R-HSA-5693548|Reactome:R-HSA-5693554|Reactome:R-HSA-5693565|Reactome:R-HSA-5693568|Reactome:R-HSA-5693571|Reactome:R-HSA-5693579|Reactome:R-HSA-5693607|Reactome:R-HSA-5693616|Reactome:R-HSA-6798695|Reactome:R-HSA-6804756|Reactome:R-HSA-6804757|Reactome:R-HSA-6811558|Reactome:R-HSA-68877|Reactome:R-HSA-69231|Reactome:R-HSA-69273|Reactome:R-HSA-69473|Reactome:R-HSA-73621|Reactome:R-HSA-74259|Reactome:R-HSA-8939211|Reactome:R-HSA-9010642|Reactome:R-HSA-912446|Reactome:R-HSA-9634600|Reactome:R-HSA-9648025|Reactome:R-HSA-9660826|Reactome:R-HSA-9701192|Reactome:R-HSA-9704331|Reactome:R-HSA-9704646|Reactome:R-HSA-9709570|Reactome:R-HSA-9709603|Reactome:R-HSA-9726840|Reactome:R-HSA-9726842|Reactome:R-HSA-975957|Reactome:R-HSA-9828806|Reactome:R-HSA-9833482|Reactome:R-HSA-9840310|Reactome:R-HSA-9860927|Reactome:R-HSA-9931530|Reactome:R-MMU-111447|Reactome:R-MMU-113501|Reactome:R-MMU-1295596|Reactome:R-MMU-141444|Reactome:R-MMU-171319|Reactome:R-MMU-180024|Reactome:R-MMU-1834949|Reactome:R-MMU-195253|Reactome:R-MMU-196299|Reactome:R-MMU-196807|Reactome:R-MMU-196843|Reactome:R-MMU-198753|Reactome:R-MMU-2025928|Reactome:R-MMU-202670|Reactome:R-MMU-204005|Reactome:R-MMU-2393930|Reactome:R-MMU-2467813|Reactome:R-MMU-2500257|Reactome:R-MMU-2514859|Reactome:R-MMU-2559586|Reactome:R-MMU-2565942|Reactome:R-MMU-2871809|Reactome:R-MMU-2995383|Reactome:R-MMU-3238698|Reactome:R-MMU-389356|Reactome:R-MMU-389513|Reactome:R-MMU-4086398|Reactome:R-MMU-432142|Reactome:R-MMU-4641262|Reactome:R-MMU-5607763|Reactome:R-MMU-5625740|Reactome:R-MMU-5627123|Reactome:R-MMU-5663220|Reactome:R-MMU-5673000|Reactome:R-MMU-5675221|Reactome:R-MMU-5685938|Reactome:R-MMU-5685939|Reactome:R-MMU-5685942|Reactome:R-MMU-5693548|Reactome:R-MMU-5693565|Reactome:R-MMU-5693568|Reactome:R-MMU-5693571|Reactome:R-MMU-5693579|Reactome:R-MMU-5693607|Reactome:R-MMU-5693616|Reactome:R-MMU-6798695|Reactome:R-MMU-6804756|Reactome:R-MMU-6804757|Reactome:R-MMU-6811558|Reactome:R-MMU-68877|Reactome:R-MMU-69231|Reactome:R-MMU-69273|Reactome:R-MMU-69473|Reactome:R-MMU-73621|Reactome:R-MMU-74259|Reactome:R-MMU-8939211|Reactome:R-MMU-9648025|Reactome:R-MMU-975957|Reactome:R-MMU-9833482|Reactome:R-MMU-9840310|Reactome:R-MMU-9860927|Reactome:R-RNO-113501|Reactome:R-RNO-1295596|Reactome:R-RNO-141444|Reactome:R-RNO-171319|Reactome:R-RNO-180024|Reactome:R-RNO-1834949|Reactome:R-RNO-195253|Reactome:R-RNO-196299|Reactome:R-RNO-196807|Reactome:R-RNO-196843|Reactome:R-RNO-198753|Reactome:R-RNO-2025928|Reactome:R-RNO-202670|Reactome:R-RNO-204005|Reactome:R-RNO-2393930|Reactome:R-RNO-2467813|Reactome:R-RNO-2500257|Reactome:R-RNO-2514859|Reactome:R-RNO-2559586|Reactome:R-RNO-2565942|Reactome:R-RNO-2871809|Reactome:R-RNO-2995383|Reactome:R-RNO-3238698|Reactome:R-RNO-389356|Reactome:R-RNO-389513|Reactome:R-RNO-4086398|Reactome:R-RNO-432142|Reactome:R-RNO-4641262|Reactome:R-RNO-5607763|Reactome:R-RNO-5625740|Reactome:R-RNO-5627123|Reactome:R-RNO-5663220|Reactome:R-RNO-5673000|Reactome:R-RNO-5675221|Reactome:R-RNO-5685938|Reactome:R-RNO-5685939|Reactome:R-RNO-5685942|Reactome:R-RNO-5693548|Reactome:R-RNO-5693565|Reactome:R-RNO-5693568|Reactome:R-RNO-5693571|Reactome:R-RNO-5693579|Reactome:R-RNO-5693607|Reactome:R-RNO-5693616|Reactome:R-RNO-6798695|Reactome:R-RNO-6804756|Reactome:R-RNO-6804757|Reactome:R-RNO-6811558|Reactome:R-RNO-68877|Reactome:R-RNO-69231|Reactome:R-RNO-69273|Reactome:R-RNO-69473|Reactome:R-RNO-73621|Reactome:R-RNO-74259|Reactome:R-RNO-8939211|Reactome:R-RNO-9648025|Reactome:R-RNO-975957|Reactome:R-RNO-9833482|Reactome:R-RNO-9860927|Reactome:R-SCE-1834949|Reactome:R-SCE-198753|Reactome:R-SCE-202670|Reactome:R-SCE-204005|Reactome:R-SCE-2500257|Reactome:R-SCE-2559586|Reactome:R-SCE-3238698|Reactome:R-SCE-389513|Reactome:R-SCE-5693548|Reactome:R-SCE-5693565|Reactome:R-SCE-6811558|Reactome:R-SCE-69273|Reactome:R-SCE-975957|Reactome:R-SPO-1834949|Reactome:R-SPO-198753|Reactome:R-SPO-202670|Reactome:R-SPO-2500257|Reactome:R-SPO-2559586|Reactome:R-SPO-2871809|Reactome:R-SPO-3238698|Reactome:R-SPO-389513|Reactome:R-SPO-4086398|Reactome:R-SPO-5607763|Reactome:R-SPO-5685939|Reactome:R-SPO-5693548|Reactome:R-SPO-5693565|Reactome:R-SPO-5693607|Reactome:R-SPO-6811558|Reactome:R-SPO-69273|Reactome:R-SPO-975957|Reactome:R-SSC-113501|Reactome:R-SSC-1295596|Reactome:R-SSC-141444|Reactome:R-SSC-180024|Reactome:R-SSC-195253|Reactome:R-SSC-196299|Reactome:R-SSC-196843|Reactome:R-SSC-198753|Reactome:R-SSC-202670|Reactome:R-SSC-2467813|Reactome:R-SSC-2500257|Reactome:R-SSC-2565942|Reactome:R-SSC-2995383|Reactome:R-SSC-389356|Reactome:R-SSC-389513|Reactome:R-SSC-432142|Reactome:R-SSC-4641262|Reactome:R-SSC-5625740|Reactome:R-SSC-5627123|Reactome:R-SSC-5663220|Reactome:R-SSC-5673000|Reactome:R-SSC-5675221|Reactome:R-SSC-6804757|Reactome:R-SSC-6811558|Reactome:R-SSC-68877|Reactome:R-SSC-69231|Reactome:R-SSC-69273|Reactome:R-SSC-9648025|Reactome:R-SSC-975957|Reactome:R-SSC-9833482|Reactome:R-SSC-9860927|Reactome:R-XTR-141444|Reactome:R-XTR-2393930|Reactome:R-XTR-2467813|Reactome:R-XTR-2500257|Reactome:R-XTR-2565942|Reactome:R-XTR-3238698|Reactome:R-XTR-5625740|Reactome:R-XTR-5627123|Reactome:R-XTR-5663220|Reactome:R-XTR-5693607|Reactome:R-XTR-6798695|Reactome:R-XTR-68877|Reactome:R-XTR-9648025
ETMEFFSM_CDS_0058	da834b85c904688f785a2ca37636d8d6	216	MobiDBLite	mobidb-lite	consensus disorder prediction	185	216	-	T	13-04-2026	-	-	-	-
ETMEFFSM_CDS_0058	da834b85c904688f785a2ca37636d8d6	216	Pfam	PF04404	ERF superfamily	12	128	1.0E-23	T	13-04-2026	IPR007499	Essential recombination function protein	-	-
ETMEFFSM_CDS_0045	d541f0bbf59793dc77277d07d4f027f9	157	Gene3D	G3DSA:3.40.50.1000	-	1	146	2.5E-30	T	13-04-2026	IPR023214	HAD superfamily	-	Reactome:R-BTA-1237112|Reactome:R-BTA-1483206|Reactome:R-BTA-2161541|Reactome:R-BTA-4085001|Reactome:R-BTA-418359|Reactome:R-BTA-4419969|Reactome:R-BTA-446205|Reactome:R-BTA-5578775|Reactome:R-BTA-71737|Reactome:R-BTA-74259|Reactome:R-BTA-936837|Reactome:R-BTA-9755088|Reactome:R-BTA-977347|Reactome:R-CEL-112382|Reactome:R-CEL-113418|Reactome:R-CEL-1237112|Reactome:R-CEL-418359|Reactome:R-CEL-429958|Reactome:R-CEL-4419969|Reactome:R-CEL-446205|Reactome:R-CEL-5578775|Reactome:R-CEL-674695|Reactome:R-CEL-6796648|Reactome:R-CEL-6798695|Reactome:R-CEL-73621|Reactome:R-CEL-75955|Reactome:R-CEL-9013407|Reactome:R-CEL-936837|Reactome:R-CFA-418359|Reactome:R-CFA-5578775|Reactome:R-CFA-936837|Reactome:R-DDI-1237112|Reactome:R-DDI-2161541|Reactome:R-DDI-418359|Reactome:R-DDI-446205|Reactome:R-DDI-5578775|Reactome:R-DDI-74259|Reactome:R-DDI-936837|Reactome:R-DDI-9755088|Reactome:R-DME-1237112|Reactome:R-DME-418359|Reactome:R-DME-429958|Reactome:R-DME-4419969|Reactome:R-DME-446205|Reactome:R-DME-5578775|Reactome:R-DME-73614|Reactome:R-DME-73621|Reactome:R-DME-936837|Reactome:R-DME-977347|Reactome:R-DRE-1237112|Reactome:R-DRE-1483191|Reactome:R-DRE-1483213|Reactome:R-DRE-4085001|Reactome:R-DRE-71737|Reactome:R-DRE-73621|Reactome:R-DRE-936837|Reactome:R-GGA-418359|Reactome:R-GGA-421178|Reactome:R-GGA-429958|Reactome:R-GGA-5578775|Reactome:R-GGA-73621|Reactome:R-GGA-936837|Reactome:R-HSA-112382|Reactome:R-HSA-113418|Reactome:R-HSA-1237112|Reactome:R-HSA-1268020|Reactome:R-HSA-1483191|Reactome:R-HSA-1483206|Reactome:R-HSA-1483213|Reactome:R-HSA-1483226|Reactome:R-HSA-167152|Reactome:R-HSA-167158|Reactome:R-HSA-167200|Reactome:R-HSA-167238|Reactome:R-HSA-167242|Reactome:R-HSA-167243|Reactome:R-HSA-167246|Reactome:R-HSA-167287|Reactome:R-HSA-167290|Reactome:R-HSA-1912420|Reactome:R-HSA-2142670|Reactome:R-HSA-2161541|Reactome:R-HSA-3299685|Reactome:R-HSA-381038|Reactome:R-HSA-4043911|Reactome:R-HSA-4085001|Reactome:R-HSA-418359|Reactome:R-HSA-429958|Reactome:R-HSA-4419969|Reactome:R-HSA-446205|Reactome:R-HSA-5578775|Reactome:R-HSA-5649702|Reactome:R-HSA-674695|Reactome:R-HSA-6796648|Reactome:R-HSA-6798695|Reactome:R-HSA-6803544|Reactome:R-HSA-71737|Reactome:R-HSA-73614|Reactome:R-HSA-73621|Reactome:R-HSA-74259|Reactome:R-HSA-75955|Reactome:R-HSA-77289|Reactome:R-HSA-9018682|Reactome:R-HSA-9033241|Reactome:R-HSA-936837|Reactome:R-HSA-9662360|Reactome:R-HSA-9662361|Reactome:R-HSA-9679191|Reactome:R-HSA-9755088|Reactome:R-HSA-977347|Reactome:R-MMU-112382|Reactome:R-MMU-113418|Reactome:R-MMU-1237112|Reactome:R-MMU-1483191|Reactome:R-MMU-1483206|Reactome:R-MMU-1483213|Reactome:R-MMU-1483226|Reactome:R-MMU-2142670|Reactome:R-MMU-2161541|Reactome:R-MMU-4085001|Reactome:R-MMU-418359|Reactome:R-MMU-429958|Reactome:R-MMU-4419969|Reactome:R-MMU-446205|Reactome:R-MMU-5578775|Reactome:R-MMU-5649702|Reactome:R-MMU-674695|Reactome:R-MMU-6796648|Reactome:R-MMU-6798695|Reactome:R-MMU-6803544|Reactome:R-MMU-71737|Reactome:R-MMU-73614|Reactome:R-MMU-73621|Reactome:R-MMU-74259|Reactome:R-MMU-75109|Reactome:R-MMU-75955|Reactome:R-MMU-77289|Reactome:R-MMU-9018682|Reactome:R-MMU-9033241|Reactome:R-MMU-936837|Reactome:R-MMU-9755088|Reactome:R-MMU-977347|Reactome:R-MTU-868688|Reactome:R-PFA-446205|Reactome:R-PFA-6798695|Reactome:R-PFA-936837|Reactome:R-RNO-1237112|Reactome:R-RNO-1483206|Reactome:R-RNO-1483226|Reactome:R-RNO-2142670|Reactome:R-RNO-2161541|Reactome:R-RNO-4085001|Reactome:R-RNO-418359|Reactome:R-RNO-429958|Reactome:R-RNO-4419969|Reactome:R-RNO-5578775|Reactome:R-RNO-6803544|Reactome:R-RNO-71737|Reactome:R-RNO-74259|Reactome:R-RNO-9018682|Reactome:R-RNO-9033241|Reactome:R-RNO-936837|Reactome:R-RNO-9755088|Reactome:R-RNO-977347|Reactome:R-SCE-113418|Reactome:R-SCE-1237112|Reactome:R-SCE-1483191|Reactome:R-SCE-1483213|Reactome:R-SCE-418359|Reactome:R-SCE-4419969|Reactome:R-SCE-446205|Reactome:R-SCE-5578775|Reactome:R-SCE-674695|Reactome:R-SCE-6796648|Reactome:R-SCE-6798695|Reactome:R-SCE-73614|Reactome:R-SCE-75109|Reactome:R-SCE-936837|Reactome:R-SCE-977347|Reactome:R-SPO-113418|Reactome:R-SPO-1237112|Reactome:R-SPO-1482925|Reactome:R-SPO-1483076|Reactome:R-SPO-1483191|Reactome:R-SPO-1483213|Reactome:R-SPO-418359|Reactome:R-SPO-4419969|Reactome:R-SPO-446205|Reactome:R-SPO-5578775|Reactome:R-SPO-674695|Reactome:R-SPO-6796648|Reactome:R-SPO-6798695|Reactome:R-SPO-73614|Reactome:R-SPO-75109|Reactome:R-SPO-936837|Reactome:R-SPO-977347|Reactome:R-SSC-2142670|Reactome:R-SSC-418359|Reactome:R-SSC-5578775|Reactome:R-SSC-9018682|Reactome:R-SSC-9033241|Reactome:R-SSC-936837|Reactome:R-XTR-1237112|Reactome:R-XTR-2161541|Reactome:R-XTR-4419969|Reactome:R-XTR-74259|Reactome:R-XTR-936837|Reactome:R-XTR-9755088
ETMEFFSM_CDS_0045	d541f0bbf59793dc77277d07d4f027f9	157	Pfam	PF25109	Polynucleotide kinase PNKP phosphatase domain	3	142	2.7E-9	T	13-04-2026	IPR056782	Polynucleotide kinase, PNKP phosphatase domain	-	-
ETMEFFSM_CDS_0045	d541f0bbf59793dc77277d07d4f027f9	157	SUPERFAMILY	SSF56784	HAD-like	3	142	5.95E-14	T	13-04-2026	IPR036412	HAD-like superfamily	-	Reactome:R-BTA-1237112|Reactome:R-BTA-1483206|Reactome:R-BTA-2161541|Reactome:R-BTA-4085001|Reactome:R-BTA-418359|Reactome:R-BTA-4419969|Reactome:R-BTA-446205|Reactome:R-BTA-5578775|Reactome:R-BTA-5693565|Reactome:R-BTA-71737|Reactome:R-BTA-74259|Reactome:R-BTA-936837|Reactome:R-BTA-9755088|Reactome:R-BTA-977347|Reactome:R-CEL-112382|Reactome:R-CEL-113418|Reactome:R-CEL-1237112|Reactome:R-CEL-418359|Reactome:R-CEL-429958|Reactome:R-CEL-4419969|Reactome:R-CEL-446205|Reactome:R-CEL-5578775|Reactome:R-CEL-674695|Reactome:R-CEL-6796648|Reactome:R-CEL-6798695|Reactome:R-CEL-73621|Reactome:R-CEL-75955|Reactome:R-CEL-9013407|Reactome:R-CEL-936837|Reactome:R-CFA-418359|Reactome:R-CFA-5578775|Reactome:R-CFA-936837|Reactome:R-DDI-1237112|Reactome:R-DDI-2161541|Reactome:R-DDI-418359|Reactome:R-DDI-446205|Reactome:R-DDI-5578775|Reactome:R-DDI-74259|Reactome:R-DDI-936837|Reactome:R-DDI-9755088|Reactome:R-DME-1237112|Reactome:R-DME-1483226|Reactome:R-DME-418359|Reactome:R-DME-429958|Reactome:R-DME-4419969|Reactome:R-DME-446205|Reactome:R-DME-5578775|Reactome:R-DME-73614|Reactome:R-DME-73621|Reactome:R-DME-936837|Reactome:R-DME-977347|Reactome:R-DRE-1237112|Reactome:R-DRE-1483191|Reactome:R-DRE-1483213|Reactome:R-DRE-4085001|Reactome:R-DRE-71737|Reactome:R-DRE-73621|Reactome:R-DRE-936837|Reactome:R-GGA-418359|Reactome:R-GGA-421178|Reactome:R-GGA-429958|Reactome:R-GGA-5578775|Reactome:R-GGA-73621|Reactome:R-GGA-936837|Reactome:R-HSA-112382|Reactome:R-HSA-113418|Reactome:R-HSA-1237112|Reactome:R-HSA-1268020|Reactome:R-HSA-1483191|Reactome:R-HSA-1483206|Reactome:R-HSA-1483213|Reactome:R-HSA-1483226|Reactome:R-HSA-167152|Reactome:R-HSA-167158|Reactome:R-HSA-167200|Reactome:R-HSA-167238|Reactome:R-HSA-167242|Reactome:R-HSA-167243|Reactome:R-HSA-167246|Reactome:R-HSA-167287|Reactome:R-HSA-167290|Reactome:R-HSA-1912420|Reactome:R-HSA-2142670|Reactome:R-HSA-2161541|Reactome:R-HSA-3299685|Reactome:R-HSA-381038|Reactome:R-HSA-4043911|Reactome:R-HSA-4085001|Reactome:R-HSA-418359|Reactome:R-HSA-429958|Reactome:R-HSA-4419969|Reactome:R-HSA-446205|Reactome:R-HSA-5578775|Reactome:R-HSA-5649702|Reactome:R-HSA-5693565|Reactome:R-HSA-674695|Reactome:R-HSA-6796648|Reactome:R-HSA-6798695|Reactome:R-HSA-6803544|Reactome:R-HSA-71737|Reactome:R-HSA-73614|Reactome:R-HSA-73621|Reactome:R-HSA-74259|Reactome:R-HSA-75109|Reactome:R-HSA-75955|Reactome:R-HSA-77289|Reactome:R-HSA-9018682|Reactome:R-HSA-9033241|Reactome:R-HSA-936837|Reactome:R-HSA-9662360|Reactome:R-HSA-9662361|Reactome:R-HSA-9679191|Reactome:R-HSA-9755088|Reactome:R-HSA-977347|Reactome:R-HSA-9841922|Reactome:R-MMU-112382|Reactome:R-MMU-113418|Reactome:R-MMU-1237112|Reactome:R-MMU-1483191|Reactome:R-MMU-1483206|Reactome:R-MMU-1483213|Reactome:R-MMU-1483226|Reactome:R-MMU-2142670|Reactome:R-MMU-2161541|Reactome:R-MMU-4085001|Reactome:R-MMU-418359|Reactome:R-MMU-429958|Reactome:R-MMU-4419969|Reactome:R-MMU-446205|Reactome:R-MMU-5578775|Reactome:R-MMU-5649702|Reactome:R-MMU-5693565|Reactome:R-MMU-674695|Reactome:R-MMU-6796648|Reactome:R-MMU-6798695|Reactome:R-MMU-6803544|Reactome:R-MMU-71737|Reactome:R-MMU-73614|Reactome:R-MMU-73621|Reactome:R-MMU-74259|Reactome:R-MMU-75109|Reactome:R-MMU-75955|Reactome:R-MMU-77289|Reactome:R-MMU-9018682|Reactome:R-MMU-9033241|Reactome:R-MMU-936837|Reactome:R-MMU-9755088|Reactome:R-MMU-977347|Reactome:R-MTU-868688|Reactome:R-PFA-446205|Reactome:R-PFA-6798695|Reactome:R-PFA-936837|Reactome:R-RNO-1237112|Reactome:R-RNO-1483206|Reactome:R-RNO-1483226|Reactome:R-RNO-2142670|Reactome:R-RNO-2161541|Reactome:R-RNO-4085001|Reactome:R-RNO-418359|Reactome:R-RNO-429958|Reactome:R-RNO-4419969|Reactome:R-RNO-5578775|Reactome:R-RNO-6803544|Reactome:R-RNO-71737|Reactome:R-RNO-74259|Reactome:R-RNO-9018682|Reactome:R-RNO-9033241|Reactome:R-RNO-936837|Reactome:R-RNO-9755088|Reactome:R-RNO-977347|Reactome:R-SCE-113418|Reactome:R-SCE-1237112|Reactome:R-SCE-1483191|Reactome:R-SCE-1483213|Reactome:R-SCE-418359|Reactome:R-SCE-4419969|Reactome:R-SCE-446205|Reactome:R-SCE-5578775|Reactome:R-SCE-674695|Reactome:R-SCE-6796648|Reactome:R-SCE-6798695|Reactome:R-SCE-73614|Reactome:R-SCE-75109|Reactome:R-SCE-936837|Reactome:R-SCE-977347|Reactome:R-SPO-113418|Reactome:R-SPO-1237112|Reactome:R-SPO-1482925|Reactome:R-SPO-1483076|Reactome:R-SPO-1483191|Reactome:R-SPO-1483213|Reactome:R-SPO-418359|Reactome:R-SPO-4419969|Reactome:R-SPO-446205|Reactome:R-SPO-5578775|Reactome:R-SPO-674695|Reactome:R-SPO-6796648|Reactome:R-SPO-6798695|Reactome:R-SPO-73614|Reactome:R-SPO-75109|Reactome:R-SPO-936837|Reactome:R-SPO-977347|Reactome:R-SSC-2142670|Reactome:R-SSC-418359|Reactome:R-SSC-5578775|Reactome:R-SSC-9018682|Reactome:R-SSC-9033241|Reactome:R-SSC-936837|Reactome:R-XTR-1237112|Reactome:R-XTR-2161541|Reactome:R-XTR-4419969|Reactome:R-XTR-74259|Reactome:R-XTR-936837|Reactome:R-XTR-9755088
ETMEFFSM_CDS_0083	52e7137cf2832591245e91eb4d67df27	128	Pfam	PF22758	Structural cement protein (E217 gp24/Pam3 gp6)	1	125	2.2E-9	T	13-04-2026	IPR054438	Structural cement protein E217 gp24/Pam3 gp6	-	-
ETMEFFSM_CDS_0040	e7391fe17cb58637c75681ed6c90cca3	128	Phobius	NON_CYTOPLASMIC_DOMAIN	Region of a membrane-bound protein predicted to be outside the membrane, in the extracellular region.	21	99	-	T	13-04-2026	-	-	-	-
ETMEFFSM_CDS_0040	e7391fe17cb58637c75681ed6c90cca3	128	ProSiteProfiles	PS51257	Prokaryotic membrane lipoprotein lipid attachment site profile.	1	15	5.0	T	13-04-2026	-	-	-	-
ETMEFFSM_CDS_0040	e7391fe17cb58637c75681ed6c90cca3	128	Phobius	SIGNAL_PEPTIDE_N_REGION	N-terminal region of a signal peptide.	1	3	-	T	13-04-2026	-	-	-	-
ETMEFFSM_CDS_0040	e7391fe17cb58637c75681ed6c90cca3	128	Phobius	CYTOPLASMIC_DOMAIN	Region of a membrane-bound protein predicted to be outside the membrane, in the cytoplasm.	122	128	-	T	13-04-2026	-	-	-	-
ETMEFFSM_CDS_0040	e7391fe17cb58637c75681ed6c90cca3	128	SignalP_GRAM_POSITIVE	SignalP-TM	SignalP-TM	1	20	-	T	13-04-2026	-	-	-	-
ETMEFFSM_CDS_0040	e7391fe17cb58637c75681ed6c90cca3	128	Phobius	SIGNAL_PEPTIDE_C_REGION	C-terminal region of a signal peptide.	16	20	-	T	13-04-2026	-	-	-	-
ETMEFFSM_CDS_0040	e7391fe17cb58637c75681ed6c90cca3	128	Phobius	SIGNAL_PEPTIDE	Signal peptide region	1	20	-	T	13-04-2026	-	-	-	-
ETMEFFSM_CDS_0040	e7391fe17cb58637c75681ed6c90cca3	128	TMHMM	TMhelix	Region of a membrane-bound protein predicted to be embedded in the membrane.	99	121	-	T	13-04-2026	-	-	-	-
ETMEFFSM_CDS_0040	e7391fe17cb58637c75681ed6c90cca3	128	SignalP_EUK	SignalP-noTM	SignalP-noTM	1	20	-	T	13-04-2026	-	-	-	-
ETMEFFSM_CDS_0040	e7391fe17cb58637c75681ed6c90cca3	128	Phobius	SIGNAL_PEPTIDE_H_REGION	Hydrophobic region of a signal peptide.	4	15	-	T	13-04-2026	-	-	-	-
ETMEFFSM_CDS_0040	e7391fe17cb58637c75681ed6c90cca3	128	TMHMM	TMhelix	Region of a membrane-bound protein predicted to be embedded in the membrane.	5	27	-	T	13-04-2026	-	-	-	-
ETMEFFSM_CDS_0040	e7391fe17cb58637c75681ed6c90cca3	128	SignalP_GRAM_NEGATIVE	SignalP-noTM	SignalP-noTM	1	20	-	T	13-04-2026	-	-	-	-
ETMEFFSM_CDS_0040	e7391fe17cb58637c75681ed6c90cca3	128	MobiDBLite	mobidb-lite	consensus disorder prediction	58	67	-	T	13-04-2026	-	-	-	-
ETMEFFSM_CDS_0040	e7391fe17cb58637c75681ed6c90cca3	128	MobiDBLite	mobidb-lite	consensus disorder prediction	68	81	-	T	13-04-2026	-	-	-	-
ETMEFFSM_CDS_0040	e7391fe17cb58637c75681ed6c90cca3	128	MobiDBLite	mobidb-lite	consensus disorder prediction	51	81	-	T	13-04-2026	-	-	-	-
ETMEFFSM_CDS_0040	e7391fe17cb58637c75681ed6c90cca3	128	Phobius	TRANSMEMBRANE	Region of a membrane-bound protein predicted to be embedded in the membrane.	100	121	-	T	13-04-2026	-	-	-	-
ETMEFFSM_CDS_0065	e60a5140514526bfe24430063952c170	80	Phobius	SIGNAL_PEPTIDE_N_REGION	N-terminal region of a signal peptide.	1	6	-	T	13-04-2026	-	-	-	-
ETMEFFSM_CDS_0065	e60a5140514526bfe24430063952c170	80	SignalP_EUK	SignalP-noTM	SignalP-noTM	1	22	-	T	13-04-2026	-	-	-	-
ETMEFFSM_CDS_0065	e60a5140514526bfe24430063952c170	80	Phobius	SIGNAL_PEPTIDE	Signal peptide region	1	21	-	T	13-04-2026	-	-	-	-
ETMEFFSM_CDS_0065	e60a5140514526bfe24430063952c170	80	SignalP_GRAM_POSITIVE	SignalP-TM	SignalP-TM	1	22	-	T	13-04-2026	-	-	-	-
ETMEFFSM_CDS_0065	e60a5140514526bfe24430063952c170	80	SignalP_GRAM_NEGATIVE	SignalP-noTM	SignalP-noTM	1	22	-	T	13-04-2026	-	-	-	-
ETMEFFSM_CDS_0065	e60a5140514526bfe24430063952c170	80	Pfam	PF24052	Phage lipoprotein family	1	79	1.9E-37	T	13-04-2026	IPR057115	Phage lipoprotein	-	-
ETMEFFSM_CDS_0065	e60a5140514526bfe24430063952c170	80	Phobius	NON_CYTOPLASMIC_DOMAIN	Region of a membrane-bound protein predicted to be outside the membrane, in the extracellular region.	22	80	-	T	13-04-2026	-	-	-	-
ETMEFFSM_CDS_0065	e60a5140514526bfe24430063952c170	80	ProSiteProfiles	PS51257	Prokaryotic membrane lipoprotein lipid attachment site profile.	1	19	5.0	T	13-04-2026	-	-	-	-
ETMEFFSM_CDS_0065	e60a5140514526bfe24430063952c170	80	MobiDBLite	mobidb-lite	consensus disorder prediction	61	80	-	T	13-04-2026	-	-	-	-
ETMEFFSM_CDS_0065	e60a5140514526bfe24430063952c170	80	Phobius	SIGNAL_PEPTIDE_C_REGION	C-terminal region of a signal peptide.	18	21	-	T	13-04-2026	-	-	-	-
ETMEFFSM_CDS_0065	e60a5140514526bfe24430063952c170	80	Phobius	SIGNAL_PEPTIDE_H_REGION	Hydrophobic region of a signal peptide.	7	17	-	T	13-04-2026	-	-	-	-
